n.evals.q.1.0.	train._.me.hebbian.synapse.best.quality.increase	train._.me.hebbian.synapse.best.quality.increase.min	train._.me.hebbian.synapse.best.quality.increase.max	train._.me.freeForm.best.quality.increase	train._.me.freeForm.best.quality.increase.min	train._.me.freeForm.best.quality.increase.max
1.000e+02	5.621e+00	3.434e+00	1.335e+01	1.327e-06	0.000e+00	5.101e-06
2.000e+02	7.165e+01	2.700e+01	8.847e+01	2.094e-03	0.000e+00	3.944e-02
3.000e+02	8.461e+01	6.993e+01	8.994e+01	1.604e-03	0.000e+00	5.228e-02
4.000e+02	8.994e+01	8.461e+01	9.519e+01	5.228e-02	5.101e-06	2.778e-01
5.000e+02	9.063e+01	8.509e+01	1.034e+02	9.002e-02	8.459e-03	3.047e-01
6.000e+02	9.063e+01	8.509e+01	1.034e+02	5.161e-02	1.327e-06	3.855e-01
7.000e+02	8.994e+01	6.993e+01	1.034e+02	5.161e-02	0.000e+00	3.855e-01
8.000e+02	9.063e+01	7.997e+01	1.264e+02	5.161e-02	1.327e-06	5.622e-01
9.000e+02	1.094e+02	7.997e+01	1.859e+02	2.927e-02	0.000e+00	5.364e-01
1.000e+03	1.644e+02	8.847e+01	1.862e+02	5.161e-02	0.000e+00	5.364e-01
1.100e+03	1.797e+02	8.847e+01	1.862e+02	2.837e-01	3.097e-03	8.385e-01
1.200e+03	1.862e+02	1.250e+02	2.019e+02	5.364e-01	3.097e-03	2.228e+00
1.300e+03	1.862e+02	1.259e+02	2.019e+02	5.364e-01	4.011e-02	2.460e+00
1.400e+03	1.862e+02	1.259e+02	2.019e+02	7.930e-01	5.161e-02	2.460e+00
1.500e+03	1.862e+02	1.674e+02	2.019e+02	5.364e-01	5.161e-02	2.950e+00
1.600e+03	1.905e+02	1.728e+02	2.051e+02	5.364e-01	5.161e-02	4.626e+00
1.700e+03	2.019e+02	1.851e+02	2.384e+02	5.364e-01	5.161e-02	3.038e+00
1.800e+03	2.019e+02	1.851e+02	2.384e+02	5.364e-01	5.161e-02	6.868e+00
1.900e+03	2.019e+02	1.851e+02	2.384e+02	5.364e-01	5.161e-02	6.868e+00
2.000e+03	2.019e+02	1.851e+02	2.384e+02	5.364e-01	5.161e-02	6.868e+00
2.100e+03	2.019e+02	1.859e+02	2.384e+02	8.129e-01	5.161e-02	6.868e+00
2.200e+03	2.019e+02	1.859e+02	2.384e+02	8.129e-01	5.161e-02	6.868e+00
2.300e+03	2.019e+02	1.859e+02	2.384e+02	6.315e-01	5.161e-02	6.868e+00
2.400e+03	2.019e+02	1.859e+02	2.384e+02	6.315e-01	5.161e-02	6.868e+00
2.500e+03	2.051e+02	1.905e+02	2.384e+02	7.941e-01	5.161e-02	6.868e+00
2.600e+03	2.051e+02	1.905e+02	2.384e+02	7.941e-01	5.161e-02	6.868e+00
2.700e+03	2.267e+02	1.933e+02	2.716e+02	7.941e-01	5.161e-02	6.868e+00
2.800e+03	2.267e+02	1.933e+02	2.716e+02	1.259e+00	1.469e-01	9.650e+00
2.900e+03	2.267e+02	1.933e+02	2.716e+02	1.259e+00	1.469e-01	9.650e+00
3.000e+03	2.267e+02	1.933e+02	2.716e+02	1.259e+00	1.469e-01	9.650e+00
3.100e+03	2.267e+02	1.933e+02	2.716e+02	6.868e+00	5.161e-02	9.650e+00
3.200e+03	2.267e+02	1.933e+02	2.716e+02	6.868e+00	8.159e-01	9.650e+00
3.300e+03	2.303e+02	1.933e+02	2.716e+02	6.997e+00	8.159e-01	1.526e+01
3.400e+03	2.384e+02	2.019e+02	2.716e+02	1.453e+01	7.419e-01	2.608e+01
3.500e+03	2.384e+02	2.019e+02	2.716e+02	1.453e+01	7.419e-01	2.608e+01
3.600e+03	2.384e+02	2.019e+02	2.716e+02	1.453e+01	7.419e-01	2.608e+01
3.700e+03	2.384e+02	2.019e+02	2.716e+02	1.453e+01	7.571e-01	2.608e+01
3.800e+03	2.384e+02	2.019e+02	2.716e+02	7.119e+00	7.476e-01	1.526e+01
3.900e+03	2.384e+02	2.019e+02	2.716e+02	7.119e+00	7.476e-01	1.526e+01
4.000e+03	2.500e+02	2.267e+02	2.716e+02	7.119e+00	7.476e-01	1.526e+01
4.100e+03	2.500e+02	2.267e+02	2.716e+02	1.526e+01	3.870e+00	2.608e+01
4.200e+03	2.500e+02	2.267e+02	2.716e+02	1.526e+01	3.870e+00	2.608e+01
4.300e+03	2.500e+02	2.267e+02	2.716e+02	2.111e+01	7.119e+00	4.210e+01
4.400e+03	2.500e+02	2.267e+02	2.716e+02	2.111e+01	7.476e-01	4.752e+01
4.500e+03	2.500e+02	2.267e+02	2.716e+02	4.210e+01	7.476e-01	5.427e+01
4.600e+03	2.500e+02	2.267e+02	2.716e+02	4.210e+01	7.119e+00	5.427e+01
4.700e+03	2.500e+02	2.303e+02	2.716e+02	4.210e+01	7.119e+00	5.427e+01
4.800e+03	2.500e+02	2.303e+02	2.716e+02	4.210e+01	7.119e+00	5.427e+01
4.900e+03	2.566e+02	2.397e+02	2.802e+02	4.210e+01	7.119e+00	5.427e+01
5.000e+03	2.716e+02	2.433e+02	2.828e+02	4.210e+01	7.119e+00	5.427e+01
5.100e+03	2.802e+02	2.500e+02	3.691e+02	4.210e+01	7.119e+00	5.427e+01
5.200e+03	2.802e+02	2.500e+02	3.691e+02	4.210e+01	8.355e+00	5.427e+01
5.300e+03	2.802e+02	2.566e+02	3.691e+02	4.210e+01	8.355e+00	5.764e+01
5.400e+03	2.802e+02	2.566e+02	3.691e+02	2.945e+01	1.503e+00	5.427e+01
5.500e+03	2.802e+02	2.566e+02	3.691e+02	2.945e+01	1.503e+00	5.427e+01
5.600e+03	2.802e+02	2.566e+02	3.691e+02	4.210e+01	8.355e+00	5.764e+01
5.700e+03	2.802e+02	2.566e+02	3.691e+02	4.210e+01	8.355e+00	5.764e+01
5.800e+03	2.802e+02	2.566e+02	3.691e+02	4.210e+01	8.355e+00	5.764e+01
5.900e+03	2.802e+02	2.657e+02	3.691e+02	4.210e+01	8.355e+00	5.764e+01
6.000e+03	2.802e+02	2.657e+02	3.691e+02	4.210e+01	8.355e+00	5.764e+01
6.100e+03	2.802e+02	2.657e+02	3.671e+02	4.210e+01	8.355e+00	5.764e+01
6.200e+03	2.802e+02	2.657e+02	3.671e+02	4.210e+01	8.355e+00	5.764e+01
6.300e+03	2.828e+02	2.657e+02	3.671e+02	2.945e+01	8.355e+00	5.427e+01
6.400e+03	2.828e+02	2.657e+02	3.671e+02	3.977e+01	8.355e+00	5.427e+01
6.500e+03	2.828e+02	2.657e+02	3.671e+02	3.977e+01	8.355e+00	5.764e+01
6.600e+03	2.828e+02	2.657e+02	3.671e+02	5.427e+01	8.355e+00	6.909e+01
6.700e+03	2.828e+02	2.657e+02	3.671e+02	5.427e+01	8.355e+00	6.909e+01
6.800e+03	2.828e+02	2.657e+02	3.671e+02	4.043e+01	8.355e+00	5.764e+01
6.900e+03	2.828e+02	2.657e+02	3.671e+02	4.043e+01	8.355e+00	5.764e+01
7.000e+03	2.828e+02	2.657e+02	3.671e+02	5.427e+01	8.355e+00	6.909e+01
7.100e+03	2.828e+02	2.657e+02	3.671e+02	5.427e+01	8.355e+00	6.909e+01
7.200e+03	2.828e+02	2.657e+02	3.671e+02	5.427e+01	8.355e+00	6.909e+01
7.300e+03	2.828e+02	2.657e+02	3.671e+02	5.427e+01	8.355e+00	6.909e+01
7.400e+03	2.828e+02	2.716e+02	3.671e+02	5.427e+01	1.072e+01	6.909e+01
7.500e+03	2.828e+02	2.716e+02	3.671e+02	5.427e+01	1.072e+01	6.909e+01
7.600e+03	2.828e+02	2.716e+02	3.671e+02	5.427e+01	1.672e+01	6.909e+01
7.700e+03	2.828e+02	2.716e+02	3.671e+02	5.427e+01	2.111e+01	6.909e+01
7.800e+03	2.828e+02	2.716e+02	3.671e+02	5.427e+01	2.111e+01	6.909e+01
7.900e+03	2.828e+02	2.716e+02	3.671e+02	5.427e+01	2.111e+01	6.909e+01
8.000e+03	2.828e+02	2.716e+02	3.671e+02	5.427e+01	2.111e+01	6.909e+01
8.100e+03	2.828e+02	2.716e+02	3.671e+02	5.427e+01	2.111e+01	6.909e+01
8.200e+03	2.828e+02	2.716e+02	3.671e+02	5.681e+01	2.111e+01	7.858e+01
8.300e+03	2.828e+02	2.716e+02	3.671e+02	5.681e+01	2.111e+01	7.858e+01
8.400e+03	3.245e+02	2.802e+02	3.671e+02	5.681e+01	2.111e+01	7.858e+01
8.500e+03	3.331e+02	2.812e+02	3.671e+02	5.681e+01	2.111e+01	7.858e+01
8.600e+03	3.331e+02	2.812e+02	3.671e+02	5.681e+01	2.111e+01	7.858e+01
8.700e+03	3.331e+02	2.812e+02	3.671e+02	5.427e+01	2.111e+01	6.909e+01
8.800e+03	3.499e+02	2.828e+02	3.691e+02	5.427e+01	2.111e+01	6.909e+01
8.900e+03	3.499e+02	2.828e+02	3.691e+02	5.427e+01	2.111e+01	6.909e+01
9.000e+03	3.499e+02	2.828e+02	3.691e+02	5.681e+01	2.111e+01	7.879e+01
9.100e+03	3.499e+02	2.828e+02	3.691e+02	5.681e+01	1.072e+01	7.879e+01
9.200e+03	3.499e+02	2.828e+02	3.691e+02	5.681e+01	1.072e+01	7.879e+01
9.300e+03	3.499e+02	2.828e+02	3.691e+02	5.681e+01	1.072e+01	7.879e+01
9.400e+03	3.499e+02	2.828e+02	3.691e+02	5.681e+01	1.072e+01	7.879e+01
9.500e+03	3.499e+02	2.828e+02	3.691e+02	5.681e+01	1.072e+01	7.879e+01
9.600e+03	3.499e+02	2.828e+02	3.691e+02	6.909e+01	1.072e+01	7.879e+01
9.700e+03	3.499e+02	2.828e+02	3.691e+02	5.681e+01	1.072e+01	7.210e+01
9.800e+03	3.499e+02	2.828e+02	3.691e+02	5.681e+01	1.072e+01	7.210e+01
9.900e+03	3.499e+02	2.828e+02	3.691e+02	5.681e+01	1.072e+01	7.210e+01
1.000e+04	3.499e+02	2.828e+02	3.691e+02	5.681e+01	1.072e+01	7.210e+01
1.010e+04	3.499e+02	2.828e+02	3.691e+02	5.681e+01	1.072e+01	7.210e+01
1.020e+04	3.499e+02	2.828e+02	3.691e+02	5.681e+01	1.072e+01	7.210e+01
1.030e+04	3.499e+02	2.828e+02	3.691e+02	5.681e+01	1.072e+01	7.210e+01
1.040e+04	3.499e+02	2.828e+02	3.691e+02	5.681e+01	1.072e+01	7.210e+01
1.050e+04	3.499e+02	2.828e+02	3.691e+02	5.681e+01	1.072e+01	7.210e+01
1.060e+04	3.499e+02	2.828e+02	3.691e+02	5.681e+01	1.072e+01	7.210e+01
1.070e+04	3.499e+02	2.828e+02	3.691e+02	5.867e+01	1.072e+01	7.210e+01
1.080e+04	3.499e+02	3.193e+02	3.691e+02	6.909e+01	1.072e+01	7.879e+01
1.090e+04	3.499e+02	3.193e+02	3.691e+02	6.909e+01	1.072e+01	7.879e+01
1.100e+04	3.499e+02	3.193e+02	3.691e+02	6.909e+01	1.072e+01	7.879e+01
1.110e+04	3.499e+02	3.193e+02	3.973e+02	6.909e+01	1.072e+01	7.879e+01
1.120e+04	3.499e+02	3.193e+02	3.973e+02	6.909e+01	1.072e+01	7.879e+01
1.130e+04	3.499e+02	3.193e+02	3.973e+02	6.909e+01	1.072e+01	7.879e+01
1.140e+04	3.499e+02	3.193e+02	3.973e+02	6.909e+01	1.122e+01	7.879e+01
1.150e+04	3.499e+02	3.193e+02	3.973e+02	6.909e+01	1.122e+01	7.879e+01
1.160e+04	3.499e+02	3.193e+02	3.973e+02	6.909e+01	1.122e+01	7.879e+01
1.170e+04	3.499e+02	3.193e+02	3.973e+02	5.867e+01	1.122e+01	7.210e+01
1.180e+04	3.499e+02	3.193e+02	3.973e+02	5.867e+01	1.122e+01	7.210e+01
1.190e+04	3.499e+02	3.193e+02	3.973e+02	5.867e+01	1.122e+01	7.210e+01
1.200e+04	3.499e+02	3.193e+02	3.973e+02	6.909e+01	1.122e+01	7.879e+01
1.210e+04	3.671e+02	3.193e+02	3.973e+02	6.909e+01	1.122e+01	7.879e+01
1.220e+04	3.671e+02	3.193e+02	3.973e+02	6.909e+01	1.122e+01	7.879e+01
1.230e+04	3.671e+02	3.193e+02	3.973e+02	6.909e+01	1.122e+01	7.879e+01
1.240e+04	3.671e+02	3.193e+02	3.973e+02	6.909e+01	1.122e+01	7.879e+01
1.250e+04	3.930e+02	3.245e+02	4.143e+02	6.909e+01	1.122e+01	7.879e+01
1.260e+04	3.930e+02	3.245e+02	4.143e+02	6.909e+01	1.122e+01	7.879e+01
1.270e+04	3.930e+02	3.245e+02	4.143e+02	6.909e+01	1.122e+01	7.879e+01
1.280e+04	3.930e+02	3.245e+02	4.143e+02	6.909e+01	1.122e+01	7.879e+01
1.290e+04	3.930e+02	3.245e+02	4.143e+02	6.909e+01	1.122e+01	7.879e+01
1.300e+04	3.930e+02	3.245e+02	4.143e+02	6.909e+01	1.122e+01	7.879e+01
1.310e+04	3.930e+02	3.245e+02	4.143e+02	6.909e+01	1.122e+01	7.879e+01
1.320e+04	3.930e+02	3.245e+02	4.143e+02	6.909e+01	1.122e+01	7.879e+01
1.330e+04	3.930e+02	3.245e+02	4.143e+02	6.909e+01	1.122e+01	7.879e+01
1.340e+04	3.930e+02	3.245e+02	4.143e+02	6.909e+01	1.122e+01	7.879e+01
1.350e+04	3.930e+02	3.245e+02	4.143e+02	6.909e+01	1.122e+01	7.879e+01
1.360e+04	3.930e+02	3.245e+02	4.143e+02	6.909e+01	1.122e+01	7.889e+01
1.370e+04	3.930e+02	3.245e+02	4.143e+02	6.909e+01	1.122e+01	7.889e+01
1.380e+04	3.930e+02	3.245e+02	4.143e+02	6.909e+01	1.122e+01	7.889e+01
1.390e+04	3.930e+02	3.245e+02	4.143e+02	6.909e+01	1.122e+01	7.889e+01
1.400e+04	3.940e+02	3.331e+02	4.143e+02	7.210e+01	1.122e+01	7.889e+01
1.410e+04	3.940e+02	3.331e+02	4.143e+02	7.210e+01	1.122e+01	7.889e+01
1.420e+04	3.973e+02	3.331e+02	4.194e+02	7.210e+01	1.122e+01	7.889e+01
1.430e+04	3.973e+02	3.331e+02	4.194e+02	7.210e+01	1.122e+01	7.889e+01
1.440e+04	3.973e+02	3.331e+02	4.194e+02	7.210e+01	1.122e+01	7.889e+01
1.450e+04	3.973e+02	3.331e+02	4.194e+02	7.210e+01	1.122e+01	7.889e+01
1.460e+04	3.973e+02	3.331e+02	4.272e+02	7.210e+01	1.122e+01	7.889e+01
1.470e+04	3.973e+02	3.331e+02	4.272e+02	7.210e+01	1.122e+01	7.889e+01
1.480e+04	3.973e+02	3.331e+02	4.272e+02	7.210e+01	1.122e+01	7.889e+01
1.490e+04	3.973e+02	3.331e+02	4.272e+02	7.210e+01	1.122e+01	7.889e+01
1.500e+04	3.973e+02	3.331e+02	4.272e+02	7.433e+01	1.122e+01	8.008e+01
1.510e+04	3.973e+02	3.395e+02	4.272e+02	7.433e+01	1.122e+01	8.008e+01
1.520e+04	3.973e+02	3.395e+02	4.272e+02	7.433e+01	1.122e+01	8.008e+01
1.530e+04	3.973e+02	3.395e+02	4.272e+02	7.433e+01	1.122e+01	8.008e+01
1.540e+04	3.973e+02	3.395e+02	4.272e+02	7.433e+01	1.122e+01	8.008e+01
1.550e+04	4.143e+02	3.395e+02	4.582e+02	7.433e+01	1.122e+01	8.008e+01
1.560e+04	4.143e+02	3.395e+02	4.582e+02	7.433e+01	1.122e+01	8.008e+01
1.570e+04	4.143e+02	3.395e+02	4.582e+02	7.433e+01	1.122e+01	8.008e+01
1.580e+04	4.143e+02	3.395e+02	4.582e+02	7.433e+01	1.122e+01	8.008e+01
1.590e+04	4.143e+02	3.395e+02	4.582e+02	7.433e+01	1.122e+01	8.008e+01
1.600e+04	4.143e+02	3.395e+02	4.361e+02	7.433e+01	1.122e+01	8.008e+01
1.610e+04	4.143e+02	3.395e+02	4.361e+02	5.685e+01	1.122e+01	7.889e+01
1.620e+04	4.143e+02	3.395e+02	4.582e+02	7.433e+01	1.122e+01	8.008e+01
1.630e+04	4.143e+02	3.395e+02	4.582e+02	7.433e+01	1.122e+01	8.008e+01
1.640e+04	4.143e+02	3.395e+02	4.582e+02	7.433e+01	1.122e+01	8.008e+01
1.650e+04	4.143e+02	3.395e+02	4.582e+02	7.433e+01	1.122e+01	8.008e+01
1.660e+04	4.143e+02	3.395e+02	4.582e+02	7.433e+01	1.122e+01	8.008e+01
1.670e+04	4.143e+02	3.395e+02	4.582e+02	7.433e+01	1.122e+01	8.008e+01
1.680e+04	4.143e+02	3.395e+02	4.582e+02	7.433e+01	1.122e+01	8.008e+01
1.690e+04	4.143e+02	3.395e+02	4.582e+02	7.433e+01	1.122e+01	8.008e+01
1.700e+04	4.143e+02	3.395e+02	4.582e+02	7.433e+01	1.122e+01	8.008e+01
1.710e+04	4.143e+02	3.395e+02	4.582e+02	7.433e+01	1.122e+01	8.008e+01
1.720e+04	4.143e+02	3.395e+02	4.582e+02	7.433e+01	1.122e+01	8.008e+01
1.730e+04	4.143e+02	3.395e+02	4.582e+02	7.433e+01	1.122e+01	8.008e+01
1.740e+04	4.143e+02	3.395e+02	4.582e+02	7.433e+01	1.122e+01	8.008e+01
1.750e+04	4.143e+02	3.395e+02	4.595e+02	7.433e+01	1.122e+01	8.008e+01
1.760e+04	4.143e+02	3.395e+02	4.595e+02	7.433e+01	1.122e+01	8.008e+01
1.770e+04	4.143e+02	3.395e+02	4.595e+02	7.433e+01	1.122e+01	8.008e+01
1.780e+04	4.143e+02	3.395e+02	4.595e+02	7.433e+01	1.122e+01	8.008e+01
1.790e+04	4.143e+02	3.395e+02	4.595e+02	7.433e+01	1.122e+01	8.008e+01
1.800e+04	4.143e+02	3.395e+02	4.595e+02	7.433e+01	1.122e+01	8.008e+01
1.810e+04	4.143e+02	3.395e+02	4.595e+02	7.433e+01	1.122e+01	8.008e+01
1.820e+04	4.143e+02	3.395e+02	4.595e+02	7.433e+01	1.122e+01	8.008e+01
1.830e+04	4.143e+02	3.395e+02	4.595e+02	7.433e+01	1.122e+01	8.008e+01
1.840e+04	3.930e+02	3.248e+02	4.582e+02	7.433e+01	1.130e+01	8.008e+01
1.850e+04	3.930e+02	3.248e+02	4.582e+02	7.433e+01	1.130e+01	8.008e+01
1.860e+04	3.930e+02	3.248e+02	4.582e+02	7.433e+01	1.130e+01	8.008e+01
1.870e+04	3.930e+02	3.248e+02	4.582e+02	7.433e+01	1.130e+01	8.008e+01
1.880e+04	3.930e+02	3.248e+02	4.582e+02	7.433e+01	1.130e+01	8.008e+01
1.890e+04	3.930e+02	3.248e+02	4.582e+02	7.433e+01	1.130e+01	8.008e+01
1.900e+04	3.930e+02	3.248e+02	4.582e+02	7.433e+01	1.130e+01	8.008e+01
1.910e+04	3.930e+02	3.248e+02	4.582e+02	7.433e+01	1.130e+01	8.008e+01
1.920e+04	3.930e+02	3.248e+02	4.582e+02	7.433e+01	1.130e+01	8.008e+01
1.930e+04	3.930e+02	3.248e+02	4.582e+02	7.433e+01	1.130e+01	8.008e+01
1.940e+04	3.930e+02	3.248e+02	4.582e+02	7.433e+01	1.130e+01	8.008e+01
1.950e+04	3.930e+02	3.248e+02	4.582e+02	7.433e+01	1.130e+01	8.008e+01
1.960e+04	3.930e+02	3.248e+02	4.582e+02	7.433e+01	1.130e+01	8.008e+01
1.970e+04	3.930e+02	3.248e+02	4.582e+02	7.433e+01	1.130e+01	8.008e+01
1.980e+04	3.930e+02	3.248e+02	4.582e+02	7.433e+01	1.130e+01	8.008e+01
1.990e+04	3.930e+02	3.248e+02	4.582e+02	7.433e+01	1.130e+01	8.008e+01
2.000e+04	3.930e+02	3.248e+02	4.582e+02	5.685e+01	1.130e+01	7.889e+01
2.010e+04	3.930e+02	3.248e+02	4.582e+02	7.433e+01	1.130e+01	8.008e+01
2.020e+04	3.930e+02	3.248e+02	4.582e+02	7.433e+01	1.130e+01	8.008e+01
2.030e+04	3.930e+02	3.248e+02	4.582e+02	7.433e+01	1.130e+01	8.008e+01
2.040e+04	3.930e+02	3.248e+02	4.582e+02	7.433e+01	1.130e+01	8.008e+01
2.050e+04	3.930e+02	3.248e+02	4.582e+02	7.433e+01	1.130e+01	8.008e+01
2.060e+04	3.930e+02	3.248e+02	4.582e+02	7.433e+01	1.130e+01	8.008e+01
2.070e+04	4.007e+02	3.248e+02	4.582e+02	7.433e+01	1.130e+01	8.008e+01
2.080e+04	4.007e+02	3.248e+02	4.582e+02	7.433e+01	1.130e+01	8.008e+01
2.090e+04	4.007e+02	3.395e+02	4.582e+02	7.433e+01	1.130e+01	8.008e+01
2.100e+04	4.007e+02	3.395e+02	4.582e+02	7.433e+01	1.130e+01	8.008e+01
2.110e+04	4.066e+02	3.779e+02	4.582e+02	7.433e+01	1.130e+01	8.008e+01
2.120e+04	4.066e+02	3.779e+02	4.582e+02	7.433e+01	1.130e+01	8.008e+01
2.130e+04	4.066e+02	3.779e+02	4.582e+02	7.433e+01	1.130e+01	8.008e+01
2.140e+04	4.066e+02	3.779e+02	4.582e+02	7.433e+01	1.130e+01	8.008e+01
2.150e+04	4.066e+02	3.779e+02	4.582e+02	7.433e+01	1.130e+01	8.008e+01
2.160e+04	4.066e+02	3.779e+02	4.582e+02	7.433e+01	1.130e+01	8.008e+01
2.170e+04	4.066e+02	3.779e+02	4.582e+02	7.433e+01	1.130e+01	8.008e+01
2.180e+04	4.066e+02	3.779e+02	4.582e+02	7.433e+01	1.130e+01	8.008e+01
2.190e+04	4.066e+02	3.779e+02	4.582e+02	7.433e+01	1.130e+01	8.008e+01
2.200e+04	4.066e+02	3.779e+02	4.582e+02	7.433e+01	1.130e+01	8.008e+01
2.210e+04	4.066e+02	3.779e+02	4.582e+02	7.433e+01	1.130e+01	8.008e+01
2.220e+04	4.066e+02	3.779e+02	4.582e+02	7.433e+01	1.130e+01	8.008e+01
2.230e+04	4.066e+02	3.779e+02	4.582e+02	7.433e+01	1.130e+01	8.008e+01
2.240e+04	4.066e+02	3.779e+02	4.582e+02	7.433e+01	1.130e+01	8.008e+01
2.250e+04	4.066e+02	3.779e+02	4.582e+02	7.433e+01	1.130e+01	8.008e+01
2.260e+04	4.066e+02	3.248e+02	4.582e+02	7.433e+01	1.130e+01	8.008e+01
2.270e+04	4.066e+02	3.248e+02	4.582e+02	7.433e+01	1.130e+01	8.008e+01
2.280e+04	4.066e+02	3.248e+02	4.582e+02	7.433e+01	1.130e+01	8.008e+01
2.290e+04	4.066e+02	3.248e+02	4.582e+02	7.433e+01	1.130e+01	8.008e+01
2.300e+04	4.066e+02	3.248e+02	4.582e+02	7.433e+01	1.130e+01	8.008e+01
2.310e+04	4.066e+02	3.248e+02	4.582e+02	7.433e+01	1.130e+01	8.008e+01
2.320e+04	4.066e+02	3.248e+02	4.582e+02	7.433e+01	1.130e+01	8.008e+01
2.330e+04	4.066e+02	3.248e+02	4.582e+02	7.433e+01	1.130e+01	8.008e+01
2.340e+04	4.066e+02	3.248e+02	4.582e+02	7.433e+01	1.130e+01	8.008e+01
2.350e+04	4.066e+02	3.248e+02	4.582e+02	7.433e+01	1.130e+01	8.008e+01
2.360e+04	4.066e+02	3.248e+02	4.582e+02	7.433e+01	1.130e+01	8.008e+01
2.370e+04	4.066e+02	3.248e+02	4.582e+02	7.433e+01	1.130e+01	8.008e+01
2.380e+04	4.066e+02	3.248e+02	4.582e+02	7.433e+01	1.130e+01	8.008e+01
2.390e+04	4.066e+02	3.248e+02	4.582e+02	7.433e+01	1.130e+01	8.008e+01
2.400e+04	4.066e+02	3.248e+02	4.582e+02	7.433e+01	1.130e+01	8.008e+01
2.410e+04	4.066e+02	3.248e+02	4.709e+02	6.863e+01	1.130e+01	7.941e+01
2.420e+04	4.066e+02	3.248e+02	4.709e+02	6.863e+01	1.130e+01	8.008e+01
2.430e+04	4.066e+02	3.248e+02	4.709e+02	7.941e+01	1.130e+01	8.079e+01
2.440e+04	4.066e+02	3.248e+02	4.709e+02	7.941e+01	1.130e+01	8.079e+01
2.450e+04	4.482e+02	3.779e+02	4.709e+02	7.941e+01	1.130e+01	8.079e+01
2.460e+04	4.482e+02	3.779e+02	4.709e+02	7.941e+01	1.130e+01	8.079e+01
2.470e+04	4.482e+02	3.779e+02	4.709e+02	7.941e+01	1.130e+01	8.079e+01
2.480e+04	4.482e+02	3.779e+02	4.709e+02	7.941e+01	1.130e+01	8.079e+01
2.490e+04	4.482e+02	3.779e+02	4.709e+02	7.941e+01	1.130e+01	8.079e+01
2.500e+04	4.482e+02	3.779e+02	4.709e+02	7.941e+01	1.130e+01	8.079e+01
2.510e+04	4.482e+02	3.779e+02	4.709e+02	7.941e+01	1.130e+01	8.079e+01
2.520e+04	4.482e+02	3.779e+02	4.709e+02	7.941e+01	1.130e+01	8.079e+01
2.530e+04	4.482e+02	3.779e+02	4.709e+02	7.941e+01	1.130e+01	8.079e+01
2.540e+04	4.482e+02	3.779e+02	4.709e+02	7.941e+01	1.130e+01	8.079e+01
2.550e+04	4.482e+02	3.779e+02	4.709e+02	7.941e+01	1.130e+01	8.079e+01
2.560e+04	4.482e+02	3.779e+02	4.709e+02	7.941e+01	1.130e+01	8.079e+01
2.570e+04	4.482e+02	3.779e+02	4.709e+02	7.941e+01	1.130e+01	8.079e+01
2.580e+04	4.482e+02	3.779e+02	4.709e+02	7.941e+01	1.130e+01	8.079e+01
2.590e+04	4.482e+02	3.779e+02	4.709e+02	7.941e+01	1.130e+01	8.079e+01
2.600e+04	4.482e+02	3.779e+02	4.709e+02	7.941e+01	1.130e+01	8.294e+01
2.610e+04	4.482e+02	3.779e+02	4.709e+02	7.941e+01	1.130e+01	8.294e+01
2.620e+04	4.482e+02	3.927e+02	4.709e+02	7.941e+01	1.130e+01	8.294e+01
2.630e+04	4.482e+02	3.927e+02	4.709e+02	7.941e+01	1.130e+01	8.294e+01
2.640e+04	4.482e+02	3.927e+02	4.709e+02	7.941e+01	1.130e+01	8.294e+01
2.650e+04	4.482e+02	3.927e+02	4.709e+02	7.941e+01	1.130e+01	8.294e+01
2.660e+04	4.482e+02	3.927e+02	4.709e+02	7.941e+01	1.130e+01	8.294e+01
2.670e+04	4.482e+02	3.927e+02	4.709e+02	7.941e+01	1.130e+01	8.294e+01
2.680e+04	4.482e+02	3.927e+02	4.709e+02	7.941e+01	1.130e+01	8.294e+01
2.690e+04	4.482e+02	3.927e+02	4.709e+02	7.941e+01	1.130e+01	8.294e+01
2.700e+04	4.482e+02	3.927e+02	4.709e+02	7.941e+01	1.130e+01	8.294e+01
2.710e+04	4.482e+02	3.927e+02	4.709e+02	7.941e+01	1.130e+01	8.294e+01
2.720e+04	4.482e+02	3.927e+02	4.709e+02	7.941e+01	1.130e+01	8.294e+01
2.730e+04	4.482e+02	3.927e+02	4.709e+02	7.941e+01	1.130e+01	8.294e+01
2.740e+04	4.482e+02	3.927e+02	4.709e+02	7.941e+01	1.130e+01	8.294e+01
2.750e+04	4.482e+02	3.927e+02	4.709e+02	5.840e+01	7.933e+00	8.008e+01
2.760e+04	4.482e+02	3.927e+02	4.709e+02	5.840e+01	7.933e+00	8.008e+01
2.770e+04	4.482e+02	3.927e+02	4.709e+02	3.246e+01	7.933e+00	7.941e+01
2.780e+04	4.582e+02	3.927e+02	4.709e+02	3.246e+01	7.933e+00	7.941e+01
2.790e+04	4.677e+02	3.954e+02	4.760e+02	3.246e+01	7.933e+00	7.941e+01
2.800e+04	4.677e+02	4.066e+02	4.760e+02	3.246e+01	7.933e+00	7.941e+01
2.810e+04	4.677e+02	4.066e+02	4.760e+02	3.246e+01	7.933e+00	7.941e+01
2.820e+04	4.677e+02	4.066e+02	4.760e+02	3.246e+01	7.933e+00	7.941e+01
2.830e+04	4.677e+02	4.066e+02	4.760e+02	3.246e+01	7.933e+00	7.941e+01
2.840e+04	4.709e+02	4.066e+02	4.781e+02	3.246e+01	7.933e+00	7.941e+01
2.850e+04	4.709e+02	4.066e+02	4.781e+02	3.246e+01	7.933e+00	7.941e+01
2.860e+04	4.709e+02	4.066e+02	4.781e+02	3.246e+01	7.933e+00	7.941e+01
2.870e+04	4.709e+02	4.066e+02	4.781e+02	3.246e+01	7.933e+00	7.941e+01
2.880e+04	4.709e+02	4.066e+02	4.781e+02	3.246e+01	7.933e+00	7.941e+01
2.890e+04	4.709e+02	4.066e+02	4.781e+02	3.246e+01	7.933e+00	7.941e+01
2.900e+04	4.709e+02	4.066e+02	4.781e+02	3.246e+01	7.933e+00	7.941e+01
2.910e+04	4.709e+02	4.066e+02	4.781e+02	5.840e+01	7.933e+00	8.008e+01
2.920e+04	4.709e+02	4.066e+02	4.781e+02	5.840e+01	7.933e+00	8.008e+01
2.930e+04	4.709e+02	4.066e+02	4.781e+02	5.840e+01	7.933e+00	8.008e+01
2.940e+04	4.709e+02	4.066e+02	4.781e+02	5.840e+01	7.933e+00	8.008e+01
2.950e+04	4.709e+02	4.066e+02	4.781e+02	5.840e+01	7.933e+00	8.008e+01
2.960e+04	4.709e+02	4.066e+02	4.781e+02	5.840e+01	7.933e+00	8.008e+01
2.970e+04	4.709e+02	4.066e+02	4.781e+02	5.840e+01	7.933e+00	8.008e+01
2.980e+04	4.709e+02	4.066e+02	4.781e+02	5.840e+01	7.933e+00	8.008e+01
2.990e+04	4.709e+02	4.066e+02	4.781e+02	5.840e+01	7.933e+00	8.008e+01
3.000e+04	4.709e+02	4.066e+02	4.781e+02	5.840e+01	7.933e+00	8.008e+01
3.010e+04	4.709e+02	4.066e+02	4.781e+02	6.257e+01	1.130e+01	8.008e+01
3.020e+04	4.677e+02	3.954e+02	4.781e+02	6.257e+01	1.130e+01	8.008e+01
3.030e+04	4.677e+02	3.954e+02	4.781e+02	6.257e+01	1.130e+01	8.008e+01
3.040e+04	4.677e+02	3.954e+02	4.781e+02	6.257e+01	1.130e+01	8.008e+01
3.050e+04	4.582e+02	3.651e+02	4.781e+02	6.257e+01	1.130e+01	8.008e+01
3.060e+04	4.582e+02	3.651e+02	4.781e+02	6.257e+01	1.130e+01	8.008e+01
3.070e+04	4.582e+02	3.651e+02	4.781e+02	6.257e+01	1.130e+01	8.008e+01
3.080e+04	4.582e+02	3.651e+02	4.781e+02	6.257e+01	1.130e+01	8.008e+01
3.090e+04	4.582e+02	3.651e+02	4.781e+02	6.257e+01	1.130e+01	8.008e+01
3.100e+04	4.582e+02	3.651e+02	4.781e+02	6.257e+01	1.130e+01	8.008e+01
3.110e+04	4.582e+02	3.651e+02	4.781e+02	6.257e+01	1.130e+01	8.008e+01
3.120e+04	4.582e+02	3.651e+02	4.781e+02	5.840e+01	7.933e+00	7.941e+01
3.130e+04	4.582e+02	3.651e+02	4.781e+02	5.840e+01	7.933e+00	7.941e+01
3.140e+04	4.582e+02	3.651e+02	4.781e+02	5.840e+01	7.933e+00	7.941e+01
3.150e+04	4.582e+02	3.651e+02	4.781e+02	5.840e+01	7.933e+00	7.941e+01
3.160e+04	4.582e+02	3.651e+02	4.781e+02	5.840e+01	7.933e+00	7.941e+01
3.170e+04	4.582e+02	3.651e+02	4.781e+02	5.840e+01	7.933e+00	7.941e+01
3.180e+04	4.582e+02	3.651e+02	4.781e+02	5.840e+01	7.933e+00	7.941e+01
3.190e+04	4.582e+02	3.651e+02	4.781e+02	5.840e+01	7.933e+00	7.941e+01
3.200e+04	4.582e+02	3.651e+02	4.781e+02	5.840e+01	7.933e+00	7.941e+01
3.210e+04	4.582e+02	3.651e+02	4.781e+02	5.840e+01	7.933e+00	7.941e+01
3.220e+04	4.677e+02	3.954e+02	4.781e+02	5.840e+01	7.933e+00	7.941e+01
3.230e+04	4.677e+02	3.954e+02	4.781e+02	5.840e+01	7.933e+00	7.941e+01
3.240e+04	4.677e+02	3.954e+02	4.781e+02	5.840e+01	7.933e+00	7.941e+01
3.250e+04	4.677e+02	3.954e+02	4.781e+02	5.840e+01	7.933e+00	7.941e+01
3.260e+04	4.677e+02	3.954e+02	4.781e+02	5.840e+01	7.933e+00	7.941e+01
3.270e+04	4.677e+02	3.954e+02	4.781e+02	6.257e+01	7.933e+00	8.008e+01
3.280e+04	4.677e+02	3.954e+02	4.781e+02	6.257e+01	7.933e+00	8.008e+01
3.290e+04	4.677e+02	3.954e+02	4.781e+02	6.257e+01	7.933e+00	8.008e+01
3.300e+04	4.677e+02	3.954e+02	4.781e+02	6.257e+01	7.933e+00	8.008e+01
3.310e+04	4.677e+02	3.954e+02	4.781e+02	6.257e+01	7.933e+00	8.008e+01
3.320e+04	4.677e+02	3.954e+02	4.781e+02	6.257e+01	7.933e+00	8.008e+01
3.330e+04	4.677e+02	3.954e+02	4.781e+02	6.257e+01	7.933e+00	8.008e+01
3.340e+04	4.677e+02	3.954e+02	4.781e+02	6.257e+01	7.933e+00	8.008e+01
3.350e+04	4.677e+02	3.954e+02	4.781e+02	6.257e+01	7.933e+00	8.008e+01
3.360e+04	4.677e+02	3.954e+02	4.781e+02	6.257e+01	7.933e+00	8.008e+01
3.370e+04	4.677e+02	3.954e+02	4.781e+02	6.257e+01	7.933e+00	8.008e+01
3.380e+04	4.677e+02	3.954e+02	4.781e+02	6.257e+01	7.933e+00	8.008e+01
3.390e+04	4.677e+02	3.954e+02	4.782e+02	6.257e+01	7.933e+00	8.008e+01
3.400e+04	4.677e+02	3.954e+02	4.782e+02	6.257e+01	7.933e+00	8.008e+01
3.410e+04	4.677e+02	3.954e+02	4.782e+02	6.257e+01	7.933e+00	8.008e+01
3.420e+04	4.677e+02	3.954e+02	4.782e+02	6.257e+01	7.933e+00	8.008e+01
3.430e+04	4.677e+02	3.954e+02	4.782e+02	6.257e+01	7.933e+00	8.008e+01
3.440e+04	4.677e+02	3.954e+02	4.782e+02	6.257e+01	7.933e+00	8.008e+01
3.450e+04	4.677e+02	3.954e+02	4.782e+02	6.257e+01	7.933e+00	8.008e+01
3.460e+04	4.677e+02	3.954e+02	4.782e+02	6.257e+01	7.933e+00	8.008e+01
3.470e+04	4.677e+02	3.954e+02	4.782e+02	6.257e+01	7.933e+00	8.008e+01
3.480e+04	4.677e+02	3.954e+02	4.782e+02	6.257e+01	7.933e+00	8.008e+01
3.490e+04	4.677e+02	3.954e+02	4.782e+02	7.941e+01	7.933e+00	8.048e+01
3.500e+04	4.677e+02	3.954e+02	4.782e+02	7.941e+01	7.933e+00	8.048e+01
3.510e+04	4.582e+02	3.904e+02	4.728e+02	7.941e+01	7.933e+00	8.048e+01
3.520e+04	4.582e+02	3.904e+02	4.728e+02	7.941e+01	7.933e+00	8.048e+01
3.530e+04	4.582e+02	3.904e+02	4.728e+02	7.941e+01	7.933e+00	8.048e+01
3.540e+04	4.582e+02	3.904e+02	4.728e+02	7.941e+01	7.933e+00	8.048e+01
3.550e+04	4.582e+02	3.904e+02	4.728e+02	7.941e+01	7.933e+00	8.048e+01
3.560e+04	4.582e+02	3.904e+02	4.728e+02	7.941e+01	7.933e+00	8.048e+01
3.570e+04	4.582e+02	3.904e+02	4.728e+02	7.941e+01	7.933e+00	8.048e+01
3.580e+04	4.582e+02	3.904e+02	4.728e+02	7.941e+01	7.933e+00	8.048e+01
3.590e+04	4.582e+02	3.904e+02	4.728e+02	7.941e+01	7.933e+00	8.048e+01
3.600e+04	4.582e+02	3.904e+02	4.728e+02	7.941e+01	7.933e+00	8.048e+01
3.610e+04	4.582e+02	3.904e+02	4.728e+02	7.941e+01	7.933e+00	8.048e+01
3.620e+04	4.582e+02	3.904e+02	4.728e+02	7.941e+01	7.933e+00	8.048e+01
3.630e+04	4.582e+02	3.904e+02	4.728e+02	7.941e+01	7.933e+00	8.048e+01
3.640e+04	4.582e+02	3.904e+02	4.728e+02	7.941e+01	7.933e+00	8.048e+01
3.650e+04	4.582e+02	3.904e+02	4.728e+02	7.941e+01	7.933e+00	8.048e+01
3.660e+04	4.582e+02	3.904e+02	4.728e+02	7.941e+01	7.933e+00	8.048e+01
3.670e+04	4.582e+02	3.904e+02	4.728e+02	7.941e+01	7.933e+00	8.048e+01
3.680e+04	4.582e+02	3.904e+02	4.728e+02	7.941e+01	7.933e+00	8.048e+01
3.690e+04	4.582e+02	3.904e+02	4.728e+02	7.000e+01	7.933e+00	8.008e+01
3.700e+04	4.582e+02	3.904e+02	4.728e+02	7.000e+01	7.933e+00	8.008e+01
3.710e+04	4.582e+02	3.904e+02	4.728e+02	7.941e+01	7.933e+00	8.048e+01
3.720e+04	4.582e+02	3.904e+02	4.728e+02	7.941e+01	7.933e+00	8.048e+01
3.730e+04	4.582e+02	3.904e+02	4.728e+02	7.941e+01	7.933e+00	8.048e+01
3.740e+04	4.582e+02	3.904e+02	4.728e+02	7.941e+01	7.933e+00	8.048e+01
3.750e+04	4.582e+02	3.904e+02	4.728e+02	7.941e+01	7.933e+00	8.048e+01
3.760e+04	4.582e+02	3.904e+02	4.728e+02	7.941e+01	7.933e+00	8.048e+01
3.770e+04	4.582e+02	3.904e+02	4.728e+02	7.941e+01	7.933e+00	8.048e+01
3.780e+04	4.582e+02	3.904e+02	4.728e+02	7.941e+01	7.933e+00	8.048e+01
3.790e+04	4.582e+02	3.904e+02	4.728e+02	7.941e+01	7.933e+00	8.048e+01
3.800e+04	4.582e+02	3.904e+02	4.728e+02	7.941e+01	7.933e+00	8.048e+01
3.810e+04	4.582e+02	3.904e+02	4.728e+02	7.941e+01	7.933e+00	8.048e+01
3.820e+04	4.582e+02	3.904e+02	4.728e+02	7.941e+01	7.933e+00	8.048e+01
3.830e+04	4.582e+02	3.904e+02	4.728e+02	7.941e+01	7.933e+00	8.048e+01
3.840e+04	4.582e+02	3.904e+02	4.728e+02	7.941e+01	7.933e+00	8.048e+01
3.850e+04	4.582e+02	3.904e+02	4.728e+02	8.008e+01	7.933e+00	8.294e+01
3.860e+04	4.582e+02	3.904e+02	4.728e+02	8.008e+01	7.933e+00	8.294e+01
3.870e+04	4.582e+02	3.904e+02	4.728e+02	8.008e+01	7.933e+00	8.294e+01
3.880e+04	4.582e+02	3.904e+02	4.728e+02	8.008e+01	7.933e+00	8.294e+01
3.890e+04	4.582e+02	3.904e+02	4.728e+02	8.008e+01	7.933e+00	8.294e+01
3.900e+04	4.582e+02	3.904e+02	4.728e+02	7.886e+01	7.933e+00	8.048e+01
3.910e+04	4.582e+02	3.904e+02	4.728e+02	7.886e+01	7.933e+00	8.048e+01
3.920e+04	4.582e+02	3.904e+02	4.728e+02	7.886e+01	7.933e+00	8.048e+01
3.930e+04	4.582e+02	3.904e+02	4.728e+02	7.886e+01	7.933e+00	8.048e+01
3.940e+04	4.582e+02	3.787e+02	4.728e+02	7.886e+01	7.933e+00	8.048e+01
3.950e+04	4.582e+02	3.787e+02	4.728e+02	7.886e+01	7.933e+00	8.048e+01
3.960e+04	4.582e+02	3.787e+02	4.728e+02	7.886e+01	7.933e+00	8.048e+01
3.970e+04	4.582e+02	3.787e+02	4.728e+02	7.886e+01	7.933e+00	8.048e+01
3.980e+04	4.582e+02	3.787e+02	4.728e+02	7.886e+01	7.933e+00	8.048e+01
3.990e+04	4.582e+02	3.787e+02	4.728e+02	7.886e+01	7.933e+00	8.048e+01
4.000e+04	4.582e+02	3.787e+02	4.728e+02	7.886e+01	7.933e+00	8.048e+01
4.010e+04	4.582e+02	3.787e+02	4.728e+02	7.886e+01	7.933e+00	8.048e+01
4.020e+04	4.582e+02	3.787e+02	4.728e+02	7.886e+01	7.933e+00	8.048e+01
4.030e+04	4.582e+02	3.787e+02	4.728e+02	7.886e+01	7.933e+00	8.048e+01
4.040e+04	4.582e+02	3.787e+02	4.728e+02	7.886e+01	7.933e+00	8.048e+01
4.050e+04	4.582e+02	3.787e+02	4.728e+02	7.886e+01	7.933e+00	8.048e+01
4.060e+04	4.582e+02	3.787e+02	4.728e+02	7.886e+01	7.933e+00	8.048e+01
4.070e+04	4.582e+02	3.787e+02	4.728e+02	7.886e+01	7.933e+00	8.048e+01
4.080e+04	4.582e+02	3.787e+02	4.728e+02	8.008e+01	7.933e+00	8.294e+01
4.090e+04	4.582e+02	3.787e+02	4.728e+02	8.008e+01	7.933e+00	8.294e+01
4.100e+04	4.677e+02	3.787e+02	4.739e+02	8.008e+01	7.933e+00	8.294e+01
4.110e+04	4.677e+02	3.787e+02	4.739e+02	8.008e+01	7.933e+00	8.294e+01
4.120e+04	4.677e+02	3.787e+02	4.728e+02	8.008e+01	7.933e+00	8.361e+01
4.130e+04	4.677e+02	3.787e+02	4.728e+02	7.024e+01	7.933e+00	8.048e+01
4.140e+04	4.677e+02	3.787e+02	4.728e+02	7.024e+01	7.933e+00	8.048e+01
4.150e+04	4.677e+02	3.787e+02	4.728e+02	7.024e+01	7.933e+00	8.048e+01
4.160e+04	4.677e+02	3.787e+02	4.728e+02	7.024e+01	7.933e+00	8.048e+01
4.170e+04	4.677e+02	3.787e+02	4.728e+02	7.024e+01	7.933e+00	8.048e+01
4.180e+04	4.677e+02	3.787e+02	4.728e+02	7.024e+01	7.933e+00	8.048e+01
4.190e+04	4.677e+02	3.787e+02	4.728e+02	7.024e+01	7.933e+00	8.048e+01
4.200e+04	4.677e+02	3.787e+02	4.728e+02	7.024e+01	7.933e+00	8.048e+01
4.210e+04	4.677e+02	3.787e+02	4.728e+02	7.024e+01	7.933e+00	8.048e+01
4.220e+04	4.677e+02	3.787e+02	4.728e+02	7.024e+01	7.933e+00	8.048e+01
4.230e+04	4.677e+02	3.787e+02	4.728e+02	7.024e+01	7.933e+00	8.048e+01
4.240e+04	4.677e+02	3.787e+02	4.728e+02	7.024e+01	7.933e+00	8.048e+01
4.250e+04	4.677e+02	3.787e+02	4.728e+02	7.024e+01	7.933e+00	8.048e+01
4.260e+04	4.677e+02	3.787e+02	4.728e+02	3.634e+01	7.933e+00	8.048e+01
4.270e+04	4.677e+02	3.787e+02	4.728e+02	3.634e+01	7.933e+00	8.048e+01
4.280e+04	4.677e+02	3.787e+02	4.728e+02	3.634e+01	7.933e+00	8.048e+01
4.290e+04	4.677e+02	3.787e+02	4.728e+02	3.634e+01	7.933e+00	8.048e+01
4.300e+04	4.677e+02	3.787e+02	4.728e+02	3.634e+01	7.933e+00	8.361e+01
4.310e+04	4.677e+02	3.787e+02	4.728e+02	3.634e+01	7.933e+00	8.361e+01
4.320e+04	4.677e+02	3.787e+02	4.728e+02	3.634e+01	7.933e+00	8.361e+01
4.330e+04	4.677e+02	3.787e+02	4.728e+02	3.634e+01	7.933e+00	8.361e+01
4.340e+04	4.677e+02	3.787e+02	4.728e+02	3.634e+01	7.933e+00	8.361e+01
4.350e+04	4.677e+02	3.787e+02	4.728e+02	3.634e+01	7.933e+00	8.361e+01
4.360e+04	4.677e+02	3.787e+02	4.728e+02	3.634e+01	7.933e+00	8.361e+01
4.370e+04	4.677e+02	3.787e+02	4.728e+02	3.634e+01	7.933e+00	8.361e+01
4.380e+04	4.677e+02	3.954e+02	4.728e+02	3.634e+01	7.933e+00	8.361e+01
4.390e+04	4.677e+02	3.954e+02	4.728e+02	3.634e+01	7.933e+00	8.361e+01
4.400e+04	4.677e+02	3.954e+02	4.728e+02	3.634e+01	7.933e+00	8.361e+01
4.410e+04	4.677e+02	3.954e+02	4.728e+02	3.634e+01	7.933e+00	8.361e+01
4.420e+04	4.677e+02	3.954e+02	4.728e+02	3.634e+01	7.933e+00	8.361e+01
4.430e+04	4.677e+02	3.954e+02	4.728e+02	3.634e+01	7.933e+00	8.361e+01
4.440e+04	4.721e+02	4.066e+02	4.882e+02	3.634e+01	7.933e+00	8.361e+01
4.450e+04	4.721e+02	4.066e+02	4.882e+02	3.634e+01	7.933e+00	8.361e+01
4.460e+04	4.721e+02	4.066e+02	4.882e+02	3.634e+01	7.933e+00	8.361e+01
4.470e+04	4.721e+02	4.066e+02	4.882e+02	3.634e+01	7.933e+00	8.361e+01
4.480e+04	4.721e+02	4.066e+02	4.882e+02	3.634e+01	7.933e+00	8.361e+01
4.490e+04	4.721e+02	4.066e+02	4.882e+02	3.634e+01	7.933e+00	8.361e+01
4.500e+04	4.721e+02	4.066e+02	4.882e+02	3.634e+01	7.933e+00	8.361e+01
4.510e+04	4.721e+02	4.066e+02	4.882e+02	3.634e+01	7.933e+00	8.361e+01
4.520e+04	4.721e+02	4.066e+02	4.882e+02	3.634e+01	7.933e+00	8.361e+01
4.530e+04	4.721e+02	4.066e+02	4.882e+02	3.634e+01	7.933e+00	8.361e+01
4.540e+04	4.721e+02	4.066e+02	4.882e+02	3.634e+01	7.933e+00	8.361e+01
4.550e+04	4.721e+02	4.066e+02	4.882e+02	3.634e+01	7.933e+00	8.361e+01
4.560e+04	4.721e+02	4.066e+02	4.882e+02	3.634e+01	7.933e+00	8.048e+01
4.570e+04	4.721e+02	4.066e+02	4.882e+02	3.634e+01	7.933e+00	8.048e+01
4.580e+04	4.721e+02	4.066e+02	4.882e+02	3.634e+01	7.933e+00	8.048e+01
4.590e+04	4.677e+02	4.003e+02	4.882e+02	3.634e+01	7.933e+00	8.048e+01
4.600e+04	4.677e+02	4.003e+02	4.882e+02	3.634e+01	7.933e+00	8.048e+01
4.610e+04	4.677e+02	4.003e+02	4.882e+02	3.634e+01	7.933e+00	8.048e+01
4.620e+04	4.677e+02	4.003e+02	4.882e+02	3.634e+01	7.933e+00	8.048e+01
4.630e+04	4.677e+02	4.003e+02	4.882e+02	3.634e+01	7.933e+00	8.048e+01
4.640e+04	4.677e+02	4.003e+02	4.882e+02	3.634e+01	7.933e+00	8.048e+01
4.650e+04	4.677e+02	4.003e+02	4.882e+02	3.634e+01	7.933e+00	8.048e+01
4.660e+04	4.677e+02	4.003e+02	4.882e+02	3.634e+01	7.933e+00	8.048e+01
4.670e+04	4.677e+02	4.003e+02	4.882e+02	3.634e+01	7.933e+00	8.048e+01
4.680e+04	4.677e+02	4.003e+02	4.882e+02	3.634e+01	7.933e+00	8.048e+01
4.690e+04	4.677e+02	4.003e+02	4.882e+02	3.634e+01	7.933e+00	8.048e+01
4.700e+04	4.677e+02	4.003e+02	4.882e+02	3.634e+01	7.933e+00	8.048e+01
4.710e+04	4.677e+02	4.003e+02	4.882e+02	3.634e+01	7.933e+00	8.048e+01
4.720e+04	4.677e+02	4.003e+02	4.882e+02	3.634e+01	7.933e+00	8.048e+01
4.730e+04	4.677e+02	4.003e+02	4.882e+02	3.634e+01	7.933e+00	8.048e+01
4.740e+04	4.677e+02	4.003e+02	4.882e+02	3.634e+01	7.933e+00	8.048e+01
4.750e+04	4.677e+02	4.003e+02	4.882e+02	3.634e+01	7.933e+00	8.048e+01
4.760e+04	4.677e+02	4.003e+02	4.882e+02	3.634e+01	7.933e+00	8.048e+01
4.770e+04	4.677e+02	4.003e+02	4.882e+02	3.634e+01	7.933e+00	8.048e+01
4.780e+04	4.677e+02	4.003e+02	4.882e+02	3.634e+01	7.933e+00	8.048e+01
4.790e+04	4.677e+02	4.003e+02	4.882e+02	3.634e+01	7.933e+00	8.048e+01
4.800e+04	4.677e+02	4.003e+02	4.882e+02	3.634e+01	7.933e+00	8.048e+01
4.810e+04	4.677e+02	4.003e+02	4.882e+02	3.634e+01	7.933e+00	8.048e+01
4.820e+04	4.677e+02	4.003e+02	4.882e+02	3.634e+01	7.933e+00	8.048e+01
4.830e+04	4.677e+02	4.003e+02	4.882e+02	3.634e+01	7.933e+00	8.048e+01
4.840e+04	4.677e+02	4.066e+02	4.882e+02	3.634e+01	7.933e+00	8.048e+01
4.850e+04	4.677e+02	4.066e+02	4.882e+02	3.634e+01	7.933e+00	8.048e+01
4.860e+04	4.677e+02	4.066e+02	4.882e+02	3.634e+01	7.933e+00	8.048e+01
4.870e+04	4.677e+02	4.066e+02	4.882e+02	3.634e+01	7.933e+00	8.048e+01
4.880e+04	4.677e+02	4.066e+02	4.882e+02	3.634e+01	7.933e+00	8.048e+01
4.890e+04	4.677e+02	4.066e+02	4.882e+02	3.634e+01	7.933e+00	8.048e+01
4.900e+04	4.677e+02	4.066e+02	4.882e+02	3.634e+01	7.933e+00	8.048e+01
4.910e+04	4.677e+02	4.066e+02	4.882e+02	3.634e+01	7.933e+00	8.048e+01
4.920e+04	4.677e+02	4.066e+02	4.882e+02	3.634e+01	7.933e+00	8.048e+01
4.930e+04	4.677e+02	4.066e+02	4.882e+02	3.634e+01	7.933e+00	8.048e+01
4.940e+04	4.677e+02	4.066e+02	4.882e+02	3.634e+01	7.933e+00	8.048e+01
4.950e+04	4.677e+02	4.066e+02	4.882e+02	3.634e+01	7.933e+00	8.361e+01
4.960e+04	4.677e+02	4.066e+02	4.882e+02	3.634e+01	7.933e+00	8.361e+01
4.970e+04	4.677e+02	4.066e+02	4.882e+02	3.634e+01	7.933e+00	8.361e+01
4.980e+04	4.677e+02	4.066e+02	4.882e+02	3.634e+01	7.933e+00	8.361e+01
4.990e+04	4.677e+02	4.066e+02	4.882e+02	3.634e+01	7.933e+00	8.361e+01
5.000e+04	4.677e+02	4.066e+02	4.882e+02	3.634e+01	7.933e+00	8.361e+01
5.010e+04	4.677e+02	4.066e+02	4.882e+02	3.634e+01	7.933e+00	8.361e+01
5.020e+04	4.677e+02	4.066e+02	4.882e+02	3.634e+01	7.933e+00	8.361e+01
5.030e+04	4.677e+02	4.066e+02	4.882e+02	3.634e+01	7.933e+00	8.361e+01
5.040e+04	4.677e+02	4.066e+02	4.882e+02	3.634e+01	7.933e+00	8.361e+01
5.050e+04	4.677e+02	4.066e+02	4.882e+02	3.634e+01	7.933e+00	8.361e+01
5.060e+04	4.677e+02	4.066e+02	4.882e+02	3.634e+01	7.933e+00	8.361e+01
5.070e+04	4.677e+02	4.066e+02	4.882e+02	3.634e+01	7.933e+00	8.361e+01
5.080e+04	4.677e+02	4.066e+02	4.882e+02	3.634e+01	7.933e+00	8.361e+01
5.090e+04	4.677e+02	4.066e+02	4.882e+02	3.634e+01	7.933e+00	8.361e+01
5.100e+04	4.677e+02	4.066e+02	4.882e+02	3.634e+01	7.933e+00	8.361e+01
5.110e+04	4.677e+02	4.066e+02	4.882e+02	3.634e+01	7.933e+00	8.361e+01
5.120e+04	4.677e+02	4.066e+02	4.882e+02	3.634e+01	7.933e+00	8.361e+01
5.130e+04	4.677e+02	4.066e+02	4.882e+02	3.634e+01	7.933e+00	8.361e+01
5.140e+04	4.677e+02	4.066e+02	4.882e+02	3.634e+01	7.933e+00	8.361e+01
5.150e+04	4.677e+02	4.066e+02	4.882e+02	3.634e+01	7.933e+00	8.361e+01
5.160e+04	4.677e+02	4.066e+02	4.882e+02	3.634e+01	7.933e+00	8.361e+01
5.170e+04	4.677e+02	4.066e+02	4.882e+02	3.634e+01	7.933e+00	8.361e+01
5.180e+04	4.677e+02	4.066e+02	4.882e+02	3.634e+01	7.933e+00	8.361e+01
5.190e+04	4.677e+02	4.066e+02	4.882e+02	3.634e+01	7.933e+00	8.361e+01
5.200e+04	4.677e+02	4.066e+02	4.882e+02	3.634e+01	7.933e+00	8.361e+01
5.210e+04	4.677e+02	4.066e+02	4.882e+02	3.634e+01	7.933e+00	8.361e+01
5.220e+04	4.677e+02	4.066e+02	4.882e+02	3.634e+01	7.933e+00	8.361e+01
5.230e+04	4.677e+02	4.066e+02	4.882e+02	3.634e+01	7.933e+00	8.048e+01
5.240e+04	4.677e+02	4.066e+02	4.882e+02	3.634e+01	7.933e+00	8.048e+01
5.250e+04	4.677e+02	4.066e+02	4.882e+02	3.634e+01	7.933e+00	8.048e+01
5.260e+04	4.677e+02	4.066e+02	4.882e+02	3.634e+01	7.933e+00	8.048e+01
5.270e+04	4.677e+02	4.066e+02	4.882e+02	3.634e+01	7.933e+00	8.048e+01
5.280e+04	4.677e+02	4.066e+02	4.882e+02	5.164e+01	7.933e+00	8.048e+01
5.290e+04	4.677e+02	4.066e+02	4.882e+02	5.164e+01	7.933e+00	8.048e+01
5.300e+04	4.677e+02	4.066e+02	4.882e+02	5.164e+01	7.933e+00	8.361e+01
5.310e+04	4.677e+02	4.066e+02	4.882e+02	5.164e+01	7.933e+00	8.361e+01
5.320e+04	4.677e+02	4.066e+02	4.882e+02	5.164e+01	7.933e+00	8.361e+01
5.330e+04	4.677e+02	4.066e+02	4.882e+02	5.164e+01	7.933e+00	8.361e+01
5.340e+04	4.677e+02	4.066e+02	4.882e+02	5.164e+01	7.933e+00	8.361e+01
5.350e+04	4.677e+02	4.066e+02	4.882e+02	5.164e+01	7.933e+00	8.361e+01
5.360e+04	4.677e+02	4.066e+02	4.882e+02	5.164e+01	7.933e+00	8.361e+01
5.370e+04	4.677e+02	4.066e+02	4.882e+02	5.164e+01	7.933e+00	8.361e+01
5.380e+04	4.677e+02	4.066e+02	4.882e+02	5.164e+01	7.933e+00	8.361e+01
5.390e+04	4.677e+02	4.066e+02	4.882e+02	5.164e+01	7.933e+00	8.361e+01
5.400e+04	4.677e+02	4.066e+02	4.882e+02	5.164e+01	7.933e+00	8.361e+01
5.410e+04	4.677e+02	4.066e+02	4.882e+02	3.989e+01	7.933e+00	8.048e+01
5.420e+04	4.677e+02	4.066e+02	4.882e+02	3.989e+01	7.933e+00	8.048e+01
5.430e+04	4.677e+02	4.066e+02	4.882e+02	5.164e+01	7.933e+00	8.361e+01
5.440e+04	4.677e+02	4.066e+02	4.882e+02	5.164e+01	7.933e+00	8.361e+01
5.450e+04	4.677e+02	4.066e+02	4.882e+02	5.164e+01	7.933e+00	8.048e+01
5.460e+04	4.677e+02	4.066e+02	4.882e+02	5.164e+01	7.933e+00	8.048e+01
5.470e+04	4.677e+02	4.066e+02	4.882e+02	5.164e+01	7.933e+00	8.048e+01
5.480e+04	4.677e+02	4.066e+02	4.882e+02	5.164e+01	7.933e+00	8.048e+01
5.490e+04	4.677e+02	4.066e+02	4.882e+02	5.164e+01	7.933e+00	8.048e+01
5.500e+04	4.677e+02	4.066e+02	4.882e+02	5.164e+01	7.933e+00	8.048e+01
5.510e+04	4.677e+02	4.066e+02	4.882e+02	5.164e+01	7.933e+00	8.048e+01
5.520e+04	4.677e+02	4.066e+02	4.882e+02	5.164e+01	7.933e+00	8.048e+01
5.530e+04	4.677e+02	4.066e+02	4.882e+02	5.164e+01	7.933e+00	8.048e+01
5.540e+04	4.677e+02	4.066e+02	4.882e+02	5.164e+01	7.933e+00	8.048e+01
5.550e+04	4.677e+02	4.066e+02	4.882e+02	5.164e+01	7.933e+00	8.048e+01
5.560e+04	4.677e+02	4.066e+02	4.882e+02	5.164e+01	7.933e+00	8.048e+01
5.570e+04	4.677e+02	4.066e+02	4.882e+02	5.164e+01	7.933e+00	8.048e+01
5.580e+04	4.677e+02	4.066e+02	4.882e+02	5.164e+01	7.933e+00	8.048e+01
5.590e+04	4.677e+02	4.066e+02	4.882e+02	5.164e+01	7.933e+00	8.048e+01
5.600e+04	4.721e+02	4.066e+02	4.882e+02	5.164e+01	7.933e+00	8.048e+01
5.610e+04	4.721e+02	4.066e+02	4.882e+02	5.164e+01	7.933e+00	8.048e+01
5.620e+04	4.721e+02	4.066e+02	4.882e+02	5.164e+01	7.933e+00	8.048e+01
5.630e+04	4.721e+02	4.066e+02	4.882e+02	5.164e+01	7.933e+00	8.361e+01
5.640e+04	4.721e+02	4.066e+02	4.882e+02	5.164e+01	7.933e+00	8.361e+01
5.650e+04	4.721e+02	4.066e+02	4.882e+02	5.164e+01	7.933e+00	8.361e+01
5.660e+04	4.721e+02	4.066e+02	4.882e+02	5.164e+01	7.933e+00	8.361e+01
5.670e+04	4.721e+02	4.066e+02	4.882e+02	5.164e+01	7.933e+00	8.361e+01
5.680e+04	4.721e+02	4.066e+02	4.882e+02	5.164e+01	7.933e+00	8.361e+01
5.690e+04	4.721e+02	4.066e+02	4.882e+02	5.164e+01	7.933e+00	8.361e+01
5.700e+04	4.721e+02	4.066e+02	4.882e+02	5.164e+01	7.933e+00	8.361e+01
5.710e+04	4.721e+02	4.066e+02	4.882e+02	5.164e+01	7.933e+00	8.361e+01
5.720e+04	4.721e+02	4.066e+02	4.882e+02	5.164e+01	7.933e+00	8.361e+01
5.730e+04	4.721e+02	4.066e+02	4.882e+02	5.164e+01	7.933e+00	8.361e+01
5.740e+04	4.721e+02	4.066e+02	4.882e+02	5.164e+01	7.933e+00	8.361e+01
5.750e+04	4.721e+02	4.066e+02	4.882e+02	5.164e+01	7.933e+00	8.361e+01
5.760e+04	4.721e+02	4.066e+02	4.882e+02	5.164e+01	7.933e+00	8.361e+01
5.770e+04	4.721e+02	4.066e+02	4.882e+02	5.164e+01	7.933e+00	8.361e+01
5.780e+04	4.721e+02	4.066e+02	4.882e+02	5.164e+01	7.933e+00	8.361e+01
5.790e+04	4.721e+02	4.066e+02	4.882e+02	5.164e+01	7.933e+00	8.361e+01
5.800e+04	4.721e+02	4.066e+02	4.882e+02	5.164e+01	7.933e+00	8.361e+01
5.810e+04	4.711e+02	4.066e+02	4.882e+02	5.164e+01	7.933e+00	8.361e+01
5.820e+04	4.711e+02	4.066e+02	4.882e+02	5.164e+01	7.933e+00	8.361e+01
5.830e+04	4.711e+02	4.066e+02	4.882e+02	8.048e+01	1.715e+01	8.434e+01
5.840e+04	4.711e+02	4.066e+02	4.882e+02	8.048e+01	1.715e+01	8.434e+01
5.850e+04	4.711e+02	4.066e+02	4.882e+02	8.048e+01	1.130e+01	8.434e+01
5.860e+04	4.711e+02	4.066e+02	4.882e+02	8.048e+01	1.130e+01	8.434e+01
5.870e+04	4.711e+02	4.066e+02	4.882e+02	8.048e+01	1.130e+01	8.434e+01
5.880e+04	4.711e+02	4.066e+02	4.882e+02	8.048e+01	1.130e+01	8.434e+01
5.890e+04	4.711e+02	4.066e+02	4.882e+02	8.048e+01	1.130e+01	8.434e+01
5.900e+04	4.711e+02	4.066e+02	4.882e+02	8.048e+01	1.130e+01	8.434e+01
5.910e+04	4.711e+02	4.066e+02	4.882e+02	8.361e+01	1.715e+01	9.592e+01
5.920e+04	4.711e+02	4.066e+02	4.882e+02	8.361e+01	1.715e+01	9.592e+01
5.930e+04	4.711e+02	4.066e+02	4.882e+02	8.361e+01	1.715e+01	9.592e+01
5.940e+04	4.721e+02	4.066e+02	4.882e+02	8.361e+01	1.715e+01	9.592e+01
5.950e+04	4.721e+02	4.066e+02	4.882e+02	8.361e+01	1.715e+01	1.254e+02
5.960e+04	4.721e+02	4.066e+02	4.882e+02	8.361e+01	1.715e+01	1.254e+02
5.970e+04	4.721e+02	4.066e+02	4.882e+02	8.361e+01	1.715e+01	1.254e+02
5.980e+04	4.721e+02	4.066e+02	4.882e+02	8.361e+01	1.715e+01	1.254e+02
5.990e+04	4.721e+02	4.066e+02	4.882e+02	8.361e+01	1.715e+01	1.254e+02
6.000e+04	4.721e+02	4.066e+02	4.882e+02	8.361e+01	1.715e+01	1.254e+02
6.010e+04	4.721e+02	4.066e+02	4.882e+02	5.617e+01	1.130e+01	8.361e+01
6.020e+04	4.721e+02	4.066e+02	4.882e+02	5.617e+01	1.130e+01	8.361e+01
6.030e+04	4.721e+02	4.066e+02	4.882e+02	5.617e+01	1.130e+01	8.361e+01
6.040e+04	4.721e+02	4.066e+02	4.882e+02	5.617e+01	1.130e+01	8.361e+01
6.050e+04	4.721e+02	4.066e+02	4.882e+02	5.617e+01	1.130e+01	8.361e+01
6.060e+04	4.721e+02	4.066e+02	4.882e+02	8.048e+01	1.130e+01	1.942e+02
6.070e+04	4.721e+02	4.066e+02	4.882e+02	8.048e+01	1.130e+01	1.942e+02
6.080e+04	4.721e+02	4.066e+02	4.882e+02	8.048e+01	1.130e+01	1.942e+02
6.090e+04	4.721e+02	4.066e+02	4.882e+02	8.048e+01	1.130e+01	1.942e+02
6.100e+04	4.721e+02	4.066e+02	4.882e+02	8.048e+01	1.130e+01	1.942e+02
6.110e+04	4.721e+02	4.066e+02	4.882e+02	8.048e+01	1.130e+01	1.942e+02
6.120e+04	4.721e+02	4.066e+02	4.882e+02	8.048e+01	1.130e+01	1.942e+02
6.130e+04	4.721e+02	4.066e+02	4.882e+02	8.048e+01	1.130e+01	1.942e+02
6.140e+04	4.721e+02	4.066e+02	4.882e+02	8.048e+01	1.130e+01	1.942e+02
6.150e+04	4.721e+02	4.066e+02	4.882e+02	8.048e+01	1.130e+01	1.942e+02
6.160e+04	4.721e+02	4.066e+02	4.882e+02	8.048e+01	1.130e+01	1.942e+02
6.170e+04	4.721e+02	4.066e+02	4.882e+02	8.048e+01	1.130e+01	1.942e+02
6.180e+04	4.721e+02	4.066e+02	4.882e+02	8.048e+01	1.130e+01	1.942e+02
6.190e+04	4.721e+02	4.066e+02	4.882e+02	8.048e+01	1.130e+01	1.942e+02
6.200e+04	4.721e+02	4.066e+02	4.882e+02	8.048e+01	1.130e+01	1.866e+02
6.210e+04	4.721e+02	4.066e+02	4.882e+02	8.048e+01	1.130e+01	1.866e+02
6.220e+04	4.721e+02	4.066e+02	4.882e+02	8.048e+01	1.130e+01	1.866e+02
6.230e+04	4.721e+02	4.066e+02	4.882e+02	8.048e+01	1.130e+01	1.866e+02
6.240e+04	4.721e+02	4.066e+02	4.882e+02	8.048e+01	1.130e+01	1.866e+02
6.250e+04	4.808e+02	4.066e+02	4.953e+02	8.048e+01	1.130e+01	1.866e+02
6.260e+04	4.808e+02	4.066e+02	4.953e+02	8.048e+01	1.130e+01	1.866e+02
6.270e+04	4.808e+02	4.066e+02	4.953e+02	8.048e+01	1.130e+01	1.866e+02
6.280e+04	4.808e+02	4.066e+02	4.953e+02	8.048e+01	1.130e+01	1.866e+02
6.290e+04	4.808e+02	4.066e+02	4.953e+02	8.048e+01	1.130e+01	1.866e+02
6.300e+04	4.808e+02	4.066e+02	4.953e+02	8.048e+01	1.130e+01	1.866e+02
6.310e+04	4.808e+02	4.066e+02	4.953e+02	8.048e+01	1.130e+01	1.866e+02
6.320e+04	4.808e+02	4.066e+02	4.953e+02	8.048e+01	1.130e+01	1.866e+02
6.330e+04	4.808e+02	4.066e+02	4.953e+02	8.361e+01	1.715e+01	1.866e+02
6.340e+04	4.808e+02	4.066e+02	4.953e+02	8.361e+01	1.715e+01	1.188e+02
6.350e+04	4.808e+02	4.066e+02	4.953e+02	8.361e+01	1.715e+01	1.188e+02
6.360e+04	4.808e+02	4.066e+02	4.953e+02	8.361e+01	1.715e+01	1.188e+02
6.370e+04	4.808e+02	4.066e+02	4.953e+02	8.361e+01	1.715e+01	1.188e+02
6.380e+04	4.808e+02	4.066e+02	4.953e+02	8.361e+01	1.715e+01	1.188e+02
6.390e+04	4.808e+02	4.066e+02	4.953e+02	8.361e+01	1.715e+01	1.188e+02
6.400e+04	4.808e+02	4.066e+02	4.953e+02	8.361e+01	1.715e+01	1.188e+02
6.410e+04	4.808e+02	4.066e+02	4.953e+02	8.361e+01	1.715e+01	1.188e+02
6.420e+04	4.808e+02	4.066e+02	4.953e+02	8.361e+01	1.715e+01	1.188e+02
6.430e+04	4.747e+02	4.066e+02	4.882e+02	8.361e+01	1.715e+01	1.188e+02
6.440e+04	4.747e+02	4.066e+02	4.882e+02	8.361e+01	1.715e+01	1.188e+02
6.450e+04	4.747e+02	4.066e+02	4.882e+02	8.361e+01	1.715e+01	1.188e+02
6.460e+04	4.747e+02	4.066e+02	4.882e+02	8.361e+01	1.715e+01	1.188e+02
6.470e+04	4.747e+02	4.066e+02	4.882e+02	8.361e+01	1.715e+01	1.188e+02
6.480e+04	4.747e+02	4.066e+02	4.882e+02	8.361e+01	1.715e+01	1.188e+02
6.490e+04	4.747e+02	4.066e+02	4.882e+02	8.361e+01	1.715e+01	1.188e+02
6.500e+04	4.747e+02	4.066e+02	4.882e+02	8.361e+01	1.715e+01	1.188e+02
6.510e+04	4.747e+02	4.066e+02	4.882e+02	8.434e+01	5.164e+01	1.188e+02
6.520e+04	4.747e+02	4.066e+02	4.882e+02	8.434e+01	5.164e+01	1.188e+02
6.530e+04	4.747e+02	4.066e+02	4.882e+02	8.434e+01	5.164e+01	1.188e+02
6.540e+04	4.747e+02	4.066e+02	4.882e+02	8.434e+01	5.164e+01	1.188e+02
6.550e+04	4.747e+02	4.066e+02	4.882e+02	8.434e+01	5.164e+01	1.188e+02
6.560e+04	4.747e+02	4.066e+02	4.882e+02	8.434e+01	5.164e+01	1.188e+02
6.570e+04	4.747e+02	4.066e+02	4.882e+02	8.434e+01	5.164e+01	1.188e+02
6.580e+04	4.747e+02	4.066e+02	4.882e+02	8.434e+01	5.164e+01	1.188e+02
6.590e+04	4.747e+02	4.066e+02	4.882e+02	8.434e+01	5.164e+01	1.188e+02
6.600e+04	4.747e+02	4.066e+02	4.882e+02	8.434e+01	5.164e+01	1.188e+02
6.610e+04	4.747e+02	4.066e+02	4.882e+02	8.635e+01	5.164e+01	1.188e+02
6.620e+04	4.747e+02	4.066e+02	4.882e+02	8.635e+01	5.164e+01	1.188e+02
6.630e+04	4.747e+02	4.066e+02	4.882e+02	8.361e+01	1.130e+01	1.188e+02
6.640e+04	4.747e+02	4.066e+02	4.882e+02	8.817e+01	1.130e+01	1.188e+02
6.650e+04	4.747e+02	4.066e+02	4.882e+02	8.817e+01	1.130e+01	1.188e+02
6.660e+04	4.747e+02	4.066e+02	4.882e+02	8.817e+01	1.130e+01	1.188e+02
6.670e+04	4.747e+02	4.066e+02	4.882e+02	8.817e+01	1.130e+01	1.188e+02
6.680e+04	4.747e+02	4.066e+02	4.882e+02	8.817e+01	1.130e+01	1.188e+02
6.690e+04	4.747e+02	4.066e+02	4.882e+02	8.817e+01	1.130e+01	1.188e+02
6.700e+04	4.747e+02	4.066e+02	4.882e+02	8.817e+01	1.130e+01	1.188e+02
6.710e+04	4.747e+02	4.066e+02	4.882e+02	8.817e+01	1.130e+01	1.188e+02
6.720e+04	4.747e+02	4.066e+02	4.882e+02	8.817e+01	1.130e+01	1.188e+02
6.730e+04	4.747e+02	4.066e+02	4.882e+02	8.817e+01	1.130e+01	1.188e+02
6.740e+04	4.747e+02	4.066e+02	4.882e+02	8.817e+01	1.130e+01	1.188e+02
6.750e+04	4.747e+02	4.066e+02	4.882e+02	8.817e+01	1.130e+01	1.188e+02
6.760e+04	4.747e+02	4.066e+02	4.882e+02	8.817e+01	1.130e+01	1.188e+02
6.770e+04	4.747e+02	4.066e+02	4.882e+02	8.817e+01	1.130e+01	1.188e+02
6.780e+04	4.747e+02	4.066e+02	4.882e+02	8.817e+01	1.130e+01	1.188e+02
6.790e+04	4.747e+02	4.066e+02	4.882e+02	8.817e+01	1.130e+01	1.188e+02
6.800e+04	4.747e+02	4.066e+02	4.882e+02	8.817e+01	1.130e+01	1.188e+02
6.810e+04	4.747e+02	4.066e+02	4.882e+02	8.817e+01	1.130e+01	1.188e+02
6.820e+04	4.747e+02	4.066e+02	4.882e+02	8.817e+01	1.130e+01	1.188e+02
6.830e+04	4.747e+02	4.066e+02	4.882e+02	8.817e+01	1.130e+01	1.188e+02
6.840e+04	4.747e+02	4.066e+02	4.882e+02	8.817e+01	1.130e+01	1.188e+02
6.850e+04	4.747e+02	4.066e+02	4.882e+02	8.817e+01	1.130e+01	1.188e+02
6.860e+04	4.747e+02	4.066e+02	4.882e+02	8.817e+01	1.130e+01	1.188e+02
6.870e+04	4.553e+02	3.954e+02	4.882e+02	8.817e+01	1.130e+01	1.188e+02
6.880e+04	4.553e+02	3.954e+02	4.882e+02	8.817e+01	1.130e+01	1.188e+02
6.890e+04	4.553e+02	3.954e+02	4.882e+02	8.817e+01	1.130e+01	1.188e+02
6.900e+04	4.553e+02	3.954e+02	4.882e+02	8.817e+01	1.130e+01	1.188e+02
6.910e+04	4.553e+02	3.954e+02	4.882e+02	8.817e+01	1.130e+01	1.188e+02
6.920e+04	4.553e+02	3.954e+02	4.882e+02	8.817e+01	1.130e+01	1.188e+02
6.930e+04	4.553e+02	3.954e+02	4.882e+02	8.817e+01	1.130e+01	1.188e+02
6.940e+04	4.553e+02	3.954e+02	4.882e+02	8.817e+01	1.130e+01	1.188e+02
6.950e+04	4.553e+02	3.954e+02	4.882e+02	8.817e+01	1.130e+01	1.188e+02
6.960e+04	4.553e+02	3.954e+02	4.882e+02	8.817e+01	1.130e+01	1.188e+02
6.970e+04	4.553e+02	3.954e+02	4.882e+02	8.817e+01	1.130e+01	1.188e+02
6.980e+04	4.553e+02	3.954e+02	4.882e+02	8.817e+01	1.130e+01	1.188e+02
6.990e+04	4.553e+02	3.954e+02	4.882e+02	8.817e+01	1.130e+01	1.188e+02
7.000e+04	4.553e+02	3.954e+02	4.882e+02	8.817e+01	1.130e+01	1.188e+02
7.010e+04	4.553e+02	3.954e+02	4.882e+02	8.817e+01	1.130e+01	1.188e+02
7.020e+04	4.553e+02	3.954e+02	4.882e+02	8.817e+01	1.130e+01	1.188e+02
7.030e+04	4.553e+02	3.954e+02	4.882e+02	8.817e+01	1.130e+01	1.188e+02
7.040e+04	4.553e+02	3.954e+02	4.882e+02	8.817e+01	5.164e+01	1.188e+02
7.050e+04	4.553e+02	3.954e+02	4.882e+02	8.817e+01	5.164e+01	1.188e+02
7.060e+04	4.553e+02	3.954e+02	4.882e+02	8.817e+01	5.164e+01	1.188e+02
7.070e+04	4.553e+02	3.954e+02	4.882e+02	8.817e+01	5.164e+01	1.188e+02
7.080e+04	4.553e+02	3.954e+02	4.882e+02	8.817e+01	5.164e+01	1.188e+02
7.090e+04	4.553e+02	3.954e+02	4.882e+02	8.817e+01	5.164e+01	1.188e+02
7.100e+04	4.553e+02	3.954e+02	4.882e+02	8.817e+01	5.164e+01	1.188e+02
7.110e+04	4.553e+02	3.954e+02	4.882e+02	8.817e+01	5.164e+01	1.188e+02
7.120e+04	4.553e+02	3.954e+02	4.882e+02	8.817e+01	5.164e+01	1.188e+02
7.130e+04	4.553e+02	3.538e+02	4.882e+02	8.817e+01	5.164e+01	1.188e+02
7.140e+04	4.553e+02	3.538e+02	4.882e+02	8.817e+01	5.164e+01	1.188e+02
7.150e+04	4.553e+02	3.538e+02	4.882e+02	8.817e+01	5.164e+01	1.188e+02
7.160e+04	4.553e+02	3.538e+02	4.882e+02	8.817e+01	5.164e+01	1.188e+02
7.170e+04	4.553e+02	3.538e+02	4.882e+02	9.465e+01	5.164e+01	1.188e+02
7.180e+04	4.553e+02	3.538e+02	4.882e+02	9.465e+01	5.164e+01	1.188e+02
7.190e+04	4.553e+02	3.538e+02	4.882e+02	9.465e+01	5.164e+01	1.188e+02
7.200e+04	4.553e+02	3.538e+02	4.882e+02	9.465e+01	5.164e+01	1.188e+02
7.210e+04	4.553e+02	3.538e+02	4.882e+02	9.465e+01	5.164e+01	1.188e+02
7.220e+04	4.553e+02	3.538e+02	4.882e+02	9.465e+01	5.164e+01	1.188e+02
7.230e+04	4.553e+02	3.538e+02	4.882e+02	9.465e+01	5.164e+01	1.188e+02
7.240e+04	4.553e+02	3.538e+02	4.882e+02	9.465e+01	5.164e+01	1.188e+02
7.250e+04	4.553e+02	3.538e+02	4.882e+02	9.465e+01	5.164e+01	1.188e+02
7.260e+04	4.553e+02	3.538e+02	4.882e+02	9.465e+01	5.164e+01	1.188e+02
7.270e+04	4.553e+02	3.538e+02	4.882e+02	9.465e+01	5.164e+01	1.188e+02
7.280e+04	4.553e+02	3.538e+02	4.882e+02	9.465e+01	5.164e+01	1.188e+02
7.290e+04	4.553e+02	3.538e+02	4.882e+02	9.465e+01	5.164e+01	1.188e+02
7.300e+04	4.553e+02	3.538e+02	4.882e+02	9.465e+01	5.164e+01	1.188e+02
7.310e+04	4.553e+02	3.538e+02	4.882e+02	9.465e+01	1.130e+01	1.188e+02
7.320e+04	4.553e+02	3.538e+02	4.882e+02	9.465e+01	1.130e+01	1.188e+02
7.330e+04	4.553e+02	3.538e+02	4.882e+02	9.465e+01	1.130e+01	1.188e+02
7.340e+04	4.553e+02	3.538e+02	4.882e+02	9.465e+01	1.130e+01	1.188e+02
7.350e+04	4.553e+02	3.538e+02	4.882e+02	9.465e+01	1.130e+01	1.188e+02
7.360e+04	4.553e+02	3.538e+02	4.882e+02	9.465e+01	1.130e+01	1.188e+02
7.370e+04	4.553e+02	3.538e+02	4.882e+02	9.465e+01	1.130e+01	1.188e+02
7.380e+04	4.553e+02	3.538e+02	4.882e+02	9.465e+01	1.130e+01	1.188e+02
7.390e+04	4.553e+02	3.538e+02	4.882e+02	9.465e+01	1.130e+01	1.188e+02
7.400e+04	4.747e+02	3.538e+02	4.953e+02	9.465e+01	1.130e+01	1.188e+02
7.410e+04	4.747e+02	3.538e+02	4.953e+02	9.465e+01	1.130e+01	1.188e+02
7.420e+04	4.747e+02	3.538e+02	4.953e+02	9.465e+01	1.130e+01	1.188e+02
7.430e+04	4.747e+02	3.538e+02	4.953e+02	9.465e+01	5.164e+01	1.188e+02
7.440e+04	4.747e+02	3.538e+02	4.953e+02	9.465e+01	5.164e+01	1.188e+02
7.450e+04	4.747e+02	3.538e+02	4.953e+02	9.465e+01	5.164e+01	1.188e+02
7.460e+04	4.747e+02	3.538e+02	4.953e+02	9.465e+01	5.164e+01	1.188e+02
7.470e+04	4.747e+02	3.538e+02	4.953e+02	9.465e+01	5.164e+01	1.188e+02
7.480e+04	4.747e+02	3.538e+02	4.953e+02	9.465e+01	5.164e+01	1.188e+02
7.490e+04	4.747e+02	3.538e+02	4.953e+02	9.465e+01	5.164e+01	1.188e+02
7.500e+04	4.747e+02	3.538e+02	4.953e+02	9.465e+01	5.164e+01	1.188e+02
7.510e+04	4.747e+02	3.538e+02	4.953e+02	9.465e+01	5.164e+01	1.188e+02
7.520e+04	4.747e+02	3.538e+02	4.953e+02	9.465e+01	5.164e+01	1.188e+02
7.530e+04	4.747e+02	3.538e+02	4.953e+02	9.465e+01	5.164e+01	1.188e+02
7.540e+04	4.747e+02	3.538e+02	4.953e+02	9.465e+01	5.164e+01	1.188e+02
7.550e+04	4.747e+02	3.538e+02	4.953e+02	9.465e+01	5.164e+01	1.188e+02
7.560e+04	4.747e+02	3.980e+02	4.953e+02	9.465e+01	5.164e+01	1.188e+02
7.570e+04	4.747e+02	3.980e+02	4.953e+02	9.465e+01	5.164e+01	1.188e+02
7.580e+04	4.747e+02	3.980e+02	4.953e+02	9.465e+01	5.164e+01	1.188e+02
7.590e+04	4.747e+02	3.980e+02	4.953e+02	9.465e+01	5.164e+01	1.188e+02
7.600e+04	4.747e+02	3.980e+02	4.953e+02	9.465e+01	5.164e+01	1.188e+02
7.610e+04	4.747e+02	3.980e+02	4.953e+02	9.465e+01	5.164e+01	1.188e+02
7.620e+04	4.747e+02	3.980e+02	4.953e+02	9.465e+01	5.164e+01	2.008e+02
7.630e+04	4.747e+02	3.980e+02	4.953e+02	9.465e+01	5.164e+01	2.008e+02
7.640e+04	4.747e+02	3.980e+02	4.953e+02	9.465e+01	5.164e+01	2.008e+02
7.650e+04	4.747e+02	3.980e+02	4.953e+02	9.465e+01	5.164e+01	2.008e+02
7.660e+04	4.747e+02	3.980e+02	4.953e+02	9.465e+01	5.164e+01	2.008e+02
7.670e+04	4.747e+02	3.980e+02	4.953e+02	9.465e+01	5.164e+01	2.008e+02
7.680e+04	4.747e+02	3.980e+02	4.953e+02	9.465e+01	5.164e+01	2.008e+02
7.690e+04	4.747e+02	3.980e+02	4.953e+02	9.465e+01	5.164e+01	2.008e+02
7.700e+04	4.747e+02	3.980e+02	4.953e+02	9.465e+01	5.164e+01	2.008e+02
7.710e+04	4.747e+02	3.980e+02	4.953e+02	9.465e+01	5.164e+01	2.008e+02
7.720e+04	4.747e+02	3.980e+02	4.953e+02	9.465e+01	5.164e+01	2.008e+02
7.730e+04	4.747e+02	3.980e+02	4.953e+02	9.465e+01	5.164e+01	2.008e+02
7.740e+04	4.747e+02	3.980e+02	4.953e+02	9.465e+01	5.164e+01	2.008e+02
7.750e+04	4.747e+02	3.980e+02	4.953e+02	9.465e+01	5.164e+01	2.008e+02
7.760e+04	4.747e+02	3.980e+02	4.953e+02	9.465e+01	5.164e+01	2.008e+02
7.770e+04	4.747e+02	4.036e+02	4.953e+02	9.465e+01	5.164e+01	2.008e+02
7.780e+04	4.747e+02	4.036e+02	4.953e+02	9.465e+01	5.164e+01	2.008e+02
7.790e+04	4.747e+02	4.036e+02	4.953e+02	9.465e+01	5.164e+01	2.008e+02
7.800e+04	4.747e+02	4.036e+02	4.953e+02	9.465e+01	5.164e+01	2.008e+02
7.810e+04	4.747e+02	4.036e+02	4.953e+02	9.465e+01	5.164e+01	2.008e+02
7.820e+04	4.747e+02	4.036e+02	4.953e+02	8.635e+01	5.164e+01	9.503e+01
7.830e+04	4.747e+02	4.036e+02	4.953e+02	8.635e+01	5.164e+01	9.503e+01
7.840e+04	4.747e+02	4.036e+02	4.953e+02	8.634e+01	5.164e+01	9.503e+01
7.850e+04	4.747e+02	4.036e+02	4.953e+02	8.634e+01	5.164e+01	9.503e+01
7.860e+04	4.747e+02	4.036e+02	4.953e+02	8.634e+01	5.164e+01	9.503e+01
7.870e+04	4.747e+02	4.036e+02	4.953e+02	8.634e+01	5.164e+01	9.503e+01
7.880e+04	4.747e+02	4.036e+02	4.953e+02	8.065e+01	1.130e+01	9.503e+01
7.890e+04	4.747e+02	4.036e+02	4.953e+02	8.065e+01	1.130e+01	9.503e+01
7.900e+04	4.747e+02	4.036e+02	4.953e+02	8.065e+01	1.130e+01	9.503e+01
7.910e+04	4.747e+02	4.036e+02	4.953e+02	8.065e+01	1.130e+01	9.503e+01
7.920e+04	4.747e+02	4.036e+02	4.953e+02	8.065e+01	1.130e+01	9.503e+01
7.930e+04	4.747e+02	4.036e+02	4.953e+02	8.065e+01	1.130e+01	9.503e+01
7.940e+04	4.747e+02	4.036e+02	4.953e+02	8.643e+01	5.164e+01	9.503e+01
7.950e+04	4.759e+02	4.036e+02	4.953e+02	8.643e+01	5.164e+01	9.503e+01
7.960e+04	4.759e+02	4.036e+02	4.953e+02	8.643e+01	5.164e+01	9.503e+01
7.970e+04	4.759e+02	4.036e+02	4.953e+02	8.643e+01	5.164e+01	9.503e+01
7.980e+04	4.759e+02	4.036e+02	4.953e+02	8.065e+01	1.130e+01	9.503e+01
7.990e+04	4.759e+02	4.036e+02	4.953e+02	8.065e+01	1.130e+01	9.503e+01
8.000e+04	4.759e+02	4.036e+02	4.953e+02	8.065e+01	1.130e+01	9.503e+01
8.010e+04	4.759e+02	4.036e+02	4.953e+02	8.065e+01	1.130e+01	9.503e+01
8.020e+04	4.759e+02	4.036e+02	4.953e+02	8.065e+01	1.130e+01	9.503e+01
8.030e+04	4.759e+02	4.036e+02	4.953e+02	8.065e+01	1.130e+01	9.503e+01
8.040e+04	4.759e+02	4.036e+02	4.953e+02	8.065e+01	1.130e+01	9.503e+01
8.050e+04	4.759e+02	4.036e+02	4.953e+02	8.065e+01	1.130e+01	9.503e+01
8.060e+04	4.759e+02	4.036e+02	4.953e+02	8.065e+01	1.130e+01	9.503e+01
8.070e+04	4.759e+02	4.036e+02	4.953e+02	8.065e+01	1.130e+01	9.503e+01
8.080e+04	4.759e+02	4.036e+02	4.953e+02	8.065e+01	1.130e+01	9.503e+01
8.090e+04	4.759e+02	4.036e+02	4.953e+02	8.065e+01	1.130e+01	9.503e+01
8.100e+04	4.759e+02	4.036e+02	4.953e+02	8.065e+01	1.130e+01	9.503e+01
8.110e+04	4.759e+02	4.036e+02	5.008e+02	8.065e+01	1.130e+01	9.503e+01
8.120e+04	4.759e+02	4.036e+02	5.008e+02	8.065e+01	1.130e+01	9.503e+01
8.130e+04	4.759e+02	4.036e+02	5.008e+02	8.065e+01	1.130e+01	9.503e+01
8.140e+04	4.759e+02	4.036e+02	5.008e+02	8.065e+01	1.130e+01	9.503e+01
8.150e+04	4.759e+02	4.036e+02	5.008e+02	8.065e+01	1.130e+01	9.503e+01
8.160e+04	4.759e+02	4.036e+02	5.008e+02	8.065e+01	1.130e+01	9.503e+01
8.170e+04	4.759e+02	4.036e+02	5.008e+02	8.065e+01	1.130e+01	9.503e+01
8.180e+04	4.759e+02	4.036e+02	5.008e+02	8.065e+01	1.130e+01	9.503e+01
8.190e+04	4.759e+02	4.036e+02	5.008e+02	8.065e+01	1.130e+01	9.503e+01
8.200e+04	4.759e+02	4.036e+02	5.008e+02	8.065e+01	1.130e+01	9.503e+01
8.210e+04	4.759e+02	4.036e+02	5.008e+02	8.065e+01	1.130e+01	9.503e+01
8.220e+04	4.759e+02	4.036e+02	5.008e+02	8.065e+01	1.130e+01	9.503e+01
8.230e+04	4.759e+02	4.036e+02	5.008e+02	8.065e+01	1.130e+01	9.503e+01
8.240e+04	4.759e+02	4.036e+02	5.008e+02	8.065e+01	1.130e+01	9.503e+01
8.250e+04	4.759e+02	4.036e+02	5.008e+02	8.065e+01	1.171e+01	9.503e+01
8.260e+04	4.759e+02	4.036e+02	5.008e+02	8.065e+01	1.171e+01	9.503e+01
8.270e+04	4.759e+02	4.036e+02	5.008e+02	8.065e+01	1.171e+01	9.503e+01
8.280e+04	4.759e+02	4.036e+02	5.008e+02	8.065e+01	1.171e+01	9.503e+01
8.290e+04	4.759e+02	4.036e+02	5.008e+02	8.065e+01	1.171e+01	9.503e+01
8.300e+04	4.759e+02	4.036e+02	5.008e+02	8.065e+01	1.171e+01	9.503e+01
8.310e+04	4.759e+02	4.036e+02	5.008e+02	8.065e+01	1.171e+01	9.503e+01
8.320e+04	4.759e+02	4.036e+02	5.008e+02	9.465e+01	1.171e+01	1.195e+02
8.330e+04	4.759e+02	4.036e+02	5.008e+02	9.465e+01	1.171e+01	1.195e+02
8.340e+04	4.759e+02	4.036e+02	5.008e+02	9.465e+01	1.171e+01	1.195e+02
8.350e+04	4.759e+02	4.036e+02	5.008e+02	9.465e+01	1.171e+01	1.195e+02
8.360e+04	4.759e+02	3.538e+02	5.008e+02	9.465e+01	1.171e+01	1.195e+02
8.370e+04	4.759e+02	3.538e+02	5.008e+02	9.465e+01	1.171e+01	1.195e+02
8.380e+04	4.759e+02	3.538e+02	5.008e+02	9.465e+01	1.171e+01	1.195e+02
8.390e+04	4.759e+02	3.538e+02	5.008e+02	9.465e+01	1.171e+01	1.195e+02
8.400e+04	4.759e+02	3.538e+02	5.008e+02	9.465e+01	1.171e+01	1.195e+02
8.410e+04	4.759e+02	3.538e+02	5.008e+02	9.465e+01	1.171e+01	1.195e+02
8.420e+04	4.759e+02	3.538e+02	5.008e+02	9.465e+01	1.171e+01	1.195e+02
8.430e+04	4.759e+02	3.538e+02	5.008e+02	9.465e+01	1.171e+01	1.195e+02
8.440e+04	4.759e+02	3.538e+02	5.008e+02	9.465e+01	1.171e+01	1.195e+02
8.450e+04	4.759e+02	3.538e+02	5.008e+02	9.465e+01	1.171e+01	1.195e+02
8.460e+04	4.759e+02	3.538e+02	5.008e+02	9.465e+01	1.171e+01	1.195e+02
8.470e+04	4.759e+02	3.538e+02	5.008e+02	9.465e+01	1.171e+01	1.195e+02
8.480e+04	4.759e+02	3.538e+02	5.008e+02	9.465e+01	1.171e+01	1.195e+02
8.490e+04	4.759e+02	3.538e+02	5.008e+02	9.465e+01	1.171e+01	1.195e+02
8.500e+04	4.759e+02	3.538e+02	5.008e+02	9.465e+01	1.171e+01	1.195e+02
8.510e+04	4.759e+02	3.538e+02	5.008e+02	9.465e+01	1.171e+01	1.195e+02
8.520e+04	4.759e+02	3.538e+02	5.008e+02	9.465e+01	1.171e+01	1.195e+02
8.530e+04	4.759e+02	3.538e+02	5.008e+02	9.465e+01	1.171e+01	1.195e+02
8.540e+04	4.759e+02	3.538e+02	5.008e+02	9.465e+01	1.171e+01	1.195e+02
8.550e+04	4.759e+02	3.538e+02	5.008e+02	9.465e+01	1.171e+01	1.195e+02
8.560e+04	4.759e+02	3.538e+02	5.008e+02	9.465e+01	1.171e+01	1.195e+02
8.570e+04	4.759e+02	3.538e+02	5.008e+02	9.465e+01	1.171e+01	1.195e+02
8.580e+04	4.759e+02	3.538e+02	5.008e+02	9.465e+01	1.171e+01	1.195e+02
8.590e+04	4.759e+02	3.538e+02	5.008e+02	9.465e+01	1.171e+01	1.195e+02
8.600e+04	4.759e+02	3.538e+02	5.008e+02	9.465e+01	1.171e+01	1.195e+02
8.610e+04	4.759e+02	3.538e+02	5.008e+02	9.465e+01	1.171e+01	1.195e+02
8.620e+04	4.759e+02	3.538e+02	5.008e+02	9.465e+01	5.164e+01	1.195e+02
8.630e+04	4.759e+02	3.538e+02	5.008e+02	9.465e+01	5.164e+01	1.195e+02
8.640e+04	4.759e+02	3.538e+02	5.008e+02	9.465e+01	5.164e+01	1.195e+02
8.650e+04	4.759e+02	3.538e+02	5.008e+02	9.465e+01	5.164e+01	1.195e+02
8.660e+04	4.759e+02	3.538e+02	5.008e+02	9.465e+01	5.164e+01	1.195e+02
8.670e+04	4.759e+02	3.538e+02	5.008e+02	9.465e+01	5.164e+01	1.195e+02
8.680e+04	4.759e+02	3.538e+02	5.008e+02	9.465e+01	3.481e+01	1.195e+02
8.690e+04	4.759e+02	3.538e+02	5.008e+02	9.465e+01	3.481e+01	1.195e+02
8.700e+04	4.759e+02	3.538e+02	5.008e+02	9.465e+01	3.481e+01	1.195e+02
8.710e+04	4.759e+02	3.538e+02	5.008e+02	9.465e+01	3.481e+01	1.195e+02
8.720e+04	4.759e+02	3.538e+02	5.008e+02	9.465e+01	3.481e+01	1.195e+02
8.730e+04	4.759e+02	3.538e+02	5.008e+02	9.465e+01	3.481e+01	1.195e+02
8.740e+04	4.759e+02	3.538e+02	5.008e+02	9.465e+01	3.481e+01	1.195e+02
8.750e+04	4.759e+02	3.538e+02	5.008e+02	9.465e+01	3.481e+01	1.195e+02
8.760e+04	4.759e+02	3.538e+02	5.008e+02	9.465e+01	3.481e+01	1.195e+02
8.770e+04	4.759e+02	3.538e+02	5.008e+02	9.465e+01	3.481e+01	1.195e+02
8.780e+04	4.759e+02	3.538e+02	5.008e+02	9.465e+01	3.481e+01	1.195e+02
8.790e+04	4.759e+02	3.538e+02	5.008e+02	9.465e+01	3.481e+01	1.195e+02
8.800e+04	4.759e+02	3.538e+02	5.008e+02	9.465e+01	3.481e+01	1.195e+02
8.810e+04	4.759e+02	3.538e+02	5.008e+02	9.465e+01	3.481e+01	1.195e+02
8.820e+04	4.759e+02	3.538e+02	5.008e+02	9.465e+01	4.505e+01	1.195e+02
8.830e+04	4.759e+02	3.538e+02	5.008e+02	9.465e+01	4.505e+01	1.195e+02
8.840e+04	4.759e+02	3.538e+02	5.008e+02	9.465e+01	4.505e+01	1.195e+02
8.850e+04	4.759e+02	3.538e+02	5.008e+02	9.465e+01	1.171e+01	1.195e+02
8.860e+04	4.759e+02	3.538e+02	5.008e+02	9.465e+01	1.171e+01	1.195e+02
8.870e+04	4.759e+02	3.538e+02	5.008e+02	9.465e+01	1.171e+01	1.195e+02
8.880e+04	4.759e+02	3.538e+02	5.008e+02	9.465e+01	1.171e+01	1.195e+02
8.890e+04	4.759e+02	3.538e+02	5.008e+02	9.465e+01	1.171e+01	1.195e+02
8.900e+04	4.759e+02	3.538e+02	5.008e+02	9.465e+01	1.171e+01	1.195e+02
8.910e+04	4.759e+02	3.538e+02	5.008e+02	9.465e+01	1.171e+01	1.195e+02
8.920e+04	4.759e+02	3.538e+02	5.008e+02	9.465e+01	1.171e+01	1.195e+02
8.930e+04	4.759e+02	3.538e+02	5.008e+02	9.465e+01	1.171e+01	1.195e+02
8.940e+04	4.747e+02	3.538e+02	5.008e+02	9.465e+01	1.171e+01	1.195e+02
8.950e+04	4.747e+02	3.538e+02	5.008e+02	9.465e+01	1.171e+01	1.195e+02
8.960e+04	4.747e+02	3.538e+02	5.008e+02	9.465e+01	1.171e+01	1.195e+02
8.970e+04	4.747e+02	3.538e+02	5.008e+02	9.465e+01	1.171e+01	1.195e+02
8.980e+04	4.747e+02	3.538e+02	5.008e+02	9.465e+01	1.171e+01	1.195e+02
8.990e+04	4.747e+02	3.538e+02	5.008e+02	9.465e+01	1.171e+01	1.195e+02
9.000e+04	4.747e+02	3.538e+02	5.008e+02	9.465e+01	1.171e+01	1.195e+02
9.010e+04	4.747e+02	3.538e+02	5.008e+02	9.465e+01	1.171e+01	1.195e+02
9.020e+04	4.747e+02	3.538e+02	5.008e+02	9.465e+01	1.171e+01	1.195e+02
9.030e+04	4.747e+02	3.538e+02	5.008e+02	9.465e+01	1.171e+01	1.195e+02
9.040e+04	4.747e+02	3.538e+02	5.008e+02	9.465e+01	1.171e+01	1.195e+02
9.050e+04	4.747e+02	3.538e+02	5.008e+02	9.465e+01	1.171e+01	1.195e+02
9.060e+04	4.747e+02	3.538e+02	5.008e+02	9.465e+01	1.171e+01	1.195e+02
9.070e+04	4.747e+02	3.538e+02	5.008e+02	9.465e+01	1.171e+01	1.195e+02
9.080e+04	4.747e+02	3.538e+02	5.008e+02	9.465e+01	1.171e+01	1.195e+02
9.090e+04	4.747e+02	3.538e+02	5.008e+02	9.465e+01	1.171e+01	1.195e+02
9.100e+04	4.747e+02	3.538e+02	5.008e+02	9.465e+01	1.171e+01	1.195e+02
9.110e+04	4.747e+02	3.538e+02	5.008e+02	9.465e+01	1.171e+01	1.195e+02
9.120e+04	4.747e+02	3.538e+02	5.008e+02	9.465e+01	1.171e+01	1.195e+02
9.130e+04	4.747e+02	3.538e+02	5.008e+02	9.465e+01	1.171e+01	1.195e+02
9.140e+04	4.747e+02	3.538e+02	5.008e+02	9.465e+01	1.171e+01	1.195e+02
9.150e+04	4.747e+02	3.538e+02	5.008e+02	9.465e+01	1.171e+01	1.195e+02
9.160e+04	4.747e+02	3.538e+02	5.008e+02	9.465e+01	1.171e+01	1.195e+02
9.170e+04	4.747e+02	3.538e+02	5.008e+02	9.465e+01	1.171e+01	1.195e+02
9.180e+04	4.747e+02	3.538e+02	5.008e+02	9.465e+01	1.171e+01	1.195e+02
9.190e+04	4.747e+02	3.538e+02	5.008e+02	9.465e+01	1.171e+01	1.195e+02
9.200e+04	4.747e+02	3.538e+02	5.008e+02	9.465e+01	1.171e+01	1.195e+02
9.210e+04	4.747e+02	3.538e+02	5.008e+02	9.465e+01	1.171e+01	1.195e+02
9.220e+04	4.747e+02	3.538e+02	5.008e+02	9.465e+01	1.171e+01	1.195e+02
9.230e+04	4.747e+02	3.538e+02	5.008e+02	9.465e+01	1.171e+01	1.195e+02
9.240e+04	4.747e+02	3.538e+02	5.008e+02	9.465e+01	1.171e+01	1.195e+02
9.250e+04	4.747e+02	3.538e+02	5.008e+02	9.465e+01	1.171e+01	1.195e+02
9.260e+04	4.747e+02	3.538e+02	5.008e+02	9.465e+01	1.171e+01	1.195e+02
9.270e+04	4.747e+02	3.538e+02	5.008e+02	9.465e+01	1.171e+01	1.195e+02
9.280e+04	4.747e+02	3.538e+02	5.008e+02	9.465e+01	1.171e+01	1.195e+02
9.290e+04	4.747e+02	3.538e+02	5.008e+02	9.465e+01	1.171e+01	1.195e+02
9.300e+04	4.747e+02	3.538e+02	5.008e+02	9.465e+01	1.171e+01	1.195e+02
9.310e+04	4.747e+02	3.538e+02	5.008e+02	9.465e+01	1.171e+01	1.195e+02
9.320e+04	4.747e+02	3.538e+02	5.008e+02	9.465e+01	1.171e+01	1.195e+02
9.330e+04	4.747e+02	3.538e+02	5.008e+02	9.465e+01	1.171e+01	1.195e+02
9.340e+04	4.747e+02	3.538e+02	5.008e+02	9.465e+01	1.171e+01	1.195e+02
9.350e+04	4.747e+02	3.538e+02	5.008e+02	9.465e+01	1.171e+01	1.195e+02
9.360e+04	4.747e+02	3.538e+02	5.008e+02	9.465e+01	1.171e+01	1.195e+02
9.370e+04	4.747e+02	3.538e+02	5.008e+02	9.465e+01	1.171e+01	1.195e+02
9.380e+04	4.747e+02	3.538e+02	5.008e+02	9.465e+01	1.171e+01	1.195e+02
9.390e+04	4.747e+02	3.538e+02	5.008e+02	9.465e+01	1.171e+01	1.195e+02
9.400e+04	4.747e+02	3.538e+02	5.008e+02	9.465e+01	1.171e+01	1.195e+02
9.410e+04	4.747e+02	3.538e+02	5.008e+02	9.465e+01	1.171e+01	1.195e+02
9.420e+04	4.747e+02	3.538e+02	5.008e+02	9.465e+01	1.171e+01	1.195e+02
9.430e+04	4.747e+02	3.538e+02	5.008e+02	9.465e+01	1.171e+01	1.195e+02
9.440e+04	4.747e+02	3.538e+02	5.008e+02	9.465e+01	1.171e+01	1.195e+02
9.450e+04	4.747e+02	3.538e+02	5.008e+02	9.465e+01	1.171e+01	1.195e+02
9.460e+04	4.747e+02	3.538e+02	5.008e+02	9.465e+01	1.171e+01	1.195e+02
9.470e+04	4.747e+02	3.538e+02	5.008e+02	9.465e+01	1.171e+01	1.195e+02
9.480e+04	4.747e+02	3.538e+02	5.008e+02	9.465e+01	1.171e+01	1.195e+02
9.490e+04	4.747e+02	3.538e+02	5.008e+02	9.465e+01	1.171e+01	1.195e+02
9.500e+04	4.747e+02	3.538e+02	5.008e+02	9.465e+01	1.171e+01	1.195e+02
9.510e+04	4.747e+02	3.538e+02	5.008e+02	9.465e+01	1.171e+01	1.195e+02
9.520e+04	4.747e+02	3.538e+02	5.008e+02	9.465e+01	1.171e+01	1.195e+02
9.530e+04	4.747e+02	3.538e+02	5.008e+02	9.465e+01	1.171e+01	1.195e+02
9.540e+04	4.747e+02	3.538e+02	5.008e+02	9.465e+01	1.171e+01	1.195e+02
9.550e+04	4.747e+02	3.538e+02	5.008e+02	9.465e+01	1.171e+01	1.195e+02
9.560e+04	4.747e+02	3.538e+02	5.008e+02	9.465e+01	1.171e+01	1.195e+02
9.570e+04	4.747e+02	3.538e+02	5.008e+02	9.465e+01	1.171e+01	1.195e+02
9.580e+04	4.747e+02	3.538e+02	5.008e+02	9.465e+01	1.171e+01	1.195e+02
9.590e+04	4.747e+02	3.538e+02	5.008e+02	9.465e+01	1.171e+01	1.195e+02
9.600e+04	4.747e+02	3.538e+02	5.008e+02	9.465e+01	1.171e+01	1.195e+02
9.610e+04	4.747e+02	3.538e+02	5.008e+02	9.465e+01	1.171e+01	1.195e+02
9.620e+04	4.747e+02	3.538e+02	5.008e+02	9.465e+01	1.171e+01	1.195e+02
9.630e+04	4.747e+02	3.538e+02	5.008e+02	9.465e+01	1.171e+01	1.195e+02
9.640e+04	4.747e+02	3.538e+02	5.008e+02	9.465e+01	1.171e+01	1.195e+02
9.650e+04	4.747e+02	3.538e+02	5.008e+02	9.465e+01	1.171e+01	1.195e+02
9.660e+04	4.747e+02	3.538e+02	5.008e+02	9.465e+01	1.171e+01	1.195e+02
9.670e+04	4.747e+02	3.538e+02	5.008e+02	9.465e+01	1.171e+01	1.195e+02
9.680e+04	4.747e+02	3.538e+02	5.008e+02	9.465e+01	1.171e+01	1.677e+02
9.690e+04	4.747e+02	3.538e+02	5.008e+02	9.465e+01	1.171e+01	1.677e+02
9.700e+04	4.747e+02	3.538e+02	5.008e+02	9.465e+01	1.171e+01	1.677e+02
9.710e+04	4.747e+02	3.538e+02	5.008e+02	9.465e+01	1.171e+01	1.677e+02
9.720e+04	4.747e+02	3.538e+02	5.008e+02	9.465e+01	1.171e+01	1.677e+02
9.730e+04	4.747e+02	3.538e+02	5.008e+02	9.465e+01	1.171e+01	1.677e+02
9.740e+04	4.747e+02	3.538e+02	5.008e+02	9.465e+01	1.171e+01	1.677e+02
9.750e+04	4.747e+02	3.538e+02	5.008e+02	9.465e+01	1.171e+01	1.677e+02
9.760e+04	4.747e+02	3.538e+02	5.008e+02	9.465e+01	1.171e+01	1.677e+02
9.770e+04	4.747e+02	3.538e+02	5.008e+02	9.465e+01	1.171e+01	1.677e+02
9.780e+04	4.747e+02	3.538e+02	5.008e+02	9.465e+01	1.171e+01	1.677e+02
9.790e+04	4.747e+02	3.538e+02	5.008e+02	9.465e+01	1.171e+01	1.677e+02
9.800e+04	4.747e+02	3.538e+02	5.008e+02	9.465e+01	1.171e+01	1.677e+02
9.810e+04	4.747e+02	3.538e+02	5.008e+02	9.465e+01	1.171e+01	1.677e+02
9.820e+04	4.747e+02	3.538e+02	5.008e+02	9.465e+01	1.171e+01	1.677e+02
9.830e+04	4.747e+02	3.538e+02	5.008e+02	9.465e+01	1.171e+01	1.677e+02
9.840e+04	4.747e+02	3.538e+02	5.008e+02	9.465e+01	1.171e+01	1.677e+02
9.850e+04	4.747e+02	3.538e+02	5.008e+02	9.465e+01	1.171e+01	1.677e+02
9.860e+04	4.747e+02	3.538e+02	5.008e+02	9.465e+01	1.171e+01	1.677e+02
9.870e+04	4.747e+02	3.538e+02	5.008e+02	9.465e+01	1.171e+01	1.677e+02
9.880e+04	4.747e+02	3.538e+02	5.008e+02	9.465e+01	1.171e+01	1.677e+02
9.890e+04	4.747e+02	3.538e+02	5.008e+02	9.465e+01	1.171e+01	1.677e+02
9.900e+04	4.747e+02	3.538e+02	5.008e+02	9.465e+01	1.171e+01	1.677e+02
9.910e+04	4.747e+02	3.538e+02	5.008e+02	9.465e+01	1.171e+01	1.677e+02
9.920e+04	4.747e+02	3.538e+02	5.008e+02	9.465e+01	1.171e+01	1.677e+02
9.930e+04	4.747e+02	3.538e+02	5.008e+02	9.465e+01	1.171e+01	1.677e+02
9.940e+04	4.747e+02	3.538e+02	5.008e+02	9.465e+01	1.171e+01	1.677e+02
9.950e+04	4.747e+02	3.538e+02	5.008e+02	9.465e+01	1.171e+01	1.677e+02
9.960e+04	4.747e+02	3.538e+02	5.008e+02	9.465e+01	1.171e+01	1.677e+02
9.970e+04	4.747e+02	3.538e+02	5.008e+02	9.465e+01	1.171e+01	1.677e+02
9.980e+04	4.747e+02	3.538e+02	5.008e+02	9.465e+01	1.171e+01	1.677e+02
9.990e+04	4.747e+02	3.538e+02	5.008e+02	9.465e+01	1.171e+01	1.677e+02
1.000e+05	4.747e+02	3.538e+02	5.008e+02	9.465e+01	1.171e+01	1.677e+02
