n.evals.q.1.0.	train._.me.hebbian.synapse.best.quality.fitness	train._.me.hebbian.synapse.best.quality.fitness.min	train._.me.hebbian.synapse.best.quality.fitness.max	train._.me.freeForm.best.quality.fitness	train._.me.freeForm.best.quality.fitness.min	train._.me.freeForm.best.quality.fitness.max
1.000e+02	2.360e+00	-1.799e+00	9.008e+00	-3.677e+00	-3.720e+00	-3.661e+00
2.000e+02	7.095e+01	2.402e+01	8.120e+01	-3.661e+00	-3.720e+00	-3.467e+00
3.000e+02	8.118e+01	6.585e+01	1.063e+02	-3.521e+00	-3.669e+00	-3.411e+00
4.000e+02	8.732e+01	8.118e+01	1.063e+02	-3.414e+00	-3.658e+00	-3.210e+00
5.000e+02	9.158e+01	8.118e+01	1.063e+02	-3.292e+00	-3.521e+00	-3.097e+00
6.000e+02	9.158e+01	8.118e+01	1.063e+02	-3.210e+00	-3.429e+00	-2.914e+00
7.000e+02	1.063e+02	8.118e+01	1.191e+02	-3.095e+00	-3.416e+00	-2.914e+00
8.000e+02	1.063e+02	8.118e+01	1.233e+02	-3.059e+00	-3.365e+00	-2.914e+00
9.000e+02	1.107e+02	8.118e+01	1.825e+02	-3.059e+00	-3.364e+00	-2.879e+00
1.000e+03	1.598e+02	8.732e+01	1.825e+02	-2.976e+00	-3.364e+00	-2.877e+00
1.100e+03	1.741e+02	1.107e+02	1.825e+02	-2.976e+00	-3.364e+00	-2.561e+00
1.200e+03	1.825e+02	1.200e+02	2.006e+02	-2.877e+00	-3.186e+00	1.967e+00
1.300e+03	1.825e+02	1.222e+02	2.006e+02	-2.746e+00	-3.186e+00	1.968e+00
1.400e+03	1.825e+02	1.222e+02	2.006e+02	-2.602e+00	-3.186e+00	1.968e+00
1.500e+03	1.825e+02	1.644e+02	2.006e+02	-2.475e+00	-3.186e+00	3.113e+00
1.600e+03	1.869e+02	1.774e+02	2.030e+02	-2.475e+00	-3.186e+00	3.113e+00
1.700e+03	2.006e+02	1.825e+02	2.348e+02	-2.475e+00	-3.186e+00	3.113e+00
1.800e+03	2.006e+02	1.825e+02	2.348e+02	-2.300e+00	-3.059e+00	8.005e+00
1.900e+03	2.006e+02	1.825e+02	2.348e+02	-2.300e+00	-3.059e+00	8.005e+00
2.000e+03	2.006e+02	1.825e+02	2.348e+02	-2.300e+00	-3.059e+00	8.005e+00
2.100e+03	2.006e+02	1.868e+02	2.348e+02	-2.300e+00	-2.904e+00	8.005e+00
2.200e+03	2.006e+02	1.868e+02	2.348e+02	-2.300e+00	-2.904e+00	8.005e+00
2.300e+03	2.006e+02	1.868e+02	2.348e+02	-2.300e+00	-2.874e+00	8.005e+00
2.400e+03	2.006e+02	1.868e+02	2.348e+02	-2.300e+00	-2.874e+00	8.005e+00
2.500e+03	2.030e+02	1.869e+02	2.348e+02	-2.300e+00	-2.761e+00	8.005e+00
2.600e+03	2.030e+02	1.869e+02	2.348e+02	-2.300e+00	-2.607e+00	8.005e+00
2.700e+03	2.236e+02	1.993e+02	2.865e+02	-2.012e+00	-2.607e+00	8.005e+00
2.800e+03	2.236e+02	1.993e+02	2.865e+02	-1.631e+00	-2.607e+00	2.313e+01
2.900e+03	2.236e+02	1.993e+02	2.865e+02	-1.631e+00	-2.607e+00	2.313e+01
3.000e+03	2.236e+02	1.993e+02	2.865e+02	-1.631e+00	-2.607e+00	2.313e+01
3.100e+03	2.236e+02	1.993e+02	2.865e+02	3.113e+00	-2.500e+00	2.774e+01
3.200e+03	2.236e+02	1.993e+02	2.865e+02	8.334e+00	-2.471e+00	2.774e+01
3.300e+03	2.289e+02	1.993e+02	2.865e+02	2.313e+01	-2.471e+00	3.074e+01
3.400e+03	2.348e+02	2.030e+02	2.865e+02	2.774e+01	-2.471e+00	3.629e+01
3.500e+03	2.348e+02	2.030e+02	2.865e+02	2.774e+01	-2.418e+00	3.629e+01
3.600e+03	2.348e+02	2.030e+02	2.865e+02	2.774e+01	-1.725e+00	3.834e+01
3.700e+03	2.348e+02	2.030e+02	2.865e+02	2.774e+01	-1.725e+00	3.834e+01
3.800e+03	2.348e+02	2.030e+02	2.865e+02	3.074e+01	-1.725e+00	3.834e+01
3.900e+03	2.348e+02	2.030e+02	2.865e+02	3.074e+01	-1.618e+00	3.834e+01
4.000e+03	2.419e+02	2.236e+02	2.865e+02	3.074e+01	-1.295e+00	3.834e+01
4.100e+03	2.419e+02	2.236e+02	2.865e+02	3.175e+01	1.253e-02	3.959e+01
4.200e+03	2.419e+02	2.236e+02	2.865e+02	3.175e+01	1.253e-02	3.959e+01
4.300e+03	2.419e+02	2.236e+02	2.865e+02	3.175e+01	1.372e+01	3.959e+01
4.400e+03	2.419e+02	2.236e+02	2.865e+02	3.834e+01	1.372e+01	5.273e+01
4.500e+03	2.419e+02	2.236e+02	2.865e+02	4.525e+01	3.174e+01	5.292e+01
4.600e+03	2.419e+02	2.236e+02	2.865e+02	4.525e+01	3.174e+01	6.870e+01
4.700e+03	2.419e+02	2.289e+02	2.865e+02	4.525e+01	3.174e+01	6.870e+01
4.800e+03	2.419e+02	2.289e+02	2.865e+02	4.525e+01	3.174e+01	6.870e+01
4.900e+03	2.526e+02	2.353e+02	2.865e+02	4.525e+01	3.174e+01	8.373e+01
5.000e+03	2.762e+02	2.402e+02	2.898e+02	4.525e+01	3.174e+01	8.373e+01
5.100e+03	2.865e+02	2.419e+02	3.603e+02	4.525e+01	3.174e+01	8.373e+01
5.200e+03	2.865e+02	2.419e+02	3.603e+02	4.525e+01	3.175e+01	8.373e+01
5.300e+03	2.865e+02	2.605e+02	3.603e+02	5.052e+01	3.175e+01	8.373e+01
5.400e+03	2.865e+02	2.605e+02	3.603e+02	5.052e+01	3.175e+01	8.373e+01
5.500e+03	2.865e+02	2.605e+02	3.603e+02	5.052e+01	3.175e+01	8.373e+01
5.600e+03	2.865e+02	2.605e+02	3.603e+02	5.052e+01	3.175e+01	8.373e+01
5.700e+03	2.865e+02	2.605e+02	3.603e+02	5.052e+01	3.175e+01	8.373e+01
5.800e+03	2.865e+02	2.605e+02	3.603e+02	5.052e+01	3.175e+01	8.373e+01
5.900e+03	2.865e+02	2.636e+02	3.603e+02	5.052e+01	3.175e+01	8.373e+01
6.000e+03	2.865e+02	2.636e+02	3.603e+02	5.052e+01	3.175e+01	8.373e+01
6.100e+03	2.865e+02	2.636e+02	3.603e+02	5.052e+01	3.175e+01	8.373e+01
6.200e+03	2.865e+02	2.636e+02	3.603e+02	5.052e+01	3.175e+01	8.373e+01
6.300e+03	2.898e+02	2.736e+02	3.603e+02	5.052e+01	3.175e+01	8.373e+01
6.400e+03	2.898e+02	2.736e+02	3.603e+02	5.052e+01	3.175e+01	8.373e+01
6.500e+03	2.898e+02	2.736e+02	3.603e+02	5.238e+01	3.175e+01	8.373e+01
6.600e+03	2.898e+02	2.736e+02	3.603e+02	5.238e+01	3.175e+01	8.373e+01
6.700e+03	2.898e+02	2.736e+02	3.603e+02	5.238e+01	3.175e+01	8.373e+01
6.800e+03	2.898e+02	2.736e+02	3.603e+02	5.238e+01	3.175e+01	8.373e+01
6.900e+03	2.898e+02	2.736e+02	3.603e+02	5.238e+01	3.175e+01	8.373e+01
7.000e+03	2.898e+02	2.736e+02	3.603e+02	5.238e+01	3.175e+01	8.373e+01
7.100e+03	2.898e+02	2.736e+02	3.603e+02	5.242e+01	3.175e+01	8.373e+01
7.200e+03	2.898e+02	2.736e+02	3.603e+02	5.242e+01	3.175e+01	8.373e+01
7.300e+03	2.898e+02	2.736e+02	3.603e+02	5.242e+01	3.175e+01	8.373e+01
7.400e+03	2.898e+02	2.762e+02	3.603e+02	5.242e+01	3.175e+01	8.373e+01
7.500e+03	2.898e+02	2.762e+02	3.603e+02	5.242e+01	3.175e+01	8.373e+01
7.600e+03	2.898e+02	2.762e+02	3.603e+02	5.242e+01	4.341e+01	8.373e+01
7.700e+03	2.898e+02	2.762e+02	3.603e+02	6.554e+01	4.981e+01	1.154e+02
7.800e+03	2.898e+02	2.762e+02	3.603e+02	6.554e+01	4.981e+01	1.154e+02
7.900e+03	2.898e+02	2.762e+02	3.603e+02	6.554e+01	4.981e+01	1.154e+02
8.000e+03	2.898e+02	2.762e+02	3.603e+02	6.554e+01	4.981e+01	1.154e+02
8.100e+03	2.898e+02	2.762e+02	3.603e+02	6.554e+01	4.981e+01	1.154e+02
8.200e+03	2.898e+02	2.762e+02	3.603e+02	6.554e+01	4.981e+01	1.154e+02
8.300e+03	2.898e+02	2.762e+02	3.603e+02	6.554e+01	4.981e+01	1.154e+02
8.400e+03	3.211e+02	2.777e+02	3.603e+02	6.554e+01	4.981e+01	1.154e+02
8.500e+03	3.279e+02	2.777e+02	3.603e+02	6.554e+01	4.981e+01	1.154e+02
8.600e+03	3.279e+02	2.777e+02	3.603e+02	6.554e+01	4.981e+01	1.154e+02
8.700e+03	3.279e+02	2.777e+02	3.603e+02	6.554e+01	4.981e+01	1.154e+02
8.800e+03	3.499e+02	2.865e+02	3.804e+02	6.554e+01	4.981e+01	1.154e+02
8.900e+03	3.499e+02	2.865e+02	3.804e+02	6.554e+01	4.981e+01	1.154e+02
9.000e+03	3.499e+02	2.865e+02	3.804e+02	6.554e+01	4.981e+01	1.154e+02
9.100e+03	3.499e+02	2.865e+02	3.804e+02	6.554e+01	4.981e+01	1.154e+02
9.200e+03	3.499e+02	2.865e+02	3.804e+02	6.554e+01	4.981e+01	1.154e+02
9.300e+03	3.499e+02	2.865e+02	3.804e+02	6.554e+01	4.981e+01	1.154e+02
9.400e+03	3.499e+02	2.865e+02	3.804e+02	6.554e+01	4.981e+01	1.154e+02
9.500e+03	3.499e+02	2.865e+02	3.804e+02	6.554e+01	4.981e+01	1.154e+02
9.600e+03	3.499e+02	2.865e+02	3.804e+02	6.685e+01	4.981e+01	1.154e+02
9.700e+03	3.499e+02	2.865e+02	3.804e+02	6.685e+01	4.981e+01	1.154e+02
9.800e+03	3.499e+02	2.865e+02	3.804e+02	6.685e+01	4.981e+01	1.154e+02
9.900e+03	3.499e+02	2.865e+02	3.804e+02	6.685e+01	4.981e+01	1.154e+02
1.000e+04	3.499e+02	2.865e+02	3.804e+02	6.685e+01	4.981e+01	1.154e+02
1.010e+04	3.499e+02	2.865e+02	3.804e+02	6.685e+01	4.981e+01	1.154e+02
1.020e+04	3.499e+02	2.865e+02	3.804e+02	6.685e+01	4.981e+01	1.154e+02
1.030e+04	3.499e+02	2.865e+02	3.804e+02	6.685e+01	4.981e+01	1.154e+02
1.040e+04	3.499e+02	2.865e+02	3.804e+02	6.685e+01	4.981e+01	1.154e+02
1.050e+04	3.499e+02	2.865e+02	3.804e+02	6.685e+01	4.981e+01	1.154e+02
1.060e+04	3.499e+02	2.865e+02	3.804e+02	6.685e+01	4.981e+01	1.154e+02
1.070e+04	3.499e+02	2.865e+02	3.804e+02	6.685e+01	4.981e+01	1.154e+02
1.080e+04	3.603e+02	3.211e+02	3.804e+02	6.685e+01	4.981e+01	1.154e+02
1.090e+04	3.603e+02	3.211e+02	3.804e+02	6.685e+01	4.981e+01	1.154e+02
1.100e+04	3.603e+02	3.211e+02	3.804e+02	6.685e+01	4.981e+01	1.154e+02
1.110e+04	3.722e+02	3.211e+02	3.973e+02	6.685e+01	4.981e+01	1.160e+02
1.120e+04	3.722e+02	3.211e+02	3.984e+02	6.685e+01	4.981e+01	1.160e+02
1.130e+04	3.722e+02	3.211e+02	3.984e+02	6.685e+01	4.981e+01	1.160e+02
1.140e+04	3.722e+02	3.211e+02	3.984e+02	6.685e+01	4.995e+01	1.160e+02
1.150e+04	3.722e+02	3.211e+02	3.984e+02	6.685e+01	4.995e+01	1.160e+02
1.160e+04	3.722e+02	3.211e+02	3.984e+02	6.685e+01	4.995e+01	1.160e+02
1.170e+04	3.722e+02	3.211e+02	3.984e+02	6.685e+01	4.995e+01	1.388e+02
1.180e+04	3.722e+02	3.211e+02	3.984e+02	6.685e+01	4.995e+01	1.388e+02
1.190e+04	3.722e+02	3.211e+02	3.984e+02	6.685e+01	4.995e+01	1.388e+02
1.200e+04	3.722e+02	3.211e+02	3.984e+02	6.685e+01	4.995e+01	1.388e+02
1.210e+04	3.804e+02	3.211e+02	3.984e+02	6.685e+01	4.995e+01	1.388e+02
1.220e+04	3.804e+02	3.211e+02	3.984e+02	6.685e+01	4.995e+01	1.388e+02
1.230e+04	3.804e+02	3.211e+02	3.984e+02	6.685e+01	4.995e+01	1.388e+02
1.240e+04	3.804e+02	3.211e+02	3.984e+02	6.685e+01	4.995e+01	1.388e+02
1.250e+04	3.899e+02	3.279e+02	4.111e+02	6.685e+01	4.995e+01	1.388e+02
1.260e+04	3.899e+02	3.279e+02	4.111e+02	6.685e+01	4.995e+01	1.388e+02
1.270e+04	3.899e+02	3.279e+02	4.111e+02	6.685e+01	4.995e+01	1.388e+02
1.280e+04	3.899e+02	3.279e+02	4.111e+02	6.685e+01	4.995e+01	1.388e+02
1.290e+04	3.899e+02	3.279e+02	4.111e+02	6.685e+01	4.995e+01	1.388e+02
1.300e+04	3.899e+02	3.279e+02	4.111e+02	6.685e+01	4.995e+01	1.388e+02
1.310e+04	3.899e+02	3.279e+02	4.111e+02	6.685e+01	4.995e+01	1.388e+02
1.320e+04	3.899e+02	3.279e+02	4.111e+02	6.685e+01	4.995e+01	1.388e+02
1.330e+04	3.899e+02	3.279e+02	4.111e+02	6.685e+01	4.995e+01	1.388e+02
1.340e+04	3.899e+02	3.279e+02	4.111e+02	6.685e+01	4.995e+01	1.388e+02
1.350e+04	3.899e+02	3.279e+02	4.111e+02	6.685e+01	4.995e+01	1.388e+02
1.360e+04	3.899e+02	3.279e+02	4.111e+02	6.685e+01	4.995e+01	1.388e+02
1.370e+04	3.899e+02	3.279e+02	4.111e+02	6.685e+01	4.995e+01	1.388e+02
1.380e+04	3.899e+02	3.279e+02	4.111e+02	6.685e+01	4.995e+01	1.388e+02
1.390e+04	3.899e+02	3.279e+02	4.111e+02	6.685e+01	4.995e+01	1.388e+02
1.400e+04	3.906e+02	3.279e+02	4.111e+02	7.072e+01	4.995e+01	1.388e+02
1.410e+04	3.906e+02	3.279e+02	4.111e+02	7.072e+01	4.995e+01	1.388e+02
1.420e+04	3.984e+02	3.279e+02	4.164e+02	7.072e+01	4.995e+01	1.388e+02
1.430e+04	3.984e+02	3.279e+02	4.164e+02	7.072e+01	4.995e+01	1.388e+02
1.440e+04	3.984e+02	3.279e+02	4.164e+02	7.072e+01	4.995e+01	1.388e+02
1.450e+04	3.984e+02	3.279e+02	4.164e+02	7.072e+01	4.995e+01	1.388e+02
1.460e+04	3.984e+02	3.279e+02	4.307e+02	7.072e+01	4.995e+01	1.388e+02
1.470e+04	3.984e+02	3.279e+02	4.307e+02	7.072e+01	4.995e+01	1.388e+02
1.480e+04	3.984e+02	3.279e+02	4.307e+02	7.072e+01	4.995e+01	1.388e+02
1.490e+04	3.984e+02	3.279e+02	4.307e+02	7.072e+01	4.995e+01	1.388e+02
1.500e+04	3.984e+02	3.279e+02	4.307e+02	7.638e+01	4.995e+01	1.388e+02
1.510e+04	3.984e+02	3.638e+02	4.307e+02	7.638e+01	4.995e+01	1.388e+02
1.520e+04	3.984e+02	3.638e+02	4.307e+02	7.638e+01	4.995e+01	1.388e+02
1.530e+04	3.984e+02	3.638e+02	4.307e+02	7.638e+01	4.995e+01	1.388e+02
1.540e+04	3.984e+02	3.638e+02	4.307e+02	7.638e+01	4.995e+01	1.388e+02
1.550e+04	4.111e+02	3.638e+02	4.507e+02	7.638e+01	4.995e+01	1.388e+02
1.560e+04	4.111e+02	3.638e+02	4.507e+02	7.638e+01	4.995e+01	1.388e+02
1.570e+04	4.111e+02	3.638e+02	4.507e+02	7.638e+01	4.995e+01	1.388e+02
1.580e+04	4.111e+02	3.638e+02	4.507e+02	7.638e+01	4.995e+01	1.388e+02
1.590e+04	4.111e+02	3.638e+02	4.507e+02	7.638e+01	4.995e+01	1.388e+02
1.600e+04	4.111e+02	3.638e+02	4.507e+02	7.638e+01	4.995e+01	1.388e+02
1.610e+04	4.111e+02	3.638e+02	4.507e+02	7.638e+01	4.995e+01	1.389e+02
1.620e+04	4.111e+02	3.638e+02	4.507e+02	7.638e+01	4.995e+01	1.389e+02
1.630e+04	4.111e+02	3.638e+02	4.507e+02	7.638e+01	4.995e+01	1.389e+02
1.640e+04	4.111e+02	3.638e+02	4.507e+02	7.638e+01	4.995e+01	1.389e+02
1.650e+04	4.111e+02	3.638e+02	4.507e+02	7.638e+01	4.995e+01	1.389e+02
1.660e+04	4.111e+02	3.638e+02	4.507e+02	7.638e+01	4.995e+01	1.389e+02
1.670e+04	4.111e+02	3.638e+02	4.507e+02	7.638e+01	4.995e+01	1.389e+02
1.680e+04	4.111e+02	3.638e+02	4.507e+02	7.638e+01	4.995e+01	1.389e+02
1.690e+04	4.111e+02	3.638e+02	4.507e+02	7.638e+01	4.995e+01	1.389e+02
1.700e+04	4.111e+02	3.638e+02	4.507e+02	7.638e+01	4.995e+01	1.389e+02
1.710e+04	4.111e+02	3.638e+02	4.507e+02	7.638e+01	4.995e+01	1.389e+02
1.720e+04	4.111e+02	3.638e+02	4.507e+02	7.638e+01	4.995e+01	1.389e+02
1.730e+04	4.111e+02	3.638e+02	4.507e+02	7.638e+01	4.995e+01	1.389e+02
1.740e+04	4.111e+02	3.638e+02	4.507e+02	7.638e+01	4.995e+01	1.389e+02
1.750e+04	4.111e+02	3.638e+02	4.561e+02	7.638e+01	4.995e+01	1.389e+02
1.760e+04	4.111e+02	3.638e+02	4.561e+02	7.638e+01	4.995e+01	1.389e+02
1.770e+04	4.111e+02	3.638e+02	4.561e+02	7.638e+01	4.995e+01	1.389e+02
1.780e+04	4.111e+02	3.638e+02	4.561e+02	7.638e+01	4.995e+01	1.389e+02
1.790e+04	4.111e+02	3.638e+02	4.561e+02	7.638e+01	4.995e+01	1.389e+02
1.800e+04	4.111e+02	3.638e+02	4.561e+02	7.638e+01	4.995e+01	1.389e+02
1.810e+04	4.111e+02	3.638e+02	4.561e+02	7.638e+01	4.995e+01	1.389e+02
1.820e+04	4.111e+02	3.638e+02	4.561e+02	7.638e+01	4.995e+01	1.389e+02
1.830e+04	4.111e+02	3.638e+02	4.561e+02	7.638e+01	4.995e+01	1.389e+02
1.840e+04	4.111e+02	3.638e+02	4.569e+02	7.638e+01	5.286e+01	1.389e+02
1.850e+04	4.111e+02	3.638e+02	4.569e+02	7.638e+01	5.286e+01	1.389e+02
1.860e+04	4.111e+02	3.638e+02	4.569e+02	7.638e+01	5.286e+01	1.389e+02
1.870e+04	4.111e+02	3.638e+02	4.569e+02	7.638e+01	5.286e+01	1.389e+02
1.880e+04	4.111e+02	3.638e+02	4.569e+02	7.638e+01	5.286e+01	1.389e+02
1.890e+04	4.111e+02	3.638e+02	4.569e+02	7.638e+01	5.286e+01	1.389e+02
1.900e+04	4.111e+02	3.638e+02	4.569e+02	7.638e+01	5.286e+01	1.389e+02
1.910e+04	4.111e+02	3.638e+02	4.569e+02	7.638e+01	5.286e+01	1.389e+02
1.920e+04	4.111e+02	3.638e+02	4.569e+02	7.638e+01	5.286e+01	1.389e+02
1.930e+04	4.111e+02	3.638e+02	4.569e+02	7.638e+01	5.286e+01	1.389e+02
1.940e+04	4.111e+02	3.638e+02	4.569e+02	7.638e+01	5.286e+01	1.389e+02
1.950e+04	4.111e+02	3.638e+02	4.569e+02	7.638e+01	5.286e+01	1.389e+02
1.960e+04	4.111e+02	3.638e+02	4.569e+02	7.638e+01	5.286e+01	1.389e+02
1.970e+04	4.111e+02	3.638e+02	4.569e+02	7.638e+01	5.286e+01	1.389e+02
1.980e+04	4.111e+02	3.638e+02	4.569e+02	7.638e+01	5.286e+01	1.389e+02
1.990e+04	4.111e+02	3.638e+02	4.569e+02	7.638e+01	5.286e+01	1.389e+02
2.000e+04	4.111e+02	3.638e+02	4.569e+02	7.638e+01	5.286e+01	1.389e+02
2.010e+04	4.111e+02	3.638e+02	4.569e+02	7.638e+01	5.286e+01	1.389e+02
2.020e+04	4.111e+02	3.638e+02	4.569e+02	7.638e+01	5.286e+01	1.389e+02
2.030e+04	4.111e+02	3.638e+02	4.569e+02	7.638e+01	5.286e+01	1.389e+02
2.040e+04	4.111e+02	3.638e+02	4.569e+02	7.638e+01	5.286e+01	1.389e+02
2.050e+04	4.111e+02	3.638e+02	4.569e+02	7.638e+01	5.286e+01	1.389e+02
2.060e+04	4.111e+02	3.638e+02	4.569e+02	7.638e+01	5.286e+01	1.389e+02
2.070e+04	4.111e+02	3.638e+02	4.569e+02	7.638e+01	5.286e+01	1.389e+02
2.080e+04	4.111e+02	3.638e+02	4.569e+02	7.638e+01	5.286e+01	1.389e+02
2.090e+04	4.111e+02	3.638e+02	4.670e+02	7.638e+01	5.286e+01	1.389e+02
2.100e+04	4.111e+02	3.638e+02	4.670e+02	7.638e+01	5.286e+01	1.389e+02
2.110e+04	4.111e+02	3.888e+02	4.670e+02	7.638e+01	5.286e+01	1.389e+02
2.120e+04	4.111e+02	3.888e+02	4.670e+02	7.638e+01	5.286e+01	1.389e+02
2.130e+04	4.111e+02	3.888e+02	4.670e+02	7.638e+01	5.286e+01	1.389e+02
2.140e+04	4.111e+02	3.888e+02	4.670e+02	7.638e+01	5.286e+01	1.389e+02
2.150e+04	4.111e+02	3.888e+02	4.670e+02	7.638e+01	5.286e+01	1.389e+02
2.160e+04	4.111e+02	3.888e+02	4.670e+02	7.638e+01	5.286e+01	1.389e+02
2.170e+04	4.111e+02	3.888e+02	4.670e+02	7.638e+01	5.286e+01	1.389e+02
2.180e+04	4.111e+02	3.888e+02	4.670e+02	7.638e+01	5.286e+01	1.389e+02
2.190e+04	4.111e+02	3.888e+02	4.670e+02	7.638e+01	5.286e+01	1.389e+02
2.200e+04	4.111e+02	3.888e+02	4.670e+02	7.638e+01	5.286e+01	1.389e+02
2.210e+04	4.111e+02	3.888e+02	4.670e+02	7.638e+01	5.286e+01	1.389e+02
2.220e+04	4.111e+02	3.888e+02	4.670e+02	7.638e+01	5.286e+01	1.389e+02
2.230e+04	4.111e+02	3.888e+02	4.670e+02	7.638e+01	5.286e+01	1.389e+02
2.240e+04	4.111e+02	3.888e+02	4.670e+02	7.638e+01	5.286e+01	1.389e+02
2.250e+04	4.111e+02	3.888e+02	4.670e+02	7.638e+01	5.286e+01	1.389e+02
2.260e+04	4.131e+02	3.888e+02	4.670e+02	7.638e+01	5.286e+01	1.389e+02
2.270e+04	4.131e+02	3.888e+02	4.670e+02	7.638e+01	5.286e+01	1.389e+02
2.280e+04	4.131e+02	3.888e+02	4.670e+02	7.638e+01	5.286e+01	1.389e+02
2.290e+04	4.131e+02	3.888e+02	4.670e+02	7.638e+01	5.286e+01	1.389e+02
2.300e+04	4.131e+02	3.888e+02	4.670e+02	7.638e+01	5.286e+01	1.389e+02
2.310e+04	4.131e+02	3.888e+02	4.670e+02	7.638e+01	5.286e+01	1.389e+02
2.320e+04	4.131e+02	3.888e+02	4.670e+02	7.638e+01	5.286e+01	1.389e+02
2.330e+04	4.131e+02	3.888e+02	4.670e+02	7.638e+01	5.286e+01	1.389e+02
2.340e+04	4.131e+02	3.888e+02	4.670e+02	7.638e+01	5.286e+01	1.389e+02
2.350e+04	4.131e+02	3.888e+02	4.670e+02	7.638e+01	5.286e+01	1.389e+02
2.360e+04	4.131e+02	3.888e+02	4.670e+02	7.638e+01	5.286e+01	1.389e+02
2.370e+04	4.131e+02	3.888e+02	4.670e+02	7.638e+01	5.286e+01	1.389e+02
2.380e+04	4.131e+02	3.888e+02	4.670e+02	7.638e+01	5.286e+01	1.389e+02
2.390e+04	4.131e+02	3.888e+02	4.670e+02	7.638e+01	5.286e+01	1.389e+02
2.400e+04	4.131e+02	3.888e+02	4.670e+02	7.638e+01	5.286e+01	1.389e+02
2.410e+04	4.507e+02	3.888e+02	4.672e+02	7.638e+01	5.286e+01	1.526e+02
2.420e+04	4.507e+02	3.888e+02	4.672e+02	7.925e+01	5.286e+01	1.526e+02
2.430e+04	4.507e+02	3.888e+02	4.672e+02	7.925e+01	5.286e+01	1.526e+02
2.440e+04	4.507e+02	3.888e+02	4.672e+02	7.925e+01	5.286e+01	1.526e+02
2.450e+04	4.507e+02	4.026e+02	4.672e+02	7.925e+01	5.286e+01	1.526e+02
2.460e+04	4.507e+02	4.026e+02	4.672e+02	7.925e+01	5.286e+01	1.526e+02
2.470e+04	4.507e+02	4.026e+02	4.672e+02	7.925e+01	5.286e+01	1.526e+02
2.480e+04	4.507e+02	4.026e+02	4.672e+02	7.925e+01	5.286e+01	1.526e+02
2.490e+04	4.507e+02	4.026e+02	4.672e+02	7.925e+01	5.286e+01	1.526e+02
2.500e+04	4.507e+02	4.026e+02	4.672e+02	7.925e+01	5.286e+01	1.526e+02
2.510e+04	4.507e+02	4.026e+02	4.672e+02	7.925e+01	5.286e+01	1.526e+02
2.520e+04	4.507e+02	4.026e+02	4.672e+02	7.925e+01	5.286e+01	1.526e+02
2.530e+04	4.507e+02	4.026e+02	4.672e+02	7.925e+01	5.286e+01	1.526e+02
2.540e+04	4.507e+02	4.026e+02	4.672e+02	7.925e+01	5.286e+01	1.526e+02
2.550e+04	4.507e+02	4.026e+02	4.672e+02	7.925e+01	5.286e+01	1.526e+02
2.560e+04	4.507e+02	4.026e+02	4.672e+02	7.925e+01	5.286e+01	1.526e+02
2.570e+04	4.507e+02	4.026e+02	4.672e+02	7.925e+01	5.286e+01	1.526e+02
2.580e+04	4.507e+02	4.026e+02	4.672e+02	7.925e+01	5.286e+01	1.526e+02
2.590e+04	4.507e+02	4.026e+02	4.672e+02	7.925e+01	5.286e+01	1.526e+02
2.600e+04	4.507e+02	4.026e+02	4.672e+02	7.925e+01	5.286e+01	1.526e+02
2.610e+04	4.507e+02	4.026e+02	4.672e+02	7.925e+01	5.286e+01	1.526e+02
2.620e+04	4.507e+02	4.026e+02	4.672e+02	7.925e+01	5.286e+01	1.526e+02
2.630e+04	4.507e+02	4.026e+02	4.672e+02	7.925e+01	5.286e+01	1.526e+02
2.640e+04	4.507e+02	4.026e+02	4.672e+02	7.925e+01	5.286e+01	1.526e+02
2.650e+04	4.507e+02	4.026e+02	4.672e+02	7.925e+01	5.286e+01	1.526e+02
2.660e+04	4.507e+02	4.026e+02	4.672e+02	7.925e+01	5.286e+01	1.526e+02
2.670e+04	4.507e+02	4.026e+02	4.672e+02	7.925e+01	5.286e+01	1.526e+02
2.680e+04	4.507e+02	4.026e+02	4.672e+02	7.925e+01	5.286e+01	1.526e+02
2.690e+04	4.507e+02	4.026e+02	4.672e+02	7.925e+01	5.286e+01	1.526e+02
2.700e+04	4.507e+02	4.026e+02	4.672e+02	7.925e+01	5.286e+01	1.526e+02
2.710e+04	4.507e+02	4.026e+02	4.672e+02	7.925e+01	5.286e+01	1.526e+02
2.720e+04	4.507e+02	4.026e+02	4.672e+02	7.925e+01	5.286e+01	1.526e+02
2.730e+04	4.507e+02	4.026e+02	4.672e+02	7.925e+01	5.286e+01	1.526e+02
2.740e+04	4.507e+02	4.026e+02	4.672e+02	7.925e+01	5.286e+01	1.526e+02
2.750e+04	4.507e+02	4.026e+02	4.672e+02	7.925e+01	5.286e+01	1.526e+02
2.760e+04	4.507e+02	4.026e+02	4.672e+02	7.925e+01	5.286e+01	1.526e+02
2.770e+04	4.507e+02	4.026e+02	4.672e+02	7.925e+01	5.286e+01	1.526e+02
2.780e+04	4.644e+02	4.026e+02	4.672e+02	7.925e+01	5.286e+01	1.526e+02
2.790e+04	4.670e+02	4.026e+02	4.720e+02	7.925e+01	5.286e+01	1.526e+02
2.800e+04	4.672e+02	4.026e+02	4.720e+02	7.925e+01	5.286e+01	1.526e+02
2.810e+04	4.672e+02	4.026e+02	4.720e+02	7.925e+01	5.286e+01	1.526e+02
2.820e+04	4.672e+02	4.026e+02	4.720e+02	7.925e+01	5.286e+01	1.526e+02
2.830e+04	4.672e+02	4.026e+02	4.720e+02	7.925e+01	5.286e+01	1.526e+02
2.840e+04	4.672e+02	4.026e+02	4.720e+02	7.925e+01	5.286e+01	1.526e+02
2.850e+04	4.672e+02	4.026e+02	4.720e+02	7.925e+01	5.286e+01	1.526e+02
2.860e+04	4.672e+02	4.026e+02	4.720e+02	7.925e+01	5.286e+01	1.526e+02
2.870e+04	4.672e+02	4.026e+02	4.720e+02	7.925e+01	5.286e+01	1.526e+02
2.880e+04	4.672e+02	4.026e+02	4.720e+02	7.925e+01	5.286e+01	1.526e+02
2.890e+04	4.672e+02	4.026e+02	4.720e+02	7.925e+01	5.286e+01	1.526e+02
2.900e+04	4.672e+02	4.026e+02	4.720e+02	7.925e+01	5.286e+01	1.526e+02
2.910e+04	4.672e+02	4.026e+02	4.720e+02	7.925e+01	5.286e+01	1.526e+02
2.920e+04	4.672e+02	4.026e+02	4.720e+02	7.925e+01	5.286e+01	1.526e+02
2.930e+04	4.672e+02	4.026e+02	4.720e+02	7.925e+01	5.286e+01	1.526e+02
2.940e+04	4.672e+02	4.026e+02	4.720e+02	7.925e+01	5.286e+01	1.526e+02
2.950e+04	4.672e+02	4.026e+02	4.720e+02	7.925e+01	5.286e+01	1.526e+02
2.960e+04	4.672e+02	4.026e+02	4.720e+02	7.925e+01	5.286e+01	1.526e+02
2.970e+04	4.672e+02	4.026e+02	4.720e+02	7.925e+01	5.286e+01	1.526e+02
2.980e+04	4.672e+02	4.026e+02	4.720e+02	7.925e+01	5.286e+01	1.526e+02
2.990e+04	4.672e+02	4.026e+02	4.720e+02	7.925e+01	5.286e+01	1.526e+02
3.000e+04	4.672e+02	4.026e+02	4.720e+02	7.925e+01	5.286e+01	1.526e+02
3.010e+04	4.672e+02	4.026e+02	4.720e+02	7.925e+01	5.286e+01	1.526e+02
3.020e+04	4.694e+02	4.026e+02	4.794e+02	7.925e+01	5.286e+01	1.526e+02
3.030e+04	4.694e+02	4.026e+02	4.794e+02	7.925e+01	5.286e+01	1.526e+02
3.040e+04	4.694e+02	4.026e+02	4.794e+02	7.925e+01	5.286e+01	1.526e+02
3.050e+04	4.694e+02	4.026e+02	4.798e+02	7.925e+01	5.286e+01	1.526e+02
3.060e+04	4.694e+02	4.026e+02	4.798e+02	7.925e+01	5.286e+01	1.526e+02
3.070e+04	4.694e+02	4.026e+02	4.798e+02	7.925e+01	5.286e+01	1.526e+02
3.080e+04	4.694e+02	4.026e+02	4.798e+02	7.925e+01	5.286e+01	1.526e+02
3.090e+04	4.694e+02	4.026e+02	4.798e+02	7.925e+01	5.286e+01	1.526e+02
3.100e+04	4.694e+02	4.026e+02	4.798e+02	7.925e+01	5.286e+01	1.526e+02
3.110e+04	4.694e+02	4.026e+02	4.798e+02	7.925e+01	5.286e+01	1.526e+02
3.120e+04	4.694e+02	4.026e+02	4.798e+02	7.925e+01	5.286e+01	1.526e+02
3.130e+04	4.694e+02	4.026e+02	4.798e+02	7.925e+01	5.286e+01	1.526e+02
3.140e+04	4.694e+02	4.026e+02	4.798e+02	7.925e+01	5.286e+01	1.526e+02
3.150e+04	4.694e+02	4.026e+02	4.798e+02	7.925e+01	5.286e+01	1.526e+02
3.160e+04	4.694e+02	4.026e+02	4.798e+02	7.925e+01	5.286e+01	1.526e+02
3.170e+04	4.694e+02	4.026e+02	4.798e+02	7.925e+01	5.286e+01	1.526e+02
3.180e+04	4.694e+02	4.026e+02	4.798e+02	7.925e+01	5.286e+01	1.526e+02
3.190e+04	4.694e+02	4.026e+02	4.798e+02	7.925e+01	5.286e+01	1.526e+02
3.200e+04	4.694e+02	4.026e+02	4.798e+02	7.925e+01	5.286e+01	1.526e+02
3.210e+04	4.694e+02	4.026e+02	4.798e+02	7.925e+01	5.286e+01	1.526e+02
3.220e+04	4.694e+02	4.507e+02	4.798e+02	7.925e+01	5.286e+01	1.526e+02
3.230e+04	4.694e+02	4.507e+02	4.798e+02	7.925e+01	5.286e+01	1.526e+02
3.240e+04	4.694e+02	4.507e+02	4.798e+02	7.925e+01	5.286e+01	1.526e+02
3.250e+04	4.694e+02	4.507e+02	4.798e+02	7.925e+01	5.286e+01	1.526e+02
3.260e+04	4.694e+02	4.507e+02	4.798e+02	7.925e+01	5.286e+01	1.526e+02
3.270e+04	4.694e+02	4.507e+02	4.798e+02	7.925e+01	5.286e+01	1.526e+02
3.280e+04	4.694e+02	4.507e+02	4.798e+02	7.925e+01	5.286e+01	1.526e+02
3.290e+04	4.694e+02	4.507e+02	4.798e+02	7.925e+01	5.286e+01	1.526e+02
3.300e+04	4.694e+02	4.507e+02	4.798e+02	7.925e+01	5.286e+01	1.526e+02
3.310e+04	4.694e+02	4.507e+02	4.798e+02	7.925e+01	5.286e+01	1.526e+02
3.320e+04	4.694e+02	4.507e+02	4.798e+02	7.925e+01	5.286e+01	1.526e+02
3.330e+04	4.694e+02	4.507e+02	4.798e+02	7.925e+01	5.286e+01	1.526e+02
3.340e+04	4.694e+02	4.507e+02	4.798e+02	7.925e+01	5.286e+01	1.526e+02
3.350e+04	4.694e+02	4.507e+02	4.798e+02	7.925e+01	5.286e+01	1.526e+02
3.360e+04	4.694e+02	4.507e+02	4.798e+02	7.925e+01	5.286e+01	1.526e+02
3.370e+04	4.694e+02	4.507e+02	4.798e+02	7.925e+01	5.286e+01	1.526e+02
3.380e+04	4.694e+02	4.507e+02	4.798e+02	7.925e+01	5.286e+01	1.526e+02
3.390e+04	4.694e+02	4.507e+02	4.798e+02	7.925e+01	5.286e+01	1.526e+02
3.400e+04	4.694e+02	4.507e+02	4.798e+02	7.925e+01	5.286e+01	1.526e+02
3.410e+04	4.694e+02	4.507e+02	4.798e+02	7.925e+01	5.286e+01	1.526e+02
3.420e+04	4.694e+02	4.507e+02	4.798e+02	7.925e+01	5.286e+01	1.526e+02
3.430e+04	4.694e+02	4.507e+02	4.798e+02	7.925e+01	5.286e+01	1.526e+02
3.440e+04	4.694e+02	4.507e+02	4.798e+02	7.925e+01	5.286e+01	1.526e+02
3.450e+04	4.694e+02	4.507e+02	4.798e+02	7.925e+01	5.286e+01	1.526e+02
3.460e+04	4.694e+02	4.507e+02	4.798e+02	7.925e+01	5.286e+01	1.526e+02
3.470e+04	4.694e+02	4.507e+02	4.798e+02	7.925e+01	5.286e+01	1.526e+02
3.480e+04	4.694e+02	4.507e+02	4.798e+02	7.925e+01	5.286e+01	1.526e+02
3.490e+04	4.694e+02	4.507e+02	4.798e+02	7.925e+01	5.286e+01	1.526e+02
3.500e+04	4.694e+02	4.507e+02	4.798e+02	7.925e+01	5.286e+01	1.526e+02
3.510e+04	4.716e+02	4.507e+02	4.798e+02	7.925e+01	5.286e+01	1.526e+02
3.520e+04	4.716e+02	4.507e+02	4.798e+02	7.925e+01	5.286e+01	1.526e+02
3.530e+04	4.716e+02	4.507e+02	4.798e+02	7.925e+01	5.286e+01	1.526e+02
3.540e+04	4.716e+02	4.507e+02	4.798e+02	7.925e+01	5.286e+01	1.526e+02
3.550e+04	4.716e+02	4.507e+02	4.798e+02	7.925e+01	5.286e+01	1.526e+02
3.560e+04	4.716e+02	4.507e+02	4.798e+02	7.925e+01	5.286e+01	1.526e+02
3.570e+04	4.716e+02	4.507e+02	4.798e+02	7.925e+01	5.286e+01	1.526e+02
3.580e+04	4.716e+02	4.507e+02	4.798e+02	7.925e+01	5.286e+01	1.526e+02
3.590e+04	4.716e+02	4.507e+02	4.798e+02	7.925e+01	5.286e+01	1.526e+02
3.600e+04	4.716e+02	4.507e+02	4.798e+02	7.925e+01	5.286e+01	1.526e+02
3.610e+04	4.716e+02	4.507e+02	4.798e+02	7.925e+01	5.286e+01	1.526e+02
3.620e+04	4.716e+02	4.507e+02	4.798e+02	7.925e+01	5.286e+01	1.526e+02
3.630e+04	4.716e+02	4.507e+02	4.798e+02	7.925e+01	5.286e+01	1.526e+02
3.640e+04	4.716e+02	4.507e+02	4.798e+02	7.925e+01	5.286e+01	1.526e+02
3.650e+04	4.716e+02	4.507e+02	4.798e+02	7.925e+01	5.286e+01	1.526e+02
3.660e+04	4.716e+02	4.507e+02	4.798e+02	7.925e+01	5.286e+01	1.526e+02
3.670e+04	4.716e+02	4.507e+02	4.798e+02	7.925e+01	5.286e+01	1.718e+02
3.680e+04	4.716e+02	4.507e+02	4.798e+02	7.925e+01	5.286e+01	1.718e+02
3.690e+04	4.716e+02	4.507e+02	4.798e+02	7.925e+01	5.286e+01	1.718e+02
3.700e+04	4.716e+02	4.507e+02	4.816e+02	7.925e+01	5.286e+01	1.718e+02
3.710e+04	4.716e+02	4.507e+02	4.816e+02	7.925e+01	5.286e+01	1.718e+02
3.720e+04	4.716e+02	4.507e+02	4.816e+02	7.925e+01	5.286e+01	1.718e+02
3.730e+04	4.716e+02	4.507e+02	4.816e+02	7.925e+01	5.286e+01	1.718e+02
3.740e+04	4.716e+02	4.507e+02	4.816e+02	7.925e+01	5.286e+01	1.718e+02
3.750e+04	4.716e+02	4.507e+02	4.816e+02	7.925e+01	5.286e+01	1.718e+02
3.760e+04	4.716e+02	4.507e+02	4.816e+02	7.925e+01	5.286e+01	1.718e+02
3.770e+04	4.716e+02	4.507e+02	4.816e+02	7.925e+01	5.286e+01	1.718e+02
3.780e+04	4.716e+02	4.507e+02	4.816e+02	7.925e+01	5.286e+01	1.718e+02
3.790e+04	4.716e+02	4.507e+02	4.816e+02	7.925e+01	5.286e+01	1.718e+02
3.800e+04	4.716e+02	4.507e+02	4.816e+02	7.925e+01	5.286e+01	1.718e+02
3.810e+04	4.716e+02	4.507e+02	4.816e+02	7.925e+01	5.286e+01	1.718e+02
3.820e+04	4.716e+02	4.507e+02	4.816e+02	7.925e+01	5.286e+01	1.718e+02
3.830e+04	4.716e+02	4.507e+02	4.816e+02	7.925e+01	5.286e+01	1.718e+02
3.840e+04	4.716e+02	4.507e+02	4.816e+02	7.925e+01	5.286e+01	1.718e+02
3.850e+04	4.716e+02	4.507e+02	4.816e+02	7.925e+01	5.286e+01	1.718e+02
3.860e+04	4.716e+02	4.507e+02	4.816e+02	7.925e+01	5.286e+01	1.718e+02
3.870e+04	4.716e+02	4.507e+02	4.816e+02	7.925e+01	5.286e+01	1.718e+02
3.880e+04	4.716e+02	4.507e+02	4.816e+02	7.925e+01	5.286e+01	1.718e+02
3.890e+04	4.716e+02	4.507e+02	4.816e+02	7.925e+01	5.286e+01	1.718e+02
3.900e+04	4.716e+02	4.507e+02	4.816e+02	7.925e+01	5.286e+01	1.718e+02
3.910e+04	4.716e+02	4.507e+02	4.816e+02	7.925e+01	5.286e+01	1.718e+02
3.920e+04	4.716e+02	4.507e+02	4.816e+02	7.925e+01	5.286e+01	1.718e+02
3.930e+04	4.716e+02	4.507e+02	4.816e+02	7.925e+01	5.286e+01	1.718e+02
3.940e+04	4.724e+02	4.507e+02	4.816e+02	7.925e+01	5.286e+01	1.718e+02
3.950e+04	4.724e+02	4.507e+02	4.816e+02	7.925e+01	5.286e+01	1.718e+02
3.960e+04	4.724e+02	4.507e+02	4.816e+02	7.925e+01	5.286e+01	1.718e+02
3.970e+04	4.724e+02	4.507e+02	4.816e+02	7.925e+01	5.286e+01	1.718e+02
3.980e+04	4.724e+02	4.507e+02	4.816e+02	7.925e+01	5.286e+01	1.718e+02
3.990e+04	4.724e+02	4.507e+02	4.816e+02	7.925e+01	5.286e+01	1.718e+02
4.000e+04	4.724e+02	4.507e+02	4.816e+02	7.925e+01	5.286e+01	1.718e+02
4.010e+04	4.724e+02	4.507e+02	4.816e+02	7.925e+01	5.286e+01	1.718e+02
4.020e+04	4.724e+02	4.507e+02	4.816e+02	7.925e+01	5.286e+01	1.718e+02
4.030e+04	4.724e+02	4.507e+02	4.816e+02	7.925e+01	5.286e+01	1.718e+02
4.040e+04	4.724e+02	4.507e+02	4.816e+02	7.925e+01	5.286e+01	1.718e+02
4.050e+04	4.724e+02	4.507e+02	4.816e+02	7.925e+01	5.286e+01	1.718e+02
4.060e+04	4.724e+02	4.507e+02	4.816e+02	7.925e+01	5.286e+01	1.718e+02
4.070e+04	4.724e+02	4.507e+02	4.816e+02	7.925e+01	5.286e+01	1.718e+02
4.080e+04	4.724e+02	4.507e+02	4.816e+02	7.925e+01	5.286e+01	1.718e+02
4.090e+04	4.724e+02	4.507e+02	4.816e+02	7.925e+01	5.286e+01	1.718e+02
4.100e+04	4.724e+02	4.644e+02	4.816e+02	7.925e+01	5.286e+01	1.718e+02
4.110e+04	4.724e+02	4.644e+02	4.816e+02	7.925e+01	5.286e+01	1.718e+02
4.120e+04	4.724e+02	4.644e+02	4.816e+02	7.967e+01	5.286e+01	1.718e+02
4.130e+04	4.724e+02	4.644e+02	4.816e+02	7.967e+01	5.286e+01	1.718e+02
4.140e+04	4.724e+02	4.644e+02	4.816e+02	7.967e+01	5.286e+01	1.718e+02
4.150e+04	4.724e+02	4.644e+02	4.816e+02	7.967e+01	5.286e+01	1.718e+02
4.160e+04	4.724e+02	4.644e+02	4.816e+02	7.967e+01	5.286e+01	1.718e+02
4.170e+04	4.724e+02	4.644e+02	4.816e+02	7.967e+01	5.286e+01	1.718e+02
4.180e+04	4.724e+02	4.644e+02	4.816e+02	7.967e+01	5.286e+01	1.718e+02
4.190e+04	4.724e+02	4.644e+02	4.816e+02	7.967e+01	5.286e+01	1.718e+02
4.200e+04	4.724e+02	4.644e+02	4.816e+02	7.967e+01	5.286e+01	1.718e+02
4.210e+04	4.724e+02	4.644e+02	4.816e+02	7.967e+01	5.286e+01	1.718e+02
4.220e+04	4.724e+02	4.644e+02	4.816e+02	7.967e+01	5.286e+01	1.718e+02
4.230e+04	4.724e+02	4.644e+02	4.816e+02	7.967e+01	5.286e+01	1.718e+02
4.240e+04	4.724e+02	4.644e+02	4.816e+02	7.967e+01	5.286e+01	1.718e+02
4.250e+04	4.724e+02	4.644e+02	4.816e+02	7.967e+01	5.286e+01	1.718e+02
4.260e+04	4.724e+02	4.644e+02	4.816e+02	8.178e+01	5.286e+01	1.718e+02
4.270e+04	4.724e+02	4.644e+02	4.816e+02	8.178e+01	5.286e+01	1.718e+02
4.280e+04	4.724e+02	4.644e+02	4.816e+02	8.178e+01	5.286e+01	1.718e+02
4.290e+04	4.724e+02	4.644e+02	4.816e+02	8.178e+01	5.286e+01	1.718e+02
4.300e+04	4.724e+02	4.644e+02	4.816e+02	8.178e+01	5.286e+01	1.718e+02
4.310e+04	4.724e+02	4.644e+02	4.816e+02	8.178e+01	5.286e+01	1.718e+02
4.320e+04	4.724e+02	4.644e+02	4.816e+02	8.178e+01	5.286e+01	1.718e+02
4.330e+04	4.724e+02	4.644e+02	4.816e+02	8.178e+01	5.286e+01	1.718e+02
4.340e+04	4.724e+02	4.644e+02	4.816e+02	8.178e+01	5.286e+01	1.718e+02
4.350e+04	4.724e+02	4.644e+02	4.816e+02	8.178e+01	5.286e+01	1.718e+02
4.360e+04	4.724e+02	4.644e+02	4.816e+02	8.178e+01	5.286e+01	1.718e+02
4.370e+04	4.724e+02	4.644e+02	4.816e+02	8.178e+01	5.286e+01	1.718e+02
4.380e+04	4.739e+02	4.644e+02	4.816e+02	8.178e+01	5.286e+01	1.718e+02
4.390e+04	4.739e+02	4.644e+02	4.816e+02	8.178e+01	5.286e+01	1.718e+02
4.400e+04	4.739e+02	4.644e+02	4.816e+02	8.178e+01	5.286e+01	1.718e+02
4.410e+04	4.739e+02	4.644e+02	4.816e+02	8.178e+01	5.286e+01	1.718e+02
4.420e+04	4.739e+02	4.644e+02	4.816e+02	8.178e+01	5.286e+01	1.718e+02
4.430e+04	4.739e+02	4.644e+02	4.816e+02	8.178e+01	5.286e+01	1.718e+02
4.440e+04	4.739e+02	4.644e+02	4.816e+02	8.178e+01	5.286e+01	1.718e+02
4.450e+04	4.739e+02	4.644e+02	4.816e+02	8.178e+01	5.286e+01	1.718e+02
4.460e+04	4.739e+02	4.644e+02	4.816e+02	8.178e+01	5.286e+01	1.718e+02
4.470e+04	4.739e+02	4.644e+02	4.816e+02	8.178e+01	5.286e+01	1.718e+02
4.480e+04	4.739e+02	4.644e+02	4.816e+02	8.178e+01	5.286e+01	1.718e+02
4.490e+04	4.739e+02	4.644e+02	4.816e+02	8.178e+01	5.286e+01	1.718e+02
4.500e+04	4.739e+02	4.644e+02	4.816e+02	8.178e+01	5.286e+01	1.718e+02
4.510e+04	4.739e+02	4.644e+02	4.816e+02	8.178e+01	5.286e+01	1.718e+02
4.520e+04	4.739e+02	4.644e+02	4.816e+02	8.178e+01	5.286e+01	1.718e+02
4.530e+04	4.739e+02	4.644e+02	4.816e+02	8.178e+01	5.286e+01	1.718e+02
4.540e+04	4.739e+02	4.644e+02	4.816e+02	8.178e+01	5.286e+01	1.718e+02
4.550e+04	4.739e+02	4.644e+02	4.816e+02	8.178e+01	5.286e+01	1.718e+02
4.560e+04	4.739e+02	4.644e+02	4.816e+02	8.178e+01	5.286e+01	1.718e+02
4.570e+04	4.739e+02	4.644e+02	4.816e+02	8.178e+01	5.286e+01	1.718e+02
4.580e+04	4.739e+02	4.644e+02	4.816e+02	8.178e+01	5.286e+01	1.718e+02
4.590e+04	4.769e+02	4.644e+02	4.816e+02	8.178e+01	5.286e+01	1.718e+02
4.600e+04	4.769e+02	4.644e+02	4.816e+02	8.178e+01	5.286e+01	1.718e+02
4.610e+04	4.769e+02	4.644e+02	4.816e+02	8.178e+01	5.286e+01	1.718e+02
4.620e+04	4.769e+02	4.644e+02	4.816e+02	8.178e+01	5.286e+01	1.718e+02
4.630e+04	4.769e+02	4.644e+02	4.816e+02	8.178e+01	5.286e+01	1.718e+02
4.640e+04	4.769e+02	4.644e+02	4.816e+02	8.178e+01	5.286e+01	1.718e+02
4.650e+04	4.769e+02	4.644e+02	4.816e+02	8.178e+01	5.286e+01	1.718e+02
4.660e+04	4.769e+02	4.644e+02	4.816e+02	8.178e+01	5.286e+01	1.718e+02
4.670e+04	4.769e+02	4.644e+02	4.816e+02	8.178e+01	5.286e+01	1.718e+02
4.680e+04	4.769e+02	4.644e+02	4.816e+02	8.178e+01	5.286e+01	1.718e+02
4.690e+04	4.769e+02	4.644e+02	4.816e+02	8.178e+01	5.286e+01	1.718e+02
4.700e+04	4.769e+02	4.644e+02	4.816e+02	8.178e+01	5.286e+01	1.718e+02
4.710e+04	4.769e+02	4.644e+02	4.816e+02	8.178e+01	5.286e+01	1.718e+02
4.720e+04	4.769e+02	4.644e+02	4.816e+02	8.178e+01	5.286e+01	1.718e+02
4.730e+04	4.769e+02	4.644e+02	4.816e+02	8.178e+01	5.286e+01	1.718e+02
4.740e+04	4.769e+02	4.644e+02	4.816e+02	8.178e+01	5.286e+01	1.718e+02
4.750e+04	4.769e+02	4.644e+02	4.816e+02	8.178e+01	5.286e+01	1.718e+02
4.760e+04	4.769e+02	4.644e+02	4.816e+02	8.178e+01	5.286e+01	1.718e+02
4.770e+04	4.769e+02	4.644e+02	4.816e+02	8.178e+01	5.286e+01	1.718e+02
4.780e+04	4.769e+02	4.644e+02	4.816e+02	8.178e+01	5.286e+01	1.718e+02
4.790e+04	4.769e+02	4.644e+02	4.816e+02	8.178e+01	5.286e+01	1.718e+02
4.800e+04	4.769e+02	4.644e+02	4.816e+02	8.178e+01	5.286e+01	1.718e+02
4.810e+04	4.769e+02	4.644e+02	4.816e+02	8.178e+01	5.286e+01	1.718e+02
4.820e+04	4.769e+02	4.644e+02	4.816e+02	8.178e+01	5.286e+01	1.718e+02
4.830e+04	4.769e+02	4.644e+02	4.816e+02	8.178e+01	5.286e+01	1.718e+02
4.840e+04	4.794e+02	4.644e+02	4.863e+02	8.178e+01	5.286e+01	1.718e+02
4.850e+04	4.794e+02	4.644e+02	4.863e+02	8.178e+01	5.286e+01	1.718e+02
4.860e+04	4.794e+02	4.644e+02	4.863e+02	8.178e+01	5.286e+01	1.718e+02
4.870e+04	4.794e+02	4.644e+02	4.863e+02	8.178e+01	5.286e+01	1.718e+02
4.880e+04	4.794e+02	4.644e+02	4.863e+02	8.178e+01	5.286e+01	1.718e+02
4.890e+04	4.794e+02	4.644e+02	4.863e+02	8.178e+01	5.286e+01	1.718e+02
4.900e+04	4.794e+02	4.644e+02	4.863e+02	8.178e+01	5.286e+01	1.718e+02
4.910e+04	4.794e+02	4.644e+02	4.863e+02	8.178e+01	5.286e+01	1.718e+02
4.920e+04	4.794e+02	4.644e+02	4.863e+02	8.178e+01	5.286e+01	1.718e+02
4.930e+04	4.794e+02	4.644e+02	4.863e+02	8.178e+01	5.286e+01	1.718e+02
4.940e+04	4.794e+02	4.644e+02	4.863e+02	8.178e+01	5.286e+01	1.718e+02
4.950e+04	4.794e+02	4.644e+02	4.863e+02	8.178e+01	5.286e+01	1.718e+02
4.960e+04	4.794e+02	4.644e+02	4.863e+02	8.178e+01	5.286e+01	1.718e+02
4.970e+04	4.794e+02	4.644e+02	4.863e+02	8.178e+01	5.286e+01	1.718e+02
4.980e+04	4.794e+02	4.644e+02	4.863e+02	8.178e+01	5.286e+01	1.718e+02
4.990e+04	4.794e+02	4.644e+02	4.863e+02	8.178e+01	5.286e+01	1.718e+02
5.000e+04	4.794e+02	4.644e+02	4.863e+02	8.178e+01	5.286e+01	1.718e+02
5.010e+04	4.794e+02	4.644e+02	4.863e+02	8.178e+01	5.286e+01	1.718e+02
5.020e+04	4.794e+02	4.644e+02	4.863e+02	8.178e+01	5.286e+01	1.938e+02
5.030e+04	4.794e+02	4.644e+02	4.863e+02	8.178e+01	5.286e+01	1.938e+02
5.040e+04	4.794e+02	4.644e+02	4.863e+02	8.178e+01	5.286e+01	1.938e+02
5.050e+04	4.794e+02	4.644e+02	4.863e+02	8.178e+01	5.286e+01	1.938e+02
5.060e+04	4.794e+02	4.644e+02	4.863e+02	8.178e+01	5.286e+01	1.938e+02
5.070e+04	4.794e+02	4.644e+02	4.863e+02	8.178e+01	5.286e+01	1.938e+02
5.080e+04	4.794e+02	4.644e+02	4.863e+02	8.178e+01	5.286e+01	1.938e+02
5.090e+04	4.794e+02	4.644e+02	4.863e+02	8.178e+01	5.286e+01	1.938e+02
5.100e+04	4.794e+02	4.644e+02	4.863e+02	8.178e+01	5.286e+01	1.938e+02
5.110e+04	4.794e+02	4.644e+02	4.863e+02	8.178e+01	5.286e+01	1.938e+02
5.120e+04	4.794e+02	4.644e+02	4.863e+02	8.178e+01	5.286e+01	1.938e+02
5.130e+04	4.794e+02	4.644e+02	4.863e+02	8.178e+01	5.286e+01	1.938e+02
5.140e+04	4.794e+02	4.644e+02	4.863e+02	8.178e+01	5.286e+01	1.938e+02
5.150e+04	4.794e+02	4.644e+02	4.863e+02	8.178e+01	5.286e+01	1.948e+02
5.160e+04	4.794e+02	4.644e+02	4.863e+02	8.178e+01	5.286e+01	1.948e+02
5.170e+04	4.794e+02	4.644e+02	4.863e+02	8.178e+01	5.286e+01	1.948e+02
5.180e+04	4.794e+02	4.644e+02	4.863e+02	8.178e+01	5.286e+01	1.948e+02
5.190e+04	4.794e+02	4.644e+02	4.863e+02	8.178e+01	5.286e+01	1.948e+02
5.200e+04	4.794e+02	4.644e+02	4.863e+02	8.178e+01	5.286e+01	1.948e+02
5.210e+04	4.794e+02	4.644e+02	4.863e+02	8.178e+01	5.286e+01	1.948e+02
5.220e+04	4.794e+02	4.644e+02	4.863e+02	8.178e+01	5.286e+01	1.948e+02
5.230e+04	4.794e+02	4.644e+02	4.863e+02	8.178e+01	5.286e+01	1.948e+02
5.240e+04	4.794e+02	4.644e+02	4.863e+02	8.178e+01	5.286e+01	1.948e+02
5.250e+04	4.794e+02	4.644e+02	4.863e+02	8.178e+01	5.286e+01	1.948e+02
5.260e+04	4.794e+02	4.644e+02	4.863e+02	8.178e+01	5.286e+01	1.948e+02
5.270e+04	4.794e+02	4.644e+02	4.863e+02	8.178e+01	5.286e+01	1.948e+02
5.280e+04	4.794e+02	4.644e+02	4.863e+02	8.178e+01	5.286e+01	1.948e+02
5.290e+04	4.794e+02	4.644e+02	4.863e+02	8.178e+01	5.286e+01	1.948e+02
5.300e+04	4.794e+02	4.644e+02	4.863e+02	8.178e+01	5.286e+01	1.948e+02
5.310e+04	4.794e+02	4.644e+02	4.863e+02	8.178e+01	5.286e+01	1.948e+02
5.320e+04	4.794e+02	4.644e+02	4.863e+02	8.178e+01	5.286e+01	1.948e+02
5.330e+04	4.794e+02	4.644e+02	4.863e+02	8.178e+01	5.286e+01	1.948e+02
5.340e+04	4.794e+02	4.644e+02	4.863e+02	8.178e+01	5.286e+01	1.948e+02
5.350e+04	4.794e+02	4.644e+02	4.863e+02	8.178e+01	5.286e+01	1.948e+02
5.360e+04	4.794e+02	4.644e+02	4.863e+02	8.178e+01	5.286e+01	1.948e+02
5.370e+04	4.794e+02	4.644e+02	4.863e+02	8.178e+01	5.286e+01	1.948e+02
5.380e+04	4.794e+02	4.644e+02	4.863e+02	8.178e+01	5.286e+01	1.948e+02
5.390e+04	4.794e+02	4.644e+02	4.863e+02	8.178e+01	5.286e+01	1.948e+02
5.400e+04	4.794e+02	4.644e+02	4.863e+02	8.178e+01	5.286e+01	1.948e+02
5.410e+04	4.794e+02	4.644e+02	4.863e+02	8.178e+01	5.286e+01	1.948e+02
5.420e+04	4.794e+02	4.644e+02	4.863e+02	8.178e+01	5.286e+01	1.948e+02
5.430e+04	4.794e+02	4.644e+02	4.863e+02	8.178e+01	5.286e+01	1.948e+02
5.440e+04	4.794e+02	4.644e+02	4.863e+02	8.178e+01	5.286e+01	1.948e+02
5.450e+04	4.794e+02	4.644e+02	4.863e+02	8.178e+01	5.286e+01	1.948e+02
5.460e+04	4.794e+02	4.644e+02	4.863e+02	8.178e+01	5.286e+01	1.948e+02
5.470e+04	4.794e+02	4.644e+02	4.863e+02	8.178e+01	5.286e+01	1.948e+02
5.480e+04	4.794e+02	4.644e+02	4.863e+02	8.178e+01	5.286e+01	1.948e+02
5.490e+04	4.794e+02	4.644e+02	4.863e+02	8.178e+01	5.286e+01	1.948e+02
5.500e+04	4.794e+02	4.644e+02	4.863e+02	8.178e+01	5.286e+01	1.948e+02
5.510e+04	4.794e+02	4.644e+02	4.863e+02	8.178e+01	5.286e+01	1.948e+02
5.520e+04	4.794e+02	4.644e+02	4.863e+02	8.178e+01	5.286e+01	1.948e+02
5.530e+04	4.794e+02	4.644e+02	4.863e+02	8.178e+01	5.286e+01	1.948e+02
5.540e+04	4.794e+02	4.644e+02	4.863e+02	8.178e+01	5.286e+01	1.948e+02
5.550e+04	4.794e+02	4.644e+02	4.863e+02	8.178e+01	5.286e+01	1.948e+02
5.560e+04	4.794e+02	4.644e+02	4.863e+02	8.178e+01	5.286e+01	1.948e+02
5.570e+04	4.794e+02	4.644e+02	4.863e+02	8.178e+01	5.286e+01	1.948e+02
5.580e+04	4.794e+02	4.644e+02	4.863e+02	8.178e+01	5.286e+01	1.948e+02
5.590e+04	4.794e+02	4.644e+02	4.863e+02	8.178e+01	5.286e+01	1.948e+02
5.600e+04	4.794e+02	4.644e+02	4.863e+02	8.178e+01	5.286e+01	1.948e+02
5.610e+04	4.794e+02	4.644e+02	4.863e+02	8.178e+01	5.286e+01	1.948e+02
5.620e+04	4.794e+02	4.644e+02	4.863e+02	8.178e+01	5.286e+01	1.948e+02
5.630e+04	4.794e+02	4.644e+02	4.863e+02	8.178e+01	5.286e+01	1.948e+02
5.640e+04	4.794e+02	4.644e+02	4.863e+02	8.178e+01	5.286e+01	1.948e+02
5.650e+04	4.794e+02	4.644e+02	4.863e+02	8.178e+01	5.286e+01	1.948e+02
5.660e+04	4.794e+02	4.644e+02	4.863e+02	8.178e+01	5.286e+01	1.948e+02
5.670e+04	4.794e+02	4.644e+02	4.863e+02	8.178e+01	5.286e+01	1.948e+02
5.680e+04	4.794e+02	4.644e+02	4.863e+02	8.178e+01	5.286e+01	1.948e+02
5.690e+04	4.794e+02	4.644e+02	4.863e+02	8.178e+01	5.286e+01	1.948e+02
5.700e+04	4.794e+02	4.644e+02	4.863e+02	8.178e+01	5.286e+01	1.948e+02
5.710e+04	4.794e+02	4.644e+02	4.863e+02	8.178e+01	5.286e+01	1.948e+02
5.720e+04	4.794e+02	4.644e+02	4.863e+02	8.178e+01	5.286e+01	1.948e+02
5.730e+04	4.794e+02	4.644e+02	4.863e+02	8.178e+01	5.286e+01	1.948e+02
5.740e+04	4.794e+02	4.644e+02	4.863e+02	8.178e+01	5.286e+01	1.948e+02
5.750e+04	4.794e+02	4.644e+02	4.863e+02	8.178e+01	5.286e+01	1.948e+02
5.760e+04	4.794e+02	4.644e+02	4.863e+02	8.178e+01	5.286e+01	1.948e+02
5.770e+04	4.794e+02	4.644e+02	4.863e+02	8.178e+01	5.286e+01	1.948e+02
5.780e+04	4.794e+02	4.644e+02	4.863e+02	8.178e+01	5.286e+01	1.948e+02
5.790e+04	4.794e+02	4.644e+02	4.863e+02	8.178e+01	5.286e+01	1.948e+02
5.800e+04	4.794e+02	4.644e+02	4.863e+02	8.178e+01	5.286e+01	1.948e+02
5.810e+04	4.794e+02	4.644e+02	4.863e+02	8.178e+01	5.286e+01	1.948e+02
5.820e+04	4.794e+02	4.644e+02	4.863e+02	8.178e+01	5.286e+01	1.948e+02
5.830e+04	4.794e+02	4.644e+02	4.863e+02	8.178e+01	5.286e+01	1.948e+02
5.840e+04	4.794e+02	4.644e+02	4.863e+02	8.178e+01	5.286e+01	1.948e+02
5.850e+04	4.794e+02	4.644e+02	4.863e+02	8.178e+01	7.308e+01	1.948e+02
5.860e+04	4.794e+02	4.644e+02	4.863e+02	8.178e+01	7.308e+01	1.948e+02
5.870e+04	4.794e+02	4.644e+02	4.863e+02	8.178e+01	7.308e+01	1.948e+02
5.880e+04	4.794e+02	4.644e+02	4.863e+02	8.178e+01	7.308e+01	1.948e+02
5.890e+04	4.794e+02	4.644e+02	4.863e+02	8.178e+01	7.308e+01	1.948e+02
5.900e+04	4.794e+02	4.644e+02	4.863e+02	8.178e+01	7.308e+01	1.948e+02
5.910e+04	4.794e+02	4.644e+02	4.863e+02	9.187e+01	7.754e+01	1.948e+02
5.920e+04	4.794e+02	4.644e+02	4.863e+02	9.187e+01	7.754e+01	1.948e+02
5.930e+04	4.794e+02	4.644e+02	4.863e+02	9.187e+01	7.754e+01	1.948e+02
5.940e+04	4.794e+02	4.644e+02	4.863e+02	9.187e+01	7.754e+01	1.948e+02
5.950e+04	4.794e+02	4.644e+02	4.863e+02	1.199e+02	7.754e+01	1.948e+02
5.960e+04	4.794e+02	4.644e+02	4.863e+02	1.199e+02	7.754e+01	1.948e+02
5.970e+04	4.794e+02	4.644e+02	4.863e+02	1.199e+02	7.754e+01	1.948e+02
5.980e+04	4.794e+02	4.644e+02	4.863e+02	1.199e+02	7.754e+01	1.948e+02
5.990e+04	4.794e+02	4.644e+02	4.863e+02	1.199e+02	7.754e+01	1.948e+02
6.000e+04	4.794e+02	4.644e+02	4.863e+02	1.199e+02	7.754e+01	1.948e+02
6.010e+04	4.794e+02	4.644e+02	4.863e+02	1.433e+02	7.754e+01	1.948e+02
6.020e+04	4.794e+02	4.644e+02	4.863e+02	1.433e+02	7.754e+01	1.948e+02
6.030e+04	4.794e+02	4.644e+02	4.863e+02	1.433e+02	7.754e+01	1.948e+02
6.040e+04	4.794e+02	4.644e+02	4.863e+02	1.433e+02	7.754e+01	1.948e+02
6.050e+04	4.794e+02	4.644e+02	4.863e+02	1.433e+02	7.754e+01	1.948e+02
6.060e+04	4.794e+02	4.644e+02	4.863e+02	1.510e+02	7.754e+01	1.948e+02
6.070e+04	4.794e+02	4.644e+02	4.863e+02	1.510e+02	7.754e+01	1.948e+02
6.080e+04	4.794e+02	4.644e+02	4.863e+02	1.510e+02	7.754e+01	1.948e+02
6.090e+04	4.794e+02	4.644e+02	4.863e+02	1.510e+02	7.754e+01	1.948e+02
6.100e+04	4.794e+02	4.644e+02	4.863e+02	1.510e+02	7.754e+01	1.948e+02
6.110e+04	4.794e+02	4.644e+02	4.863e+02	1.510e+02	7.754e+01	1.948e+02
6.120e+04	4.794e+02	4.644e+02	4.863e+02	1.510e+02	7.754e+01	1.948e+02
6.130e+04	4.794e+02	4.644e+02	4.863e+02	1.510e+02	7.754e+01	1.948e+02
6.140e+04	4.794e+02	4.644e+02	4.863e+02	1.510e+02	7.754e+01	1.948e+02
6.150e+04	4.794e+02	4.644e+02	4.863e+02	1.510e+02	7.754e+01	1.948e+02
6.160e+04	4.794e+02	4.644e+02	4.863e+02	1.510e+02	7.754e+01	1.948e+02
6.170e+04	4.794e+02	4.644e+02	4.863e+02	1.510e+02	7.754e+01	1.948e+02
6.180e+04	4.794e+02	4.644e+02	4.863e+02	1.510e+02	7.754e+01	1.948e+02
6.190e+04	4.794e+02	4.644e+02	4.863e+02	1.510e+02	7.754e+01	1.948e+02
6.200e+04	4.794e+02	4.644e+02	4.863e+02	1.510e+02	7.754e+01	2.002e+02
6.210e+04	4.794e+02	4.644e+02	4.863e+02	1.510e+02	7.754e+01	2.002e+02
6.220e+04	4.794e+02	4.644e+02	4.863e+02	1.510e+02	7.754e+01	2.002e+02
6.230e+04	4.794e+02	4.644e+02	4.863e+02	1.510e+02	7.754e+01	2.002e+02
6.240e+04	4.794e+02	4.644e+02	4.863e+02	1.510e+02	7.754e+01	2.002e+02
6.250e+04	4.816e+02	4.644e+02	4.940e+02	1.510e+02	7.754e+01	2.002e+02
6.260e+04	4.816e+02	4.644e+02	4.940e+02	1.510e+02	7.754e+01	2.002e+02
6.270e+04	4.816e+02	4.644e+02	4.940e+02	1.510e+02	7.754e+01	2.002e+02
6.280e+04	4.816e+02	4.644e+02	4.940e+02	1.510e+02	7.754e+01	2.002e+02
6.290e+04	4.816e+02	4.644e+02	4.940e+02	1.510e+02	7.754e+01	2.002e+02
6.300e+04	4.816e+02	4.644e+02	4.940e+02	1.510e+02	7.754e+01	2.002e+02
6.310e+04	4.816e+02	4.644e+02	4.940e+02	1.510e+02	7.754e+01	2.002e+02
6.320e+04	4.816e+02	4.644e+02	4.940e+02	1.510e+02	7.754e+01	2.002e+02
6.330e+04	4.816e+02	4.644e+02	4.940e+02	1.510e+02	7.754e+01	2.002e+02
6.340e+04	4.816e+02	4.644e+02	4.940e+02	1.510e+02	7.754e+01	2.002e+02
6.350e+04	4.816e+02	4.644e+02	4.940e+02	1.510e+02	7.754e+01	2.002e+02
6.360e+04	4.816e+02	4.644e+02	4.940e+02	1.510e+02	7.754e+01	2.002e+02
6.370e+04	4.816e+02	4.644e+02	4.940e+02	1.510e+02	7.754e+01	2.002e+02
6.380e+04	4.816e+02	4.644e+02	4.940e+02	1.510e+02	7.754e+01	2.002e+02
6.390e+04	4.816e+02	4.644e+02	4.940e+02	1.510e+02	7.754e+01	2.002e+02
6.400e+04	4.816e+02	4.644e+02	4.940e+02	1.510e+02	7.754e+01	2.002e+02
6.410e+04	4.816e+02	4.644e+02	4.940e+02	1.510e+02	7.754e+01	2.002e+02
6.420e+04	4.816e+02	4.644e+02	4.940e+02	1.510e+02	7.754e+01	2.276e+02
6.430e+04	4.816e+02	4.644e+02	4.940e+02	1.510e+02	7.754e+01	2.276e+02
6.440e+04	4.816e+02	4.644e+02	4.940e+02	1.510e+02	7.754e+01	2.276e+02
6.450e+04	4.816e+02	4.644e+02	4.940e+02	1.510e+02	7.754e+01	2.278e+02
6.460e+04	4.816e+02	4.644e+02	4.940e+02	1.510e+02	7.754e+01	2.278e+02
6.470e+04	4.816e+02	4.644e+02	4.940e+02	1.510e+02	7.754e+01	2.278e+02
6.480e+04	4.816e+02	4.644e+02	5.006e+02	1.510e+02	7.754e+01	2.278e+02
6.490e+04	4.816e+02	4.664e+02	5.006e+02	1.510e+02	7.754e+01	2.278e+02
6.500e+04	4.816e+02	4.664e+02	5.006e+02	1.510e+02	7.754e+01	2.278e+02
6.510e+04	4.816e+02	4.664e+02	5.006e+02	1.510e+02	7.754e+01	2.278e+02
6.520e+04	4.816e+02	4.664e+02	5.006e+02	1.510e+02	7.754e+01	2.278e+02
6.530e+04	4.816e+02	4.664e+02	5.006e+02	1.510e+02	7.754e+01	2.278e+02
6.540e+04	4.816e+02	4.664e+02	5.006e+02	1.510e+02	7.754e+01	2.278e+02
6.550e+04	4.816e+02	4.664e+02	5.006e+02	1.510e+02	7.754e+01	2.278e+02
6.560e+04	4.816e+02	4.664e+02	5.006e+02	1.510e+02	7.754e+01	2.278e+02
6.570e+04	4.816e+02	4.664e+02	5.006e+02	1.510e+02	7.754e+01	2.278e+02
6.580e+04	4.816e+02	4.664e+02	5.006e+02	1.510e+02	7.754e+01	2.278e+02
6.590e+04	4.816e+02	4.664e+02	5.006e+02	1.510e+02	7.754e+01	2.278e+02
6.600e+04	4.816e+02	4.664e+02	5.006e+02	1.510e+02	7.754e+01	2.278e+02
6.610e+04	4.816e+02	4.664e+02	5.006e+02	1.510e+02	7.754e+01	2.278e+02
6.620e+04	4.816e+02	4.664e+02	5.006e+02	1.510e+02	7.754e+01	2.278e+02
6.630e+04	4.816e+02	4.664e+02	5.006e+02	1.510e+02	7.754e+01	2.278e+02
6.640e+04	4.816e+02	4.664e+02	5.006e+02	1.510e+02	7.754e+01	2.278e+02
6.650e+04	4.816e+02	4.664e+02	5.006e+02	1.510e+02	7.754e+01	2.278e+02
6.660e+04	4.816e+02	4.664e+02	5.006e+02	1.510e+02	7.754e+01	2.278e+02
6.670e+04	4.816e+02	4.664e+02	5.006e+02	1.510e+02	7.754e+01	2.278e+02
6.680e+04	4.816e+02	4.664e+02	5.006e+02	1.510e+02	7.754e+01	2.278e+02
6.690e+04	4.816e+02	4.664e+02	5.006e+02	1.510e+02	7.754e+01	2.278e+02
6.700e+04	4.816e+02	4.664e+02	5.006e+02	1.510e+02	7.754e+01	2.278e+02
6.710e+04	4.816e+02	4.664e+02	5.006e+02	1.510e+02	7.754e+01	2.278e+02
6.720e+04	4.816e+02	4.664e+02	5.006e+02	1.510e+02	7.754e+01	2.278e+02
6.730e+04	4.816e+02	4.664e+02	5.006e+02	1.510e+02	7.754e+01	2.278e+02
6.740e+04	4.816e+02	4.664e+02	5.006e+02	1.510e+02	7.754e+01	2.278e+02
6.750e+04	4.816e+02	4.664e+02	5.006e+02	1.510e+02	7.754e+01	2.278e+02
6.760e+04	4.816e+02	4.664e+02	5.006e+02	1.510e+02	7.754e+01	2.278e+02
6.770e+04	4.816e+02	4.664e+02	5.006e+02	1.510e+02	7.754e+01	2.278e+02
6.780e+04	4.816e+02	4.664e+02	5.006e+02	1.510e+02	7.754e+01	2.278e+02
6.790e+04	4.816e+02	4.664e+02	5.006e+02	1.510e+02	7.754e+01	2.278e+02
6.800e+04	4.816e+02	4.664e+02	5.006e+02	1.510e+02	7.754e+01	2.278e+02
6.810e+04	4.816e+02	4.664e+02	5.006e+02	1.510e+02	7.754e+01	2.278e+02
6.820e+04	4.816e+02	4.664e+02	5.006e+02	1.510e+02	7.754e+01	2.278e+02
6.830e+04	4.816e+02	4.664e+02	5.006e+02	1.510e+02	7.754e+01	2.278e+02
6.840e+04	4.816e+02	4.664e+02	5.006e+02	1.510e+02	7.754e+01	2.278e+02
6.850e+04	4.816e+02	4.664e+02	5.006e+02	1.510e+02	7.754e+01	2.278e+02
6.860e+04	4.816e+02	4.664e+02	5.006e+02	1.510e+02	7.754e+01	2.278e+02
6.870e+04	4.816e+02	4.664e+02	5.006e+02	1.510e+02	7.754e+01	2.278e+02
6.880e+04	4.816e+02	4.664e+02	5.006e+02	1.510e+02	7.754e+01	2.278e+02
6.890e+04	4.816e+02	4.664e+02	5.006e+02	1.510e+02	7.754e+01	2.278e+02
6.900e+04	4.816e+02	4.664e+02	5.006e+02	1.510e+02	7.754e+01	2.278e+02
6.910e+04	4.816e+02	4.664e+02	5.006e+02	1.510e+02	7.754e+01	2.563e+02
6.920e+04	4.816e+02	4.664e+02	5.006e+02	1.510e+02	7.754e+01	2.563e+02
6.930e+04	4.816e+02	4.664e+02	5.006e+02	1.510e+02	7.754e+01	2.563e+02
6.940e+04	4.816e+02	4.664e+02	5.006e+02	1.510e+02	7.754e+01	2.563e+02
6.950e+04	4.816e+02	4.664e+02	5.006e+02	1.510e+02	7.754e+01	2.563e+02
6.960e+04	4.816e+02	4.664e+02	5.006e+02	1.510e+02	7.754e+01	2.563e+02
6.970e+04	4.816e+02	4.664e+02	5.006e+02	1.510e+02	7.754e+01	2.563e+02
6.980e+04	4.816e+02	4.664e+02	5.006e+02	1.510e+02	7.754e+01	2.563e+02
6.990e+04	4.816e+02	4.664e+02	5.006e+02	1.510e+02	7.754e+01	2.563e+02
7.000e+04	4.816e+02	4.664e+02	5.006e+02	1.510e+02	7.754e+01	2.563e+02
7.010e+04	4.816e+02	4.664e+02	5.006e+02	1.510e+02	7.754e+01	2.563e+02
7.020e+04	4.816e+02	4.664e+02	5.006e+02	1.510e+02	7.754e+01	2.563e+02
7.030e+04	4.816e+02	4.664e+02	5.006e+02	1.510e+02	7.754e+01	2.563e+02
7.040e+04	4.816e+02	4.664e+02	5.006e+02	1.510e+02	7.754e+01	2.563e+02
7.050e+04	4.816e+02	4.664e+02	5.006e+02	1.510e+02	7.754e+01	2.563e+02
7.060e+04	4.816e+02	4.664e+02	5.006e+02	1.510e+02	7.754e+01	2.563e+02
7.070e+04	4.816e+02	4.664e+02	5.006e+02	1.510e+02	7.754e+01	2.563e+02
7.080e+04	4.816e+02	4.664e+02	5.006e+02	1.510e+02	7.754e+01	2.563e+02
7.090e+04	4.816e+02	4.664e+02	5.006e+02	1.510e+02	7.754e+01	2.563e+02
7.100e+04	4.816e+02	4.664e+02	5.006e+02	1.510e+02	7.754e+01	2.563e+02
7.110e+04	4.816e+02	4.664e+02	5.006e+02	1.510e+02	7.754e+01	2.563e+02
7.120e+04	4.816e+02	4.664e+02	5.006e+02	1.510e+02	7.754e+01	2.563e+02
7.130e+04	4.816e+02	4.664e+02	5.006e+02	1.510e+02	7.754e+01	2.563e+02
7.140e+04	4.816e+02	4.664e+02	5.006e+02	1.510e+02	7.754e+01	2.563e+02
7.150e+04	4.816e+02	4.664e+02	5.006e+02	1.510e+02	7.754e+01	2.563e+02
7.160e+04	4.816e+02	4.664e+02	5.006e+02	1.510e+02	7.754e+01	2.563e+02
7.170e+04	4.816e+02	4.664e+02	5.006e+02	1.510e+02	7.754e+01	2.563e+02
7.180e+04	4.816e+02	4.664e+02	5.006e+02	1.510e+02	7.754e+01	2.563e+02
7.190e+04	4.816e+02	4.664e+02	5.006e+02	1.510e+02	7.754e+01	2.563e+02
7.200e+04	4.816e+02	4.664e+02	5.006e+02	1.510e+02	7.754e+01	2.563e+02
7.210e+04	4.816e+02	4.664e+02	5.006e+02	1.510e+02	7.754e+01	2.563e+02
7.220e+04	4.816e+02	4.664e+02	5.006e+02	1.510e+02	7.754e+01	2.563e+02
7.230e+04	4.816e+02	4.664e+02	5.006e+02	1.510e+02	7.754e+01	2.563e+02
7.240e+04	4.816e+02	4.664e+02	5.006e+02	1.510e+02	7.754e+01	2.563e+02
7.250e+04	4.816e+02	4.664e+02	5.006e+02	1.510e+02	7.754e+01	2.563e+02
7.260e+04	4.816e+02	4.664e+02	5.006e+02	1.510e+02	7.754e+01	2.563e+02
7.270e+04	4.816e+02	4.664e+02	5.006e+02	1.510e+02	7.754e+01	2.563e+02
7.280e+04	4.816e+02	4.664e+02	5.006e+02	1.510e+02	7.754e+01	2.563e+02
7.290e+04	4.816e+02	4.664e+02	5.006e+02	1.510e+02	7.754e+01	2.563e+02
7.300e+04	4.816e+02	4.664e+02	5.006e+02	1.510e+02	7.754e+01	2.563e+02
7.310e+04	4.816e+02	4.664e+02	5.006e+02	1.510e+02	7.754e+01	2.563e+02
7.320e+04	4.816e+02	4.664e+02	5.006e+02	1.510e+02	7.754e+01	2.563e+02
7.330e+04	4.816e+02	4.664e+02	5.006e+02	1.510e+02	7.754e+01	2.563e+02
7.340e+04	4.816e+02	4.664e+02	5.006e+02	1.510e+02	7.754e+01	2.563e+02
7.350e+04	4.816e+02	4.664e+02	5.006e+02	1.510e+02	7.754e+01	2.563e+02
7.360e+04	4.816e+02	4.664e+02	5.006e+02	1.510e+02	7.754e+01	2.563e+02
7.370e+04	4.816e+02	4.664e+02	5.006e+02	1.510e+02	7.754e+01	2.563e+02
7.380e+04	4.816e+02	4.664e+02	5.006e+02	1.510e+02	7.754e+01	2.891e+02
7.390e+04	4.816e+02	4.664e+02	5.006e+02	1.510e+02	7.754e+01	2.891e+02
7.400e+04	4.816e+02	4.664e+02	5.006e+02	1.510e+02	7.754e+01	2.891e+02
7.410e+04	4.816e+02	4.664e+02	5.006e+02	1.510e+02	7.754e+01	2.891e+02
7.420e+04	4.816e+02	4.664e+02	5.006e+02	1.510e+02	7.754e+01	2.891e+02
7.430e+04	4.816e+02	4.664e+02	5.006e+02	1.510e+02	7.754e+01	2.891e+02
7.440e+04	4.816e+02	4.664e+02	5.006e+02	1.510e+02	7.754e+01	2.891e+02
7.450e+04	4.816e+02	4.664e+02	5.006e+02	1.510e+02	7.754e+01	2.891e+02
7.460e+04	4.816e+02	4.664e+02	5.006e+02	1.510e+02	7.754e+01	2.891e+02
7.470e+04	4.816e+02	4.664e+02	5.006e+02	1.510e+02	7.754e+01	2.891e+02
7.480e+04	4.816e+02	4.664e+02	5.006e+02	1.510e+02	7.754e+01	2.891e+02
7.490e+04	4.816e+02	4.664e+02	5.006e+02	1.510e+02	7.754e+01	2.891e+02
7.500e+04	4.816e+02	4.664e+02	5.006e+02	1.510e+02	7.754e+01	2.891e+02
7.510e+04	4.816e+02	4.664e+02	5.006e+02	1.510e+02	7.754e+01	2.891e+02
7.520e+04	4.816e+02	4.664e+02	5.006e+02	1.510e+02	7.754e+01	2.891e+02
7.530e+04	4.816e+02	4.664e+02	5.006e+02	1.510e+02	7.754e+01	2.891e+02
7.540e+04	4.816e+02	4.664e+02	5.006e+02	1.510e+02	7.754e+01	2.891e+02
7.550e+04	4.816e+02	4.664e+02	5.006e+02	1.510e+02	7.754e+01	2.891e+02
7.560e+04	4.816e+02	4.664e+02	5.006e+02	1.510e+02	7.754e+01	2.891e+02
7.570e+04	4.816e+02	4.664e+02	5.006e+02	1.510e+02	7.754e+01	2.891e+02
7.580e+04	4.816e+02	4.664e+02	5.006e+02	1.510e+02	7.754e+01	2.891e+02
7.590e+04	4.816e+02	4.664e+02	5.006e+02	1.510e+02	7.754e+01	2.891e+02
7.600e+04	4.816e+02	4.664e+02	5.006e+02	1.510e+02	7.754e+01	2.891e+02
7.610e+04	4.816e+02	4.664e+02	5.006e+02	1.510e+02	7.754e+01	2.891e+02
7.620e+04	4.816e+02	4.664e+02	5.006e+02	1.510e+02	7.754e+01	2.891e+02
7.630e+04	4.816e+02	4.664e+02	5.006e+02	1.510e+02	7.754e+01	2.891e+02
7.640e+04	4.816e+02	4.664e+02	5.006e+02	1.510e+02	7.754e+01	2.891e+02
7.650e+04	4.816e+02	4.664e+02	5.006e+02	1.510e+02	7.754e+01	2.891e+02
7.660e+04	4.816e+02	4.664e+02	5.006e+02	1.510e+02	7.754e+01	2.891e+02
7.670e+04	4.816e+02	4.664e+02	5.006e+02	1.510e+02	7.754e+01	2.891e+02
7.680e+04	4.816e+02	4.664e+02	5.006e+02	1.510e+02	7.754e+01	2.891e+02
7.690e+04	4.816e+02	4.664e+02	5.006e+02	1.510e+02	7.754e+01	2.891e+02
7.700e+04	4.816e+02	4.664e+02	5.006e+02	1.510e+02	7.754e+01	2.891e+02
7.710e+04	4.816e+02	4.664e+02	5.006e+02	1.510e+02	7.754e+01	2.891e+02
7.720e+04	4.816e+02	4.664e+02	5.006e+02	1.510e+02	7.754e+01	2.891e+02
7.730e+04	4.816e+02	4.664e+02	5.006e+02	1.510e+02	7.754e+01	2.891e+02
7.740e+04	4.816e+02	4.664e+02	5.006e+02	1.510e+02	7.754e+01	2.891e+02
7.750e+04	4.816e+02	4.664e+02	5.006e+02	1.510e+02	7.754e+01	2.891e+02
7.760e+04	4.816e+02	4.664e+02	5.006e+02	1.510e+02	7.754e+01	2.891e+02
7.770e+04	4.816e+02	4.664e+02	5.006e+02	1.510e+02	7.754e+01	2.891e+02
7.780e+04	4.816e+02	4.664e+02	5.006e+02	1.510e+02	7.754e+01	2.891e+02
7.790e+04	4.816e+02	4.664e+02	5.006e+02	1.510e+02	7.754e+01	2.891e+02
7.800e+04	4.816e+02	4.664e+02	5.006e+02	1.510e+02	7.754e+01	2.891e+02
7.810e+04	4.816e+02	4.664e+02	5.006e+02	1.510e+02	7.754e+01	2.891e+02
7.820e+04	4.816e+02	4.664e+02	5.006e+02	1.510e+02	7.754e+01	2.891e+02
7.830e+04	4.816e+02	4.664e+02	5.006e+02	1.510e+02	7.754e+01	2.891e+02
7.840e+04	4.816e+02	4.664e+02	5.006e+02	1.510e+02	7.754e+01	2.891e+02
7.850e+04	4.816e+02	4.664e+02	5.006e+02	1.510e+02	7.754e+01	2.891e+02
7.860e+04	4.816e+02	4.664e+02	5.006e+02	1.510e+02	7.754e+01	2.891e+02
7.870e+04	4.816e+02	4.664e+02	5.006e+02	1.510e+02	7.754e+01	2.891e+02
7.880e+04	4.816e+02	4.664e+02	5.006e+02	1.510e+02	7.754e+01	2.891e+02
7.890e+04	4.816e+02	4.664e+02	5.006e+02	1.510e+02	7.754e+01	2.891e+02
7.900e+04	4.816e+02	4.664e+02	5.006e+02	1.510e+02	7.754e+01	2.891e+02
7.910e+04	4.816e+02	4.664e+02	5.006e+02	1.510e+02	7.754e+01	2.891e+02
7.920e+04	4.816e+02	4.664e+02	5.006e+02	1.510e+02	7.754e+01	2.891e+02
7.930e+04	4.816e+02	4.664e+02	5.006e+02	1.510e+02	7.754e+01	2.891e+02
7.940e+04	4.816e+02	4.664e+02	5.006e+02	1.510e+02	7.754e+01	2.891e+02
7.950e+04	4.816e+02	4.694e+02	5.006e+02	1.510e+02	7.754e+01	2.891e+02
7.960e+04	4.816e+02	4.694e+02	5.006e+02	1.510e+02	7.754e+01	2.891e+02
7.970e+04	4.816e+02	4.694e+02	5.006e+02	1.510e+02	7.754e+01	2.891e+02
7.980e+04	4.816e+02	4.694e+02	5.006e+02	1.510e+02	7.754e+01	2.891e+02
7.990e+04	4.816e+02	4.694e+02	5.006e+02	1.510e+02	7.754e+01	2.891e+02
8.000e+04	4.816e+02	4.694e+02	5.006e+02	1.510e+02	7.754e+01	2.891e+02
8.010e+04	4.816e+02	4.694e+02	5.006e+02	1.510e+02	7.754e+01	2.891e+02
8.020e+04	4.816e+02	4.694e+02	5.006e+02	1.510e+02	7.754e+01	2.891e+02
8.030e+04	4.816e+02	4.694e+02	5.006e+02	1.510e+02	7.754e+01	2.891e+02
8.040e+04	4.816e+02	4.694e+02	5.006e+02	1.510e+02	7.754e+01	2.891e+02
8.050e+04	4.816e+02	4.694e+02	5.006e+02	1.510e+02	7.754e+01	2.891e+02
8.060e+04	4.816e+02	4.694e+02	5.006e+02	1.510e+02	7.754e+01	2.891e+02
8.070e+04	4.816e+02	4.694e+02	5.006e+02	1.510e+02	7.754e+01	2.891e+02
8.080e+04	4.816e+02	4.694e+02	5.006e+02	1.510e+02	7.754e+01	2.891e+02
8.090e+04	4.816e+02	4.694e+02	5.006e+02	1.510e+02	7.754e+01	2.891e+02
8.100e+04	4.816e+02	4.694e+02	5.006e+02	1.510e+02	7.754e+01	2.891e+02
8.110e+04	4.948e+02	4.694e+02	5.006e+02	1.510e+02	7.754e+01	2.891e+02
8.120e+04	4.948e+02	4.694e+02	5.006e+02	1.510e+02	7.754e+01	2.891e+02
8.130e+04	4.948e+02	4.694e+02	5.006e+02	1.510e+02	7.754e+01	2.891e+02
8.140e+04	4.948e+02	4.694e+02	5.006e+02	1.510e+02	7.754e+01	2.891e+02
8.150e+04	4.948e+02	4.694e+02	5.006e+02	1.510e+02	7.754e+01	2.891e+02
8.160e+04	4.948e+02	4.694e+02	5.006e+02	1.510e+02	7.754e+01	2.891e+02
8.170e+04	4.948e+02	4.694e+02	5.006e+02	1.510e+02	7.754e+01	2.891e+02
8.180e+04	4.948e+02	4.694e+02	5.006e+02	1.510e+02	7.754e+01	2.891e+02
8.190e+04	4.948e+02	4.694e+02	5.006e+02	1.510e+02	7.754e+01	2.891e+02
8.200e+04	4.948e+02	4.694e+02	5.006e+02	1.510e+02	7.754e+01	2.891e+02
8.210e+04	4.948e+02	4.694e+02	5.006e+02	1.510e+02	7.754e+01	2.891e+02
8.220e+04	4.948e+02	4.694e+02	5.006e+02	1.510e+02	7.754e+01	2.891e+02
8.230e+04	4.948e+02	4.694e+02	5.006e+02	1.510e+02	7.754e+01	2.891e+02
8.240e+04	4.948e+02	4.694e+02	5.006e+02	1.510e+02	7.754e+01	2.891e+02
8.250e+04	4.948e+02	4.694e+02	5.006e+02	1.510e+02	7.754e+01	2.891e+02
8.260e+04	4.948e+02	4.694e+02	5.006e+02	1.510e+02	7.754e+01	2.891e+02
8.270e+04	4.948e+02	4.694e+02	5.006e+02	1.510e+02	7.754e+01	2.891e+02
8.280e+04	4.948e+02	4.694e+02	5.006e+02	1.514e+02	7.754e+01	2.891e+02
8.290e+04	4.948e+02	4.694e+02	5.006e+02	1.514e+02	7.754e+01	2.891e+02
8.300e+04	4.948e+02	4.694e+02	5.006e+02	1.514e+02	7.754e+01	2.891e+02
8.310e+04	4.948e+02	4.694e+02	5.006e+02	1.514e+02	7.754e+01	2.891e+02
8.320e+04	4.948e+02	4.694e+02	5.006e+02	1.514e+02	7.905e+01	2.891e+02
8.330e+04	4.948e+02	4.694e+02	5.006e+02	1.514e+02	7.905e+01	2.891e+02
8.340e+04	4.948e+02	4.694e+02	5.006e+02	1.514e+02	7.905e+01	2.891e+02
8.350e+04	4.948e+02	4.694e+02	5.006e+02	1.514e+02	7.905e+01	2.891e+02
8.360e+04	4.948e+02	4.694e+02	5.006e+02	1.514e+02	7.905e+01	2.891e+02
8.370e+04	4.948e+02	4.694e+02	5.006e+02	1.514e+02	7.905e+01	2.891e+02
8.380e+04	4.948e+02	4.694e+02	5.006e+02	1.514e+02	7.905e+01	2.891e+02
8.390e+04	4.948e+02	4.694e+02	5.006e+02	1.514e+02	7.905e+01	2.891e+02
8.400e+04	4.948e+02	4.694e+02	5.006e+02	1.514e+02	7.905e+01	2.891e+02
8.410e+04	4.948e+02	4.694e+02	5.006e+02	1.514e+02	7.905e+01	2.891e+02
8.420e+04	4.948e+02	4.694e+02	5.006e+02	1.514e+02	7.905e+01	2.891e+02
8.430e+04	4.948e+02	4.694e+02	5.006e+02	1.514e+02	7.905e+01	2.891e+02
8.440e+04	4.948e+02	4.694e+02	5.006e+02	1.514e+02	7.905e+01	2.891e+02
8.450e+04	4.948e+02	4.694e+02	5.006e+02	1.514e+02	7.905e+01	2.891e+02
8.460e+04	4.948e+02	4.694e+02	5.006e+02	1.514e+02	7.905e+01	2.891e+02
8.470e+04	4.948e+02	4.694e+02	5.006e+02	1.514e+02	7.905e+01	2.891e+02
8.480e+04	4.948e+02	4.694e+02	5.006e+02	1.514e+02	7.905e+01	2.891e+02
8.490e+04	4.948e+02	4.694e+02	5.006e+02	1.514e+02	7.905e+01	2.891e+02
8.500e+04	4.948e+02	4.694e+02	5.006e+02	1.514e+02	7.905e+01	2.891e+02
8.510e+04	4.948e+02	4.694e+02	5.006e+02	1.514e+02	7.905e+01	2.891e+02
8.520e+04	4.948e+02	4.694e+02	5.006e+02	1.514e+02	7.905e+01	2.891e+02
8.530e+04	4.948e+02	4.694e+02	5.006e+02	1.514e+02	7.905e+01	2.891e+02
8.540e+04	4.948e+02	4.694e+02	5.006e+02	1.514e+02	7.905e+01	2.891e+02
8.550e+04	4.948e+02	4.694e+02	5.006e+02	1.514e+02	7.905e+01	2.891e+02
8.560e+04	4.948e+02	4.694e+02	5.006e+02	1.514e+02	7.905e+01	2.891e+02
8.570e+04	4.948e+02	4.694e+02	5.006e+02	1.514e+02	7.905e+01	2.891e+02
8.580e+04	4.948e+02	4.694e+02	5.006e+02	1.514e+02	7.905e+01	2.891e+02
8.590e+04	4.948e+02	4.694e+02	5.006e+02	1.514e+02	7.905e+01	2.891e+02
8.600e+04	4.948e+02	4.694e+02	5.006e+02	1.514e+02	7.905e+01	2.891e+02
8.610e+04	4.948e+02	4.694e+02	5.006e+02	1.514e+02	7.905e+01	2.891e+02
8.620e+04	4.948e+02	4.694e+02	5.006e+02	1.514e+02	7.905e+01	2.891e+02
8.630e+04	4.948e+02	4.694e+02	5.006e+02	1.514e+02	7.905e+01	2.891e+02
8.640e+04	4.948e+02	4.694e+02	5.006e+02	1.514e+02	7.905e+01	2.891e+02
8.650e+04	4.948e+02	4.694e+02	5.006e+02	1.514e+02	7.905e+01	2.891e+02
8.660e+04	4.948e+02	4.694e+02	5.006e+02	1.514e+02	7.905e+01	2.891e+02
8.670e+04	4.948e+02	4.694e+02	5.006e+02	1.514e+02	7.905e+01	2.891e+02
8.680e+04	4.948e+02	4.694e+02	5.006e+02	1.697e+02	7.905e+01	2.891e+02
8.690e+04	4.948e+02	4.694e+02	5.006e+02	1.697e+02	7.905e+01	2.891e+02
8.700e+04	4.948e+02	4.694e+02	5.006e+02	1.697e+02	7.905e+01	2.891e+02
8.710e+04	4.948e+02	4.694e+02	5.006e+02	1.697e+02	7.905e+01	2.891e+02
8.720e+04	4.948e+02	4.694e+02	5.006e+02	1.697e+02	7.905e+01	2.891e+02
8.730e+04	4.948e+02	4.694e+02	5.006e+02	1.697e+02	7.905e+01	2.891e+02
8.740e+04	4.948e+02	4.694e+02	5.006e+02	1.697e+02	7.905e+01	2.891e+02
8.750e+04	4.948e+02	4.694e+02	5.006e+02	1.697e+02	7.905e+01	2.891e+02
8.760e+04	4.948e+02	4.694e+02	5.006e+02	1.697e+02	7.905e+01	2.891e+02
8.770e+04	4.948e+02	4.694e+02	5.006e+02	1.697e+02	7.905e+01	2.891e+02
8.780e+04	4.948e+02	4.694e+02	5.006e+02	1.697e+02	7.905e+01	2.891e+02
8.790e+04	4.948e+02	4.694e+02	5.006e+02	1.697e+02	7.905e+01	2.891e+02
8.800e+04	4.948e+02	4.694e+02	5.006e+02	1.697e+02	7.905e+01	2.891e+02
8.810e+04	4.948e+02	4.694e+02	5.006e+02	1.697e+02	7.905e+01	2.891e+02
8.820e+04	4.948e+02	4.694e+02	5.006e+02	1.948e+02	7.905e+01	2.891e+02
8.830e+04	4.948e+02	4.694e+02	5.006e+02	1.948e+02	7.905e+01	2.891e+02
8.840e+04	4.948e+02	4.694e+02	5.006e+02	1.948e+02	7.905e+01	2.891e+02
8.850e+04	4.948e+02	4.694e+02	5.006e+02	1.948e+02	7.905e+01	2.891e+02
8.860e+04	4.948e+02	4.694e+02	5.006e+02	1.948e+02	7.905e+01	2.891e+02
8.870e+04	4.948e+02	4.694e+02	5.006e+02	1.948e+02	7.905e+01	2.891e+02
8.880e+04	4.948e+02	4.694e+02	5.006e+02	1.948e+02	7.905e+01	2.891e+02
8.890e+04	4.948e+02	4.694e+02	5.006e+02	1.948e+02	7.905e+01	2.891e+02
8.900e+04	4.948e+02	4.694e+02	5.006e+02	1.948e+02	7.905e+01	2.891e+02
8.910e+04	4.948e+02	4.694e+02	5.006e+02	1.948e+02	7.905e+01	2.891e+02
8.920e+04	4.948e+02	4.694e+02	5.006e+02	1.948e+02	7.905e+01	2.891e+02
8.930e+04	4.948e+02	4.694e+02	5.006e+02	1.948e+02	7.905e+01	2.891e+02
8.940e+04	4.948e+02	4.754e+02	5.006e+02	1.948e+02	7.905e+01	2.891e+02
8.950e+04	4.948e+02	4.754e+02	5.006e+02	1.948e+02	7.905e+01	2.891e+02
8.960e+04	4.948e+02	4.754e+02	5.006e+02	1.948e+02	7.905e+01	2.891e+02
8.970e+04	4.948e+02	4.754e+02	5.006e+02	1.948e+02	7.905e+01	2.891e+02
8.980e+04	4.948e+02	4.754e+02	5.006e+02	1.948e+02	7.905e+01	2.891e+02
8.990e+04	4.948e+02	4.754e+02	5.006e+02	1.948e+02	7.905e+01	2.891e+02
9.000e+04	4.948e+02	4.754e+02	5.006e+02	1.948e+02	7.905e+01	2.891e+02
9.010e+04	4.948e+02	4.754e+02	5.006e+02	1.948e+02	7.905e+01	2.891e+02
9.020e+04	4.948e+02	4.754e+02	5.006e+02	1.948e+02	7.905e+01	2.891e+02
9.030e+04	4.948e+02	4.754e+02	5.006e+02	1.948e+02	7.905e+01	2.891e+02
9.040e+04	4.948e+02	4.754e+02	5.006e+02	1.948e+02	7.905e+01	2.891e+02
9.050e+04	4.948e+02	4.754e+02	5.006e+02	1.948e+02	7.905e+01	2.891e+02
9.060e+04	4.948e+02	4.754e+02	5.006e+02	1.948e+02	7.905e+01	2.891e+02
9.070e+04	4.948e+02	4.754e+02	5.006e+02	1.948e+02	7.905e+01	2.891e+02
9.080e+04	4.948e+02	4.754e+02	5.006e+02	1.948e+02	7.905e+01	2.891e+02
9.090e+04	4.948e+02	4.754e+02	5.006e+02	1.948e+02	7.905e+01	2.891e+02
9.100e+04	4.948e+02	4.754e+02	5.006e+02	1.948e+02	7.905e+01	2.891e+02
9.110e+04	4.948e+02	4.754e+02	5.006e+02	1.948e+02	7.905e+01	2.891e+02
9.120e+04	4.948e+02	4.754e+02	5.006e+02	1.948e+02	7.905e+01	2.891e+02
9.130e+04	4.948e+02	4.754e+02	5.006e+02	1.948e+02	7.905e+01	2.891e+02
9.140e+04	4.948e+02	4.754e+02	5.006e+02	1.948e+02	7.905e+01	2.891e+02
9.150e+04	4.948e+02	4.754e+02	5.006e+02	1.948e+02	7.905e+01	2.891e+02
9.160e+04	4.948e+02	4.754e+02	5.006e+02	1.948e+02	7.905e+01	2.891e+02
9.170e+04	4.948e+02	4.754e+02	5.006e+02	1.948e+02	7.905e+01	2.891e+02
9.180e+04	4.948e+02	4.754e+02	5.006e+02	1.948e+02	7.905e+01	2.891e+02
9.190e+04	4.948e+02	4.754e+02	5.006e+02	1.948e+02	7.905e+01	2.891e+02
9.200e+04	4.948e+02	4.754e+02	5.006e+02	1.948e+02	7.905e+01	2.891e+02
9.210e+04	4.948e+02	4.754e+02	5.006e+02	1.948e+02	7.905e+01	2.891e+02
9.220e+04	4.948e+02	4.754e+02	5.006e+02	1.948e+02	7.905e+01	2.891e+02
9.230e+04	4.948e+02	4.754e+02	5.006e+02	1.948e+02	7.905e+01	2.891e+02
9.240e+04	4.948e+02	4.754e+02	5.006e+02	1.948e+02	7.905e+01	2.891e+02
9.250e+04	4.948e+02	4.754e+02	5.006e+02	1.948e+02	7.905e+01	2.891e+02
9.260e+04	4.948e+02	4.754e+02	5.006e+02	1.948e+02	7.905e+01	2.891e+02
9.270e+04	4.948e+02	4.754e+02	5.006e+02	1.948e+02	7.905e+01	2.891e+02
9.280e+04	4.948e+02	4.754e+02	5.006e+02	1.948e+02	7.905e+01	2.891e+02
9.290e+04	4.948e+02	4.754e+02	5.006e+02	1.948e+02	7.905e+01	2.891e+02
9.300e+04	4.948e+02	4.754e+02	5.006e+02	1.948e+02	7.905e+01	2.891e+02
9.310e+04	4.948e+02	4.754e+02	5.006e+02	1.948e+02	7.905e+01	2.891e+02
9.320e+04	4.948e+02	4.754e+02	5.006e+02	1.948e+02	7.905e+01	2.891e+02
9.330e+04	4.948e+02	4.754e+02	5.006e+02	1.948e+02	7.905e+01	2.891e+02
9.340e+04	4.948e+02	4.754e+02	5.006e+02	1.948e+02	7.905e+01	2.891e+02
9.350e+04	4.948e+02	4.754e+02	5.006e+02	1.948e+02	7.905e+01	2.891e+02
9.360e+04	4.948e+02	4.754e+02	5.006e+02	1.948e+02	7.905e+01	2.891e+02
9.370e+04	4.948e+02	4.754e+02	5.006e+02	1.948e+02	7.905e+01	2.891e+02
9.380e+04	4.948e+02	4.754e+02	5.006e+02	1.948e+02	7.905e+01	2.891e+02
9.390e+04	4.948e+02	4.754e+02	5.006e+02	1.948e+02	7.905e+01	2.891e+02
9.400e+04	4.948e+02	4.754e+02	5.006e+02	1.948e+02	7.905e+01	2.891e+02
9.410e+04	4.948e+02	4.754e+02	5.006e+02	1.948e+02	7.905e+01	2.891e+02
9.420e+04	4.948e+02	4.754e+02	5.006e+02	1.948e+02	7.905e+01	2.891e+02
9.430e+04	4.948e+02	4.754e+02	5.006e+02	1.948e+02	7.905e+01	2.891e+02
9.440e+04	4.948e+02	4.754e+02	5.006e+02	1.948e+02	7.905e+01	2.891e+02
9.450e+04	4.948e+02	4.754e+02	5.006e+02	1.948e+02	7.905e+01	2.891e+02
9.460e+04	4.948e+02	4.754e+02	5.006e+02	1.948e+02	7.905e+01	2.891e+02
9.470e+04	4.948e+02	4.754e+02	5.006e+02	1.948e+02	7.905e+01	2.891e+02
9.480e+04	4.948e+02	4.754e+02	5.006e+02	1.948e+02	7.905e+01	2.891e+02
9.490e+04	4.948e+02	4.754e+02	5.006e+02	1.948e+02	7.905e+01	2.891e+02
9.500e+04	4.948e+02	4.754e+02	5.006e+02	1.948e+02	7.905e+01	2.891e+02
9.510e+04	4.948e+02	4.754e+02	5.006e+02	1.948e+02	7.905e+01	2.891e+02
9.520e+04	4.948e+02	4.754e+02	5.006e+02	1.948e+02	7.905e+01	2.891e+02
9.530e+04	4.948e+02	4.754e+02	5.006e+02	1.948e+02	7.905e+01	2.891e+02
9.540e+04	4.948e+02	4.754e+02	5.006e+02	1.948e+02	7.905e+01	2.891e+02
9.550e+04	4.948e+02	4.754e+02	5.006e+02	1.948e+02	7.905e+01	3.048e+02
9.560e+04	4.948e+02	4.754e+02	5.006e+02	1.948e+02	7.905e+01	3.048e+02
9.570e+04	4.948e+02	4.754e+02	5.006e+02	1.948e+02	7.905e+01	3.048e+02
9.580e+04	4.948e+02	4.754e+02	5.006e+02	1.948e+02	7.905e+01	3.048e+02
9.590e+04	4.948e+02	4.754e+02	5.006e+02	1.948e+02	7.905e+01	3.048e+02
9.600e+04	4.948e+02	4.754e+02	5.006e+02	1.948e+02	7.905e+01	3.048e+02
9.610e+04	4.948e+02	4.754e+02	5.006e+02	1.948e+02	7.905e+01	3.048e+02
9.620e+04	4.948e+02	4.754e+02	5.006e+02	1.948e+02	7.905e+01	3.048e+02
9.630e+04	4.948e+02	4.754e+02	5.006e+02	1.948e+02	7.905e+01	3.048e+02
9.640e+04	4.948e+02	4.754e+02	5.006e+02	1.948e+02	7.905e+01	3.048e+02
9.650e+04	4.948e+02	4.754e+02	5.006e+02	1.948e+02	7.905e+01	3.048e+02
9.660e+04	4.948e+02	4.754e+02	5.006e+02	1.948e+02	7.905e+01	3.048e+02
9.670e+04	4.948e+02	4.754e+02	5.006e+02	1.948e+02	7.905e+01	3.048e+02
9.680e+04	4.948e+02	4.754e+02	5.006e+02	1.948e+02	7.905e+01	3.048e+02
9.690e+04	4.948e+02	4.754e+02	5.006e+02	1.948e+02	7.905e+01	3.048e+02
9.700e+04	4.948e+02	4.754e+02	5.006e+02	1.948e+02	7.905e+01	3.048e+02
9.710e+04	4.948e+02	4.754e+02	5.006e+02	1.948e+02	7.905e+01	3.048e+02
9.720e+04	4.948e+02	4.754e+02	5.006e+02	1.948e+02	7.905e+01	3.048e+02
9.730e+04	4.948e+02	4.754e+02	5.006e+02	1.948e+02	7.905e+01	3.048e+02
9.740e+04	4.948e+02	4.754e+02	5.006e+02	1.948e+02	7.905e+01	3.048e+02
9.750e+04	4.948e+02	4.754e+02	5.006e+02	1.948e+02	7.905e+01	3.048e+02
9.760e+04	4.948e+02	4.754e+02	5.006e+02	1.948e+02	7.905e+01	3.048e+02
9.770e+04	4.948e+02	4.754e+02	5.006e+02	1.948e+02	7.905e+01	3.048e+02
9.780e+04	4.948e+02	4.754e+02	5.006e+02	1.948e+02	7.905e+01	3.048e+02
9.790e+04	4.948e+02	4.754e+02	5.006e+02	1.948e+02	7.905e+01	3.048e+02
9.800e+04	4.948e+02	4.754e+02	5.006e+02	1.948e+02	7.905e+01	3.048e+02
9.810e+04	4.948e+02	4.754e+02	5.006e+02	1.948e+02	7.905e+01	3.048e+02
9.820e+04	4.948e+02	4.754e+02	5.006e+02	1.948e+02	7.905e+01	3.048e+02
9.830e+04	4.948e+02	4.754e+02	5.006e+02	1.948e+02	7.905e+01	3.048e+02
9.840e+04	4.948e+02	4.754e+02	5.006e+02	1.948e+02	7.905e+01	3.048e+02
9.850e+04	4.948e+02	4.754e+02	5.006e+02	1.948e+02	7.905e+01	3.048e+02
9.860e+04	4.948e+02	4.754e+02	5.006e+02	1.948e+02	7.905e+01	3.048e+02
9.870e+04	4.948e+02	4.754e+02	5.006e+02	1.948e+02	7.905e+01	3.048e+02
9.880e+04	4.948e+02	4.754e+02	5.006e+02	1.948e+02	7.905e+01	3.048e+02
9.890e+04	4.948e+02	4.754e+02	5.006e+02	1.948e+02	7.905e+01	3.048e+02
9.900e+04	4.948e+02	4.754e+02	5.006e+02	1.948e+02	7.905e+01	3.048e+02
9.910e+04	4.948e+02	4.754e+02	5.006e+02	1.948e+02	7.905e+01	3.048e+02
9.920e+04	4.948e+02	4.754e+02	5.006e+02	1.948e+02	7.905e+01	3.048e+02
9.930e+04	4.948e+02	4.754e+02	5.006e+02	1.948e+02	7.905e+01	3.048e+02
9.940e+04	4.948e+02	4.754e+02	5.006e+02	1.948e+02	7.905e+01	3.048e+02
9.950e+04	4.948e+02	4.754e+02	5.006e+02	1.948e+02	8.650e+01	3.048e+02
9.960e+04	4.948e+02	4.754e+02	5.006e+02	1.948e+02	8.650e+01	3.048e+02
9.970e+04	4.948e+02	4.754e+02	5.006e+02	1.948e+02	8.650e+01	3.048e+02
9.980e+04	4.948e+02	4.754e+02	5.006e+02	1.948e+02	8.650e+01	3.048e+02
9.990e+04	4.948e+02	4.754e+02	5.006e+02	1.948e+02	8.650e+01	3.048e+02
1.000e+05	4.948e+02	4.754e+02	5.006e+02	1.948e+02	8.650e+01	3.048e+02
