row;0;1;2;3;4;5;6;7;8
0.0;-5.163125622706049;-5.5086768650307745;-5.529731838443216;-4.816863430174653;2.1082516728211385;2.064265615834082;-0.8468824110361122;-0.2414911515290406;-0.6135919573549395
1.0;-5.177989025193367;-5.523199932362555;-5.544254905774997;-4.828686139018533;2.132612240212749;2.088626183225693;-0.8405626043048375;-0.23517138516605943;-0.6123919135515244
2.0;-5.192852428263161;-5.537722999345311;-5.558777972757753;-4.840508847858303;2.156972807649534;2.1129867506624778;-0.8344857290168965;-0.22909454784656;-0.6112689823703401
3.0;-5.207715831899143;-5.552246065988803;-5.573301039401245;-4.852331556694432;2.181333375126341;2.137347318139285;-0.8286453946940583;-0.22325424922746617;-0.6102211353096598
4.0;-5.222579236085478;-5.56676913230252;-5.587824105714962;-4.864154265527336;2.205693942638606;2.1617078856515497;-0.8230351702456133;-0.21764405834683265;-0.6092463309765499
5.0;-5.234801183576694;-5.578991079793736;-5.600046053206178;-4.876602894902437;2.193245313263505;2.1492592562764488;-0.8200680723497268;-0.21750824957021345;-0.6083454502478083
6.0;-5.247023131067911;-5.591213027284953;-5.612268000697394;-4.889017997260446;2.1808302109054964;2.13684415391844;-0.8175778967388635;-0.21752382804125453;-0.6077201916779047
7.0;-5.259245148711215;-5.607318831655419;-5.6244900183406985;-4.9008408263018595;2.205189457039555;2.1250213248770264;-0.8230665563730973;-0.22007216958179374;-0.6102686077543237
8.0;-5.2741085548808995;-5.6218418967806985;-5.639013083465978;-4.912663535131927;2.2295500245829873;2.149381892420459;-0.8176485000461889;-0.21465414249081152;-0.6093548024712211
9.0;-5.288971961530078;-5.6363649616186615;-5.6535361483039415;-4.924486243959461;2.2539105921542797;2.173742459991751;-0.8124485772426718;-0.20945424716619251;-0.6085102383154881
10.0;-5.301193909021294;-5.648586909109878;-5.665758095795158;-4.936934799562489;2.241462036551252;2.1612939043887236;-0.8095311462296001;-0.20933420391977672;-0.6076343730454846
11.0;-5.313415856512511;-5.660808856601094;-5.677980043286374;-4.949349830910486;2.2290470052032547;2.1488788730407262;-0.8070901794597058;-0.2093654025269045;-0.6070334005819329
12.0;-5.325637804003727;-5.673030804092311;-5.690201990777591;-4.961732624309915;2.2166642118038253;2.136496079641297;-0.805109294131995;-0.20954264267039768;-0.6066888105920711
13.0;-5.337859816203316;-5.6852528162919;-5.706307798409971;-4.973555466378779;2.204841369734961;2.1608551825726035;-0.8106885652071846;-0.21211974203930622;-0.6092660091370088
14.0;-5.350081827332775;-5.697474827421359;-5.722413606683581;-4.9853782962489435;2.193018539864797;2.1852144195967154;-0.8162568389206275;-0.2146933491691155;-0.611839700636685
15.0;-5.3623038374098;-5.709696837498384;-5.738519415587817;-4.997201115036998;2.181195721076742;2.209573778439639;-0.8218142061436446;-0.2172634929322568;-0.6144099154579724
16.0;-5.374525839749511;-5.725802651038874;-5.750741417927528;-5.009023935766803;2.2055550585752077;2.1977509577098346;-0.8273606197991646;-0.21983015084932148;-0.6169766554816486
17.0;-5.38674784118215;-5.741908465122889;-5.762963419360167;-5.0208467462511575;2.2299145086955967;2.1859281472254795;-0.8328963258595261;-0.2223934087311894;-0.6195399831416906
18.0;-5.398969841722719;-5.758014279741439;-5.775185419900736;-5.032669547427887;2.2542740611289824;2.1741053460487496;-0.8384214145853477;-0.2249532952519699;-0.6220999283567569
19.0;-5.41119184138597;-5.774120094885684;-5.787407419563987;-5.044492340148982;2.2786337065099684;2.162282553327655;-0.8439359764547317;-0.22750983915434628;-0.6246565209953856
20.0;-5.4260552526855905;-5.788643156937069;-5.801930481615372;-5.056315048970189;2.3029942741508065;2.186643120968493;-0.8382148636642377;-0.221788747793131;-0.6236465179087838
21.0;-5.440918664321237;-5.803166218787104;-5.816453543465407;-5.068137757789873;2.3273548418083956;2.211003688626082;-0.8327205446450195;-0.21629444891942595;-0.6227085049299074
22.0;-5.453140662799232;-5.815388217265099;-5.832559359319866;-5.079960582398702;2.315532017199566;2.2353629834848086;-0.8381729729611169;-0.21883126790777552;-0.6252454134024678
23.0;-5.465362610290448;-5.827610164756315;-5.8447813068110825;-5.092380133440773;2.3031124661574958;2.2229434324427384;-0.8354218514583588;-0.21876401552439284;-0.6244866171756251
24.0;-5.477584557781665;-5.839832112247532;-5.857003254302299;-5.104767269504169;2.2907253300940997;2.2105562963793424;-0.8331446494479292;-0.21884719722599458;-0.6239946378842783
25.0;-5.489806553024044;-5.852054107489911;-5.873109072095563;-5.116590078420713;2.278902521177556;2.2349157637337176;-0.8386869806118045;-0.22141255119972073;-0.6265600667039574
26.0;-5.50466996620248;-5.866577168415495;-5.887632133021147;-5.128412787238556;2.30326308885537;2.2592763314115314;-0.8332542468512193;-0.21597983476216598;-0.6256416024543104
27.0;-5.516891913693696;-5.878799115906712;-5.899854080512363;-5.140800308334479;2.290875567759447;2.246888810315608;-0.8309714471024399;-0.21606123959942627;-0.6251465222662324
28.0;-5.529113861184912;-5.891021063397928;-5.91207602800358;-5.153156693122974;2.278519182970952;2.2345324255271133;-0.8291465875323941;-0.21628800628164238;-0.6249006007680206
29.0;-5.5413358485808875;-5.907126885892814;-5.924298015399555;-5.16497947282432;2.3028789714700237;2.222709645825767;-0.8347509392369863;-0.21887303894676294;-0.6274856802300138
30.0;-5.553557796072104;-5.9193488333840305;-5.936519962890771;-5.177306581113978;2.290551863180366;2.2103825375361095;-0.8333209093453728;-0.21922513459805737;-0.627449704367119
31.0;-5.568421210520929;-5.933871893548388;-5.951043023055129;-5.189129289930909;2.314912430868207;2.2347431052239504;-0.8280735776212255;-0.21397781760108842;-0.626590091435544
32.0;-5.5806431951876325;-5.949977717678674;-5.963265007721832;-5.200952060105774;2.339272324086031;2.222920335049086;-0.833689952170038;-0.2165666636181344;-0.6291789750532382
33.0;-5.592865142678849;-5.962199665169891;-5.975486955213048;-5.213279666869779;2.3269447173220263;2.2105927282850812;-0.8322461718220214;-0.2169143945252885;-0.6291362051026496
34.0;-5.607728557850312;-5.976722724901238;-5.990010014944396;-5.225102375685482;2.3513052850233622;2.234953295986417;-0.8271108222311947;-0.21177905822563273;-0.628312138147255
35.0;-5.62259197324952;-5.991245784496121;-6.004533074539278;-5.23692508450029;2.3756658527345498;2.2593138636976047;-0.8221852467421599;-0.20685349522697574;-0.6275546588223795
36.0;-5.634813954359255;-6.007351610757767;-6.016755055649013;-5.248747845187427;2.4000258502451164;2.247491103010467;-0.8277946478092183;-0.2094401235463209;-0.63014131637226
37.0;-5.647035901850471;-6.019573558248983;-6.02897700314023;-5.261105714144925;2.387667981287619;2.2351332340529697;-0.8259318760623385;-0.20965485594059546;-0.6298760672614923
38.0;-5.659257882842535;-6.031795539241047;-6.045082829472386;-5.272928507585223;2.375845187847321;2.259492871528191;-0.8315769393133461;-0.2122528045170505;-0.632474088526624
39.0;-5.671479830333752;-6.044017486732264;-6.057304776963602;-5.28525703806559;2.3635166573669535;2.2471643410478235;-0.8301123900343983;-0.21259394283797148;-0.6324209158522915
40.0;-5.683701808312034;-6.0601233148702995;-6.069526754941885;-5.297079793972692;2.3878767074215115;2.2353415851407212;-0.8357922206906135;-0.21520292426923565;-0.6350299242823318
41.0;-5.695923785786128;-6.0762291433104485;-6.081748732415979;-5.308902545568121;2.4122368048716405;2.2235188335452922;-0.8414599850048585;-0.21780807485742015;-0.6376350966805816
42.0;-5.7107872026596;-6.090752202021941;-6.096271791127471;-5.320725254381299;2.436597372600738;2.24787940127439;-0.8362890636961566;-0.2126371641211667;-0.6367997383630142
43.0;-5.7230091501508165;-6.102974149513157;-6.108493738618687;-5.333054846796644;2.4242677801853927;2.2355498088590444;-0.8347638489175745;-0.21295904567152782;-0.6367174196146461
44.0;-5.735231126197785;-6.115196125560126;-6.124599567913981;-5.34487763439468;2.412444992587357;2.2599095105546634;-0.8404434919338317;-0.21556796529444197;-0.6393264104929646
45.0;-5.747453101772505;-6.127418101134846;-6.140705397492249;-5.356700414780046;2.4006222122019913;2.284269291534729;-0.8461111120081121;-0.21817306789392873;-0.6419315751686958
46.0;-5.762316519358529;-6.141941159419372;-6.155228455776776;-5.368523123592284;2.4249827799414203;2.308629859274158;-0.8409242918524995;-0.21298625716476074;-0.6410911701550079
47.0;-5.774538493659874;-6.154163133720717;-6.17133428611806;-5.3803458959057515;2.4131600076279525;2.3329897289836308;-0.8465579583671142;-0.21558058033035943;-0.6436855458007499
48.0;-5.786760465767658;-6.1702689653763985;-6.1835562582258445;-5.392168646578416;2.437520115221462;2.3211669783109663;-0.8521802612355504;-0.2181712937897391;-0.6462762858004062
49.0;-5.798982437468339;-6.186374797276019;-6.195778229926526;-5.40399139341858;2.461880264943299;2.309344231470803;-0.8577910425638657;-0.2207583494803138;-0.6488633634254645
50.0;-5.8112044096812445;-6.198596769488924;-6.211884061519218;-5.415814165822903;2.450057492538976;2.3337041001815564;-0.8633899765518553;-0.2233416450348034;-0.6514467135533178
51.0;-5.823426381485308;-6.210818741292988;-6.227989893356891;-5.42763693240538;2.4382347259564994;2.358064032888288;-0.8689776421686012;-0.22592136318447678;-0.6540264790425235
52.0;-5.835648328976524;-6.223040688784204;-6.240211840848107;-5.439970424148431;2.425901234213449;2.3457305411452376;-0.8671613997834907;-0.22615086518007813;-0.6538048667477314
53.0;-5.847870276467741;-6.23526263627542;-6.2524337883393235;-5.452275062452365;2.4135965959095147;2.333425902841303;-0.8657905253768945;-0.22652173828493677;-0.6538133570787391
54.0;-5.862733695268512;-6.24978569383206;-6.2669568458959635;-5.464097771263415;2.4379571636620074;2.357786470593796;-0.8602494575729704;-0.22098067832186666;-0.6528605048650605
55.0;-5.8775971141955266;-6.264308751313055;-6.281479903376958;-5.475920480074099;2.462317731418518;2.3821470383503063;-0.8549300794487613;-0.21566130756786764;-0.6519780225878148
56.0;-5.892460533245254;-6.278831808720519;-6.296002960784422;-5.487743188884459;2.4866782991785876;2.406507606110376;-0.8498259498262825;-0.2105571848722462;-0.6511638656533663
57.0;-5.90468250018123;-6.294937643475186;-6.308224927720398;-5.4995659314650425;2.511038495723367;2.3946848635297924;-0.8554270397238616;-0.21314115875357653;-0.6537478613152088
58.0;-5.916904447672446;-6.307159590966402;-6.320446875211615;-5.511929905428801;2.4986745217596087;2.382320889566034;-0.8532088104613842;-0.21324305990335632;-0.6533076101637504
59.0;-5.931767867069808;-6.321682648165561;-6.3349699324107736;-5.523752614238822;2.523035089523413;2.4066814573298383;-0.8482260737520423;-0.20826032943339987;-0.652531986424163
60.0;-5.943989814561024;-6.333904595656778;-6.34719187990199;-5.536116427700948;2.510671276061286;2.3943176438677116;-0.8460503800506797;-0.20837573245073138;-0.6521121802892984
61.0;-5.956211780694597;-6.34612656179035;-6.363297715137462;-5.547939181928727;2.4988485218335077;2.418677712382042;-0.8517180586583558;-0.21098084268433878;-0.6547173289614423
62.0;-5.968433745302879;-6.3622323979397875;-6.375519679745745;-5.559761920678607;2.5232087604868503;2.4068549736321616;-0.8573739594718846;-0.2135822125263609;-0.6573187184942038
63.0;-5.983297165133596;-6.376755454879277;-6.390042736685234;-5.571584629488244;2.547569328254868;2.4312155414001793;-0.852380252714345;-0.20858851132787265;-0.6565396125833566
64.0;-5.995519129857741;-6.388977419603422;-6.406148572765246;-5.583407380605787;2.535746577137325;2.455575644103418;-0.8580036133203603;-0.21117955207054692;-0.6591306889312323
65.0;-6.007741077348958;-6.401199367094638;-6.418370520256462;-5.595772813834519;2.523381143908593;2.4432102108746863;-0.8557251021942449;-0.21126231822557687;-0.6586602002856236
66.0;-6.019963041378859;-6.41342133112454;-6.434476356752469;-5.607595560139941;2.5115583976031712;2.4675703664746065;-0.8613865955058075;-0.21386546262360392;-0.6612633750446096
67.0;-6.032185005135248;-6.425643294880929;-6.450582193412368;-5.619418303012652;2.499735654730461;2.491930559808218;-0.8670361869714713;-0.21646482870671693;-0.6638627672035371
68.0;-6.044406952626464;-6.437865242372145;-6.462804140903584;-5.631754656067036;2.4873993016760774;2.479594206753834;-0.8651310246981058;-0.21666610527111504;-0.6635969434962499
69.0;-6.056628914245576;-6.453971080312715;-6.475026102522696;-5.643577394139058;2.5117595477807027;2.4677714686818124;-0.8708171855716282;-0.21927707707867466;-0.666207937707751
70.0;-6.0688508617367924;-6.466193027803931;-6.487248050013912;-5.65588531703695;2.499451624882811;2.4554635457839207;-0.8693192661565424;-0.21960762287074426;-0.6661554657124461
71.0;-6.081072809228009;-6.478414975295148;-6.499469997505129;-5.668165521238029;2.487171420681732;2.443183341582842;-0.8682581015653724;-0.22007680573801722;-0.6663223921066487
72.0;-6.0932947711131655;-6.490636937180304;-6.515575835286283;-5.679988260224332;2.4753486816954293;2.467543577637337;-0.8740232466986902;-0.22271284975943992;-0.668958459844722
73.0;-6.108158191813645;-6.5051599935986255;-6.530098891704604;-5.6918109690335505;2.499709249468051;2.4919041454099586;-0.8687168751734725;-0.2174064826167497;-0.6680801061951919
74.0;-6.120380139304862;-6.517381941089842;-6.5423208391958205;-5.704091740778255;2.4874284777233466;2.4796233736652544;-0.8676368786487384;-0.21786968774995588;-0.6682381379307236
75.0;-6.132602098932435;-6.533487780223757;-6.554542798823394;-5.7159144749085575;2.5117887671568684;2.467800639534952;-0.8734107660386387;-0.22050850413874296;-0.6708769741883998
76.0;-6.1448240583592995;-6.549593619477938;-6.566764758250258;-5.727737206720702;2.5361490820724746;2.455977907722808;-0.8791716596748734;-0.22314319570176888;-0.6735116826729683
77.0;-6.159687479348982;-6.564116675722967;-6.581287814495287;-5.739559915529679;2.5605096498477584;2.4803384754980917;-0.8738427480469946;-0.21781428798515792;-0.6726261742227636
78.0;-6.171909426840198;-6.576338623214183;-6.593509761986503;-5.751841780245311;2.548227785132126;2.4680566107824595;-0.8726984100543439;-0.2182570695020975;-0.6727543485485339
79.0;-6.1867728479494835;-6.590861679387545;-6.608032818159865;-5.763664489054183;2.5725883529085545;2.492417178558888;-0.8676034049613945;-0.2131620679859152;-0.6719430879742908
80.0;-6.198994806234331;-6.60696751932603;-6.620254776444712;-5.775487217311435;2.596948706900915;2.4805944503016364;-0.8733519418224122;-0.2157928358085557;-0.6745738692358829
81.0;-6.211216764920119;-6.619189478011818;-6.636360616142952;-5.7873099542600155;2.585125969952334;2.5049547087555575;-0.8790875569243316;-0.21841950237248817;-0.6772005603942717
82.0;-6.226080186224845;-6.63371253406807;-6.650883672199203;-5.799132663068686;2.6094865377309793;2.5293152765342026;-0.8739459439258627;-0.2132778926580441;-0.676374505287282
83.0;-6.240943607585788;-6.648235590090637;-6.665406728221771;-5.810955371877263;2.633847105510659;2.5536758443138825;-0.8690142945388115;-0.20834624635716448;-0.6756150979641028
84.0;-6.253165555077004;-6.660457537581854;-6.677628675712987;-5.823295186755676;2.621507290632246;2.5413360294354694;-0.8669738953876004;-0.20850459530135673;-0.6752825910812048
85.0;-6.2653875120197;-6.676563378324566;-6.689850632655683;-5.835117912826355;2.645867668660241;2.5295133033647894;-0.8727043958744451;-0.2111296362924734;-0.6779076441046166
86.0;-6.277609459510916;-6.688785325815783;-6.7020725801469;-5.847429149977273;2.6335564315093225;2.517202066213871;-0.8710797835772328;-0.21141996654560596;-0.6777941017921751
87.0;-6.289831416072851;-6.70489116678665;-6.7142945367088345;-5.859251874086186;2.657916831101814;2.505379342104958;-0.876844995465469;-0.21405602545095093;-0.6804301706225012
88.0;-6.304694837691897;-6.71941422265456;-6.728817592576744;-5.871074582894648;2.682277398882746;2.52973990988589;-0.8719217804669791;-0.20913281312725962;-0.6796734405887015
89.0;-6.3195582593583675;-6.733937278494052;-6.743340648416236;-5.88289729170304;2.706637966664452;2.554100477667596;-0.8672018922777335;-0.20441292745140105;-0.6789812516490584
90.0;-6.331780215577575;-6.746159234713259;-6.759446489592468;-5.894720024915351;2.694815233452142;2.5784607771920385;-0.8729159808024994;-0.20703275798128032;-0.681601104555463
91.0;-6.346643637340933;-6.760682290494695;-6.773969545373904;-5.906542733723658;2.7191758012347873;2.602821344974684;-0.8682642644454079;-0.20238104396251166;-0.6809305550871492
92.0;-6.358865592733103;-6.776788132166494;-6.7861915007660745;-5.918365456126421;2.743536219581941;2.5909986225719215;-0.8739484611694979;-0.20499138504573552;-0.6835409050170765
93.0;-6.37108754022432;-6.78901007965771;-6.798413448257291;-5.930737779980464;2.7311638957278976;2.5786262987178783;-0.8713526246466012;-0.20497342405938426;-0.6829112709089259
94.0;-6.3859509621141335;-6.803533135363374;-6.812936503962955;-5.9425604887887085;2.755524463511229;2.6029868665012095;-0.8668120981691724;-0.20043289968874523;-0.6822760159328926
95.0;-6.398172917248044;-6.815755090497285;-6.829042345789505;-5.954383219255988;2.7437017330439493;2.627347196200089;-0.8725184747572;-0.20305028096744665;-0.6848934171585199
96.0;-6.410394872255562;-6.827977045504802;-6.845148187691791;-5.9662059477404386;2.7318790045594987;2.6517075476949845;-0.8782124990464301;-0.20566374114094774;-0.6875068947348736
97.0;-6.422616819746779;-6.840198992996019;-6.857370135183007;-5.978579287734727;2.7195056645652107;2.6393342077006965;-0.8755662541800169;-0.20562977926593237;-0.6868519496377954
98.0;-6.434838774451494;-6.852420947700734;-6.873475977266734;-5.990402013980944;2.7076829383189938;2.6636945837991175;-0.8812994398686409;-0.2082556699822081;-0.6894778552615977
99.0;-6.449702196539118;-6.866944003287869;-6.887999032853869;-6.002224722789102;2.73204350610327;2.6880551515833937;-0.8766088334066375;-0.2035650653821362;-0.6887949610863813
100.0;-6.461924150916754;-6.8791659576655055;-6.904104875133584;-6.014047447068714;2.7202207818236586;2.712415549299501;-0.8823114825839927;-0.20618126259497135;-0.691411170868469
101.0;-6.4741461051805045;-6.891387911929256;-6.92021071748154;-6.025870169931946;2.708398058960426;2.736775962584993;-0.8880018066810433;-0.2087935473596047;-0.6940234664186565
102.0;-6.486368052671721;-6.903609859420472;-6.932432664972756;-6.038245126070554;2.696023102821819;2.7244010064463855;-0.8852552324332559;-0.20872773839045541;-0.6933185244318484
103.0;-6.501231474895099;-6.918132914926261;-6.946955720478545;-6.050067834878657;2.720383670606702;2.7487615742312688;-0.880551434619566;-0.20402394223644743;-0.6926314429866252
104.0;-6.513453428695639;-6.930354868726801;-6.963061563104061;-6.061890555851947;2.7085609496334127;2.773122008291738;-0.8862633983710406;-0.20664309547258192;-0.6952506050789361
105.0;-6.525675382391837;-6.942576822422999;-6.979167405792099;-6.073713275711536;2.6967382297738234;2.797482454594432;-0.8919629432863856;-0.209258306512592;-0.6978658235897253
106.0;-6.53789733515455;-6.958682665670388;-6.991389358554812;-6.08553599954192;2.7210986324280118;2.785659730764048;-0.897650111354595;-0.21186958772008366;-0.7004771186074145
107.0;-6.550119288554697;-6.970904619070534;-7.007495201420246;-6.097358718891029;2.709275913078902;2.81002018267813;-0.9033251484012411;-0.21447701895693122;-0.703084556942286
108.0;-6.564982710936855;-6.985427674481182;-7.0220182568308935;-6.109181427699062;2.733636480864554;2.834380750463782;-0.8983074248465494;-0.2094592968961335;-0.702297827492885
109.0;-6.5772046640690744;-6.997649627613401;-7.038124099856872;-6.121004145859381;2.721813762704236;2.8587412154455163;-0.9039497424558625;-0.21205634179361435;-0.704894878182697
110.0;-6.592068086506053;-7.012172682991199;-7.05264715523467;-6.1328268546673845;2.746174330490211;2.8831017832314916;-0.8990122541772871;-0.20711885490292328;-0.7041336174480645
111.0;-6.60429003399727;-7.024394630482416;-7.064869102725886;-6.145269292766861;2.7337318923907343;2.870659345132015;-0.8951307717149343;-0.20669279723845108;-0.7027830695920925
112.0;-6.616511981488486;-7.036616577973632;-7.077091050217103;-6.1576784367041935;2.7213227484534026;2.858250201194683;-0.8917845725456682;-0.20643665208803758;-0.7017446036217535
113.0;-6.6287339289797025;-7.0488385254648485;-7.089312997708319;-6.170055574974936;2.70894561018266;2.8458730629239404;-0.8889566214882227;-0.206345012052435;-0.7009980098870358
114.0;-6.640955876470919;-7.061060472956065;-7.1015349451995355;-6.182402003423582;2.696599181734014;2.8335266344752945;-0.8866290958771037;-0.2064122197648985;-0.7005237719637792
115.0;-6.65317782884574;-7.073282425330886;-7.117640788679352;-6.194224719745924;2.684776465411672;2.85788711966077;-0.8924514773658074;-0.20906642086558538;-0.7031779774850903
116.0;-6.665399780358936;-7.089388269326994;-7.129862740192548;-6.2060474421972565;2.709136883224935;2.8460643972094384;-0.8982602715166307;-0.21171630795254048;-0.7058278783685762
117.0;-6.677621727850153;-7.1016102168182105;-7.142084687683765;-6.218365569283951;2.696818756138241;2.8337462701227443;-0.8963184118398629;-0.21190593582894102;-0.7055616229635654
118.0;-6.692485150456963;-7.1161332720942445;-7.156607742959799;-6.230188278091941;2.721179323924374;2.858106837908877;-0.8915697668747197;-0.20715729194862506;-0.704860305893495
119.0;-6.704707102353553;-7.128355223990835;-7.172713586726174;-6.242010993729355;2.7093566082869587;2.8824673306233346;-0.8973958601488062;-0.20981267069491208;-0.7075156887004254
120.0;-6.716929054177289;-7.14057717581457;-7.188819430536205;-6.253833708741547;2.697533893274767;2.9068278302104864;-0.9032084350458922;-0.21246375826236924;-0.7101667795505587
121.0;-6.729151005929374;-7.152799127566656;-7.20492527438917;-6.265656423185753;2.685711178830562;2.9311883360411644;-0.9090076200058161;-0.21511059542315208;-0.7128136192970499
122.0;-6.741372953420591;-7.165021075057872;-7.217147221880387;-6.277976179571135;2.6733914224451802;2.9188685796557827;-0.9069601077981614;-0.21526668650254902;-0.7124968529528976
123.0;-6.756236376125682;-7.179544130275016;-7.23167027709753;-6.289798888379093;2.6977519902316556;2.943229147442258;-0.9020534088897718;-0.2103599885533006;-0.7117453655465317
124.0;-6.768458326839284;-7.195649974750247;-7.243892227811132;-6.301621610211633;2.722112414846914;2.931406425609718;-0.907869013378523;-0.21301203646394934;-0.7143974273865253
125.0;-6.780680277499595;-7.2117558192574105;-7.256114178471443;-6.313444330851812;2.746472852569064;2.919583704969539;-0.9136712088961073;-0.21565982795174088;-0.7170452312032319
126.0;-6.792902228107496;-7.227861663795979;-7.268336129079344;-6.325267050408786;2.7708333021982283;2.907760985412566;-0.9194601220402272;-0.2183034032035224;-0.7196888173400194
127.0;-6.807765650884233;-7.242384718970192;-7.2828591842535575;-6.337089759216718;2.795193869984996;2.9321215531993334;-0.9143679119965346;-0.2132111940320627;-0.7188784439871475
128.0;-6.819987598375449;-7.254606666461409;-7.295081131744774;-6.3494406289481535;2.7828430002535596;2.919770683467897;-0.9117645472854037;-0.21319084340754094;-0.7182691251179981
129.0;-6.832209548770183;-7.270712511127708;-7.307303082139508;-6.361263347060203;2.807203465765887;2.907947965355848;-0.9175708522966239;-0.21583993903893442;-0.7209182299608041
130.0;-6.844431499116899;-7.2868183558227795;-7.319525032486224;-6.373086064320486;2.8315639406411557;2.8961252480955655;-0.9233638319828633;-0.2184848048064742;-0.7235631038128164
131.0;-6.8566534466081155;-7.299040303313996;-7.33174697997744;-6.385408449178756;2.819241555782885;2.8838028632372947;-0.9211595179944561;-0.21859112301770836;-0.7231709759338333
132.0;-6.868875394099332;-7.311262250805212;-7.343968927468657;-6.397702469260524;2.8069475357011173;2.871508843155527;-0.9194354767125116;-0.2188498919854724;-0.723026296664514
133.0;-6.881097344638621;-7.323484201344502;-7.360074772048337;-6.409525183714476;2.7951248212471653;2.895869348879067;-0.9253139041706151;-0.22152188134308862;-0.7256982901378882
134.0;-6.893319292129838;-7.335706148835718;-7.372296719539554;-6.421792630303666;2.7828573746579752;2.883601902289877;-0.9240045033481559;-0.22191226772505457;-0.7257623161479494
135.0;-6.905541242546333;-7.347928099252213;-7.3884025641928135;-6.433615344116423;2.7710346608452188;2.9079624150616814;-0.9299152097282977;-0.22459450310779044;-0.7284445549311178
136.0;-6.917763190037549;-7.3601500467434295;-7.40062451168403;-6.445857429729053;2.758792575232588;2.8957203294490506;-0.9290038559072762;-0.22511123971888047;-0.7287027329618821
137.0;-6.932626612945463;-7.37467310183904;-7.41514756677964;-6.457680138536969;2.783153143019523;2.9200808972359855;-0.9237495308935261;-0.21985691538177063;-0.7278409001996256
138.0;-6.94484856043668;-7.386895049330256;-7.427369514270857;-6.469922342425358;2.770910939131134;2.9078386933475966;-0.9228622040538367;-0.2203812787670494;-0.7281096022111363
139.0;-6.9597119833655245;-7.401418104413325;-7.441892569353925;-6.4817450512332675;2.7952715069181413;2.932199261134604;-0.9178352319414801;-0.21535430727385146;-0.7273199370348332
140.0;-6.971933933438245;-7.413640054486045;-7.457998414213177;-6.493567764170582;2.7834487939808272;2.9565597835296105;-0.9237766347172592;-0.21804628607259524;-0.7300119184508753
141.0;-6.9867973563897765;-7.428163109555519;-7.472521469282651;-6.5053904729784815;2.807809361767946;2.9809203513167293;-0.9188235578434594;-0.21309320977462365;-0.7292457095003368
142.0;-7.001660779351468;-7.442686164618905;-7.487044524346038;-6.517213181786375;2.8321699295551337;3.005280919103917;-0.9140747247326607;-0.20834437720491183;-0.7285443327082239
143.0;-7.013882728846011;-7.458792009824606;-7.4992664738405805;-6.529035897745482;2.856530418733434;2.9934582031448103;-0.9199629294340422;-0.21101946884475986;-0.7312194318311191
144.0;-7.026104678307423;-7.474897855050158;-7.5114884233019925;-6.540858613049916;2.8808909151081505;2.981635487840377;-0.9258370225058106;-0.21369008104743162;-0.7338900506291745
145.0;-7.03832662804165;-7.487119804784386;-7.527594268364072;-6.552681325802126;2.86906820235594;3.0059960122701104;-0.9316971691908428;-0.2163562666354748;-0.7365562389438975
146.0;-7.050548577409061;-7.503225650066264;-7.539816217731483;-6.564504040806483;2.8934287020292153;2.9941732972657533;-0.9375434255870327;-0.21901804264273536;-0.739218021208205
147.0;-7.065412000422125;-7.517748705098868;-7.554339272764087;-6.576326749614363;2.9177892698165473;3.0185338650530853;-0.9324674226354513;-0.2139420401790363;-0.7384127923981438
148.0;-7.077633949704463;-7.533854550431723;-7.566561222046425;-6.5881494639199065;2.942149777171448;3.0067111507475417;-0.9382788318055892;-0.21659275467289832;-0.7410635122505623
149.0;-7.092497372735264;-7.548377605453699;-7.581084277068401;-6.599972172727782;2.966510344958841;3.0310717185349345;-0.9332813199958924;-0.211595243316646;-0.7402831985227146
150.0;-7.1073607957740075;-7.562900660470915;-7.595607332085617;-6.611794881535653;2.9908709127462716;3.055432286322365;-0.9284894106167211;-0.20680333436357026;-0.7395681482288701
151.0;-7.122224218820472;-7.577423715483505;-7.610130387098207;-6.623617590343521;3.015231480533735;3.0797928541098285;-0.9238967636087555;-0.20221068775596587;-0.7389163488731544
152.0;-7.134446168148098;-7.589645664811131;-7.626236232403925;-6.635440302744902;3.0034087681323536;3.104153382396014;-0.9296384475116782;-0.20483926970001087;-0.7415449334825409
153.0;-7.146668115639314;-7.601867612302347;-7.638458179895141;-6.6478609065875025;2.9909881642897527;3.091732778553413;-0.9257216305365541;-0.2044019959636464;-0.7402095156427114
154.0;-7.161531538707652;-7.616390667301831;-7.652981234894625;-6.659683615395368;3.015348732077251;3.1160933463409117;-0.921260257373062;-0.1999406231595222;-0.7395993859397497
155.0;-7.173753487909676;-7.628612616503855;-7.669087080275605;-6.671506327313262;3.003526020159357;3.1404538799417776;-0.9270295024993337;-0.20257795360010253;-0.742236718556977
156.0;-7.185975437083407;-7.640834565677586;-7.6851929256735385;-6.683329038946441;2.991703308526178;3.1648144166723373;-0.9327857678240015;-0.20521116388276192;-0.7448699306597034
157.0;-7.198197385960288;-7.656940411253394;-7.69741487455042;-6.695151752884042;3.0160638199256415;3.152991702734736;-0.9385291349549656;-0.20784027959552182;-0.7474990516356184
158.0;-7.213060809057588;-7.671463466235522;-7.7119379295325485;-6.706974461691902;3.040424387713192;3.1773522705222863;-0.9338656554310085;-0.2031768004000657;-0.7468247682401099
159.0;-7.227924232160971;-7.685986521214006;-7.726460984511032;-6.71879717049976;3.064784955500762;3.2017128383098563;-0.9293974094566779;-0.19870855473438204;-0.7462124569324213
160.0;-7.240146181161943;-7.698208470214978;-7.742566830012484;-6.730619881877963;3.0529622441225595;3.226073377843217;-0.9350943031437919;-0.2013229187237537;-0.7488268225805292
161.0;-7.255009604277754;-7.712731525186015;-7.757089884983521;-6.742442590685819;3.077322811910153;3.2504339456308107;-0.9306855876539205;-0.19691420352132596;-0.7482334077607569
162.0;-7.267231551768971;-7.724953472677232;-7.769311832474737;-6.75496895064161;3.0647964519543622;3.23790758567502;-0.9251089419626229;-0.19595005798882248;-0.7458680864113582
163.0;-7.27945350043801;-7.74105931837758;-7.781533781143777;-6.766791663894449;3.089156970880989;3.22608487242218;-0.9308369333454849;-0.19857429279885097;-0.7484923257934784
164.0;-7.291675449087571;-7.7571651640896;-7.793755729793338;-6.778614376740364;3.113517494280684;3.2142621595762644;-0.9365523417779514;-0.2011945334341481;-0.7511125704672924
165.0;-7.3065388722253966;-7.771688219047446;-7.808278784751184;-6.790437085548219;3.1378780620683;3.2386227273638806;-0.9321653186445683;-0.19680751055541898;-0.7505260413524846
166.0;-7.318760819716613;-7.7839101665386625;-7.8205007322424;-6.8029641801125145;3.1253509675040045;3.226095632799585;-0.9265633768486493;-0.1958353353967575;-0.7481459769046602
167.0;-7.330982768457034;-7.796132115279083;-7.836606577899976;-6.814786891255513;3.1135282563610063;3.2504561749184018;-0.9323100107485214;-0.19846548790511911;-0.7507761310809801
168.0;-7.345846191609286;-7.8106551702282845;-7.851129632849177;-6.826609600063366;3.1378888241486367;3.274816742706032;-0.9280739448012716;-0.19422942218542583;-0.7502375196115457
169.0;-7.3580681402930646;-7.822877118912063;-7.867235478540693;-6.838432310943015;3.1260661132689864;3.2991772877196723;-0.9337936742149792;-0.1968510344513536;-0.7528591332498069
170.0;-7.370290087784281;-7.83509906640328;-7.87945742603191;-6.850960138437532;3.11353828577447;3.286649460225156;-0.9281667996223927;-0.1958709449897071;-0.7504645089312488
171.0;-7.382512036420016;-7.8473210150390145;-7.895563271752214;-6.862782849080943;3.101715575131059;3.31101000783563;-0.933933151348598;-0.19850735631932342;-0.7531009213850048
172.0;-7.394733985036822;-7.859542963655821;-7.91166911748386;-6.874605559556313;3.0898928646556887;3.3353705572932655;-0.9396865490414488;-0.2011396556835093;-0.755733221666097
173.0;-7.406955933635015;-7.871764912254013;-7.92777496322666;-6.886428269879027;3.0780701543329747;3.3597311084289614;-0.9454271164117837;-0.20376788235175827;-0.7583614490654954
174.0;-7.421819356814271;-7.886287967187034;-7.94229801815968;-6.898250978686878;3.102430722120628;3.384091676216615;-0.9409449324155041;-0.19928569855385705;-0.7577447134756105
175.0;-7.434041304305487;-7.89850991467825;-7.9545199656508965;-6.910780239502023;3.0899014613054843;3.371562415401471;-0.9352368650330937;-0.19827983643832692;-0.7553045363059117
176.0;-7.448904727491716;-7.913032969607092;-7.969043020579738;-6.922602948309873;3.114262029093144;3.3959229831891307;-0.9310415860176904;-0.19408455760156415;-0.7547788716446863
177.0;-7.461126675983992;-7.925254918099367;-7.985148866386004;-6.934425658397855;3.1024393190051613;3.420283536905082;-0.9367988427012554;-0.19671808176128014;-0.7574123963469315
178.0;-7.475990099177779;-7.93977797302368;-7.999671921310317;-6.946248367205705;3.1267998867928304;3.444644104692751;-0.9326517312683257;-0.1925709704949842;-0.7569020212998986
179.0;-7.488212047624663;-7.951999921470564;-8.015777767143781;-6.958071077149319;3.114977176849216;3.469004659995654;-0.938382721277946;-0.19519615688502093;-0.7595272080891474
180.0;-7.500433995844114;-7.968105767440308;-8.027999715363233;-6.96989379020924;3.1393376978964853;3.4571819469357337;-0.9441010399667225;-0.197817320806158;-0.7621483768418461
181.0;-7.512655944051521;-7.984211613417269;-8.040221663570641;-6.981716502879897;3.163698223222686;3.4453592342650765;-0.9498068680926969;-0.2004345198889539;-0.764765580237937
182.0;-7.5248778915427375;-7.996433560908486;-8.052443611061857;-6.9942847059612125;3.15113002014137;3.432791031183761;-0.9434427967692399;-0.1992204254592545;-0.7618940052964422
183.0;-7.537099839893898;-8.008655509259645;-8.068549456952681;-7.006107415878219;3.1393073102243636;3.4571515867791516;-0.9491961131216446;-0.20185269869001712;-0.7645262790056269
184.0;-7.549321787385114;-8.020877456750862;-8.080771404443897;-7.018638721103126;3.126776004999457;3.444620281554245;-0.9433931625663351;-0.2008167182452633;-0.762032020911867
185.0;-7.561543734876331;-8.033099404242078;-8.092993351935114;-7.031133595668039;3.1142811304345437;3.4321254069893317;-0.9381963284513349;-0.19997313455474283;-0.7599251884820749
186.0;-7.573765682367547;-8.045321351733294;-8.10521529942633;-7.043593271561444;3.1018214545411387;3.4196657310959266;-0.9335920495932072;-0.1993176429543627;-0.7581838225519786
187.0;-7.5859876304772555;-8.061427197768799;-8.117437247536039;-7.055415983702702;3.126181985686696;3.4078430189546682;-0.9395090733079212;-0.20200188080115944;-0.7608680642941018
188.0;-7.598209578729483;-8.073649146021026;-8.133543093486143;-7.067238693492062;3.1143592758973364;3.432203575953201;-0.9454117390161407;-0.2046815612235841;-0.763547745153678
189.0;-7.610431526809681;-8.089754992074212;-8.14576504156634;-7.07906140547935;3.1387198087353934;3.420380863965913;-0.9513001067006115;-0.20735670287800767;-0.7662228905021683
190.0;-7.622653475025599;-8.10197694029013;-8.161870887538202;-7.090884115223373;3.12689709899137;3.444741421462799;-0.9571743887317283;-0.21002737355072265;-0.768893561590741
191.0;-7.634875422516815;-8.114198887781347;-8.174092835029418;-7.103312409200697;3.1144688050140457;3.432313127485475;-0.9529315940964738;-0.2094866262248121;-0.7673849464819691
192.0;-7.647097370555368;-8.130304733859488;-8.18631478306797;-7.115135120966676;3.1388293402848144;3.4204904157194953;-0.9588494259882886;-0.2121711205205802;-0.7700694442369799
193.0;-7.659319318046585;-8.142526681350704;-8.198536730559187;-7.127531277595534;3.126433183655956;3.4080942590906367;-0.9551214511298126;-0.21179379006885443;-0.7688626048177956
194.0;-7.671541266194998;-8.154748629499117;-8.214642576571498;-7.139353987253065;3.1146104739984253;3.4324548175382863;-0.9610811803181148;-0.21449158377236066;-0.7715603989062888
195.0;-7.686404689436198;-8.16927168439502;-8.229165631467401;-7.151176696060912;3.1389710417861134;3.4568153853259744;-0.956302282847576;-0.20971268641519805;-0.7708494789228034
196.0;-7.6986266375548125;-8.181493632513636;-8.245271477497568;-7.162999405622619;3.1271483322244067;3.481175944826956;-0.9622285490761183;-0.2123998580830536;-0.773536650875494
197.0;-7.710848585524117;-8.19759947863327;-8.25749342546687;-7.174822117252762;3.1515088689883415;3.4693532331968133;-0.9681402934072839;-0.21508241994692284;-0.7762192160894484
198.0;-7.723070533015333;-8.209821426124487;-8.269715372958087;-7.187219876477643;3.1391111097634603;3.456955473971932;-0.9643117254698199;-0.2146731586967423;-0.7749610816503414
199.0;-7.735292480965376;-8.225927272255662;-8.281937320908131;-7.1990425877866215;3.1634716500577555;3.4451327626629533;-0.9702658511728833;-0.21736917346606863;-0.7776570993717774
200.0;-7.747514428456593;-8.238149219746878;-8.294159268399348;-7.211409391062532;3.1511048467818448;3.4327659593870425;-0.9669415091413391;-0.21711996632636535;-0.7766855594587824
201.0;-7.759736376388152;-8.25425506588913;-8.306381216330907;-7.223232102087031;3.1754653902032546;3.420943248362544;-0.9729360949814496;-0.21982882415273053;-0.7793944198817371
202.0;-7.771958324412827;-8.266477013913805;-8.322487062417363;-7.235054811649206;3.163642680641079;3.4453038078583686;-0.9789155671505072;-0.22253288462974194;-0.7820984807639243
203.0;-7.784180272323376;-8.282582860068645;-8.334709010327913;-7.246877522571318;3.188003225187968;3.4334810969362572;-0.9848800210442546;-0.2252321777815452;-0.7847977763777063
204.0;-7.799043695582026;-8.297105914954093;-8.34923206521336;-7.258700231379165;3.2123637929756663;3.4578416647239556;-0.9796278523067088;-0.2199800091373725;-0.7839366280724206
205.0;-7.81126564356637;-8.309327862938437;-8.365337911323984;-7.270522940889685;3.200541083465146;3.4822022247875983;-0.9855548782644576;-0.2226674217980243;-0.7866240411110389
206.0;-7.8234875914452155;-8.325433709112275;-8.37755985920283;-7.282345651667014;3.224901629603536;3.470379514010269;-0.991467388581438;-0.22535022669474122;-0.7893068482798917
207.0;-7.8357095393176515;-8.341539555289954;-8.389781807075265;-7.294168362264044;3.249262177723852;3.4585568034132397;-0.9973655473422092;-0.22802847603371884;-0.791985099641295
208.0;-7.850572962582901;-8.356062610171445;-8.404304861956756;-7.30599107107189;3.2736227455115556;3.4829173712009434;-0.9919356336609964;-0.2225985624371843;-0.7910675305759571
209.0;-7.865436385849537;-8.370585665052108;-8.418827916837419;-7.317813779879737;3.2979833132992615;3.5072779389886493;-0.9867242021610151;-0.21738713101679286;-0.7902193133046501
210.0;-7.8776583337692205;-8.382807612971792;-8.434933762986786;-7.3296364893587596;3.286160603820239;3.531638499398523;-0.9925618123941025;-0.2200461607659694;-0.7928783434592581
211.0;-7.889880281602513;-8.398913459172926;-8.447155710820079;-7.341459199794321;3.3105211537154693;3.519815788962961;-0.9983857671873186;-0.22270085582650184;-0.7955330403364438
212.0;-7.902102229093729;-8.411135406664142;-8.459377658311295;-7.353894788375436;3.298085565134354;3.5073802003818457;-0.9936714501616021;-0.22201043531662856;-0.7937779353291864
213.0;-7.914324176913241;-8.427241252873534;-8.471599606130807;-7.365717498625663;3.322446117066866;3.4955574901316195;-0.9995414568492225;-0.22467974840559019;-0.7964472500134222
214.0;-7.926546124727324;-8.443347099086179;-8.483821553944889;-7.377540208743843;3.3468066704508717;3.483734780013439;-1.0053975174945096;-0.2273446346587269;-0.7991121376817311
215.0;-7.938768072591869;-8.455569046950723;-8.499927400127296;-7.3893629182400495;3.334983960954665;3.508095340234422;-1.0112397740866512;-0.23000513921438828;-0.8017726427332488
216.0;-7.95099002045024;-8.467790994809095;-8.516033246313402;-7.401185627673239;3.3231612515214755;3.532455901148116;-1.017068348788071;-0.2326613007816633;-0.8044288047160323
217.0;-7.963211968302539;-8.480012942661393;-8.532139092503147;-7.413008337049179;3.3113385421455344;3.556816462691105;-1.022883372355966;-0.23531316086638587;-0.8070806651441452
218.0;-7.975433916148867;-8.49223489050772;-8.54824493869647;-7.424831046373113;3.2995158328216005;3.58117702480578;-1.0286849743183764;-0.23796076058422028;-0.8097282651406905
219.0;-7.987655863919223;-8.508340736746566;-8.560466886466827;-7.436653756627471;3.3238763847086927;3.569354314551422;-1.0344732653717335;-0.24060413498973654;-0.8123716411778145
220.0;-7.999877811684963;-8.524446582988178;-8.572688834232567;-7.448476466749405;3.348236938051436;3.557531604429488;-1.0402483920187353;-0.243243330671854;-0.8150108383130786
221.0;-8.014741234966664;-8.538969637859813;-8.587211889104202;-7.4602991755572505;3.3725975058391486;3.5818921722172004;-1.0340620095389959;-0.23705694825516338;-0.8138531468358816
222.0;-8.02960465824929;-8.553492692730892;-8.60173494397528;-7.472121884365096;3.396958073626862;3.606252740004914;-1.0281150809095962;-0.23111001968505737;-0.8127714640931956
223.0;-8.041826605994908;-8.569598538984561;-8.613956891720898;-7.4839445943115885;3.4213186288981294;3.594430030058421;-1.033818376733345;-0.23372641441067316;-0.81538786003895
224.0;-8.054048553486124;-8.581820486475777;-8.626178839212114;-7.496419651639458;3.408843571570259;3.581954972730551;-1.0281581205189052;-0.23273572877431747;-0.8130820844374242
225.0;-8.066270501268894;-8.594042434258547;-8.642284685443522;-7.508242360952117;3.397020862257601;3.606315534969167;-1.0339111352768922;-0.23536790559974421;-0.8157142615985323
226.0;-8.081133924555083;-8.608565489127493;-8.656807740312468;-7.520065069759963;3.4213814300453156;3.630676102756882;-1.028043735691184;-0.2295005060661822;-0.8146578233944467
227.0;-8.093355872046299;-8.62078743661871;-8.669029687803684;-7.532540303679804;3.4089061961254745;3.618200868837041;-1.022407480043768;-0.22851743881944284;-0.8123639251425752
228.0;-8.105577819809128;-8.633009384381538;-8.68513553404704;-7.544363012924495;3.3970834868807835;3.6425614318227795;-1.0281818713854953;-0.23115640109348012;-0.8150028876855314
229.0;-8.117799767517191;-8.64911523065771;-8.697357481755104;-7.556185722791764;3.421444043022905;3.6307387219555105;-1.033943217625262;-0.2337912224550574;-0.817637710220424
230.0;-8.130021715008407;-8.661337178148926;-8.70957942924632;-7.5686277504349375;3.4090020153797322;3.618296694312338;-1.0288141673967945;-0.23296915509191382;-0.8156640836530867
231.0;-8.142243662499624;-8.673559125640143;-8.721801376737536;-7.5810364994284045;3.3965932663862652;3.605887945318871;-1.0242849833639245;-0.2323375004965684;-0.8140463411348768
232.0;-8.154465610193926;-8.68966497192456;-8.734023324431838;-7.592859209152022;3.4209538241074675;3.594065235595254;-1.0301545254996556;-0.23500666597321898;-0.8167155076307527
233.0;-8.166687557685142;-8.701886919415777;-8.746245271923055;-7.605236571251764;3.408576462007725;3.5816878734955115;-1.0261573892732752;-0.23454389686630114;-0.8154064234198788
234.0;-8.181550980977049;-8.716409974281296;-8.760768326788574;-7.617059280059609;3.432937029795441;3.6060484412832277;-1.0204686001659573;-0.228855107799658;-0.8144066807185533
235.0;-8.193772928468265;-8.728631921772513;-8.77299027427979;-7.62943644504955;3.420559864805499;3.5936712762932856;-1.0165282660644825;-0.22841036913002685;-0.8131252084048657
236.0;-8.205994875959481;-8.740853869263729;-8.785212221771006;-7.641782899112379;3.4082134107426696;3.581324822230456;-1.0131540649175363;-0.2281453354406141;-0.8121571622053362
237.0;-8.218216823665847;-8.753075816970094;-8.801318068048197;-7.653605608297683;3.3963907015573653;3.6056853858689992;-1.0191561476010667;-0.23085657267580734;-0.8148683997087505
238.0;-8.230438771368654;-8.765297764672901;-8.817423914327518;-7.665428317448432;3.3845679924066165;3.6300459498873865;-1.0251430202887377;-0.2335629818666984;-0.8175748091224971
239.0;-8.242660719067961;-8.777519712372209;-8.833529760608936;-7.67725102656779;3.3727452832872595;3.6544065142508444;-1.0311148282143592;-0.23626460911429623;-0.8202764365522655
240.0;-8.254882666559178;-8.789741659863425;-8.845751708100153;-7.689569735701087;3.3604265741539625;3.6420878051175474;-1.0281368046739174;-0.23612533226057086;-0.8195292942754748
241.0;-8.269746089855206;-8.804264714726475;-8.860274762963202;-7.701392444508932;3.3847871419416795;3.6664483729052644;-1.0224601989460405;-0.23044872656599186;-0.8185334188882563
242.0;-8.281968037540281;-8.81648666241155;-8.876380609253149;-7.713215153586432;3.3729644328641797;3.690808937728832;-1.028445842802443;-0.2331547456725418;-0.8212394381359095
243.0;-8.294189985181534;-8.832592508727757;-8.888602556894401;-7.7250378632677785;3.397324991050036;3.678986228047486;-1.03441642200586;-0.23585598282058054;-0.8239406763311345
244.0;-8.309053408479228;-8.847115563589808;-8.903125611756453;-7.736860572075623;3.421685558837754;3.7033467958352038;-1.0287051708628785;-0.23014473170809976;-0.8229338036091273
245.0;-8.3239168317774;-8.861638618451574;-8.917648666618218;-7.748683280883468;3.4460461266254723;3.727707363622922;-1.0232204395926632;-0.22466000046655762;-0.8219988340486104
246.0;-8.33613877944257;-8.873860566116743;-8.933754512920093;-7.760505989936632;3.4342234175723076;3.7520679287139944;-1.02912515472254;-0.22734033071127038;-0.8246791644224721
247.0;-8.348360727104863;-8.886082513779037;-8.94986035922369;-7.772328698967339;3.4224007085416015;3.7764284940519364;-1.035015590035322;-0.23001612817516992;-0.8273549619874635
248.0;-8.36322415040451;-8.900605568639918;-8.96438341408457;-7.784151407775184;3.4467612763293203;3.800789061839655;-1.0294924306493882;-0.2244929688155193;-0.8264077943668979
249.0;-8.378087573704583;-8.915128623500545;-8.978906468945198;-7.795974116583029;3.4711218441170395;3.8251496296273744;-1.024190447935011;-0.21919098612584714;-0.8255308338400352
250.0;-8.3903095211958;-8.927350570991761;-8.991128416436414;-7.8084200544011795;3.4586759062988888;3.8127036918092236;-1.0189738558080637;-0.2183411307404576;-0.8235060714049653
251.0;-8.40517294449663;-8.941873625851933;-9.005651471296586;-7.820242763209024;3.483036474086608;3.837064259596943;-1.0139763243190083;-0.21334359927373603;-0.8227257514304435
252.0;-8.417394891987847;-8.95409557334315;-9.017873418787802;-7.832688300788462;3.4705909365071705;3.8246187220175054;-1.0088338491154347;-0.21251727048248348;-0.8207388731265821
253.0;-8.429616839479063;-8.966317520834366;-9.030095366279019;-7.845100427368052;3.4581788099275803;3.812206595437915;-1.0042965742353804;-0.2118830476467247;-0.819111473854517
254.0;-8.444480262780933;-8.980840575693914;-9.044618421138567;-7.856923136175896;3.4825393777152995;3.8365671632256344;-0.999673653371493;-0.20726012680225725;-0.8184500648079793
255.0;-8.456702210379714;-8.99694642203557;-9.056840368737348;-7.868745845688221;3.506899937759101;3.824744453713309;-1.0056465506774843;-0.20996209972243204;-0.8211520385897638
256.0;-8.468924157976716;-9.013052268378292;-9.06906231633435;-7.880568555136054;3.531260498511833;3.8129217442654766;-1.011604517337328;-0.21265933327365252;-0.8238492729113178
257.0;-8.481146105598093;-9.02527421599967;-9.085168162662464;-7.892391264132341;3.519437789515546;3.8372823099817674;-1.0175477031283684;-0.2153518750312568;-0.8265418147731952
258.0;-8.493368053190046;-9.041380062345414;-9.097390110254418;-7.904213973550612;3.543798350593225;3.825459600563496;-1.023476233198049;-0.21803976465403827;-0.8292297051263985
259.0;-8.508231476493801;-9.055903117203835;-9.111913165112838;-7.916036682358457;3.568158918380945;3.8498201683512163;-1.0185125735812663;-0.21307610505482477;-0.8284601369445219
260.0;-8.520453424081188;-9.072008963552317;-9.124135112700225;-7.927859391707887;3.592519480215353;3.8379974590017865;-1.024406397862608;-0.2157529781723528;-0.8311370106970877
261.0;-8.535316847385593;-9.086532018410347;-9.138658167558255;-7.939682100515732;3.616880048003073;3.8623580267895066;-1.0195154824235404;-0.210862062749626;-0.8303905333650067
262.0;-8.550180270690289;-9.101055073268203;-9.15318122241611;-7.951504809323577;3.6412406157907933;3.8867185945772267;-1.0148268994210745;-0.20617347976251438;-0.8297082814877879
263.0;-8.565043693995268;-9.11557812812589;-9.167704277273797;-7.963327518131422;3.665601183578514;3.9110791623649472;-1.0103343415972053;-0.2016809219530716;-0.8290882529815286
264.0;-8.577265641572994;-9.131683974480161;-9.179926224851524;-7.975150227397579;3.6899617463282826;3.8992564530987894;-1.0161602119624504;-0.20433622475823668;-0.8317435563101879
265.0;-8.5894875891674;-9.143905922074566;-9.196032071195802;-7.986972936385677;3.6781390373401845;3.9236170189051;-1.0219725611731758;-0.20698723562516194;-0.8343945672996262
266.0;-8.601709536658616;-9.156127869565783;-9.208254018687018;-7.999528499146329;3.665583474579532;3.9110614561444472;-1.0149494745775378;-0.20556395300829972;-0.8311995891180168
267.0;-8.613931484149832;-9.168349817056999;-9.220475966178235;-8.01204685293932;3.65306512078654;3.8985431023514554;-1.0085734771492347;-0.20434607292998486;-0.8284326152404103
268.0;-8.6261534317195;-9.184455663416099;-9.232697913747902;-8.023869562162927;3.6774256840040427;3.8867203931278484;-1.0144983161051178;-0.2070327908720725;-0.8311193336675406
269.0;-8.63837537928787;-9.200561509775975;-9.244919861316273;-8.035692271348472;3.701786247639934;3.874897683942303;-1.020408683177373;-0.20971491506881457;-0.8338014582963853
270.0;-8.650597326869697;-9.212783457357801;-9.261025707668086;-8.047514980327998;3.6899635386604075;3.8992582498428296;-1.02630471980835;-0.2123924904355938;-0.8364790337913077
271.0;-8.662819274450024;-9.225005404938129;-9.277131554020798;-8.059337689291809;3.6781408296965976;3.923618815916123;-1.0321865594602808;-0.215065559318451;-0.8391521027819702
272.0;-8.67504122194124;-9.237227352429345;-9.289353501512014;-8.071822744283644;3.6656557747047627;3.911133760924288;-1.0262266048996203;-0.21397974181431006;-0.8366725457601973
273.0;-8.687263169432457;-9.249449299920562;-9.30157544900323;-8.084272945531637;3.6532055734567694;3.8986835596762948;-1.0208959582277963;-0.2130936826192555;-0.8345824524436652
274.0;-8.699485116923674;-9.261671247411778;-9.313797396494447;-8.096689560982682;3.6407889580057256;3.886266944225251;-1.0161802942563654;-0.21240283455459844;-0.832859643954742
275.0;-8.71170706449633;-9.273893194984435;-9.329903242851755;-8.108512269922015;3.6289662490663925;3.9106275105676045;-1.0222331258381714;-0.2151301806136774;-0.8355869901000633
276.0;-8.723929012067641;-9.286115142555746;-9.34600908920987;-8.12033497884931;3.617143540139097;3.9349880770422767;-1.0282702623869233;-0.21785254466857196;-0.8383093542253867
277.0;-8.736150959637627;-9.298337090125731;-9.36211493556878;-8.132157687765671;3.6053208312227367;3.9593486436371546;-1.0342918537386199;-0.22056997428107603;-0.8410267838941521
278.0;-8.748372907188866;-9.314442936495873;-9.37433688312002;-8.143980396979776;3.6296813945446993;3.94752593442305;-1.0402980425343968;-0.22328251470740004;-0.8437393248233017
279.0;-8.760594854739114;-9.33054878286661;-9.386558830670268;-8.15580310615669;3.654041958275488;3.935703225246138;-1.0462889821787158;-0.22599021466423436;-0.8464470252298897
280.0;-8.775458278047994;-9.345071837721958;-9.401081885525617;-8.167625814964534;3.6784025260632087;3.9600637930338585;-1.0410254093246616;-0.2207266418200706;-0.84558225696835
281.0;-8.787680225609716;-9.35729378528368;-9.417187731889477;-8.179448523878511;3.6665798171492328;3.9844243596549433;-1.0469785543406058;-0.22342234481540482;-0.8482779600259878
282.0;-8.799902173170272;-9.369515732844237;-9.433293578254036;-8.191271232782771;3.6547571082449726;4.00878492638283;-1.052916956438824;-0.22611336803246307;-0.8509689832929692
283.0;-8.814765596479678;-9.38403878769927;-9.447816633109069;-8.203093941590616;3.6791176760326936;4.033145494170551;-1.0476043381839208;-0.22080074978664244;-0.8500886467753884
284.0;-8.82698754403709;-9.396260735256682;-9.463922479475512;-8.214916650484003;3.667294967139307;4.057506061017961;-1.0535050320139174;-0.2234798034370219;-0.8527677004640072
285.0;-8.839209491577972;-9.41236658163303;-9.476144427016393;-8.226739359661973;3.691655530858474;4.045683351839992;-1.0593914786148813;-0.22615433463466478;-0.8554422321144883
286.0;-8.851431439069188;-9.424588529124247;-9.48836637450761;-8.239194728201966;3.6792001623184816;4.0332279833;-1.05370716476826;-0.2251560124947623;-0.8531640261591308
287.0;-8.866294862379194;-9.43911158397892;-9.502889429362284;-8.25101743700981;3.7035607301062026;4.05758855108772;-1.048446521362994;-0.2198953690975095;-0.8523001877790479
288.0;-8.878516809916679;-9.455217430357305;-9.51511137689977;-8.26284014613796;3.7279212943730133;4.045765841959571;-1.0543593889150926;-0.22257828697235157;-0.8549831060439539
289.0;-8.890738757407895;-9.467439377848521;-9.527333324390986;-8.275295742304758;3.7154656982062155;4.033310245792773;-1.0486984893022187;-0.22158739710498981;-0.852716238587235
290.0;-8.905602180718292;-9.48196243270296;-9.541856379245425;-8.287118451112603;3.7398262659939365;4.0576708135804935;-1.0436174706548902;-0.21650637846481627;-0.8519094176680043
291.0;-8.91782412826428;-9.49418438024895;-9.557962225618713;-8.298941159998185;3.728003557108355;4.082031380513705;-1.0495578829480556;-0.21919803975093066;-0.8546010789957827
292.0;-8.932687551574938;-9.508707435103233;-9.572485280472996;-8.31076386880603;3.752364124896076;4.106391948301426;-1.044552661607471;-0.2141928184169989;-0.8538183180670543
293.0;-8.944909499066155;-9.52092938259445;-9.584707227964213;-8.323254205246615;3.7398737884554913;4.093901611860841;-1.0383610547630604;-0.21303346859375188;-0.8512085409734853
294.0;-8.957131446608397;-9.533151330136691;-9.600813074339746;-8.335076914121728;3.7280510795803785;4.1182621789091245;-1.0443298809033856;-0.2157341491524676;-0.8539092215639787
295.0;-8.969353394149795;-9.54537327767809;-9.616918920715785;-8.346899622990684;3.716228370711424;4.1426227460251015;-1.0502838142259803;-0.21843010235130317;-0.8566051747868724
296.0;-8.981575341641012;-9.557595225169306;-9.629140868207001;-8.359356235731797;3.7037717579703098;4.130166133283987;-1.0446209878415558;-0.217438600877709;-0.8543352862697169
297.0;-8.996438764952218;-9.572118280023261;-9.643663923060956;-8.371178944539642;3.7281323257580308;4.154526701071709;-1.0397590539885662;-0.21257666703035955;-0.853598008429224
298.0;-9.008660712490185;-9.584340227561228;-9.659769769439052;-8.38300165340037;3.7163096168973015;4.178887268278107;-1.0457419121743305;-0.2152818017116072;-0.8563031431272945
299.0;-9.023524135801605;-9.598863282415055;-9.674292824292879;-8.394824362208215;3.7406701846850225;4.203247836065828;-1.040947153563449;-0.21048704310597524;-0.8555871884149777
300.0;-9.038387559113119;-9.613386337268825;-9.688815879146649;-8.40664707101606;3.7650307524727435;4.22760840385355;-1.0363517461701592;-0.20589163571761832;-0.8549345128428829
301.0;-9.050609506636373;-9.629492183655735;-9.701037826669904;-8.418469780115426;3.789391317055952;4.215785694754183;-1.0422836527543993;-0.208580597047635;-0.8576234745417041
302.0;-9.06283145412759;-9.641714131146951;-9.71325977416112;-8.430997505734764;3.776863591436615;4.203257969134846;-1.035475231290822;-0.2072254545964388;-0.854608531058901
303.0;-9.075053401659742;-9.653936078679104;-9.7293656205427;-8.44282021458953;3.765040882581849;4.227618536406792;-1.0414565972223275;-0.20993011559105043;-0.8573131920691061
304.0;-9.087275349180732;-9.670041925067371;-9.74158756806369;-8.45464292366855;3.7894014473887045;4.2157958273277725;-1.0474229461012081;-0.21263000977774504;-0.8600130866013891
305.0;-9.099497296671949;-9.682263872558588;-9.753809515554906;-8.46713569781334;3.776908673243913;4.203303053182982;-1.0411545736573482;-0.21144629260329523;-0.8573584885405985
306.0;-9.111719244201208;-9.694485820087847;-9.769915361938219;-8.478958406664834;3.765085964392419;4.227663620490891;-1.0471698309121855;-0.21416171156155486;-0.8600739075135169
307.0;-9.123941191720093;-9.710591666477375;-9.782137309457104;-8.490781115724946;3.789446529407119;4.215840911430779;-1.053169747676025;-0.21687226104523633;-0.8627844573209816
308.0;-9.138804615032308;-9.725114721330726;-9.796660364310455;-8.502603824532791;3.81380709719484;4.2402014792185;-1.0483182419992252;-0.21202075537249557;-0.8620504896484994
309.0;-9.151026562549939;-9.741220567721006;-9.808882311828086;-8.514426533564453;3.8381676625222694;4.228378770186838;-1.054283707154685;-0.21472036903876798;-0.8647501035976798
310.0;-9.163248510067133;-9.75732641411155;-9.82110425934528;-8.526249242575625;3.8625282280749307;4.216556061175665;-1.0602343118821156;-0.21741526562707156;-0.8674450004397517
311.0;-9.17547045759132;-9.769548361635737;-9.83721010573163;-8.538071951428291;3.850705519222264;4.2409166284706865;-1.0661702008582439;-0.22010549107061;-0.8701352259055811
312.0;-9.187692405107274;-9.785654208027022;-9.849432053247584;-8.549894660430072;3.8750660848781626;4.229093919468905;-1.072091508725337;-0.22279108808955245;-0.8728208231651321
313.0;-9.19991435262282;-9.801760054418553;-9.86165400076313;-8.561717369414099;3.899426650729223;4.217271210484879;-1.0779983780958198;-0.22547210196232373;-0.8755018372535531
314.0;-9.212136300137962;-9.817865900810325;-9.873875948278272;-8.573540078381997;3.9237872167575785;4.2054485015169805;-1.0838909469503388;-0.22814857648749828;-0.8781783119718207
315.0;-9.224358247629178;-9.830087848301542;-9.886097895769488;-8.586037759987951;3.911289535151625;4.192950819911027;-1.0772649889883972;-0.22685135258651143;-0.8753283108335821
316.0;-9.236580195143357;-9.846193694693891;-9.898319843283668;-8.597860468937608;3.9356501013805;4.181128110961371;-1.0832084537559776;-0.2295439827664369;-0.8780209411842715
317.0;-9.248802142657157;-9.862299541086468;-9.910541790797467;-8.609683177874281;3.9600106677520825;4.169305402024697;-1.0891372681779439;-0.2322319625539753;-0.8807089211243506
318.0;-9.261024090170583;-9.878405387479269;-9.922763738310893;-8.621505886799161;3.984371234253308;4.1574826930998166;-1.0950515722433591;-0.23491533638522263;-0.8833922950916786
319.0;-9.273246037687882;-9.890627334996568;-9.938869584701372;-8.633328595660204;3.9725485253922654;4.1818432603027675;-1.100951505665409;-0.23759414861387512;-0.8860711073625023
320.0;-9.285467985200247;-9.906733181390003;-9.951091532213738;-8.645151304579679;3.996909091952914;4.170020551383294;-1.1068372034058118;-0.24026844206947637;-0.8887454009471553
321.0;-9.300331408513333;-9.921256236242831;-9.965614587066566;-8.656974013387524;4.021269659740636;4.194381119171015;-1.1008668052212092;-0.2342980438880762;-0.8876562683714946
322.0;-9.31255335600455;-9.933478183734048;-9.977836534557783;-8.669474550207823;4.008769122920336;4.181880582350716;-1.0940526627652065;-0.23294108544856415;-0.8847023759967674
323.0;-9.327416779317725;-9.948001238586823;-9.992359589410558;-8.681297259015668;4.033129690708058;4.206241150138437;-1.0884290491806745;-0.2273174718669227;-0.8837233216619109
324.0;-9.339638726828067;-9.964107084981471;-10.0;-8.69311996791785;4.057490257458784;4.194418441236254;-1.0943120697944224;-0.22999091553204792;-0.8863967654345134
325.0;-9.351860674338266;-9.980212931376204;-10.0;-8.704942676811397;4.081850824304444;4.182595732342708;-1.1001810177407036;-0.23265989217481378;-0.8890657421726774
326.0;-9.364082621850189;-9.992434878888128;-10.0;-8.716765385671275;4.070028115444566;4.206956299558464;-1.1060360280702515;-0.23532444466600996;-0.8917302947105322
327.0;-9.376304569360537;-10.0;-10.0;-8.728588094560862;4.094388682333739;4.195133590668877;-1.1118772327972162;-0.23798461490629608;-0.8943904650400374
328.0;-9.391167992673791;-10.0;-10.0;-8.740410803368707;4.118749250121461;4.219494158456598;-1.105968832006163;-0.23207621411810778;-0.893321012011897
329.0;-9.403389940165008;-10.0;-10.0;-8.752949488734803;4.106210564755365;4.2069554730905026;-1.0984545601931557;-0.23049701683656326;-0.8899072889511088
330.0;-9.415611887674178;-10.0;-10.0;-8.764772197613375;4.130571131765616;4.195132764211929;-1.10432020457433;-0.2331649448425881;-0.8925752170330393
331.0;-9.427833835182915;-10.0;-10.0;-8.77659490647085;4.1187484229081415;4.219493331454105;-1.1101719426862586;-0.2358284586449307;-0.8952387308825451
332.0;-9.440055782691228;-10.0;-10.0;-8.78841761532378;4.106925714055211;4.243853898746224;-1.1160099071752323;-0.2384876003489095;-0.8978978726278221
333.0;-9.452277730199128;-10.0;-10.0;-8.800240324202454;4.131286281064349;4.232031189867549;-1.1218342291506298;-0.24114241157198746;-0.900552683927798
334.0;-9.464499677690345;-10.0;-10.0;-8.812745088459934;4.1187815168068695;4.21952642561007;-1.11477200121419;-0.23970670449931808;-0.897460221223797
335.0;-9.479363101003297;-10.0;-10.0;-8.824567797267779;4.143142084594591;4.243886993397791;-1.1088303792754062;-0.23376508256396794;-0.8963802229595101
336.0;-9.494226524316195;-10.0;-10.0;-8.836390506075624;4.167502652382312;4.268247561185513;-1.1031216506599195;-0.22805635395190296;-0.8953741509518055
337.0;-9.506448471822383;-10.0;-10.0;-8.848213214923472;4.155679943534464;4.2926081285334945;-1.1089442220304084;-0.23071060948645308;-0.8980284065231162
338.0;-9.518670419328208;-10.0;-10.0;-8.860035923794163;4.180040510631362;4.280785419662804;-1.1147532981752903;-0.23336058129311615;-0.9006783783980176
339.0;-9.530892366819424;-10.0;-10.0;-8.872577538328043;4.167498896097482;4.2682438051289235;-1.1070999840830145;-0.23173724846029237;-0.8971835588712703
340.0;-9.54311431431064;-10.0;-10.0;-8.885082387299045;4.154994047126479;4.255738956157921;-1.1001172252747593;-0.23032676690751927;-0.8941320901830412
341.0;-9.555336261815434;-10.0;-10.0;-8.896905096143183;4.143171338282342;4.280099523546706;-1.106045652112916;-0.2330146236550608;-0.8968199469646992
342.0;-9.567558209319898;-10.0;-10.0;-8.908727805008041;4.167531905443343;4.2682768146818475;-1.1119595716445096;-0.23569787541454443;-0.8995031987874978
343.0;-9.579780156824043;-10.0;-10.0;-8.920550513850502;4.155709196600882;4.29263738208906;-1.1178591234081072;-0.23837656647906838;-0.9021818898843897
344.0;-9.594643580136513;-10.0;-10.0;-8.932373222658347;4.180069764388604;4.316997949876781;-1.1119812010909569;-0.23249864416620342;-0.9011221114980555
345.0;-9.606865527627729;-10.0;-10.0;-8.944879544550748;4.167563442496203;4.304491627984381;-1.1049237067325404;-0.23106443965143716;-0.8980283213205107
346.0;-9.619087475118945;-10.0;-10.0;-8.957350272537584;4.155092714509367;4.292020899997545;-1.0985296552653374;-0.22984082876258144;-0.8953582243823347
347.0;-9.631309422621824;-10.0;-10.0;-8.969172981374644;4.143270005672306;4.31638146746412;-1.1045191739765103;-0.23254807762026072;-0.89806547326692
348.0;-9.64617284593404;-10.0;-10.0;-8.980995690182489;4.167630573460028;4.340742035251841;-1.0989671313146119;-0.2269960349628936;-0.897109137360894
349.0;-9.658394793425256;-10.0;-10.0;-8.993466606177487;4.15515965746503;4.3282711192568435;-1.0926012733453285;-0.22578137340642593;-0.8944529554128751
350.0;-9.670616740927253;-10.0;-10.0;-9.00528931503586;4.17952022469732;4.31644841039847;-1.0986160804355123;-0.22849664943693299;-0.8971682315018912
351.0;-9.68283868841847;-10.0;-10.0;-9.017726528999164;4.167083010734016;4.304011196435166;-1.0928476651655157;-0.22747163136897483;-0.8948848274790289
352.0;-9.6977021117304;-10.0;-10.0;-9.029549237807009;4.191443578521738;4.328371764222887;-1.087592851662574;-0.22221681787083455;-0.8940228396580303
353.0;-9.712565535042245;-10.0;-10.0;-9.041371946614854;4.215804146309459;4.352732332010609;-1.082551380237806;-0.21717534645084893;-0.8932285720317868
354.0;-9.724787482543135;-10.0;-10.0;-9.053194655447395;4.203981437476918;4.377092899526859;-1.0885719474536668;-0.2198924508901915;-0.8959456764942514
355.0;-9.737009430043791;-10.0;-10.0;-9.065017364300079;4.228342004771749;4.365270190674175;-1.0945771270814804;-0.22260467091789515;-0.8986578965739307
356.0;-9.74923137754422;-10.0;-10.0;-9.07684007313148;4.216519295940349;4.389630758202965;-1.1005670669254661;-0.22531205345078273;-0.901365279128751
357.0;-9.761453325035436;-10.0;-10.0;-9.08931279541396;4.204046573657868;4.377158035920484;-1.0941419033415483;-0.22407856678579685;-0.8986748954392586
358.0;-9.773675272526653;-10.0;-10.0;-9.1017511048382;4.191608264233628;4.3647197264962445;-1.0883716155032777;-0.2230529543171031;-0.8963883140343879
359.0;-9.78589722002643;-10.0;-10.0;-9.113573813686735;4.215968831574074;4.35289701764771;-1.0944765964941672;-0.225796853831645;-0.8991322135970782
360.0;-9.8007606433377;-10.0;-10.0;-9.12539652249458;4.240329399361795;4.377257585435432;-1.089316518864398;-0.2206367762076895;-0.8983002973486286
361.0;-9.812982590837025;-10.0;-10.0;-9.137219231338525;4.264689966752683;4.365434876591486;-1.0953834789437142;-0.2233686069184675;-0.9010321281011461
362.0;-9.825204538336155;-10.0;-10.0;-9.149041940168289;4.25286725792292;4.389795444138272;-1.1014346091702485;-0.22609541283159576;-0.9037589340357709
363.0;-9.840067961647136;-10.0;-10.0;-9.160864648976133;4.277227825710641;4.414156011925994;-1.0962164617928614;-0.22087726546055528;-0.9029085849743865
364.0;-9.85228990914585;-10.0;-10.0;-9.172687357817606;4.301588393128704;4.402333303084521;-1.102229598497373;-0.2235920112641141;-0.9056233308164705
365.0;-9.86451185664438;-10.0;-10.0;-9.184510066656001;4.3259489605806065;4.390510594246126;-1.108227419049733;-0.22630189533167652;-0.9083332149182913
366.0;-9.879375279955047;-10.0;-10.0;-9.196332775463846;4.350309528368328;4.414871162033847;-1.102955833163968;-0.2210303094528346;-0.9074659031169462
367.0;-9.891597227453193;-10.0;-10.0;-9.208155484298796;4.374670095858104;4.403048453198898;-1.1089157219916013;-0.2237281530269097;-0.9101637467206344
368.0;-9.903819174951172;-10.0;-10.0;-9.219978193131265;4.3990306633751555;4.39122574436643;-1.1148608033256397;-0.2264212963261573;-0.9128568900461257
369.0;-9.916041122448988;-10.0;-10.0;-9.23180090196148;4.423391230916986;4.379403035536217;-1.1207912186562368;-0.2291097842631526;-0.9155453780063294
370.0;-9.928263069940204;-10.0;-10.0;-9.24431330983427;4.410878823044194;4.366890627663425;-1.1135078371330025;-0.22760387742447025;-0.9123192015193359
371.0;-9.94048501743142;-10.0;-10.0;-9.256789916696373;4.398402216182091;4.354414020801322;-1.1068961350920914;-0.22631117871493583;-0.9095249550654101
372.0;-9.955348440741407;-10.0;-10.0;-9.268612625504218;4.422762783969812;4.378774588589043;-1.1016799449610786;-0.22109498859191304;-0.9086752272837414
373.0;-9.967570388232623;-10.0;-10.0;-9.281088733711805;4.410286675762227;4.366298480381458;-1.0951544587639244;-0.21982965698117218;-0.9059260932458267
374.0;-9.979792335729648;-10.0;-10.0;-9.292911442538063;4.434647243347537;4.354475771555199;-1.1012471518559381;-0.2225696560009635;-0.9086660922848969
375.0;-9.992014283226533;-10.0;-10.0;-9.30473415136896;4.422824534516639;4.378836339089519;-1.1073237690907576;-0.22530455213513387;-0.9114009884451526
376.0;-10.0;-10.0;-10.0;-9.316556860176805;4.447185102304361;4.40319690687724;-1.1021617884522685;-0.2201425715054271;-0.9105684681333965
377.0;-10.0;-10.0;-10.0;-9.32837956898465;4.471545670092082;4.427557474664962;-1.0972103828177342;-0.21519116587952017;-0.9098027896767515
378.0;-10.0;-10.0;-10.0;-9.34020227781247;4.459722961264262;4.451918042233113;-1.103229140377495;-0.21790769588275682;-0.9125193197016583
379.0;-10.0;-10.0;-10.0;-9.352024986620314;4.484083529051984;4.4762786100208345;-1.0983472607789269;-0.21302581629271833;-0.9117757105748732
380.0;-10.0;-10.0;-10.0;-9.36457410599549;4.471534409676807;4.463729490645658;-1.0905823526345528;-0.21136706067313674;-0.9082020437512655
381.0;-10.0;-10.0;-10.0;-9.376396814820618;4.459711700851679;4.4880900582434;-1.0966326825388808;-0.21409361254055856;-0.9109285956366361
382.0;-10.0;-10.0;-10.0;-9.38821952364605;4.484072268446067;4.4762673494179674;-1.1026673410591168;-0.2168151899125757;-0.9136501730269807
383.0;-10.0;-10.0;-10.0;-9.40073302345207;4.471558768640048;4.463753849611948;-1.0954691763013382;-0.21533633303985633;-0.910465669823011
384.0;-10.0;-10.0;-10.0;-9.412555732259914;4.49591933642777;4.48811441739967;-1.0907726659893073;-0.2106398227360942;-0.9097809016163733
385.0;-10.0;-10.0;-10.0;-9.42437844106776;4.520279904215491;4.512474985187391;-1.0862724304169884;-0.20613958717176797;-0.9091584359977322
386.0;-10.0;-10.0;-10.0;-9.436927599629806;4.507730745653444;4.499925826625344;-1.07859038711279;-0.20450713495732376;-0.905628708102248
387.0;-10.0;-10.0;-10.0;-9.448750308452606;4.495908036830645;4.524286394248681;-1.0847078518802773;-0.20725499713571222;-0.9083765702954456
388.0;-10.0;-10.0;-10.0;-9.460573017275669;4.52026860445108;4.512463685425618;-1.0908090044927974;-0.20999768142174297;-0.9111192545966194
389.0;-10.0;-10.0;-10.0;-9.47239572609734;4.544629172086829;4.500640976603948;-1.0968940006393464;-0.2127352372350583;-0.9138568104230146
390.0;-10.0;-10.0;-10.0;-9.484909957491272;4.532114940692896;4.488126745210015;-1.0897202288250063;-0.21126412330219613;-0.9106832145027979
391.0;-10.0;-10.0;-10.0;-9.496732666311367;4.5564755083459705;4.476304036389921;-1.0958555769427067;-0.21401766211022577;-0.9134367533217407
392.0;-10.0;-10.0;-10.0;-9.509211707598393;4.543996467058945;4.463824995102896;-1.089298879839339;-0.21274242336505855;-0.9106650150124552
393.0;-10.0;-10.0;-10.0;-9.521034416421195;4.532173758236143;4.488185562726206;-1.09548358396154;-0.21551162902268745;-0.9134342206850986
394.0;-10.0;-10.0;-10.0;-9.533479468647423;4.519728706009915;4.4757405104999775;-1.0895343446149173;-0.21442921279966132;-0.9110442056951409
395.0;-10.0;-10.0;-10.0;-9.545302177468521;4.507905997188817;4.50010107814201;-1.0957670626012972;-0.21721365927745742;-0.9138286521855599
396.0;-10.0;-10.0;-10.0;-9.557714465370065;4.495493709287274;4.487688790240467;-1.0904136085563898;-0.21632036044285172;-0.9118001049840874
397.0;-10.0;-10.0;-10.0;-9.569537174189295;4.519854276949857;4.4758660814212385;-1.096692688970988;-0.21911952353309044;-0.9145992680842562
398.0;-10.0;-10.0;-10.0;-9.581917937807003;4.50747351333215;4.463485317803531;-1.0919215226116352;-0.21841105760068022;-0.9129120099650649
399.0;-10.0;-10.0;-10.0;-9.593740646614847;4.531834081119872;4.487845885591253;-1.0872906660064279;-0.2137802010036494;-0.9122480819126554
