n.evals.q.1.0.	parity._.me.hebbian.network.best.solution.non.learning.stateless.as.numrl.agent.sim.sequentialBf.avg.UNLIMITED.	parity._.me.hebbian.network.best.solution.non.learning.stateless.as.numrl.agent.sim.sequentialBf.avg.UNLIMITED.min	parity._.me.hebbian.network.best.solution.non.learning.stateless.as.numrl.agent.sim.sequentialBf.avg.UNLIMITED.max	parity._.me.hebbian.layer.best.solution.non.learning.stateless.as.numrl.agent.sim.sequentialBf.avg.UNLIMITED.	parity._.me.hebbian.layer.best.solution.non.learning.stateless.as.numrl.agent.sim.sequentialBf.avg.UNLIMITED.min	parity._.me.hebbian.layer.best.solution.non.learning.stateless.as.numrl.agent.sim.sequentialBf.avg.UNLIMITED.max	parity._.me.hebbian.neuron.best.solution.non.learning.stateless.as.numrl.agent.sim.sequentialBf.avg.UNLIMITED.	parity._.me.hebbian.neuron.best.solution.non.learning.stateless.as.numrl.agent.sim.sequentialBf.avg.UNLIMITED.min	parity._.me.hebbian.neuron.best.solution.non.learning.stateless.as.numrl.agent.sim.sequentialBf.avg.UNLIMITED.max	parity._.me.hebbian.synapse.best.solution.non.learning.stateless.as.numrl.agent.sim.sequentialBf.avg.UNLIMITED.	parity._.me.hebbian.synapse.best.solution.non.learning.stateless.as.numrl.agent.sim.sequentialBf.avg.UNLIMITED.min	parity._.me.hebbian.synapse.best.solution.non.learning.stateless.as.numrl.agent.sim.sequentialBf.avg.UNLIMITED.max	parity._.me.freeForm.best.solution.non.learning.stateless.as.numrl.agent.sim.sequentialBf.avg.UNLIMITED.	parity._.me.freeForm.best.solution.non.learning.stateless.as.numrl.agent.sim.sequentialBf.avg.UNLIMITED.min	parity._.me.freeForm.best.solution.non.learning.stateless.as.numrl.agent.sim.sequentialBf.avg.UNLIMITED.max
1.000e+02	2.500e-01	1.486e-01	2.500e-01	2.676e-01	2.284e-01	3.750e-01	4.867e-01	2.667e-01	5.994e-01	2.362e-01	1.250e-01	2.898e-01	2.500e-01	2.500e-01	3.750e-01
2.000e+02	2.492e-01	2.890e-02	2.500e-01	2.445e-01	1.010e-01	2.832e-01	3.909e-01	2.487e-01	4.963e-01	2.860e-01	1.875e-01	3.134e-01	3.683e-01	2.500e-01	3.750e-01
3.000e+02	2.492e-01	2.890e-02	2.500e-01	1.852e-01	6.791e-02	2.537e-01	3.909e-01	2.196e-01	4.963e-01	3.344e-01	2.418e-01	3.748e-01	3.750e-01	2.500e-01	3.750e-01
4.000e+02	2.492e-01	2.890e-02	2.500e-01	9.338e-02	5.244e-02	2.180e-01	4.136e-01	2.039e-01	4.963e-01	3.344e-01	2.975e-01	3.747e-01	3.750e-01	2.500e-01	3.750e-01
5.000e+02	2.492e-01	2.890e-02	2.500e-01	8.781e-02	4.044e-02	2.180e-01	4.391e-01	2.515e-01	5.433e-01	3.582e-01	2.975e-01	3.749e-01	3.750e-01	3.375e-01	3.750e-01
6.000e+02	2.433e-01	2.890e-02	2.500e-01	8.781e-02	4.044e-02	1.652e-01	4.284e-01	2.384e-01	5.309e-01	3.377e-01	2.975e-01	3.747e-01	3.750e-01	3.750e-01	3.750e-01
7.000e+02	2.433e-01	2.890e-02	2.500e-01	9.338e-02	6.046e-02	1.707e-01	4.001e-01	2.384e-01	5.433e-01	3.243e-01	2.975e-01	3.742e-01	3.750e-01	3.750e-01	3.750e-01
8.000e+02	2.433e-01	2.890e-02	2.500e-01	7.946e-02	5.244e-02	1.707e-01	3.962e-01	2.384e-01	5.433e-01	3.582e-01	2.651e-01	3.750e-01	3.750e-01	3.750e-01	3.750e-01
9.000e+02	2.433e-01	2.890e-02	2.500e-01	7.946e-02	5.244e-02	1.707e-01	4.001e-01	2.813e-01	5.309e-01	3.582e-01	2.692e-01	3.750e-01	3.750e-01	3.750e-01	3.750e-01
1.000e+03	2.433e-01	2.890e-02	2.500e-01	9.286e-02	6.309e-02	1.713e-01	4.152e-01	2.908e-01	5.309e-01	3.125e-01	2.805e-01	3.750e-01	3.750e-01	3.683e-01	3.750e-01
1.100e+03	2.433e-01	2.890e-02	2.500e-01	1.094e-01	5.244e-02	1.713e-01	3.853e-01	2.643e-01	4.696e-01	3.229e-01	2.805e-01	3.750e-01	3.750e-01	3.750e-01	3.750e-01
1.200e+03	2.433e-01	2.890e-02	2.500e-01	8.781e-02	5.517e-02	1.713e-01	3.778e-01	2.643e-01	4.612e-01	3.695e-01	2.962e-01	3.752e-01	3.750e-01	3.750e-01	3.750e-01
1.300e+03	2.433e-01	2.890e-02	2.500e-01	9.742e-02	6.326e-02	1.713e-01	3.489e-01	2.355e-01	4.227e-01	3.721e-01	2.962e-01	3.905e-01	3.750e-01	3.750e-01	3.750e-01
1.400e+03	2.433e-01	2.890e-02	2.500e-01	9.742e-02	6.326e-02	1.713e-01	3.489e-01	2.355e-01	4.227e-01	3.709e-01	2.931e-01	3.905e-01	3.750e-01	3.683e-01	3.750e-01
1.500e+03	2.433e-01	2.890e-02	2.500e-01	8.781e-02	6.326e-02	1.713e-01	2.908e-01	2.141e-01	4.192e-01	3.647e-01	2.931e-01	3.906e-01	3.750e-01	3.683e-01	3.750e-01
1.600e+03	2.433e-01	2.890e-02	2.500e-01	8.781e-02	6.326e-02	1.713e-01	2.813e-01	2.141e-01	4.227e-01	3.709e-01	2.811e-01	4.086e-01	3.750e-01	3.683e-01	3.750e-01
1.700e+03	2.433e-01	2.890e-02	2.500e-01	8.781e-02	6.326e-02	1.713e-01	2.813e-01	2.141e-01	4.227e-01	3.709e-01	2.638e-01	3.906e-01	3.750e-01	3.683e-01	3.750e-01
1.800e+03	2.433e-01	2.890e-02	2.500e-01	8.781e-02	6.326e-02	1.713e-01	2.643e-01	2.075e-01	4.227e-01	3.402e-01	2.368e-01	3.906e-01	3.750e-01	3.683e-01	3.750e-01
1.900e+03	2.433e-01	2.890e-02	2.500e-01	9.742e-02	6.393e-02	1.713e-01	2.813e-01	2.075e-01	4.227e-01	3.402e-01	2.368e-01	3.905e-01	3.750e-01	3.683e-01	3.750e-01
2.000e+03	2.433e-01	2.890e-02	2.500e-01	9.742e-02	6.326e-02	1.713e-01	2.551e-01	2.075e-01	3.778e-01	3.709e-01	2.638e-01	3.924e-01	3.750e-01	3.186e-01	3.750e-01
2.100e+03	2.433e-01	9.116e-02	2.500e-01	9.742e-02	6.326e-02	1.713e-01	2.551e-01	2.075e-01	3.778e-01	3.726e-01	2.638e-01	4.086e-01	3.750e-01	2.500e-01	3.750e-01
2.200e+03	2.433e-01	9.116e-02	2.500e-01	9.742e-02	6.326e-02	1.707e-01	2.551e-01	2.075e-01	3.524e-01	3.750e-01	2.638e-01	4.302e-01	3.750e-01	2.500e-01	3.750e-01
2.300e+03	2.433e-01	9.116e-02	2.500e-01	9.324e-02	6.326e-02	1.707e-01	2.418e-01	2.075e-01	3.524e-01	3.750e-01	2.638e-01	4.371e-01	3.750e-01	2.500e-01	3.750e-01
2.400e+03	2.433e-01	9.116e-02	2.500e-01	9.324e-02	6.326e-02	1.707e-01	2.551e-01	2.075e-01	3.778e-01	3.750e-01	2.670e-01	4.371e-01	3.750e-01	2.500e-01	3.750e-01
2.500e+03	2.433e-01	9.116e-02	2.500e-01	8.781e-02	6.105e-02	1.713e-01	2.551e-01	2.075e-01	3.524e-01	3.750e-01	2.670e-01	4.252e-01	3.750e-01	2.500e-01	3.750e-01
2.600e+03	2.433e-01	9.116e-02	2.500e-01	9.324e-02	6.105e-02	1.713e-01	2.613e-01	1.760e-01	3.778e-01	3.730e-01	2.670e-01	3.906e-01	3.750e-01	3.740e-01	3.750e-01
2.700e+03	2.433e-01	9.116e-02	2.500e-01	9.324e-02	6.105e-02	1.713e-01	2.613e-01	1.976e-01	3.778e-01	3.709e-01	2.638e-01	4.086e-01	3.750e-01	3.725e-01	3.750e-01
2.800e+03	2.433e-01	9.116e-02	2.500e-01	9.324e-02	6.105e-02	1.713e-01	2.551e-01	1.976e-01	3.778e-01	3.593e-01	2.638e-01	4.186e-01	3.750e-01	3.725e-01	3.750e-01
2.900e+03	2.433e-01	9.116e-02	2.500e-01	8.781e-02	5.946e-02	1.707e-01	2.551e-01	1.976e-01	3.778e-01	3.709e-01	2.638e-01	4.302e-01	3.750e-01	3.725e-01	3.750e-01
3.000e+03	2.433e-01	9.116e-02	2.500e-01	8.781e-02	5.946e-02	1.707e-01	2.551e-01	1.976e-01	3.778e-01	3.399e-01	2.615e-01	4.086e-01	3.750e-01	2.995e-01	3.750e-01
3.100e+03	2.433e-01	9.116e-02	2.500e-01	8.781e-02	5.946e-02	1.707e-01	2.551e-01	1.976e-01	3.778e-01	3.399e-01	2.615e-01	4.058e-01	3.750e-01	2.995e-01	3.750e-01
3.200e+03	2.433e-01	9.116e-02	2.500e-01	8.626e-02	6.105e-02	1.707e-01	2.551e-01	1.976e-01	3.778e-01	3.399e-01	2.615e-01	4.375e-01	3.750e-01	2.500e-01	3.750e-01
3.300e+03	2.433e-01	9.116e-02	2.500e-01	8.626e-02	6.105e-02	1.707e-01	2.768e-01	2.039e-01	3.847e-01	3.399e-01	2.615e-01	4.375e-01	3.750e-01	2.500e-01	3.750e-01
3.400e+03	2.433e-01	9.116e-02	2.500e-01	8.626e-02	5.946e-02	1.707e-01	2.813e-01	2.039e-01	4.152e-01	3.382e-01	2.615e-01	4.375e-01	3.750e-01	2.500e-01	3.750e-01
3.500e+03	2.433e-01	9.116e-02	2.500e-01	8.626e-02	5.946e-02	1.094e-01	2.613e-01	1.976e-01	4.152e-01	3.399e-01	2.615e-01	4.375e-01	3.750e-01	2.500e-01	3.750e-01
3.600e+03	2.433e-01	9.116e-02	2.500e-01	8.626e-02	5.946e-02	1.094e-01	2.613e-01	1.976e-01	4.227e-01	3.689e-01	2.615e-01	4.375e-01	3.750e-01	2.500e-01	3.750e-01
3.700e+03	2.433e-01	9.116e-02	2.500e-01	8.626e-02	5.946e-02	1.094e-01	2.613e-01	1.976e-01	4.227e-01	3.572e-01	2.615e-01	4.375e-01	3.750e-01	2.500e-01	3.750e-01
3.800e+03	2.433e-01	9.116e-02	2.500e-01	8.626e-02	5.946e-02	1.094e-01	2.613e-01	1.976e-01	4.227e-01	3.399e-01	2.615e-01	4.375e-01	3.750e-01	2.500e-01	3.750e-01
3.900e+03	2.433e-01	9.116e-02	2.500e-01	8.626e-02	5.946e-02	1.094e-01	2.613e-01	1.976e-01	4.227e-01	3.399e-01	2.615e-01	4.375e-01	3.750e-01	2.500e-01	3.750e-01
4.000e+03	2.433e-01	9.116e-02	2.500e-01	8.626e-02	5.946e-02	1.094e-01	2.551e-01	1.931e-01	4.152e-01	3.532e-01	2.670e-01	4.375e-01	3.750e-01	2.500e-01	3.750e-01
4.100e+03	2.433e-01	9.116e-02	2.500e-01	7.881e-02	5.946e-02	1.061e-01	2.551e-01	1.931e-01	4.152e-01	3.532e-01	2.670e-01	4.375e-01	3.750e-01	2.500e-01	3.750e-01
4.200e+03	2.433e-01	9.116e-02	2.500e-01	7.881e-02	5.932e-02	1.061e-01	2.551e-01	1.931e-01	4.152e-01	3.532e-01	2.670e-01	4.375e-01	3.750e-01	2.500e-01	3.750e-01
4.300e+03	2.433e-01	9.116e-02	2.500e-01	7.881e-02	5.932e-02	1.061e-01	2.418e-01	1.760e-01	3.524e-01	3.532e-01	2.609e-01	4.375e-01	3.750e-01	2.500e-01	3.750e-01
4.400e+03	2.433e-01	9.116e-02	2.500e-01	7.881e-02	5.932e-02	1.061e-01	2.418e-01	1.760e-01	3.524e-01	3.399e-01	2.609e-01	3.906e-01	3.750e-01	2.500e-01	3.750e-01
4.500e+03	2.433e-01	9.116e-02	2.500e-01	6.954e-02	5.932e-02	1.061e-01	2.551e-01	1.931e-01	3.778e-01	3.399e-01	2.609e-01	3.906e-01	3.750e-01	2.500e-01	3.750e-01
4.600e+03	2.433e-01	9.116e-02	2.500e-01	6.954e-02	5.932e-02	1.061e-01	2.613e-01	1.817e-01	4.152e-01	3.399e-01	2.609e-01	3.906e-01	3.750e-01	2.500e-01	3.750e-01
4.700e+03	2.433e-01	9.116e-02	2.500e-01	6.954e-02	5.932e-02	1.061e-01	2.613e-01	1.817e-01	4.152e-01	3.399e-01	2.566e-01	3.906e-01	3.750e-01	3.129e-01	3.750e-01
4.800e+03	2.433e-01	9.116e-02	2.500e-01	7.881e-02	5.932e-02	1.061e-01	2.613e-01	1.817e-01	4.013e-01	3.399e-01	2.566e-01	3.906e-01	3.750e-01	3.129e-01	3.750e-01
4.900e+03	2.433e-01	9.116e-02	2.500e-01	7.881e-02	5.946e-02	1.061e-01	2.613e-01	1.817e-01	4.013e-01	3.399e-01	2.478e-01	4.188e-01	3.750e-01	3.129e-01	3.750e-01
5.000e+03	2.433e-01	9.116e-02	2.500e-01	6.954e-02	5.932e-02	1.060e-01	2.551e-01	1.760e-01	3.778e-01	3.399e-01	2.478e-01	4.188e-01	3.750e-01	3.129e-01	3.750e-01
5.100e+03	2.433e-01	9.116e-02	2.500e-01	6.954e-02	5.932e-02	1.060e-01	2.613e-01	1.817e-01	3.778e-01	3.399e-01	2.478e-01	4.188e-01	3.750e-01	2.500e-01	3.750e-01
5.200e+03	2.433e-01	9.116e-02	2.500e-01	6.954e-02	5.932e-02	1.060e-01	2.613e-01	1.817e-01	3.778e-01	3.382e-01	2.368e-01	4.188e-01	3.750e-01	2.500e-01	3.750e-01
5.300e+03	2.433e-01	9.116e-02	2.500e-01	7.881e-02	5.932e-02	1.061e-01	2.763e-01	1.976e-01	4.013e-01	3.382e-01	2.368e-01	4.125e-01	3.750e-01	2.500e-01	3.750e-01
5.400e+03	2.433e-01	9.116e-02	2.500e-01	6.921e-02	5.382e-02	1.061e-01	2.763e-01	1.976e-01	4.013e-01	3.254e-01	2.321e-01	4.188e-01	3.750e-01	2.500e-01	3.750e-01
5.500e+03	2.433e-01	9.116e-02	2.500e-01	6.921e-02	5.382e-02	1.272e-01	2.763e-01	1.976e-01	4.013e-01	2.873e-01	2.196e-01	4.188e-01	3.750e-01	2.500e-01	3.750e-01
5.600e+03	2.433e-01	9.116e-02	2.500e-01	6.921e-02	5.382e-02	1.272e-01	2.763e-01	1.976e-01	4.013e-01	2.773e-01	2.196e-01	3.906e-01	3.750e-01	3.125e-01	3.750e-01
5.700e+03	2.433e-01	9.116e-02	2.500e-01	6.921e-02	5.382e-02	1.272e-01	2.763e-01	1.976e-01	4.013e-01	2.773e-01	2.196e-01	3.906e-01	3.750e-01	3.125e-01	3.750e-01
5.800e+03	2.433e-01	9.116e-02	2.500e-01	6.921e-02	5.382e-02	1.356e-01	2.763e-01	1.976e-01	3.778e-01	2.873e-01	2.321e-01	4.373e-01	3.750e-01	3.125e-01	3.750e-01
5.900e+03	2.433e-01	9.116e-02	2.500e-01	6.921e-02	5.382e-02	1.356e-01	2.763e-01	1.976e-01	3.778e-01	2.884e-01	2.321e-01	4.373e-01	3.750e-01	3.125e-01	3.750e-01
6.000e+03	2.433e-01	1.007e-01	2.500e-01	6.921e-02	5.382e-02	1.356e-01	2.763e-01	1.976e-01	3.778e-01	2.884e-01	2.321e-01	3.906e-01	3.750e-01	3.125e-01	3.750e-01
6.100e+03	2.433e-01	1.007e-01	2.500e-01	6.921e-02	5.382e-02	1.356e-01	2.763e-01	1.976e-01	3.778e-01	2.773e-01	2.321e-01	3.785e-01	3.750e-01	3.125e-01	3.750e-01
6.200e+03	2.433e-01	1.007e-01	2.500e-01	6.921e-02	5.382e-02	1.356e-01	2.763e-01	1.976e-01	3.778e-01	2.773e-01	2.321e-01	3.785e-01	3.750e-01	3.125e-01	3.750e-01
6.300e+03	2.433e-01	1.007e-01	2.500e-01	6.921e-02	5.382e-02	1.356e-01	2.763e-01	1.976e-01	3.778e-01	2.884e-01	2.321e-01	3.994e-01	3.750e-01	3.125e-01	3.750e-01
6.400e+03	2.369e-01	2.890e-02	2.500e-01	6.921e-02	5.382e-02	1.356e-01	2.763e-01	1.976e-01	3.778e-01	2.884e-01	2.321e-01	3.994e-01	3.750e-01	3.125e-01	3.750e-01
6.500e+03	2.369e-01	2.890e-02	2.500e-01	7.881e-02	5.382e-02	1.449e-01	2.763e-01	1.976e-01	3.778e-01	2.884e-01	2.321e-01	3.994e-01	3.750e-01	3.125e-01	3.750e-01
6.600e+03	2.369e-01	2.890e-02	2.500e-01	7.881e-02	5.382e-02	1.449e-01	2.763e-01	1.976e-01	3.778e-01	3.254e-01	2.196e-01	3.994e-01	3.750e-01	3.125e-01	3.750e-01
6.700e+03	2.369e-01	2.890e-02	2.500e-01	7.881e-02	5.382e-02	1.449e-01	2.763e-01	1.976e-01	3.778e-01	3.013e-01	2.196e-01	3.994e-01	3.750e-01	3.125e-01	3.750e-01
6.800e+03	2.369e-01	2.890e-02	2.500e-01	6.921e-02	4.451e-02	1.449e-01	2.763e-01	1.976e-01	3.778e-01	3.013e-01	2.196e-01	3.994e-01	3.750e-01	3.125e-01	3.750e-01
6.900e+03	2.369e-01	2.890e-02	2.500e-01	6.921e-02	4.451e-02	1.449e-01	2.763e-01	1.976e-01	3.778e-01	2.884e-01	2.180e-01	3.906e-01	3.750e-01	3.125e-01	3.750e-01
7.000e+03	2.369e-01	2.890e-02	2.500e-01	6.921e-02	4.451e-02	1.449e-01	2.763e-01	1.976e-01	3.778e-01	2.884e-01	2.180e-01	3.906e-01	3.750e-01	3.125e-01	3.750e-01
7.100e+03	2.369e-01	2.890e-02	2.500e-01	6.921e-02	4.451e-02	1.449e-01	2.763e-01	1.976e-01	3.778e-01	2.884e-01	2.180e-01	3.906e-01	3.750e-01	3.125e-01	3.750e-01
7.200e+03	2.369e-01	2.890e-02	2.500e-01	7.881e-02	5.382e-02	1.484e-01	2.763e-01	1.976e-01	3.778e-01	2.884e-01	2.180e-01	3.906e-01	3.750e-01	3.129e-01	3.750e-01
7.300e+03	2.369e-01	2.890e-02	2.500e-01	8.781e-02	5.382e-02	1.931e-01	2.763e-01	1.976e-01	3.778e-01	2.884e-01	2.180e-01	3.888e-01	3.750e-01	3.129e-01	3.750e-01
7.400e+03	2.369e-01	2.890e-02	2.500e-01	7.881e-02	5.382e-02	1.931e-01	2.763e-01	1.976e-01	3.778e-01	3.013e-01	2.180e-01	3.906e-01	3.750e-01	3.125e-01	3.750e-01
7.500e+03	2.369e-01	2.890e-02	2.500e-01	7.881e-02	5.382e-02	1.931e-01	2.768e-01	2.039e-01	3.778e-01	3.013e-01	2.180e-01	3.906e-01	3.750e-01	2.500e-01	3.750e-01
7.600e+03	2.369e-01	2.890e-02	2.500e-01	8.781e-02	5.839e-02	1.931e-01	2.768e-01	2.039e-01	3.778e-01	2.884e-01	1.668e-01	3.785e-01	3.750e-01	2.500e-01	3.750e-01
7.700e+03	2.369e-01	2.890e-02	2.500e-01	8.781e-02	5.839e-02	1.931e-01	2.768e-01	2.039e-01	3.778e-01	3.013e-01	2.180e-01	3.785e-01	3.750e-01	2.500e-01	3.750e-01
7.800e+03	2.327e-01	2.890e-02	2.500e-01	8.781e-02	5.839e-02	1.931e-01	2.768e-01	2.039e-01	3.778e-01	2.884e-01	2.180e-01	3.785e-01	3.750e-01	2.500e-01	3.750e-01
7.900e+03	2.327e-01	2.890e-02	2.500e-01	8.781e-02	5.839e-02	1.931e-01	2.768e-01	2.039e-01	3.778e-01	2.884e-01	2.180e-01	3.785e-01	3.750e-01	2.500e-01	3.750e-01
8.000e+03	2.327e-01	2.890e-02	2.500e-01	9.123e-02	5.946e-02	2.180e-01	2.768e-01	2.039e-01	3.778e-01	2.873e-01	2.180e-01	3.487e-01	3.750e-01	2.500e-01	3.750e-01
8.100e+03	2.327e-01	2.890e-02	2.500e-01	9.123e-02	5.946e-02	2.180e-01	2.813e-01	2.039e-01	3.778e-01	2.873e-01	2.180e-01	3.487e-01	3.750e-01	2.500e-01	3.750e-01
8.200e+03	2.327e-01	2.890e-02	2.500e-01	9.123e-02	5.946e-02	2.180e-01	2.813e-01	2.039e-01	3.778e-01	2.873e-01	2.180e-01	3.487e-01	3.750e-01	2.500e-01	3.750e-01
8.300e+03	2.327e-01	2.890e-02	2.500e-01	9.123e-02	5.946e-02	2.180e-01	2.813e-01	2.039e-01	3.778e-01	2.873e-01	2.180e-01	3.487e-01	3.750e-01	2.500e-01	3.750e-01
8.400e+03	2.327e-01	2.890e-02	2.500e-01	9.324e-02	5.946e-02	1.931e-01	2.813e-01	2.039e-01	3.778e-01	2.873e-01	2.180e-01	3.487e-01	3.750e-01	2.500e-01	3.750e-01
8.500e+03	2.284e-01	1.201e-02	2.500e-01	1.272e-01	5.839e-02	1.931e-01	2.813e-01	2.039e-01	3.778e-01	2.773e-01	1.620e-01	3.399e-01	3.750e-01	2.500e-01	3.750e-01
8.600e+03	2.284e-01	1.201e-02	2.500e-01	1.272e-01	5.839e-02	1.931e-01	2.813e-01	2.039e-01	3.778e-01	2.773e-01	1.620e-01	3.399e-01	3.750e-01	2.500e-01	3.750e-01
8.700e+03	2.273e-01	1.201e-02	2.500e-01	1.272e-01	4.416e-02	1.931e-01	2.813e-01	2.039e-01	3.778e-01	2.773e-01	1.620e-01	3.399e-01	3.750e-01	2.500e-01	3.750e-01
8.800e+03	2.273e-01	1.201e-02	2.500e-01	1.272e-01	4.416e-02	1.931e-01	2.813e-01	2.039e-01	3.778e-01	2.773e-01	1.620e-01	3.399e-01	3.750e-01	2.500e-01	3.750e-01
8.900e+03	2.273e-01	1.201e-02	2.500e-01	1.341e-01	5.839e-02	1.931e-01	2.813e-01	2.039e-01	3.778e-01	2.773e-01	1.620e-01	3.399e-01	3.750e-01	2.500e-01	3.750e-01
9.000e+03	2.273e-01	1.201e-02	2.500e-01	1.341e-01	5.839e-02	1.931e-01	2.813e-01	2.039e-01	3.778e-01	2.773e-01	1.620e-01	3.399e-01	3.750e-01	2.500e-01	3.750e-01
9.100e+03	2.273e-01	1.201e-02	2.500e-01	1.341e-01	5.839e-02	1.931e-01	2.813e-01	2.039e-01	3.778e-01	2.773e-01	1.620e-01	3.399e-01	3.750e-01	2.500e-01	3.750e-01
9.200e+03	1.524e-01	1.201e-02	2.500e-01	1.341e-01	5.839e-02	1.931e-01	2.813e-01	2.039e-01	3.778e-01	2.773e-01	1.620e-01	3.399e-01	3.750e-01	2.500e-01	3.750e-01
9.300e+03	1.524e-01	1.201e-02	2.500e-01	1.341e-01	5.839e-02	1.931e-01	2.813e-01	2.039e-01	3.778e-01	2.773e-01	1.620e-01	3.399e-01	3.750e-01	2.500e-01	3.750e-01
9.400e+03	1.524e-01	1.201e-02	2.500e-01	1.341e-01	5.839e-02	1.931e-01	2.813e-01	2.039e-01	3.778e-01	2.773e-01	1.620e-01	3.399e-01	3.750e-01	2.500e-01	3.750e-01
9.500e+03	1.524e-01	1.201e-02	2.500e-01	1.341e-01	5.839e-02	1.931e-01	2.813e-01	2.039e-01	3.778e-01	2.773e-01	1.620e-01	3.399e-01	3.750e-01	2.500e-01	3.750e-01
9.600e+03	1.524e-01	1.201e-02	2.500e-01	1.341e-01	5.839e-02	1.931e-01	2.813e-01	2.039e-01	3.778e-01	2.873e-01	2.180e-01	3.399e-01	3.750e-01	2.500e-01	3.750e-01
9.700e+03	1.524e-01	1.201e-02	2.500e-01	1.272e-01	5.839e-02	1.931e-01	2.813e-01	2.039e-01	3.778e-01	2.873e-01	2.180e-01	3.399e-01	3.750e-01	2.500e-01	3.750e-01
9.800e+03	1.524e-01	1.201e-02	2.500e-01	1.272e-01	5.839e-02	1.931e-01	2.813e-01	2.039e-01	3.778e-01	2.873e-01	2.180e-01	3.399e-01	3.750e-01	2.500e-01	3.750e-01
9.900e+03	1.524e-01	1.201e-02	2.500e-01	1.272e-01	5.839e-02	1.931e-01	2.813e-01	2.039e-01	3.778e-01	2.873e-01	2.180e-01	3.487e-01	3.750e-01	2.500e-01	3.750e-01
1.000e+04	1.524e-01	1.201e-02	2.500e-01	1.272e-01	5.839e-02	1.931e-01	2.813e-01	2.039e-01	3.778e-01	2.873e-01	2.196e-01	3.487e-01	3.750e-01	2.500e-01	3.750e-01
1.010e+04	1.524e-01	1.201e-02	2.500e-01	1.272e-01	5.839e-02	1.931e-01	2.813e-01	2.039e-01	3.778e-01	2.873e-01	2.180e-01	3.487e-01	3.750e-01	2.500e-01	3.750e-01
1.020e+04	1.524e-01	1.201e-02	2.500e-01	1.272e-01	5.839e-02	1.931e-01	2.813e-01	2.039e-01	3.778e-01	2.873e-01	2.180e-01	3.591e-01	3.750e-01	2.500e-01	3.750e-01
1.030e+04	1.524e-01	1.201e-02	2.500e-01	1.272e-01	5.839e-02	1.931e-01	2.813e-01	2.039e-01	3.778e-01	2.873e-01	2.180e-01	3.591e-01	3.750e-01	2.500e-01	3.750e-01
1.040e+04	1.524e-01	1.201e-02	2.500e-01	1.272e-01	5.839e-02	1.931e-01	2.813e-01	2.039e-01	3.778e-01	2.873e-01	2.180e-01	3.591e-01	3.750e-01	2.500e-01	3.750e-01
1.050e+04	1.524e-01	1.201e-02	2.500e-01	1.272e-01	5.839e-02	1.931e-01	2.813e-01	2.039e-01	3.778e-01	2.773e-01	2.180e-01	3.487e-01	3.750e-01	2.500e-01	3.750e-01
1.060e+04	1.524e-01	1.201e-02	2.500e-01	9.324e-02	5.839e-02	1.931e-01	2.813e-01	2.039e-01	3.778e-01	2.773e-01	2.180e-01	3.487e-01	3.750e-01	2.500e-01	3.750e-01
1.070e+04	1.524e-01	1.201e-02	2.500e-01	9.324e-02	5.839e-02	1.931e-01	2.813e-01	2.039e-01	3.778e-01	2.773e-01	2.180e-01	3.399e-01	3.750e-01	2.500e-01	3.750e-01
1.080e+04	1.524e-01	1.201e-02	2.500e-01	9.324e-02	5.839e-02	1.931e-01	2.813e-01	2.039e-01	3.778e-01	2.773e-01	2.180e-01	3.399e-01	3.750e-01	2.500e-01	3.750e-01
1.090e+04	1.524e-01	1.201e-02	2.500e-01	9.324e-02	5.839e-02	1.931e-01	2.813e-01	2.039e-01	3.778e-01	2.773e-01	2.180e-01	3.399e-01	3.750e-01	2.500e-01	3.750e-01
1.100e+04	1.524e-01	1.201e-02	2.500e-01	9.324e-02	5.839e-02	1.931e-01	2.813e-01	2.039e-01	3.778e-01	2.773e-01	2.180e-01	3.399e-01	3.749e-01	2.500e-01	3.750e-01
1.110e+04	1.524e-01	1.201e-02	2.500e-01	9.324e-02	5.839e-02	1.931e-01	2.813e-01	2.039e-01	3.778e-01	2.873e-01	2.196e-01	3.487e-01	3.749e-01	2.500e-01	3.750e-01
1.120e+04	1.524e-01	1.201e-02	2.500e-01	9.324e-02	5.839e-02	1.931e-01	2.813e-01	2.039e-01	3.778e-01	2.773e-01	2.196e-01	3.399e-01	3.749e-01	2.500e-01	3.750e-01
1.130e+04	1.524e-01	1.201e-02	2.500e-01	9.324e-02	5.839e-02	1.931e-01	2.813e-01	2.039e-01	3.778e-01	2.773e-01	2.196e-01	3.399e-01	3.749e-01	2.500e-01	3.750e-01
1.140e+04	1.524e-01	1.201e-02	2.500e-01	6.877e-02	4.813e-02	1.484e-01	2.813e-01	2.039e-01	3.778e-01	2.873e-01	2.196e-01	3.487e-01	3.749e-01	2.500e-01	3.750e-01
1.150e+04	1.524e-01	1.201e-02	2.500e-01	6.877e-02	4.813e-02	1.484e-01	2.813e-01	2.039e-01	3.778e-01	2.873e-01	2.196e-01	3.487e-01	3.749e-01	2.500e-01	3.750e-01
1.160e+04	1.524e-01	1.201e-02	2.500e-01	6.877e-02	4.813e-02	1.484e-01	2.813e-01	2.039e-01	3.778e-01	2.873e-01	2.196e-01	3.487e-01	3.735e-01	2.500e-01	3.750e-01
1.170e+04	1.524e-01	1.201e-02	2.500e-01	6.877e-02	4.813e-02	1.484e-01	2.813e-01	2.039e-01	3.778e-01	2.873e-01	2.196e-01	3.487e-01	3.735e-01	2.500e-01	3.750e-01
1.180e+04	1.524e-01	1.201e-02	2.500e-01	6.877e-02	4.813e-02	1.484e-01	2.813e-01	2.039e-01	3.778e-01	2.873e-01	2.196e-01	3.487e-01	3.734e-01	2.500e-01	3.750e-01
1.190e+04	1.524e-01	1.201e-02	2.500e-01	6.877e-02	5.307e-02	1.484e-01	2.813e-01	2.039e-01	3.778e-01	2.873e-01	2.196e-01	3.487e-01	3.734e-01	2.500e-01	3.750e-01
1.200e+04	1.524e-01	1.201e-02	2.500e-01	6.877e-02	5.307e-02	1.484e-01	2.813e-01	2.039e-01	3.778e-01	2.873e-01	2.196e-01	3.487e-01	3.734e-01	2.500e-01	3.750e-01
1.210e+04	1.496e-01	1.091e-02	2.500e-01	6.877e-02	5.307e-02	1.484e-01	2.813e-01	2.039e-01	3.778e-01	2.873e-01	2.196e-01	3.487e-01	3.734e-01	2.500e-01	3.750e-01
1.220e+04	1.496e-01	1.091e-02	2.500e-01	6.549e-02	4.813e-02	1.470e-01	2.813e-01	2.039e-01	3.778e-01	2.873e-01	2.196e-01	3.487e-01	3.734e-01	2.500e-01	3.750e-01
1.230e+04	1.496e-01	1.091e-02	2.500e-01	6.549e-02	4.813e-02	1.470e-01	2.813e-01	2.039e-01	3.778e-01	2.873e-01	2.196e-01	3.487e-01	3.734e-01	2.500e-01	3.750e-01
1.240e+04	1.496e-01	1.091e-02	2.500e-01	6.549e-02	4.813e-02	1.470e-01	2.813e-01	2.039e-01	3.778e-01	2.873e-01	2.196e-01	3.487e-01	3.734e-01	2.500e-01	3.750e-01
1.250e+04	1.496e-01	1.091e-02	2.500e-01	6.549e-02	4.813e-02	1.470e-01	2.813e-01	2.039e-01	3.778e-01	2.873e-01	2.196e-01	3.487e-01	3.734e-01	2.500e-01	3.750e-01
1.260e+04	1.496e-01	1.091e-02	2.500e-01	6.549e-02	4.813e-02	1.470e-01	2.813e-01	2.039e-01	3.778e-01	2.873e-01	2.196e-01	3.487e-01	3.734e-01	2.500e-01	3.750e-01
1.270e+04	1.496e-01	1.091e-02	2.500e-01	6.549e-02	4.813e-02	1.470e-01	2.813e-01	2.039e-01	3.778e-01	2.873e-01	2.196e-01	3.487e-01	3.734e-01	2.500e-01	3.750e-01
1.280e+04	1.496e-01	1.091e-02	2.500e-01	6.549e-02	4.813e-02	1.470e-01	2.813e-01	2.039e-01	3.778e-01	2.873e-01	2.196e-01	3.487e-01	3.745e-01	2.500e-01	3.750e-01
1.290e+04	1.496e-01	1.091e-02	2.500e-01	6.549e-02	4.813e-02	1.470e-01	2.813e-01	2.039e-01	3.778e-01	2.873e-01	2.196e-01	3.550e-01	3.745e-01	2.500e-01	3.750e-01
1.300e+04	1.496e-01	1.091e-02	2.500e-01	6.549e-02	4.813e-02	1.470e-01	2.813e-01	2.039e-01	3.778e-01	2.873e-01	2.196e-01	3.550e-01	3.745e-01	2.500e-01	3.750e-01
1.310e+04	1.496e-01	1.091e-02	2.500e-01	8.781e-02	5.307e-02	1.484e-01	2.768e-01	1.976e-01	3.776e-01	2.873e-01	2.196e-01	3.550e-01	3.745e-01	2.500e-01	3.750e-01
1.320e+04	1.496e-01	1.091e-02	2.500e-01	6.877e-02	4.813e-02	1.484e-01	2.768e-01	1.760e-01	3.776e-01	2.873e-01	2.196e-01	3.550e-01	3.745e-01	2.500e-01	3.750e-01
1.330e+04	1.496e-01	1.091e-02	2.500e-01	6.877e-02	4.813e-02	1.484e-01	2.768e-01	1.760e-01	3.776e-01	2.873e-01	2.196e-01	3.550e-01	3.749e-01	2.500e-01	3.750e-01
1.340e+04	1.496e-01	1.091e-02	2.500e-01	6.877e-02	4.813e-02	1.484e-01	2.768e-01	1.760e-01	3.776e-01	2.873e-01	2.196e-01	3.550e-01	3.745e-01	2.500e-01	3.750e-01
1.350e+04	1.496e-01	1.091e-02	2.500e-01	6.877e-02	4.813e-02	1.484e-01	2.768e-01	1.760e-01	3.776e-01	2.873e-01	2.196e-01	3.550e-01	3.745e-01	2.500e-01	3.750e-01
1.360e+04	1.496e-01	1.091e-02	2.500e-01	6.877e-02	4.813e-02	1.484e-01	2.768e-01	1.760e-01	3.776e-01	2.873e-01	2.196e-01	3.550e-01	3.745e-01	2.500e-01	3.750e-01
1.370e+04	1.496e-01	1.091e-02	2.500e-01	6.549e-02	4.813e-02	1.484e-01	2.813e-01	1.760e-01	3.778e-01	2.884e-01	2.275e-01	3.550e-01	3.745e-01	2.500e-01	3.750e-01
1.380e+04	1.496e-01	1.091e-02	2.500e-01	6.549e-02	4.813e-02	1.484e-01	2.813e-01	1.760e-01	3.778e-01	2.884e-01	2.275e-01	3.702e-01	3.745e-01	2.500e-01	3.750e-01
1.390e+04	1.496e-01	1.091e-02	2.500e-01	6.549e-02	4.813e-02	1.484e-01	2.768e-01	1.662e-01	3.778e-01	2.884e-01	2.275e-01	3.702e-01	3.745e-01	2.500e-01	3.750e-01
1.400e+04	1.496e-01	1.091e-02	2.500e-01	6.549e-02	4.813e-02	1.484e-01	2.768e-01	1.760e-01	3.778e-01	2.884e-01	2.275e-01	3.702e-01	3.745e-01	2.500e-01	3.750e-01
1.410e+04	1.496e-01	1.091e-02	2.500e-01	6.549e-02	4.813e-02	1.484e-01	2.768e-01	1.760e-01	3.778e-01	3.127e-01	2.321e-01	3.741e-01	3.745e-01	2.500e-01	3.750e-01
1.420e+04	1.496e-01	1.091e-02	2.500e-01	6.549e-02	4.813e-02	1.484e-01	2.768e-01	1.760e-01	3.778e-01	3.101e-01	2.321e-01	3.702e-01	3.745e-01	2.500e-01	3.750e-01
1.430e+04	1.496e-01	1.091e-02	2.500e-01	6.549e-02	4.614e-02	1.484e-01	2.813e-01	1.760e-01	3.778e-01	3.101e-01	2.321e-01	3.702e-01	3.745e-01	2.500e-01	3.750e-01
1.440e+04	1.496e-01	1.091e-02	2.500e-01	6.549e-02	4.614e-02	1.484e-01	2.813e-01	1.760e-01	3.778e-01	3.101e-01	2.321e-01	3.702e-01	3.745e-01	2.500e-01	3.750e-01
1.450e+04	1.496e-01	1.091e-02	2.500e-01	6.549e-02	4.614e-02	1.484e-01	2.813e-01	1.760e-01	3.778e-01	3.101e-01	2.321e-01	3.702e-01	3.745e-01	2.500e-01	3.750e-01
1.460e+04	1.496e-01	1.091e-02	2.500e-01	6.549e-02	4.614e-02	1.484e-01	2.813e-01	1.760e-01	3.778e-01	2.884e-01	2.321e-01	3.550e-01	3.745e-01	2.500e-01	3.750e-01
1.470e+04	1.496e-01	1.091e-02	2.500e-01	6.549e-02	4.614e-02	1.484e-01	2.832e-01	1.976e-01	3.778e-01	2.884e-01	2.321e-01	3.550e-01	3.745e-01	2.500e-01	3.750e-01
1.480e+04	1.496e-01	1.091e-02	2.500e-01	6.549e-02	4.614e-02	1.484e-01	2.832e-01	1.976e-01	3.778e-01	2.873e-01	2.321e-01	3.550e-01	3.745e-01	2.500e-01	3.750e-01
1.490e+04	1.496e-01	1.091e-02	2.500e-01	6.549e-02	4.614e-02	1.484e-01	2.832e-01	1.976e-01	3.778e-01	2.873e-01	2.321e-01	3.550e-01	3.745e-01	2.500e-01	3.750e-01
1.500e+04	1.496e-01	1.091e-02	2.500e-01	6.549e-02	4.614e-02	1.484e-01	2.832e-01	1.976e-01	3.778e-01	2.873e-01	2.321e-01	3.550e-01	3.745e-01	2.500e-01	3.750e-01
1.510e+04	1.496e-01	1.091e-02	2.500e-01	6.549e-02	4.614e-02	1.484e-01	2.832e-01	1.976e-01	3.778e-01	2.873e-01	2.321e-01	3.550e-01	3.745e-01	2.500e-01	3.750e-01
1.520e+04	1.496e-01	1.091e-02	2.500e-01	6.549e-02	4.614e-02	1.484e-01	2.832e-01	1.976e-01	3.778e-01	2.873e-01	2.321e-01	3.550e-01	3.745e-01	2.500e-01	3.750e-01
1.530e+04	1.496e-01	1.091e-02	2.500e-01	6.549e-02	4.614e-02	1.484e-01	2.895e-01	1.976e-01	3.860e-01	2.873e-01	2.321e-01	3.550e-01	3.745e-01	2.500e-01	3.750e-01
1.540e+04	1.496e-01	1.091e-02	2.500e-01	6.877e-02	4.813e-02	1.484e-01	2.895e-01	1.976e-01	3.860e-01	2.873e-01	2.321e-01	3.550e-01	3.745e-01	2.500e-01	3.750e-01
1.550e+04	1.496e-01	1.091e-02	2.500e-01	6.877e-02	4.813e-02	1.547e-01	2.895e-01	1.976e-01	3.860e-01	2.884e-01	2.321e-01	3.550e-01	3.745e-01	2.500e-01	3.750e-01
1.560e+04	1.496e-01	1.091e-02	2.500e-01	6.877e-02	4.813e-02	1.547e-01	2.895e-01	1.976e-01	3.860e-01	2.884e-01	2.321e-01	3.550e-01	3.745e-01	2.500e-01	3.750e-01
1.570e+04	1.524e-01	1.091e-02	2.500e-01	6.877e-02	4.813e-02	1.547e-01	2.895e-01	1.976e-01	3.860e-01	2.884e-01	2.321e-01	3.550e-01	3.745e-01	2.500e-01	3.750e-01
1.580e+04	1.524e-01	1.091e-02	2.500e-01	6.877e-02	4.813e-02	1.547e-01	2.895e-01	1.976e-01	3.860e-01	2.884e-01	2.321e-01	3.550e-01	3.745e-01	2.500e-01	3.750e-01
1.590e+04	1.524e-01	1.091e-02	2.500e-01	6.877e-02	4.813e-02	1.547e-01	2.895e-01	1.976e-01	3.860e-01	2.884e-01	2.321e-01	3.550e-01	3.745e-01	2.500e-01	3.750e-01
1.600e+04	1.524e-01	1.091e-02	2.500e-01	6.877e-02	4.813e-02	1.547e-01	2.895e-01	2.075e-01	3.860e-01	2.884e-01	2.321e-01	3.550e-01	3.745e-01	2.500e-01	3.750e-01
1.610e+04	1.524e-01	1.091e-02	2.500e-01	6.877e-02	4.813e-02	1.547e-01	2.895e-01	2.075e-01	3.860e-01	2.884e-01	2.321e-01	3.550e-01	3.745e-01	2.500e-01	3.750e-01
1.620e+04	1.524e-01	1.091e-02	2.500e-01	6.877e-02	4.813e-02	1.547e-01	2.813e-01	1.976e-01	3.860e-01	2.884e-01	2.321e-01	3.550e-01	3.745e-01	2.500e-01	3.750e-01
1.630e+04	1.524e-01	1.091e-02	2.500e-01	6.877e-02	4.813e-02	1.547e-01	2.813e-01	1.976e-01	3.860e-01	2.884e-01	2.321e-01	3.511e-01	3.745e-01	2.500e-01	3.750e-01
1.640e+04	1.524e-01	1.091e-02	2.500e-01	6.877e-02	4.813e-02	1.547e-01	2.813e-01	1.976e-01	3.860e-01	2.884e-01	2.321e-01	3.511e-01	3.745e-01	2.500e-01	3.750e-01
1.650e+04	1.524e-01	1.091e-02	2.500e-01	6.877e-02	4.813e-02	1.484e-01	2.813e-01	1.976e-01	3.860e-01	2.884e-01	2.321e-01	3.511e-01	3.745e-01	2.500e-01	3.750e-01
1.660e+04	1.524e-01	1.091e-02	2.500e-01	6.549e-02	4.813e-02	1.484e-01	2.813e-01	1.976e-01	3.860e-01	2.884e-01	2.321e-01	3.511e-01	3.745e-01	2.500e-01	3.750e-01
1.670e+04	1.524e-01	1.091e-02	2.500e-01	6.549e-02	4.813e-02	1.484e-01	2.813e-01	1.976e-01	3.860e-01	2.884e-01	2.321e-01	3.511e-01	3.745e-01	2.500e-01	3.750e-01
1.680e+04	1.524e-01	9.950e-03	2.500e-01	6.549e-02	4.813e-02	1.484e-01	2.813e-01	1.976e-01	3.860e-01	2.884e-01	2.321e-01	3.511e-01	3.745e-01	2.500e-01	3.750e-01
1.690e+04	1.524e-01	9.950e-03	2.500e-01	6.549e-02	5.815e-02	1.484e-01	2.813e-01	1.976e-01	3.860e-01	2.884e-01	2.321e-01	3.511e-01	3.734e-01	2.500e-01	3.750e-01
1.700e+04	1.524e-01	9.950e-03	2.500e-01	6.549e-02	5.815e-02	1.484e-01	2.813e-01	1.976e-01	3.860e-01	2.884e-01	2.321e-01	3.511e-01	3.734e-01	2.500e-01	3.750e-01
1.710e+04	1.524e-01	1.201e-02	2.500e-01	6.549e-02	5.815e-02	1.484e-01	2.813e-01	1.976e-01	3.860e-01	2.884e-01	2.321e-01	3.511e-01	3.734e-01	2.500e-01	3.750e-01
1.720e+04	1.524e-01	1.201e-02	2.500e-01	6.549e-02	5.815e-02	1.484e-01	2.813e-01	1.976e-01	3.860e-01	2.884e-01	2.321e-01	3.511e-01	3.734e-01	2.500e-01	3.750e-01
1.730e+04	1.524e-01	1.201e-02	2.500e-01	6.877e-02	5.839e-02	1.547e-01	2.813e-01	1.976e-01	3.860e-01	2.884e-01	2.321e-01	3.511e-01	3.745e-01	2.500e-01	3.750e-01
1.740e+04	1.524e-01	1.201e-02	2.500e-01	6.877e-02	5.839e-02	1.547e-01	2.813e-01	1.976e-01	3.860e-01	2.884e-01	2.321e-01	3.511e-01	3.745e-01	2.500e-01	3.750e-01
1.750e+04	1.524e-01	1.201e-02	2.500e-01	6.877e-02	5.839e-02	1.547e-01	2.813e-01	1.976e-01	3.860e-01	2.884e-01	2.321e-01	3.511e-01	3.749e-01	2.500e-01	3.750e-01
1.760e+04	1.524e-01	1.201e-02	2.500e-01	6.877e-02	5.839e-02	1.547e-01	2.813e-01	1.976e-01	3.860e-01	2.884e-01	2.321e-01	3.511e-01	3.749e-01	2.500e-01	3.750e-01
1.770e+04	1.524e-01	1.201e-02	2.500e-01	6.877e-02	5.839e-02	1.484e-01	2.813e-01	1.976e-01	3.860e-01	2.884e-01	2.321e-01	3.511e-01	3.749e-01	2.500e-01	3.750e-01
1.780e+04	1.524e-01	1.201e-02	2.500e-01	6.877e-02	5.839e-02	1.484e-01	2.813e-01	1.976e-01	4.013e-01	2.884e-01	2.321e-01	3.511e-01	3.749e-01	2.500e-01	3.750e-01
1.790e+04	1.524e-01	1.201e-02	2.500e-01	6.877e-02	5.839e-02	1.484e-01	2.813e-01	1.976e-01	4.013e-01	2.884e-01	2.321e-01	3.511e-01	3.749e-01	2.500e-01	3.750e-01
1.800e+04	1.524e-01	1.201e-02	2.500e-01	6.877e-02	5.839e-02	1.470e-01	2.813e-01	1.976e-01	4.013e-01	2.884e-01	2.321e-01	3.511e-01	3.749e-01	2.500e-01	3.750e-01
1.810e+04	1.524e-01	1.201e-02	2.500e-01	6.877e-02	5.839e-02	1.470e-01	2.813e-01	1.976e-01	4.013e-01	2.884e-01	2.321e-01	3.511e-01	3.749e-01	2.500e-01	3.750e-01
1.820e+04	1.524e-01	1.201e-02	2.500e-01	6.877e-02	5.839e-02	1.470e-01	2.813e-01	1.976e-01	4.013e-01	2.884e-01	2.321e-01	3.511e-01	3.749e-01	2.500e-01	3.750e-01
1.830e+04	1.524e-01	1.201e-02	2.500e-01	6.549e-02	5.815e-02	1.470e-01	2.813e-01	1.976e-01	4.013e-01	2.884e-01	2.321e-01	3.511e-01	3.749e-01	2.500e-01	3.750e-01
1.840e+04	1.524e-01	1.201e-02	2.500e-01	6.549e-02	5.815e-02	1.470e-01	2.895e-01	2.075e-01	4.013e-01	3.107e-01	2.321e-01	3.550e-01	3.749e-01	2.500e-01	3.750e-01
1.850e+04	1.524e-01	1.201e-02	2.500e-01	6.549e-02	5.815e-02	1.470e-01	2.895e-01	1.851e-01	4.013e-01	3.092e-01	2.321e-01	3.550e-01	3.749e-01	2.500e-01	3.750e-01
1.860e+04	1.524e-01	1.201e-02	2.500e-01	6.549e-02	5.815e-02	1.470e-01	2.895e-01	1.851e-01	4.013e-01	3.092e-01	2.321e-01	3.550e-01	3.749e-01	2.500e-01	3.750e-01
1.870e+04	1.524e-01	1.201e-02	2.500e-01	6.549e-02	5.815e-02	1.470e-01	2.895e-01	1.851e-01	4.013e-01	3.092e-01	2.321e-01	3.550e-01	3.749e-01	2.500e-01	3.750e-01
1.880e+04	1.524e-01	1.201e-02	2.500e-01	6.549e-02	5.815e-02	1.470e-01	3.105e-01	2.254e-01	4.013e-01	3.092e-01	2.321e-01	3.750e-01	3.749e-01	2.500e-01	3.750e-01
1.890e+04	1.524e-01	1.201e-02	2.500e-01	6.549e-02	5.815e-02	1.470e-01	3.105e-01	2.254e-01	4.013e-01	3.092e-01	2.275e-01	3.750e-01	3.749e-01	2.500e-01	3.750e-01
1.900e+04	1.524e-01	2.624e-02	2.500e-01	6.877e-02	5.839e-02	1.484e-01	3.105e-01	2.254e-01	4.013e-01	3.092e-01	2.275e-01	3.750e-01	3.749e-01	2.500e-01	3.750e-01
1.910e+04	1.524e-01	2.624e-02	2.500e-01	6.877e-02	5.839e-02	1.484e-01	3.229e-01	2.254e-01	4.029e-01	3.092e-01	2.275e-01	3.750e-01	3.749e-01	2.500e-01	3.750e-01
1.920e+04	1.524e-01	2.624e-02	2.500e-01	6.877e-02	5.839e-02	1.484e-01	3.229e-01	2.254e-01	4.029e-01	3.092e-01	2.275e-01	3.750e-01	3.749e-01	2.500e-01	3.750e-01
1.930e+04	1.524e-01	2.624e-02	2.500e-01	6.877e-02	5.839e-02	1.484e-01	3.229e-01	2.254e-01	4.029e-01	3.092e-01	2.275e-01	3.750e-01	3.749e-01	2.500e-01	3.750e-01
1.940e+04	1.524e-01	2.624e-02	2.500e-01	6.877e-02	5.839e-02	1.484e-01	3.229e-01	2.254e-01	4.029e-01	3.092e-01	2.275e-01	3.750e-01	3.749e-01	2.500e-01	3.750e-01
1.950e+04	1.524e-01	2.624e-02	2.500e-01	6.877e-02	5.839e-02	1.484e-01	3.229e-01	2.254e-01	4.029e-01	3.092e-01	2.275e-01	3.750e-01	3.749e-01	2.500e-01	3.750e-01
1.960e+04	1.524e-01	2.624e-02	2.500e-01	7.869e-02	5.867e-02	1.484e-01	3.229e-01	2.254e-01	4.029e-01	3.092e-01	2.275e-01	3.750e-01	3.749e-01	2.500e-01	3.750e-01
1.970e+04	1.524e-01	2.624e-02	2.500e-01	7.869e-02	5.867e-02	1.484e-01	3.229e-01	2.254e-01	4.029e-01	3.092e-01	2.275e-01	3.750e-01	3.749e-01	2.500e-01	3.750e-01
1.980e+04	1.524e-01	2.624e-02	2.500e-01	7.869e-02	5.867e-02	1.484e-01	3.229e-01	2.254e-01	4.029e-01	3.092e-01	2.275e-01	3.750e-01	3.749e-01	2.500e-01	3.750e-01
1.990e+04	1.740e-01	2.624e-02	2.500e-01	6.877e-02	5.839e-02	1.484e-01	3.229e-01	2.254e-01	4.029e-01	3.092e-01	2.275e-01	3.750e-01	3.749e-01	2.500e-01	3.750e-01
2.000e+04	1.740e-01	2.624e-02	2.500e-01	6.877e-02	5.839e-02	1.484e-01	3.229e-01	2.254e-01	4.029e-01	3.092e-01	2.275e-01	3.750e-01	3.749e-01	2.500e-01	3.750e-01
2.010e+04	1.740e-01	2.624e-02	2.500e-01	6.549e-02	5.815e-02	1.470e-01	3.229e-01	2.254e-01	4.029e-01	3.092e-01	2.275e-01	3.750e-01	3.749e-01	2.500e-01	3.750e-01
2.020e+04	1.740e-01	2.624e-02	2.500e-01	6.549e-02	5.642e-02	1.464e-01	3.229e-01	2.254e-01	4.029e-01	3.092e-01	2.321e-01	3.750e-01	3.749e-01	2.500e-01	3.750e-01
2.030e+04	1.740e-01	2.624e-02	2.500e-01	6.549e-02	5.642e-02	1.464e-01	3.229e-01	2.254e-01	4.029e-01	3.092e-01	2.321e-01	3.750e-01	3.749e-01	2.500e-01	3.750e-01
2.040e+04	1.496e-01	2.624e-02	2.500e-01	6.549e-02	5.642e-02	1.464e-01	3.229e-01	2.254e-01	4.029e-01	3.092e-01	2.321e-01	3.750e-01	3.749e-01	2.500e-01	3.750e-01
2.050e+04	1.496e-01	2.624e-02	2.500e-01	6.549e-02	5.642e-02	1.464e-01	3.238e-01	2.418e-01	4.029e-01	3.092e-01	2.321e-01	3.750e-01	3.749e-01	2.500e-01	3.750e-01
2.060e+04	1.496e-01	2.624e-02	2.500e-01	6.549e-02	5.642e-02	1.464e-01	3.238e-01	2.418e-01	4.029e-01	3.092e-01	2.321e-01	3.750e-01	3.745e-01	2.500e-01	3.750e-01
2.070e+04	1.496e-01	2.624e-02	2.500e-01	6.379e-02	5.642e-02	1.464e-01	3.238e-01	2.418e-01	4.029e-01	3.092e-01	2.321e-01	3.750e-01	3.745e-01	2.500e-01	3.750e-01
2.080e+04	1.496e-01	2.624e-02	2.500e-01	6.379e-02	5.642e-02	1.464e-01	3.238e-01	2.418e-01	4.029e-01	3.092e-01	2.368e-01	3.750e-01	3.745e-01	2.500e-01	3.750e-01
2.090e+04	1.496e-01	2.624e-02	2.500e-01	6.379e-02	5.642e-02	1.464e-01	3.238e-01	2.418e-01	4.029e-01	3.092e-01	2.368e-01	3.750e-01	3.745e-01	2.500e-01	3.750e-01
2.100e+04	1.496e-01	2.624e-02	2.500e-01	6.379e-02	5.642e-02	1.464e-01	3.249e-01	2.418e-01	4.069e-01	3.092e-01	2.368e-01	3.750e-01	3.745e-01	2.500e-01	3.750e-01
2.110e+04	1.496e-01	2.624e-02	2.500e-01	6.379e-02	5.642e-02	1.464e-01	3.249e-01	2.551e-01	4.069e-01	3.092e-01	2.368e-01	3.750e-01	3.745e-01	2.500e-01	3.750e-01
2.120e+04	1.496e-01	2.624e-02	2.500e-01	6.094e-02	5.187e-02	1.470e-01	3.249e-01	2.418e-01	4.069e-01	3.092e-01	2.368e-01	3.750e-01	3.745e-01	2.500e-01	3.750e-01
2.130e+04	1.496e-01	2.624e-02	2.500e-01	6.094e-02	5.187e-02	1.470e-01	3.249e-01	2.418e-01	4.069e-01	3.092e-01	2.368e-01	3.750e-01	3.745e-01	2.500e-01	3.750e-01
2.140e+04	1.496e-01	2.624e-02	2.500e-01	6.094e-02	5.187e-02	1.470e-01	3.249e-01	2.418e-01	4.069e-01	3.092e-01	2.368e-01	3.750e-01	3.734e-01	2.500e-01	3.750e-01
2.150e+04	1.496e-01	2.624e-02	2.500e-01	6.094e-02	5.187e-02	1.470e-01	3.249e-01	2.418e-01	4.069e-01	3.092e-01	2.368e-01	3.750e-01	3.654e-01	2.500e-01	3.750e-01
2.160e+04	1.496e-01	2.624e-02	2.500e-01	6.094e-02	5.187e-02	1.470e-01	3.249e-01	2.418e-01	4.069e-01	3.092e-01	2.368e-01	3.750e-01	3.654e-01	2.500e-01	3.750e-01
2.170e+04	1.496e-01	2.624e-02	2.500e-01	6.094e-02	5.187e-02	1.470e-01	3.249e-01	2.418e-01	4.069e-01	3.092e-01	2.368e-01	3.750e-01	3.654e-01	2.500e-01	3.750e-01
2.180e+04	1.496e-01	2.624e-02	2.500e-01	6.094e-02	5.187e-02	1.470e-01	3.249e-01	2.418e-01	4.069e-01	3.092e-01	2.368e-01	3.750e-01	3.654e-01	2.500e-01	3.750e-01
2.190e+04	1.496e-01	2.624e-02	2.500e-01	6.094e-02	5.187e-02	1.470e-01	3.249e-01	2.418e-01	4.069e-01	3.107e-01	2.368e-01	3.950e-01	3.654e-01	2.500e-01	3.750e-01
2.200e+04	1.496e-01	2.624e-02	2.500e-01	6.094e-02	5.187e-02	1.470e-01	3.249e-01	2.418e-01	4.069e-01	3.092e-01	2.295e-01	3.950e-01	3.654e-01	2.500e-01	3.750e-01
2.210e+04	1.496e-01	2.624e-02	2.500e-01	6.094e-02	5.187e-02	1.470e-01	3.238e-01	2.418e-01	4.029e-01	3.092e-01	2.295e-01	3.950e-01	3.654e-01	2.500e-01	3.750e-01
2.220e+04	1.496e-01	2.624e-02	2.500e-01	6.094e-02	5.187e-02	1.470e-01	3.238e-01	2.418e-01	4.029e-01	3.092e-01	2.295e-01	3.950e-01	3.654e-01	2.500e-01	3.750e-01
2.230e+04	1.496e-01	2.624e-02	2.500e-01	6.252e-02	5.642e-02	1.470e-01	3.238e-01	2.418e-01	4.029e-01	3.092e-01	2.295e-01	3.950e-01	3.654e-01	2.500e-01	3.750e-01
2.240e+04	1.496e-01	2.624e-02	2.500e-01	6.252e-02	5.642e-02	1.470e-01	3.238e-01	2.418e-01	4.029e-01	3.092e-01	2.295e-01	3.950e-01	3.654e-01	2.500e-01	3.750e-01
2.250e+04	1.496e-01	2.624e-02	2.500e-01	6.252e-02	5.642e-02	1.470e-01	3.238e-01	2.418e-01	4.029e-01	3.092e-01	2.295e-01	3.750e-01	3.654e-01	2.500e-01	3.750e-01
2.260e+04	1.496e-01	2.624e-02	2.500e-01	6.094e-02	5.059e-02	1.470e-01	3.238e-01	2.418e-01	4.029e-01	3.092e-01	2.295e-01	3.750e-01	3.654e-01	2.500e-01	3.750e-01
2.270e+04	1.496e-01	2.624e-02	2.500e-01	6.094e-02	5.059e-02	1.470e-01	3.238e-01	2.418e-01	4.029e-01	3.092e-01	2.295e-01	3.750e-01	3.125e-01	1.956e-01	3.750e-01
2.280e+04	1.442e-01	2.624e-02	2.500e-01	6.094e-02	5.059e-02	1.470e-01	3.238e-01	2.418e-01	4.029e-01	3.107e-01	2.295e-01	3.935e-01	3.125e-01	1.956e-01	3.750e-01
2.290e+04	1.442e-01	2.624e-02	2.500e-01	6.094e-02	5.059e-02	1.470e-01	3.238e-01	2.418e-01	4.029e-01	3.107e-01	2.295e-01	3.935e-01	3.125e-01	1.956e-01	3.750e-01
2.300e+04	1.442e-01	2.624e-02	2.500e-01	6.094e-02	5.059e-02	1.470e-01	3.238e-01	2.418e-01	4.029e-01	3.107e-01	2.295e-01	3.935e-01	3.125e-01	1.956e-01	3.750e-01
2.310e+04	1.442e-01	2.624e-02	2.500e-01	6.094e-02	5.059e-02	1.470e-01	3.238e-01	2.418e-01	4.029e-01	3.145e-01	2.368e-01	3.935e-01	3.125e-01	1.956e-01	3.750e-01
2.320e+04	1.442e-01	2.624e-02	2.500e-01	6.094e-02	5.059e-02	1.470e-01	3.238e-01	2.418e-01	4.029e-01	3.145e-01	2.275e-01	3.935e-01	3.125e-01	1.956e-01	3.750e-01
2.330e+04	1.442e-01	2.624e-02	2.500e-01	6.094e-02	5.059e-02	1.470e-01	3.238e-01	2.418e-01	4.029e-01	3.145e-01	2.275e-01	3.935e-01	3.125e-01	1.956e-01	3.750e-01
2.340e+04	1.442e-01	2.624e-02	2.500e-01	6.094e-02	5.059e-02	1.470e-01	3.238e-01	2.418e-01	4.029e-01	3.145e-01	2.275e-01	3.935e-01	3.125e-01	1.956e-01	3.750e-01
2.350e+04	1.442e-01	2.624e-02	2.500e-01	6.094e-02	5.059e-02	1.470e-01	3.238e-01	2.418e-01	4.029e-01	3.145e-01	2.275e-01	3.935e-01	3.125e-01	1.956e-01	3.750e-01
2.360e+04	1.442e-01	2.624e-02	2.500e-01	6.094e-02	5.059e-02	1.487e-01	3.238e-01	2.418e-01	4.029e-01	3.145e-01	2.275e-01	3.935e-01	3.125e-01	1.956e-01	3.750e-01
2.370e+04	1.442e-01	2.624e-02	2.500e-01	6.252e-02	5.642e-02	1.487e-01	3.238e-01	2.418e-01	4.029e-01	3.145e-01	2.275e-01	3.935e-01	3.125e-01	2.500e-01	3.750e-01
2.380e+04	1.442e-01	2.624e-02	2.500e-01	6.252e-02	5.642e-02	1.487e-01	3.229e-01	2.404e-01	4.029e-01	3.145e-01	2.275e-01	3.935e-01	3.125e-01	2.500e-01	3.750e-01
2.390e+04	1.442e-01	2.624e-02	2.500e-01	6.252e-02	5.642e-02	1.487e-01	3.229e-01	2.404e-01	4.029e-01	3.145e-01	2.275e-01	3.935e-01	3.125e-01	2.500e-01	3.750e-01
2.400e+04	1.442e-01	2.624e-02	2.500e-01	6.252e-02	5.642e-02	1.487e-01	3.229e-01	2.404e-01	4.029e-01	3.145e-01	2.275e-01	3.935e-01	3.125e-01	2.500e-01	3.750e-01
2.410e+04	1.457e-01	2.890e-02	2.500e-01	6.379e-02	5.839e-02	1.547e-01	3.229e-01	2.404e-01	4.029e-01	3.145e-01	2.275e-01	3.935e-01	3.125e-01	2.500e-01	3.750e-01
2.420e+04	1.457e-01	2.890e-02	2.500e-01	6.379e-02	5.839e-02	1.547e-01	3.229e-01	2.404e-01	4.029e-01	3.145e-01	2.275e-01	3.935e-01	3.125e-01	2.500e-01	3.750e-01
2.430e+04	1.457e-01	2.890e-02	2.500e-01	6.379e-02	5.839e-02	1.547e-01	3.229e-01	2.404e-01	4.029e-01	3.145e-01	2.275e-01	3.935e-01	3.125e-01	2.500e-01	3.750e-01
2.440e+04	1.457e-01	2.890e-02	2.500e-01	6.379e-02	5.839e-02	1.547e-01	3.229e-01	2.404e-01	4.029e-01	3.145e-01	2.275e-01	3.935e-01	3.125e-01	2.500e-01	3.750e-01
2.450e+04	1.457e-01	2.890e-02	2.500e-01	6.379e-02	5.839e-02	1.547e-01	3.229e-01	2.404e-01	4.029e-01	3.145e-01	2.275e-01	3.935e-01	3.125e-01	2.500e-01	3.750e-01
2.460e+04	1.457e-01	2.890e-02	2.500e-01	6.379e-02	5.839e-02	1.547e-01	3.229e-01	2.404e-01	4.029e-01	3.145e-01	2.275e-01	3.935e-01	3.125e-01	2.500e-01	3.750e-01
2.470e+04	1.457e-01	2.890e-02	2.500e-01	6.379e-02	5.839e-02	1.748e-01	3.229e-01	2.404e-01	4.029e-01	3.145e-01	2.275e-01	3.935e-01	3.125e-01	2.500e-01	3.750e-01
2.480e+04	1.457e-01	2.890e-02	2.500e-01	6.379e-02	5.867e-02	1.748e-01	3.229e-01	2.404e-01	4.029e-01	3.145e-01	2.275e-01	4.114e-01	3.125e-01	2.500e-01	3.750e-01
2.490e+04	1.457e-01	2.890e-02	2.500e-01	6.379e-02	5.867e-02	1.748e-01	3.229e-01	2.404e-01	4.029e-01	3.145e-01	2.275e-01	4.114e-01	3.125e-01	2.500e-01	3.750e-01
2.500e+04	1.457e-01	2.890e-02	2.500e-01	6.252e-02	5.867e-02	1.748e-01	3.229e-01	2.404e-01	4.029e-01	3.145e-01	2.275e-01	3.935e-01	3.125e-01	2.500e-01	3.750e-01
2.510e+04	1.457e-01	2.890e-02	2.500e-01	6.252e-02	5.867e-02	1.748e-01	3.229e-01	2.404e-01	4.029e-01	3.145e-01	2.275e-01	3.935e-01	3.125e-01	2.500e-01	3.750e-01
2.520e+04	1.457e-01	2.890e-02	2.500e-01	6.252e-02	5.867e-02	1.748e-01	3.229e-01	2.404e-01	4.029e-01	3.092e-01	2.275e-01	3.889e-01	3.125e-01	2.500e-01	3.750e-01
2.530e+04	1.457e-01	2.890e-02	2.500e-01	6.252e-02	5.867e-02	1.748e-01	3.229e-01	2.375e-01	4.029e-01	3.092e-01	2.275e-01	3.889e-01	3.125e-01	2.500e-01	3.750e-01
2.540e+04	1.457e-01	2.890e-02	2.500e-01	6.252e-02	5.867e-02	1.748e-01	3.229e-01	2.375e-01	4.029e-01	3.107e-01	2.275e-01	3.935e-01	3.125e-01	1.956e-01	3.750e-01
2.550e+04	1.457e-01	2.890e-02	2.500e-01	6.379e-02	5.867e-02	1.748e-01	3.229e-01	2.375e-01	4.029e-01	3.107e-01	2.275e-01	3.889e-01	3.125e-01	1.956e-01	3.750e-01
2.560e+04	1.457e-01	2.890e-02	2.500e-01	6.252e-02	5.839e-02	1.748e-01	3.229e-01	2.375e-01	4.029e-01	3.107e-01	2.275e-01	3.889e-01	3.125e-01	1.956e-01	3.750e-01
2.570e+04	1.457e-01	2.890e-02	2.500e-01	6.252e-02	5.839e-02	1.748e-01	3.229e-01	2.375e-01	4.029e-01	3.107e-01	2.275e-01	3.889e-01	3.125e-01	1.956e-01	3.750e-01
2.580e+04	1.457e-01	2.890e-02	2.500e-01	6.252e-02	5.839e-02	1.748e-01	3.229e-01	2.375e-01	4.029e-01	3.107e-01	2.275e-01	3.889e-01	3.125e-01	1.956e-01	3.750e-01
2.590e+04	1.457e-01	2.890e-02	2.500e-01	6.252e-02	5.839e-02	1.748e-01	3.229e-01	2.375e-01	4.029e-01	3.107e-01	2.368e-01	3.889e-01	3.125e-01	1.956e-01	3.750e-01
2.600e+04	1.457e-01	2.890e-02	2.500e-01	6.252e-02	5.839e-02	1.748e-01	3.229e-01	2.375e-01	4.029e-01	3.107e-01	2.368e-01	3.889e-01	3.125e-01	1.956e-01	3.750e-01
2.610e+04	1.457e-01	2.890e-02	2.500e-01	6.252e-02	5.839e-02	1.748e-01	3.229e-01	2.375e-01	4.029e-01	3.107e-01	2.368e-01	3.889e-01	3.125e-01	1.956e-01	3.750e-01
2.620e+04	1.457e-01	2.890e-02	2.500e-01	6.252e-02	5.839e-02	1.748e-01	3.229e-01	2.375e-01	4.029e-01	3.145e-01	2.368e-01	3.935e-01	3.125e-01	1.956e-01	3.750e-01
2.630e+04	1.457e-01	2.890e-02	2.500e-01	6.252e-02	5.839e-02	1.748e-01	3.229e-01	2.375e-01	4.029e-01	3.145e-01	2.368e-01	3.935e-01	3.125e-01	2.500e-01	3.750e-01
2.640e+04	1.457e-01	2.890e-02	2.500e-01	6.252e-02	5.839e-02	1.748e-01	3.229e-01	2.375e-01	4.029e-01	3.145e-01	2.368e-01	3.889e-01	3.125e-01	2.500e-01	3.750e-01
2.650e+04	1.457e-01	2.890e-02	2.500e-01	6.252e-02	5.839e-02	1.748e-01	3.229e-01	2.375e-01	4.029e-01	3.145e-01	2.368e-01	3.889e-01	3.125e-01	2.500e-01	3.750e-01
2.660e+04	1.457e-01	2.890e-02	2.500e-01	6.252e-02	5.839e-02	1.748e-01	3.229e-01	2.375e-01	4.029e-01	3.145e-01	2.368e-01	3.889e-01	3.335e-01	2.500e-01	3.750e-01
2.670e+04	1.457e-01	2.890e-02	2.500e-01	6.252e-02	5.839e-02	1.748e-01	3.229e-01	2.375e-01	4.029e-01	3.145e-01	2.368e-01	3.935e-01	3.637e-01	2.500e-01	3.750e-01
2.680e+04	1.457e-01	2.890e-02	2.500e-01	6.252e-02	5.839e-02	1.748e-01	3.229e-01	2.375e-01	4.029e-01	3.145e-01	2.368e-01	3.935e-01	3.637e-01	2.500e-01	3.750e-01
2.690e+04	1.457e-01	2.890e-02	2.500e-01	6.252e-02	5.839e-02	1.748e-01	3.229e-01	2.375e-01	4.029e-01	3.145e-01	2.368e-01	3.935e-01	3.637e-01	2.500e-01	3.750e-01
2.700e+04	1.457e-01	2.890e-02	2.500e-01	6.252e-02	5.839e-02	1.748e-01	3.229e-01	2.375e-01	4.029e-01	3.145e-01	2.368e-01	3.935e-01	3.637e-01	2.500e-01	3.750e-01
2.710e+04	1.457e-01	2.890e-02	2.500e-01	6.252e-02	5.839e-02	1.748e-01	3.229e-01	2.375e-01	4.029e-01	3.145e-01	2.368e-01	3.935e-01	3.637e-01	2.500e-01	3.750e-01
2.720e+04	1.457e-01	2.890e-02	2.500e-01	6.252e-02	5.839e-02	1.748e-01	3.229e-01	2.375e-01	4.029e-01	3.145e-01	2.368e-01	3.935e-01	3.637e-01	2.500e-01	3.750e-01
2.730e+04	1.457e-01	2.890e-02	2.500e-01	6.379e-02	5.867e-02	1.748e-01	3.105e-01	2.375e-01	4.013e-01	3.107e-01	2.368e-01	3.889e-01	3.637e-01	2.500e-01	3.750e-01
2.740e+04	1.457e-01	2.890e-02	2.500e-01	6.379e-02	5.867e-02	1.748e-01	3.105e-01	2.375e-01	4.013e-01	3.107e-01	2.368e-01	3.889e-01	3.294e-01	2.500e-01	3.750e-01
2.750e+04	1.457e-01	2.890e-02	2.500e-01	6.379e-02	5.867e-02	1.748e-01	3.105e-01	2.375e-01	4.013e-01	3.107e-01	2.368e-01	3.889e-01	3.294e-01	2.500e-01	3.750e-01
2.760e+04	1.457e-01	2.890e-02	2.500e-01	6.379e-02	5.867e-02	1.748e-01	3.105e-01	2.375e-01	4.013e-01	3.107e-01	2.368e-01	3.889e-01	3.294e-01	2.500e-01	3.750e-01
2.770e+04	1.457e-01	2.890e-02	2.500e-01	6.379e-02	5.867e-02	1.748e-01	3.105e-01	2.375e-01	4.013e-01	3.107e-01	2.368e-01	3.889e-01	3.294e-01	2.500e-01	3.750e-01
2.780e+04	1.457e-01	2.890e-02	2.500e-01	6.379e-02	5.867e-02	1.748e-01	3.105e-01	2.375e-01	4.013e-01	3.107e-01	2.368e-01	3.889e-01	3.294e-01	2.500e-01	3.750e-01
2.790e+04	1.457e-01	2.890e-02	2.500e-01	6.252e-02	5.839e-02	1.748e-01	3.105e-01	2.375e-01	4.013e-01	3.107e-01	2.368e-01	3.889e-01	3.294e-01	2.500e-01	3.750e-01
2.800e+04	1.457e-01	2.890e-02	2.500e-01	6.252e-02	5.839e-02	1.748e-01	3.105e-01	2.375e-01	4.013e-01	3.107e-01	2.368e-01	3.889e-01	3.294e-01	2.500e-01	3.750e-01
2.810e+04	1.457e-01	2.890e-02	2.500e-01	6.252e-02	5.839e-02	1.748e-01	3.105e-01	2.375e-01	4.013e-01	3.107e-01	2.368e-01	3.889e-01	3.294e-01	2.500e-01	3.750e-01
2.820e+04	1.457e-01	2.890e-02	2.500e-01	6.252e-02	5.839e-02	1.748e-01	3.105e-01	2.375e-01	4.013e-01	3.145e-01	2.419e-01	3.889e-01	3.294e-01	2.500e-01	3.750e-01
2.830e+04	1.457e-01	2.890e-02	2.500e-01	6.252e-02	5.839e-02	1.508e-01	3.105e-01	2.375e-01	4.013e-01	3.145e-01	2.419e-01	3.889e-01	3.294e-01	2.500e-01	3.750e-01
2.840e+04	1.457e-01	2.890e-02	2.500e-01	6.252e-02	5.839e-02	1.508e-01	3.105e-01	2.375e-01	4.013e-01	3.145e-01	2.419e-01	3.889e-01	3.294e-01	2.500e-01	3.750e-01
2.850e+04	1.457e-01	2.890e-02	2.500e-01	6.379e-02	5.867e-02	1.508e-01	3.105e-01	2.375e-01	4.013e-01	3.145e-01	2.419e-01	3.889e-01	3.294e-01	2.500e-01	3.750e-01
2.860e+04	1.457e-01	2.890e-02	2.500e-01	6.379e-02	5.867e-02	1.508e-01	3.105e-01	2.375e-01	4.013e-01	3.145e-01	2.419e-01	3.889e-01	3.294e-01	2.500e-01	3.750e-01
2.870e+04	1.457e-01	2.890e-02	2.500e-01	6.379e-02	5.867e-02	1.508e-01	3.105e-01	2.375e-01	4.013e-01	3.145e-01	2.419e-01	3.889e-01	3.125e-01	2.500e-01	3.750e-01
2.880e+04	1.457e-01	2.890e-02	2.500e-01	6.379e-02	5.867e-02	1.508e-01	3.105e-01	2.375e-01	4.013e-01	3.145e-01	2.419e-01	3.889e-01	3.125e-01	2.500e-01	3.750e-01
2.890e+04	1.457e-01	2.890e-02	2.500e-01	6.379e-02	5.867e-02	1.508e-01	3.105e-01	2.375e-01	4.013e-01	3.145e-01	2.419e-01	3.889e-01	3.125e-01	2.500e-01	3.750e-01
2.900e+04	1.457e-01	2.890e-02	2.500e-01	6.379e-02	5.867e-02	1.508e-01	3.105e-01	2.375e-01	4.013e-01	3.145e-01	2.419e-01	3.889e-01	3.125e-01	2.500e-01	3.750e-01
2.910e+04	1.457e-01	2.890e-02	2.500e-01	6.379e-02	5.867e-02	1.508e-01	3.105e-01	2.375e-01	4.013e-01	3.145e-01	2.419e-01	3.889e-01	3.125e-01	2.500e-01	3.750e-01
2.920e+04	1.457e-01	2.890e-02	2.500e-01	6.379e-02	5.867e-02	1.508e-01	3.105e-01	2.375e-01	4.013e-01	3.145e-01	2.419e-01	3.889e-01	3.717e-01	2.500e-01	3.750e-01
2.930e+04	1.457e-01	2.890e-02	2.500e-01	6.379e-02	5.867e-02	1.508e-01	3.105e-01	2.375e-01	4.013e-01	3.145e-01	2.419e-01	3.889e-01	3.692e-01	2.500e-01	3.750e-01
2.940e+04	1.457e-01	2.890e-02	2.500e-01	6.379e-02	5.867e-02	1.508e-01	3.105e-01	2.375e-01	4.013e-01	3.145e-01	2.419e-01	3.889e-01	3.692e-01	2.500e-01	3.750e-01
2.950e+04	1.457e-01	2.890e-02	2.500e-01	6.379e-02	5.867e-02	1.508e-01	3.105e-01	2.375e-01	4.013e-01	3.145e-01	2.419e-01	3.889e-01	3.665e-01	2.500e-01	3.750e-01
2.960e+04	1.457e-01	2.890e-02	2.500e-01	6.379e-02	5.867e-02	1.508e-01	3.105e-01	2.375e-01	4.013e-01	3.145e-01	2.419e-01	3.889e-01	3.665e-01	2.500e-01	3.750e-01
2.970e+04	1.442e-01	2.624e-02	2.500e-01	6.379e-02	5.867e-02	1.508e-01	3.105e-01	2.375e-01	4.013e-01	3.145e-01	2.419e-01	3.889e-01	3.665e-01	2.500e-01	3.750e-01
2.980e+04	1.442e-01	2.624e-02	2.500e-01	6.379e-02	5.867e-02	1.508e-01	3.105e-01	2.375e-01	4.013e-01	3.145e-01	2.419e-01	3.889e-01	3.665e-01	2.500e-01	3.750e-01
2.990e+04	1.442e-01	2.624e-02	2.500e-01	6.379e-02	5.867e-02	1.508e-01	3.105e-01	2.375e-01	4.013e-01	3.145e-01	2.419e-01	3.889e-01	3.665e-01	2.500e-01	3.750e-01
3.000e+04	1.442e-01	2.624e-02	2.500e-01	6.379e-02	5.867e-02	1.508e-01	3.105e-01	2.375e-01	4.013e-01	3.145e-01	2.419e-01	3.889e-01	3.665e-01	2.500e-01	3.750e-01
3.010e+04	1.442e-01	2.624e-02	2.500e-01	6.379e-02	5.867e-02	1.508e-01	3.105e-01	2.375e-01	4.013e-01	3.145e-01	2.419e-01	3.889e-01	3.665e-01	2.500e-01	3.750e-01
3.020e+04	1.442e-01	2.624e-02	2.500e-01	6.379e-02	5.867e-02	1.508e-01	3.105e-01	2.375e-01	4.013e-01	3.145e-01	2.419e-01	3.889e-01	3.665e-01	2.500e-01	3.750e-01
3.030e+04	1.442e-01	2.624e-02	2.500e-01	6.379e-02	5.867e-02	1.508e-01	3.105e-01	2.375e-01	4.013e-01	3.145e-01	2.419e-01	3.889e-01	3.665e-01	2.500e-01	3.750e-01
3.040e+04	1.442e-01	2.624e-02	2.500e-01	6.379e-02	5.867e-02	1.508e-01	3.105e-01	2.375e-01	4.013e-01	3.145e-01	2.419e-01	3.889e-01	3.125e-01	2.500e-01	3.750e-01
3.050e+04	1.442e-01	2.624e-02	2.500e-01	6.379e-02	5.867e-02	1.508e-01	3.105e-01	2.375e-01	4.013e-01	3.145e-01	2.419e-01	3.889e-01	3.125e-01	2.500e-01	3.750e-01
3.060e+04	1.442e-01	2.624e-02	2.500e-01	6.379e-02	5.867e-02	1.508e-01	3.105e-01	2.375e-01	4.013e-01	3.145e-01	2.419e-01	3.889e-01	3.125e-01	2.500e-01	3.750e-01
3.070e+04	1.442e-01	2.624e-02	2.500e-01	6.379e-02	5.867e-02	1.508e-01	3.105e-01	2.375e-01	4.013e-01	3.145e-01	2.419e-01	3.889e-01	3.125e-01	2.500e-01	3.750e-01
3.080e+04	1.442e-01	2.624e-02	2.500e-01	6.379e-02	5.867e-02	1.508e-01	3.105e-01	2.375e-01	4.013e-01	3.107e-01	2.419e-01	3.750e-01	3.125e-01	2.500e-01	3.750e-01
3.090e+04	1.442e-01	2.624e-02	2.500e-01	7.486e-02	5.946e-02	1.508e-01	3.105e-01	2.375e-01	4.013e-01	3.107e-01	2.419e-01	3.750e-01	3.125e-01	2.500e-01	3.750e-01
3.100e+04	1.442e-01	2.624e-02	2.500e-01	7.486e-02	5.946e-02	1.508e-01	3.105e-01	2.375e-01	4.013e-01	3.107e-01	2.419e-01	3.750e-01	3.125e-01	2.500e-01	3.750e-01
3.110e+04	1.442e-01	2.624e-02	2.500e-01	7.486e-02	5.946e-02	1.508e-01	3.105e-01	2.375e-01	4.013e-01	3.107e-01	2.419e-01	3.750e-01	3.125e-01	2.500e-01	3.750e-01
3.120e+04	1.442e-01	2.624e-02	2.500e-01	7.486e-02	5.946e-02	1.508e-01	3.105e-01	2.375e-01	4.013e-01	3.107e-01	2.419e-01	3.750e-01	3.125e-01	2.500e-01	3.750e-01
3.130e+04	1.442e-01	2.624e-02	2.500e-01	7.486e-02	5.946e-02	1.508e-01	3.105e-01	2.375e-01	4.013e-01	3.107e-01	2.419e-01	3.750e-01	3.125e-01	2.500e-01	3.750e-01
3.140e+04	1.442e-01	2.624e-02	2.500e-01	7.486e-02	5.946e-02	1.508e-01	3.105e-01	2.375e-01	4.013e-01	3.107e-01	2.419e-01	3.750e-01	3.125e-01	2.500e-01	3.750e-01
3.150e+04	1.442e-01	2.624e-02	2.500e-01	7.486e-02	5.946e-02	1.508e-01	3.105e-01	2.375e-01	4.013e-01	3.107e-01	2.419e-01	3.750e-01	3.125e-01	2.500e-01	3.750e-01
3.160e+04	1.442e-01	2.624e-02	2.500e-01	7.486e-02	5.946e-02	1.508e-01	3.105e-01	2.375e-01	4.013e-01	3.107e-01	2.419e-01	3.750e-01	3.125e-01	2.500e-01	3.750e-01
3.170e+04	1.442e-01	2.624e-02	2.500e-01	7.486e-02	5.946e-02	1.508e-01	3.105e-01	2.375e-01	4.013e-01	3.107e-01	2.419e-01	3.750e-01	3.125e-01	2.500e-01	3.750e-01
3.180e+04	1.442e-01	2.624e-02	2.500e-01	7.486e-02	5.946e-02	1.508e-01	3.105e-01	2.375e-01	4.013e-01	3.107e-01	2.419e-01	3.750e-01	3.125e-01	2.500e-01	3.750e-01
3.190e+04	1.442e-01	2.624e-02	2.500e-01	7.486e-02	5.946e-02	1.508e-01	3.105e-01	2.375e-01	4.029e-01	3.107e-01	2.419e-01	3.750e-01	3.125e-01	2.500e-01	3.750e-01
3.200e+04	1.442e-01	2.624e-02	2.500e-01	7.486e-02	5.946e-02	1.508e-01	3.105e-01	2.375e-01	4.029e-01	3.107e-01	2.419e-01	3.750e-01	3.712e-01	2.500e-01	3.750e-01
3.210e+04	1.442e-01	2.624e-02	2.500e-01	7.486e-02	5.946e-02	1.508e-01	3.105e-01	2.375e-01	4.029e-01	3.107e-01	2.419e-01	3.750e-01	3.712e-01	2.500e-01	3.750e-01
3.220e+04	1.442e-01	2.624e-02	2.500e-01	7.486e-02	5.946e-02	1.508e-01	3.105e-01	2.375e-01	4.029e-01	3.107e-01	2.419e-01	3.750e-01	3.712e-01	2.500e-01	3.750e-01
3.230e+04	1.442e-01	2.624e-02	2.500e-01	7.486e-02	5.946e-02	1.508e-01	3.105e-01	2.375e-01	4.029e-01	3.107e-01	2.524e-01	3.750e-01	3.712e-01	2.500e-01	3.750e-01
3.240e+04	1.442e-01	2.624e-02	2.500e-01	7.486e-02	5.946e-02	1.508e-01	3.105e-01	2.375e-01	4.029e-01	3.107e-01	2.524e-01	3.750e-01	3.712e-01	2.500e-01	3.750e-01
3.250e+04	1.442e-01	2.624e-02	2.500e-01	7.486e-02	5.946e-02	1.508e-01	3.105e-01	2.375e-01	4.029e-01	3.107e-01	2.524e-01	3.750e-01	3.712e-01	2.500e-01	3.750e-01
3.260e+04	1.442e-01	2.624e-02	2.500e-01	7.486e-02	5.946e-02	1.508e-01	3.105e-01	2.375e-01	4.029e-01	3.107e-01	2.524e-01	3.750e-01	3.712e-01	2.500e-01	3.750e-01
3.270e+04	1.442e-01	2.624e-02	2.500e-01	7.486e-02	5.946e-02	1.508e-01	3.105e-01	2.375e-01	4.029e-01	3.284e-01	2.524e-01	3.823e-01	3.712e-01	2.500e-01	3.750e-01
3.280e+04	1.442e-01	2.624e-02	2.500e-01	7.486e-02	5.946e-02	1.508e-01	3.105e-01	2.375e-01	4.029e-01	3.284e-01	2.524e-01	3.823e-01	3.712e-01	2.500e-01	3.750e-01
3.290e+04	1.442e-01	2.624e-02	2.500e-01	7.486e-02	5.946e-02	1.508e-01	3.105e-01	2.375e-01	4.029e-01	3.399e-01	2.524e-01	3.889e-01	3.125e-01	2.500e-01	3.750e-01
3.300e+04	1.442e-01	2.624e-02	2.500e-01	7.486e-02	5.949e-02	1.508e-01	3.105e-01	2.375e-01	4.029e-01	3.399e-01	2.524e-01	3.889e-01	3.125e-01	2.500e-01	3.750e-01
3.310e+04	1.442e-01	2.624e-02	2.500e-01	7.486e-02	5.949e-02	1.508e-01	3.105e-01	2.375e-01	4.029e-01	3.399e-01	2.524e-01	3.823e-01	3.125e-01	2.500e-01	3.750e-01
3.320e+04	1.442e-01	2.624e-02	2.500e-01	7.486e-02	5.949e-02	1.508e-01	3.105e-01	2.375e-01	4.029e-01	3.284e-01	2.524e-01	3.823e-01	3.125e-01	2.500e-01	3.750e-01
3.330e+04	1.442e-01	2.624e-02	2.500e-01	7.486e-02	5.949e-02	1.508e-01	3.105e-01	2.375e-01	4.029e-01	3.284e-01	2.524e-01	3.823e-01	3.125e-01	2.500e-01	3.750e-01
3.340e+04	1.442e-01	2.624e-02	2.500e-01	6.608e-02	5.949e-02	1.508e-01	3.105e-01	2.375e-01	4.029e-01	3.284e-01	2.524e-01	3.823e-01	3.125e-01	1.956e-01	3.750e-01
3.350e+04	1.442e-01	2.624e-02	2.500e-01	6.608e-02	5.949e-02	1.508e-01	3.105e-01	2.375e-01	4.029e-01	3.284e-01	2.524e-01	3.823e-01	3.125e-01	1.956e-01	3.750e-01
3.360e+04	1.442e-01	2.624e-02	2.500e-01	6.608e-02	5.949e-02	1.508e-01	3.105e-01	2.375e-01	4.029e-01	3.284e-01	2.524e-01	3.823e-01	3.125e-01	1.956e-01	3.750e-01
3.370e+04	1.442e-01	2.624e-02	2.500e-01	6.608e-02	5.949e-02	1.508e-01	3.105e-01	2.375e-01	4.029e-01	3.284e-01	2.524e-01	3.823e-01	3.125e-01	1.956e-01	3.750e-01
3.380e+04	1.442e-01	2.624e-02	2.500e-01	6.608e-02	5.949e-02	1.508e-01	3.105e-01	2.375e-01	4.029e-01	3.284e-01	2.524e-01	3.823e-01	3.125e-01	1.956e-01	3.750e-01
3.390e+04	1.442e-01	2.624e-02	2.500e-01	6.608e-02	5.949e-02	1.508e-01	3.105e-01	2.375e-01	4.029e-01	3.145e-01	2.524e-01	3.750e-01	3.125e-01	1.956e-01	3.750e-01
3.400e+04	1.442e-01	2.624e-02	2.500e-01	6.608e-02	5.949e-02	1.508e-01	3.105e-01	2.375e-01	4.029e-01	3.145e-01	2.524e-01	3.750e-01	3.125e-01	1.956e-01	3.750e-01
3.410e+04	1.442e-01	2.624e-02	2.500e-01	6.608e-02	5.949e-02	1.508e-01	3.105e-01	2.375e-01	4.029e-01	3.145e-01	2.524e-01	3.750e-01	3.125e-01	1.956e-01	3.750e-01
3.420e+04	1.442e-01	2.624e-02	2.500e-01	6.608e-02	5.949e-02	1.508e-01	3.105e-01	2.375e-01	4.029e-01	3.145e-01	2.524e-01	3.750e-01	3.125e-01	1.956e-01	3.750e-01
3.430e+04	1.442e-01	2.624e-02	2.500e-01	6.608e-02	5.949e-02	1.508e-01	3.105e-01	2.375e-01	4.029e-01	3.145e-01	2.524e-01	3.750e-01	3.125e-01	1.956e-01	3.750e-01
3.440e+04	1.442e-01	2.624e-02	2.500e-01	6.608e-02	5.949e-02	1.508e-01	3.105e-01	2.375e-01	4.029e-01	3.145e-01	2.524e-01	3.750e-01	3.125e-01	1.956e-01	3.750e-01
3.450e+04	1.442e-01	2.624e-02	2.500e-01	6.608e-02	5.949e-02	1.508e-01	3.105e-01	2.375e-01	4.029e-01	3.284e-01	2.524e-01	3.750e-01	3.125e-01	1.956e-01	3.750e-01
3.460e+04	1.442e-01	2.624e-02	2.500e-01	6.608e-02	5.949e-02	1.508e-01	3.105e-01	2.375e-01	4.029e-01	3.284e-01	2.524e-01	3.750e-01	3.125e-01	1.956e-01	3.750e-01
3.470e+04	1.442e-01	2.624e-02	2.500e-01	6.608e-02	5.949e-02	1.508e-01	3.105e-01	2.375e-01	4.029e-01	3.284e-01	2.524e-01	3.750e-01	3.125e-01	1.956e-01	3.750e-01
3.480e+04	1.442e-01	2.624e-02	2.500e-01	6.608e-02	5.949e-02	1.508e-01	3.105e-01	2.375e-01	4.029e-01	3.284e-01	2.524e-01	3.750e-01	3.125e-01	1.956e-01	3.750e-01
3.490e+04	1.442e-01	2.624e-02	2.500e-01	6.608e-02	5.949e-02	1.508e-01	3.105e-01	2.375e-01	4.029e-01	3.284e-01	2.524e-01	3.750e-01	3.125e-01	1.956e-01	3.750e-01
3.500e+04	1.442e-01	2.624e-02	2.500e-01	6.608e-02	5.949e-02	1.508e-01	3.105e-01	2.375e-01	4.029e-01	3.284e-01	2.524e-01	3.750e-01	3.125e-01	1.956e-01	3.750e-01
3.510e+04	1.442e-01	2.624e-02	2.500e-01	6.608e-02	5.949e-02	1.508e-01	3.105e-01	2.375e-01	4.029e-01	3.284e-01	2.524e-01	3.750e-01	3.125e-01	1.956e-01	3.750e-01
3.520e+04	1.442e-01	2.624e-02	2.500e-01	6.608e-02	5.949e-02	1.531e-01	3.105e-01	2.375e-01	4.029e-01	3.284e-01	2.524e-01	3.750e-01	3.125e-01	1.956e-01	3.750e-01
3.530e+04	1.442e-01	2.624e-02	2.500e-01	6.379e-02	5.946e-02	1.531e-01	3.105e-01	2.375e-01	4.029e-01	3.284e-01	2.524e-01	3.750e-01	3.125e-01	1.956e-01	3.750e-01
3.540e+04	1.457e-01	2.624e-02	2.500e-01	6.379e-02	5.946e-02	1.531e-01	3.105e-01	2.375e-01	4.029e-01	3.284e-01	2.524e-01	3.750e-01	3.125e-01	1.956e-01	3.750e-01
3.550e+04	1.457e-01	2.624e-02	2.500e-01	6.379e-02	5.946e-02	1.531e-01	3.105e-01	2.375e-01	4.029e-01	3.284e-01	2.524e-01	3.750e-01	3.125e-01	1.956e-01	3.750e-01
3.560e+04	1.457e-01	2.624e-02	2.500e-01	6.379e-02	5.946e-02	1.531e-01	3.105e-01	2.375e-01	4.029e-01	3.284e-01	2.524e-01	3.750e-01	3.125e-01	1.956e-01	3.750e-01
3.570e+04	1.457e-01	2.624e-02	2.500e-01	6.379e-02	5.946e-02	1.531e-01	3.105e-01	2.375e-01	4.029e-01	3.284e-01	2.524e-01	3.750e-01	3.125e-01	1.956e-01	3.750e-01
3.580e+04	1.442e-01	2.624e-02	2.500e-01	6.379e-02	5.946e-02	1.531e-01	3.105e-01	2.375e-01	4.029e-01	3.284e-01	2.524e-01	3.750e-01	3.125e-01	1.956e-01	3.750e-01
3.590e+04	1.442e-01	2.624e-02	2.500e-01	6.379e-02	5.946e-02	1.531e-01	3.105e-01	2.375e-01	4.029e-01	3.284e-01	2.524e-01	3.750e-01	3.125e-01	1.956e-01	3.750e-01
3.600e+04	1.442e-01	2.624e-02	2.500e-01	6.379e-02	5.946e-02	1.531e-01	3.105e-01	2.375e-01	4.029e-01	3.284e-01	2.524e-01	3.750e-01	3.125e-01	1.956e-01	3.750e-01
3.610e+04	1.442e-01	2.890e-02	2.500e-01	6.379e-02	5.946e-02	1.531e-01	3.105e-01	2.375e-01	4.029e-01	3.284e-01	2.524e-01	3.750e-01	3.125e-01	1.956e-01	3.750e-01
3.620e+04	1.442e-01	2.890e-02	2.500e-01	6.379e-02	5.946e-02	1.531e-01	3.105e-01	2.375e-01	4.029e-01	3.284e-01	2.524e-01	3.750e-01	3.125e-01	1.956e-01	3.750e-01
3.630e+04	1.442e-01	2.890e-02	2.500e-01	6.379e-02	5.946e-02	1.531e-01	3.105e-01	2.375e-01	4.029e-01	3.284e-01	2.524e-01	3.771e-01	3.125e-01	1.956e-01	3.750e-01
3.640e+04	1.442e-01	2.890e-02	2.500e-01	6.379e-02	5.946e-02	1.531e-01	3.105e-01	2.375e-01	4.029e-01	3.284e-01	2.595e-01	3.771e-01	3.125e-01	1.956e-01	3.750e-01
3.650e+04	1.442e-01	2.890e-02	2.500e-01	6.379e-02	5.946e-02	1.531e-01	3.105e-01	2.375e-01	4.029e-01	3.284e-01	2.595e-01	3.771e-01	3.125e-01	1.956e-01	3.750e-01
3.660e+04	1.442e-01	2.890e-02	2.500e-01	6.379e-02	5.946e-02	1.531e-01	3.105e-01	2.375e-01	4.029e-01	3.284e-01	2.595e-01	3.771e-01	3.125e-01	1.956e-01	3.750e-01
3.670e+04	1.442e-01	2.890e-02	2.500e-01	6.379e-02	5.946e-02	1.531e-01	3.105e-01	2.375e-01	4.029e-01	3.284e-01	2.595e-01	3.771e-01	3.125e-01	1.956e-01	3.750e-01
3.680e+04	1.442e-01	2.890e-02	2.500e-01	6.379e-02	5.946e-02	1.531e-01	3.105e-01	2.375e-01	4.029e-01	3.284e-01	2.595e-01	3.771e-01	3.125e-01	1.956e-01	3.750e-01
3.690e+04	1.442e-01	2.890e-02	2.500e-01	6.379e-02	5.946e-02	1.531e-01	3.105e-01	2.375e-01	4.029e-01	3.284e-01	2.595e-01	3.771e-01	3.125e-01	1.956e-01	3.750e-01
3.700e+04	1.442e-01	2.890e-02	2.500e-01	6.379e-02	5.946e-02	1.531e-01	3.105e-01	2.375e-01	4.029e-01	3.284e-01	2.595e-01	3.771e-01	3.114e-01	1.956e-01	3.750e-01
3.710e+04	1.442e-01	2.890e-02	2.500e-01	6.379e-02	5.946e-02	1.531e-01	3.105e-01	2.375e-01	4.029e-01	3.399e-01	2.595e-01	3.823e-01	3.125e-01	1.956e-01	3.750e-01
3.720e+04	1.442e-01	2.890e-02	2.500e-01	6.379e-02	5.946e-02	1.531e-01	3.105e-01	2.375e-01	4.029e-01	3.399e-01	2.595e-01	3.789e-01	3.125e-01	1.956e-01	3.750e-01
3.730e+04	1.442e-01	2.890e-02	2.500e-01	6.379e-02	5.946e-02	1.531e-01	3.105e-01	2.375e-01	4.029e-01	3.399e-01	2.595e-01	3.789e-01	3.125e-01	1.956e-01	3.750e-01
3.740e+04	1.442e-01	2.890e-02	2.500e-01	6.379e-02	5.946e-02	1.531e-01	3.105e-01	2.375e-01	4.029e-01	3.399e-01	2.595e-01	3.771e-01	3.125e-01	1.956e-01	3.750e-01
3.750e+04	1.442e-01	2.890e-02	2.500e-01	6.379e-02	5.946e-02	1.531e-01	3.105e-01	2.375e-01	4.029e-01	3.399e-01	2.595e-01	3.771e-01	3.125e-01	1.956e-01	3.750e-01
3.760e+04	1.424e-01	2.624e-02	2.500e-01	6.379e-02	5.946e-02	1.531e-01	3.105e-01	2.375e-01	4.029e-01	3.399e-01	2.595e-01	3.789e-01	3.125e-01	1.956e-01	3.750e-01
3.770e+04	1.424e-01	2.624e-02	2.500e-01	6.379e-02	5.946e-02	1.531e-01	3.105e-01	2.375e-01	4.029e-01	3.399e-01	2.595e-01	3.789e-01	3.125e-01	1.956e-01	3.750e-01
3.780e+04	1.424e-01	2.624e-02	2.500e-01	6.379e-02	5.946e-02	1.531e-01	3.105e-01	2.375e-01	4.029e-01	3.399e-01	2.595e-01	3.789e-01	3.125e-01	1.956e-01	3.750e-01
3.790e+04	1.424e-01	2.624e-02	2.500e-01	6.608e-02	5.949e-02	1.531e-01	3.105e-01	2.375e-01	4.029e-01	3.399e-01	2.595e-01	3.789e-01	3.125e-01	1.956e-01	3.750e-01
3.800e+04	1.424e-01	2.624e-02	2.500e-01	6.608e-02	5.949e-02	1.531e-01	3.105e-01	2.375e-01	4.029e-01	3.399e-01	2.595e-01	3.789e-01	3.125e-01	1.956e-01	3.750e-01
3.810e+04	1.424e-01	2.624e-02	2.500e-01	6.608e-02	5.949e-02	1.531e-01	3.105e-01	2.375e-01	4.029e-01	3.399e-01	2.595e-01	3.789e-01	3.125e-01	1.956e-01	3.750e-01
3.820e+04	1.424e-01	2.624e-02	2.500e-01	6.608e-02	5.949e-02	1.531e-01	3.105e-01	2.375e-01	4.029e-01	3.399e-01	2.595e-01	3.789e-01	3.125e-01	1.956e-01	3.750e-01
3.830e+04	1.424e-01	2.624e-02	2.500e-01	6.608e-02	5.949e-02	1.531e-01	3.105e-01	2.375e-01	4.029e-01	3.399e-01	2.595e-01	3.789e-01	3.125e-01	1.956e-01	3.750e-01
3.840e+04	1.415e-01	2.624e-02	2.500e-01	6.608e-02	5.949e-02	1.531e-01	3.105e-01	2.375e-01	4.029e-01	3.399e-01	2.595e-01	3.789e-01	3.125e-01	1.956e-01	3.750e-01
3.850e+04	1.415e-01	2.624e-02	2.500e-01	6.608e-02	5.949e-02	1.531e-01	3.105e-01	2.375e-01	4.029e-01	3.399e-01	2.595e-01	3.789e-01	3.125e-01	1.956e-01	3.750e-01
3.860e+04	1.415e-01	2.624e-02	2.500e-01	6.608e-02	5.949e-02	1.531e-01	3.105e-01	2.375e-01	4.029e-01	3.399e-01	2.595e-01	3.789e-01	3.125e-01	1.956e-01	3.750e-01
3.870e+04	1.415e-01	2.624e-02	2.500e-01	6.608e-02	5.949e-02	1.531e-01	3.105e-01	2.375e-01	4.029e-01	3.399e-01	2.595e-01	3.789e-01	3.125e-01	1.956e-01	3.750e-01
3.880e+04	1.415e-01	2.624e-02	2.500e-01	6.608e-02	5.949e-02	1.531e-01	3.105e-01	2.375e-01	4.029e-01	3.399e-01	2.595e-01	3.771e-01	3.125e-01	1.956e-01	3.750e-01
3.890e+04	1.415e-01	2.624e-02	2.500e-01	6.608e-02	5.949e-02	1.531e-01	3.105e-01	2.375e-01	4.029e-01	3.399e-01	2.595e-01	3.771e-01	3.125e-01	1.956e-01	3.750e-01
3.900e+04	1.415e-01	2.624e-02	2.500e-01	6.608e-02	5.949e-02	1.531e-01	3.105e-01	2.375e-01	4.029e-01	3.399e-01	2.595e-01	3.771e-01	3.125e-01	1.956e-01	3.750e-01
3.910e+04	1.415e-01	2.624e-02	2.500e-01	6.608e-02	5.949e-02	1.531e-01	3.105e-01	2.375e-01	4.029e-01	3.399e-01	2.595e-01	3.771e-01	3.125e-01	1.956e-01	3.750e-01
3.920e+04	1.415e-01	2.624e-02	2.500e-01	6.608e-02	5.949e-02	1.531e-01	3.105e-01	2.375e-01	4.029e-01	3.399e-01	2.595e-01	3.771e-01	3.125e-01	1.956e-01	3.750e-01
3.930e+04	1.415e-01	2.624e-02	2.500e-01	6.608e-02	5.949e-02	1.531e-01	3.105e-01	2.375e-01	4.029e-01	3.399e-01	2.595e-01	3.771e-01	3.125e-01	1.956e-01	3.750e-01
3.940e+04	1.415e-01	2.624e-02	2.500e-01	6.608e-02	5.949e-02	1.531e-01	3.105e-01	2.375e-01	4.029e-01	3.399e-01	2.595e-01	3.771e-01	3.125e-01	1.956e-01	3.750e-01
3.950e+04	1.415e-01	2.624e-02	2.500e-01	6.608e-02	5.949e-02	1.531e-01	3.105e-01	2.375e-01	4.029e-01	3.399e-01	2.595e-01	3.771e-01	3.125e-01	1.956e-01	3.750e-01
3.960e+04	1.415e-01	2.624e-02	2.500e-01	6.608e-02	5.949e-02	1.531e-01	3.105e-01	2.375e-01	4.029e-01	3.284e-01	2.524e-01	3.737e-01	3.125e-01	1.956e-01	3.750e-01
3.970e+04	1.415e-01	2.624e-02	2.500e-01	6.608e-02	5.949e-02	1.531e-01	3.105e-01	2.375e-01	4.029e-01	3.107e-01	2.524e-01	3.737e-01	3.125e-01	1.956e-01	3.750e-01
3.980e+04	1.415e-01	2.624e-02	2.500e-01	6.608e-02	5.949e-02	1.508e-01	3.105e-01	2.375e-01	4.029e-01	3.107e-01	2.524e-01	3.737e-01	3.125e-01	1.956e-01	3.750e-01
3.990e+04	1.415e-01	2.624e-02	2.500e-01	6.608e-02	5.949e-02	1.508e-01	3.105e-01	2.375e-01	4.029e-01	3.107e-01	2.524e-01	3.737e-01	3.125e-01	1.956e-01	3.750e-01
4.000e+04	1.415e-01	2.624e-02	2.500e-01	6.608e-02	5.949e-02	1.508e-01	3.105e-01	2.375e-01	4.029e-01	3.107e-01	2.524e-01	3.737e-01	3.125e-01	1.956e-01	3.750e-01
4.010e+04	1.415e-01	2.624e-02	2.500e-01	6.608e-02	5.949e-02	1.508e-01	3.105e-01	2.375e-01	4.029e-01	3.107e-01	2.524e-01	3.737e-01	3.125e-01	1.956e-01	3.750e-01
4.020e+04	1.415e-01	2.624e-02	2.500e-01	6.608e-02	5.949e-02	1.508e-01	3.105e-01	2.375e-01	4.029e-01	3.107e-01	2.524e-01	3.771e-01	3.125e-01	1.956e-01	3.750e-01
4.030e+04	1.415e-01	2.624e-02	2.500e-01	6.608e-02	5.949e-02	1.508e-01	3.105e-01	2.375e-01	4.029e-01	3.107e-01	2.524e-01	3.771e-01	3.125e-01	1.956e-01	3.750e-01
4.040e+04	1.415e-01	2.624e-02	2.500e-01	6.608e-02	5.949e-02	1.508e-01	3.105e-01	2.375e-01	4.029e-01	3.107e-01	2.595e-01	3.771e-01	3.125e-01	1.956e-01	3.750e-01
4.050e+04	1.415e-01	2.624e-02	2.500e-01	6.608e-02	5.949e-02	1.508e-01	3.105e-01	2.375e-01	4.029e-01	3.107e-01	2.595e-01	3.771e-01	3.125e-01	1.956e-01	3.750e-01
4.060e+04	1.415e-01	2.624e-02	2.500e-01	6.608e-02	5.949e-02	1.508e-01	3.105e-01	2.375e-01	4.029e-01	3.107e-01	2.595e-01	3.771e-01	3.125e-01	1.956e-01	3.750e-01
4.070e+04	1.415e-01	2.624e-02	2.500e-01	6.608e-02	5.949e-02	1.508e-01	3.105e-01	2.375e-01	4.029e-01	3.107e-01	2.595e-01	3.771e-01	3.125e-01	1.956e-01	3.750e-01
4.080e+04	1.415e-01	2.624e-02	2.500e-01	6.608e-02	5.949e-02	1.508e-01	3.105e-01	2.375e-01	4.029e-01	3.107e-01	2.595e-01	3.771e-01	3.125e-01	1.956e-01	3.750e-01
4.090e+04	1.415e-01	2.624e-02	2.500e-01	6.379e-02	5.946e-02	1.508e-01	3.105e-01	2.375e-01	4.029e-01	3.107e-01	2.595e-01	3.771e-01	3.125e-01	1.956e-01	3.750e-01
4.100e+04	1.415e-01	2.624e-02	2.500e-01	6.379e-02	5.946e-02	1.508e-01	3.105e-01	2.375e-01	4.029e-01	3.107e-01	2.595e-01	3.771e-01	3.125e-01	1.956e-01	3.750e-01
4.110e+04	1.424e-01	2.624e-02	2.500e-01	6.379e-02	5.946e-02	1.508e-01	3.105e-01	2.375e-01	4.029e-01	3.107e-01	2.595e-01	3.771e-01	3.125e-01	1.956e-01	3.750e-01
4.120e+04	1.424e-01	2.624e-02	2.500e-01	6.379e-02	5.946e-02	1.508e-01	3.105e-01	2.375e-01	4.029e-01	3.107e-01	2.595e-01	3.771e-01	3.125e-01	1.956e-01	3.750e-01
4.130e+04	1.424e-01	2.624e-02	2.500e-01	6.379e-02	5.946e-02	1.508e-01	3.105e-01	2.375e-01	4.029e-01	3.107e-01	2.595e-01	3.771e-01	3.125e-01	1.956e-01	3.750e-01
4.140e+04	1.424e-01	2.624e-02	2.500e-01	6.379e-02	5.946e-02	1.508e-01	3.105e-01	2.375e-01	4.029e-01	3.107e-01	2.595e-01	3.771e-01	3.125e-01	1.956e-01	3.750e-01
4.150e+04	1.424e-01	2.624e-02	2.500e-01	6.379e-02	5.946e-02	1.508e-01	3.105e-01	2.375e-01	4.029e-01	3.107e-01	2.595e-01	3.771e-01	3.125e-01	1.956e-01	3.750e-01
4.160e+04	1.415e-01	2.624e-02	2.500e-01	6.379e-02	5.946e-02	1.508e-01	3.105e-01	2.375e-01	4.029e-01	3.107e-01	2.595e-01	3.771e-01	3.125e-01	1.956e-01	3.750e-01
4.170e+04	1.415e-01	2.624e-02	2.500e-01	6.379e-02	5.946e-02	1.508e-01	3.105e-01	2.375e-01	4.029e-01	3.107e-01	2.595e-01	3.771e-01	3.125e-01	1.460e-01	3.750e-01
4.180e+04	1.415e-01	2.624e-02	2.500e-01	6.379e-02	5.946e-02	1.508e-01	3.105e-01	2.375e-01	4.029e-01	3.107e-01	2.595e-01	3.771e-01	3.125e-01	1.460e-01	3.750e-01
4.190e+04	1.415e-01	2.624e-02	2.500e-01	6.379e-02	5.946e-02	1.508e-01	3.105e-01	2.375e-01	4.029e-01	3.107e-01	2.595e-01	3.771e-01	3.125e-01	1.460e-01	3.750e-01
4.200e+04	1.415e-01	2.624e-02	2.500e-01	6.379e-02	5.946e-02	1.508e-01	3.105e-01	2.375e-01	4.029e-01	3.107e-01	2.595e-01	3.771e-01	3.125e-01	1.460e-01	3.750e-01
4.210e+04	1.415e-01	2.624e-02	2.500e-01	6.379e-02	5.946e-02	1.508e-01	3.105e-01	2.375e-01	4.029e-01	3.107e-01	2.595e-01	3.771e-01	3.125e-01	1.847e-01	3.750e-01
4.220e+04	1.415e-01	2.624e-02	2.500e-01	6.379e-02	5.946e-02	1.508e-01	3.105e-01	2.404e-01	4.029e-01	3.107e-01	2.595e-01	3.771e-01	3.125e-01	1.847e-01	3.750e-01
4.230e+04	1.415e-01	2.624e-02	2.500e-01	6.379e-02	5.946e-02	1.508e-01	3.105e-01	2.404e-01	4.029e-01	3.107e-01	2.595e-01	3.771e-01	3.125e-01	1.847e-01	3.750e-01
4.240e+04	1.415e-01	2.624e-02	2.500e-01	6.379e-02	5.946e-02	1.508e-01	3.105e-01	2.404e-01	4.029e-01	3.107e-01	2.595e-01	3.771e-01	3.125e-01	1.847e-01	3.750e-01
4.250e+04	1.415e-01	2.624e-02	2.500e-01	6.379e-02	5.946e-02	1.508e-01	3.105e-01	2.404e-01	4.029e-01	3.107e-01	2.595e-01	3.771e-01	3.125e-01	1.847e-01	3.750e-01
4.260e+04	1.386e-01	2.624e-02	2.500e-01	6.379e-02	5.946e-02	1.508e-01	3.105e-01	2.404e-01	4.029e-01	3.107e-01	2.595e-01	3.771e-01	3.125e-01	1.847e-01	3.750e-01
4.270e+04	1.386e-01	2.624e-02	2.500e-01	6.379e-02	5.946e-02	1.508e-01	3.105e-01	2.404e-01	4.029e-01	3.107e-01	2.595e-01	3.771e-01	3.125e-01	1.847e-01	3.750e-01
4.280e+04	1.386e-01	2.624e-02	2.500e-01	6.379e-02	5.946e-02	1.508e-01	3.105e-01	2.404e-01	4.029e-01	3.107e-01	2.595e-01	3.771e-01	3.125e-01	1.386e-01	3.750e-01
4.290e+04	1.386e-01	2.624e-02	2.500e-01	6.379e-02	5.946e-02	1.508e-01	3.105e-01	2.404e-01	4.029e-01	3.107e-01	2.595e-01	3.771e-01	3.125e-01	1.386e-01	3.750e-01
4.300e+04	1.386e-01	2.624e-02	2.500e-01	6.379e-02	5.946e-02	1.508e-01	3.105e-01	2.404e-01	4.029e-01	3.107e-01	2.595e-01	3.771e-01	3.125e-01	1.386e-01	3.750e-01
4.310e+04	1.386e-01	2.624e-02	2.500e-01	6.379e-02	5.946e-02	1.508e-01	3.105e-01	2.404e-01	4.029e-01	3.107e-01	2.595e-01	3.771e-01	3.125e-01	1.386e-01	3.750e-01
4.320e+04	1.386e-01	2.624e-02	2.500e-01	6.379e-02	5.946e-02	1.508e-01	3.105e-01	2.404e-01	4.029e-01	3.107e-01	2.595e-01	3.771e-01	3.125e-01	1.386e-01	3.750e-01
4.330e+04	1.386e-01	2.624e-02	2.500e-01	6.608e-02	5.949e-02	1.508e-01	3.105e-01	2.404e-01	4.029e-01	3.107e-01	2.595e-01	3.771e-01	3.125e-01	1.386e-01	3.750e-01
4.340e+04	1.386e-01	2.624e-02	2.500e-01	6.608e-02	5.949e-02	1.508e-01	3.105e-01	2.404e-01	4.029e-01	3.107e-01	2.595e-01	3.771e-01	3.125e-01	1.386e-01	3.750e-01
4.350e+04	1.386e-01	2.624e-02	2.500e-01	6.608e-02	5.949e-02	1.508e-01	3.105e-01	2.404e-01	4.029e-01	3.107e-01	2.595e-01	3.771e-01	3.125e-01	1.386e-01	3.750e-01
4.360e+04	1.386e-01	2.624e-02	2.500e-01	6.608e-02	5.949e-02	1.508e-01	3.105e-01	2.404e-01	4.029e-01	3.370e-01	2.595e-01	4.114e-01	3.125e-01	1.386e-01	3.750e-01
4.370e+04	1.386e-01	2.624e-02	2.500e-01	6.608e-02	5.949e-02	1.508e-01	3.105e-01	2.404e-01	4.029e-01	3.370e-01	2.595e-01	4.114e-01	3.125e-01	1.386e-01	3.750e-01
4.380e+04	1.386e-01	2.624e-02	2.500e-01	6.608e-02	5.949e-02	1.508e-01	3.105e-01	2.404e-01	4.224e-01	3.370e-01	2.595e-01	4.114e-01	3.125e-01	1.386e-01	3.750e-01
4.390e+04	1.386e-01	2.624e-02	2.500e-01	8.084e-02	5.974e-02	2.460e-01	3.105e-01	2.404e-01	4.224e-01	3.370e-01	2.595e-01	4.114e-01	3.125e-01	1.386e-01	3.750e-01
4.400e+04	1.386e-01	2.624e-02	2.500e-01	8.084e-02	5.974e-02	2.460e-01	3.105e-01	2.404e-01	4.224e-01	3.370e-01	2.595e-01	4.114e-01	3.125e-01	1.386e-01	3.750e-01
4.410e+04	1.386e-01	2.624e-02	2.500e-01	8.084e-02	5.974e-02	2.460e-01	3.105e-01	2.404e-01	4.224e-01	3.370e-01	2.595e-01	4.114e-01	3.125e-01	1.386e-01	3.750e-01
4.420e+04	1.386e-01	2.624e-02	2.500e-01	8.084e-02	5.974e-02	2.460e-01	3.105e-01	2.404e-01	4.224e-01	3.370e-01	2.595e-01	4.114e-01	3.125e-01	1.386e-01	3.750e-01
4.430e+04	1.386e-01	2.624e-02	2.500e-01	8.084e-02	5.974e-02	2.182e-01	3.105e-01	2.404e-01	4.224e-01	3.370e-01	2.595e-01	4.114e-01	3.125e-01	1.386e-01	3.750e-01
4.440e+04	1.386e-01	2.624e-02	2.500e-01	8.084e-02	5.974e-02	2.182e-01	3.105e-01	2.404e-01	4.224e-01	3.370e-01	2.595e-01	4.114e-01	3.125e-01	1.386e-01	3.750e-01
4.450e+04	1.386e-01	2.624e-02	2.500e-01	8.084e-02	5.974e-02	2.182e-01	3.105e-01	2.404e-01	4.224e-01	3.370e-01	2.595e-01	4.114e-01	2.502e-01	7.684e-02	3.750e-01
4.460e+04	1.386e-01	2.624e-02	2.500e-01	8.084e-02	5.974e-02	2.182e-01	3.105e-01	2.404e-01	4.224e-01	3.370e-01	2.595e-01	4.114e-01	2.502e-01	7.684e-02	3.750e-01
4.470e+04	1.386e-01	2.624e-02	2.500e-01	8.084e-02	5.974e-02	2.182e-01	3.105e-01	2.404e-01	4.224e-01	3.370e-01	2.595e-01	4.114e-01	2.502e-01	7.684e-02	3.750e-01
4.480e+04	1.386e-01	2.624e-02	2.500e-01	8.084e-02	5.974e-02	2.182e-01	3.105e-01	2.404e-01	4.224e-01	3.370e-01	2.595e-01	4.114e-01	2.502e-01	7.684e-02	3.750e-01
4.490e+04	1.386e-01	2.624e-02	2.500e-01	1.263e-01	6.024e-02	2.182e-01	3.105e-01	2.404e-01	4.224e-01	3.370e-01	2.595e-01	4.114e-01	2.502e-01	7.684e-02	3.750e-01
4.500e+04	1.386e-01	2.624e-02	2.500e-01	1.263e-01	6.024e-02	2.182e-01	3.105e-01	2.404e-01	4.224e-01	3.370e-01	2.595e-01	4.114e-01	2.502e-01	7.684e-02	3.750e-01
4.510e+04	1.386e-01	2.624e-02	2.500e-01	1.263e-01	6.024e-02	2.182e-01	3.105e-01	2.404e-01	4.224e-01	3.370e-01	2.595e-01	4.114e-01	2.502e-01	7.684e-02	3.750e-01
4.520e+04	1.386e-01	2.624e-02	2.500e-01	1.283e-01	6.024e-02	2.460e-01	3.105e-01	2.404e-01	4.224e-01	3.370e-01	2.595e-01	4.114e-01	2.502e-01	7.684e-02	3.750e-01
4.530e+04	1.386e-01	2.624e-02	2.500e-01	1.283e-01	6.024e-02	4.027e-01	3.105e-01	2.404e-01	4.224e-01	3.370e-01	2.595e-01	4.114e-01	2.502e-01	7.684e-02	3.750e-01
4.540e+04	1.386e-01	2.624e-02	2.500e-01	1.283e-01	6.024e-02	4.027e-01	3.105e-01	2.404e-01	4.224e-01	3.370e-01	2.595e-01	4.114e-01	2.502e-01	7.684e-02	3.750e-01
4.550e+04	1.386e-01	2.624e-02	2.500e-01	1.283e-01	6.024e-02	4.027e-01	3.105e-01	2.404e-01	4.224e-01	3.370e-01	2.595e-01	4.114e-01	2.502e-01	7.684e-02	3.750e-01
4.560e+04	1.386e-01	2.624e-02	2.500e-01	1.283e-01	6.024e-02	4.027e-01	3.105e-01	2.404e-01	4.224e-01	3.370e-01	2.595e-01	4.114e-01	2.502e-01	7.684e-02	3.750e-01
4.570e+04	1.386e-01	2.624e-02	2.500e-01	1.283e-01	6.024e-02	4.027e-01	3.229e-01	2.404e-01	4.224e-01	3.370e-01	2.595e-01	4.114e-01	2.500e-01	7.684e-02	3.749e-01
4.580e+04	1.403e-01	2.624e-02	2.500e-01	1.283e-01	6.024e-02	4.027e-01	3.229e-01	2.404e-01	4.224e-01	3.370e-01	2.595e-01	4.114e-01	2.500e-01	7.684e-02	3.749e-01
4.590e+04	1.386e-01	2.007e-02	2.500e-01	1.283e-01	6.024e-02	4.027e-01	3.229e-01	2.404e-01	4.224e-01	3.370e-01	2.595e-01	4.114e-01	2.500e-01	7.684e-02	3.749e-01
4.600e+04	1.386e-01	2.007e-02	2.500e-01	1.283e-01	6.024e-02	4.027e-01	3.229e-01	2.404e-01	4.224e-01	3.370e-01	2.595e-01	4.114e-01	2.500e-01	7.684e-02	3.749e-01
4.610e+04	1.386e-01	2.007e-02	2.500e-01	1.283e-01	6.024e-02	4.027e-01	3.229e-01	2.404e-01	4.224e-01	3.370e-01	2.595e-01	4.114e-01	2.500e-01	7.684e-02	3.749e-01
4.620e+04	1.386e-01	2.007e-02	2.500e-01	1.283e-01	6.067e-02	4.027e-01	3.229e-01	2.404e-01	4.224e-01	3.370e-01	2.595e-01	4.114e-01	2.500e-01	7.684e-02	3.749e-01
4.630e+04	1.386e-01	2.007e-02	2.500e-01	1.283e-01	6.067e-02	4.027e-01	3.229e-01	2.404e-01	4.224e-01	3.370e-01	2.595e-01	4.114e-01	2.500e-01	7.684e-02	3.749e-01
4.640e+04	1.386e-01	2.007e-02	2.500e-01	1.283e-01	6.067e-02	4.027e-01	3.229e-01	2.404e-01	4.224e-01	3.370e-01	2.595e-01	4.114e-01	2.500e-01	7.684e-02	3.749e-01
4.650e+04	1.386e-01	2.007e-02	2.500e-01	1.283e-01	6.067e-02	4.027e-01	3.229e-01	2.404e-01	4.224e-01	3.399e-01	2.678e-01	4.181e-01	2.500e-01	7.684e-02	3.749e-01
4.660e+04	1.386e-01	2.007e-02	2.500e-01	1.283e-01	6.067e-02	4.027e-01	3.229e-01	2.404e-01	4.224e-01	3.399e-01	2.678e-01	4.181e-01	2.500e-01	7.684e-02	3.749e-01
4.670e+04	1.386e-01	2.007e-02	2.500e-01	1.283e-01	6.067e-02	4.027e-01	3.229e-01	2.404e-01	4.224e-01	3.370e-01	2.678e-01	4.114e-01	2.500e-01	7.684e-02	3.749e-01
4.680e+04	1.386e-01	2.007e-02	2.500e-01	1.283e-01	6.067e-02	3.506e-01	3.229e-01	2.404e-01	4.224e-01	3.370e-01	2.678e-01	4.114e-01	2.500e-01	7.684e-02	3.749e-01
4.690e+04	1.386e-01	2.007e-02	2.500e-01	1.283e-01	6.067e-02	3.506e-01	3.229e-01	2.404e-01	4.224e-01	3.370e-01	2.678e-01	4.114e-01	2.500e-01	7.684e-02	3.749e-01
4.700e+04	1.386e-01	2.007e-02	2.500e-01	1.283e-01	6.067e-02	3.506e-01	3.229e-01	2.404e-01	4.224e-01	3.370e-01	2.678e-01	4.114e-01	2.500e-01	7.684e-02	3.749e-01
4.710e+04	1.386e-01	2.007e-02	2.500e-01	1.283e-01	6.067e-02	3.506e-01	3.229e-01	2.404e-01	4.224e-01	3.370e-01	2.678e-01	4.114e-01	2.500e-01	7.684e-02	3.749e-01
4.720e+04	1.386e-01	2.007e-02	2.500e-01	1.283e-01	6.067e-02	3.506e-01	3.229e-01	2.404e-01	4.224e-01	3.370e-01	2.678e-01	4.114e-01	2.500e-01	7.684e-02	3.749e-01
4.730e+04	1.386e-01	2.007e-02	2.500e-01	1.283e-01	6.067e-02	3.506e-01	3.229e-01	2.404e-01	4.224e-01	3.370e-01	2.678e-01	4.114e-01	2.500e-01	7.684e-02	3.749e-01
4.740e+04	1.386e-01	2.007e-02	2.500e-01	1.283e-01	6.067e-02	3.506e-01	3.229e-01	2.404e-01	4.224e-01	3.370e-01	2.678e-01	4.114e-01	2.500e-01	7.684e-02	3.749e-01
4.750e+04	1.403e-01	2.624e-02	2.500e-01	1.283e-01	6.067e-02	3.506e-01	3.229e-01	2.404e-01	4.224e-01	3.370e-01	2.678e-01	4.114e-01	2.500e-01	7.684e-02	3.749e-01
4.760e+04	1.403e-01	2.624e-02	2.500e-01	1.283e-01	6.067e-02	3.506e-01	3.229e-01	2.404e-01	4.224e-01	3.370e-01	2.678e-01	4.114e-01	2.500e-01	7.684e-02	3.749e-01
4.770e+04	1.403e-01	2.499e-02	2.500e-01	1.283e-01	6.067e-02	3.506e-01	3.229e-01	2.404e-01	4.224e-01	3.370e-01	2.678e-01	4.114e-01	2.500e-01	7.684e-02	3.749e-01
4.780e+04	1.403e-01	2.499e-02	2.500e-01	1.283e-01	6.067e-02	3.506e-01	3.229e-01	2.404e-01	4.224e-01	3.370e-01	2.678e-01	4.114e-01	2.500e-01	7.684e-02	3.749e-01
4.790e+04	1.403e-01	2.499e-02	2.500e-01	1.283e-01	6.067e-02	3.506e-01	3.229e-01	2.404e-01	4.224e-01	3.370e-01	2.678e-01	4.114e-01	2.500e-01	7.684e-02	3.749e-01
4.800e+04	1.403e-01	2.499e-02	2.500e-01	1.283e-01	6.067e-02	3.506e-01	3.229e-01	2.404e-01	4.224e-01	3.370e-01	2.678e-01	4.114e-01	2.500e-01	7.684e-02	3.749e-01
4.810e+04	1.403e-01	2.499e-02	2.500e-01	1.283e-01	6.067e-02	3.506e-01	3.229e-01	2.404e-01	4.224e-01	3.370e-01	2.678e-01	4.114e-01	2.500e-01	7.684e-02	3.749e-01
4.820e+04	1.403e-01	2.499e-02	2.500e-01	1.283e-01	6.067e-02	3.506e-01	3.229e-01	2.404e-01	4.224e-01	3.370e-01	2.678e-01	4.114e-01	2.500e-01	7.684e-02	3.749e-01
4.830e+04	1.403e-01	2.499e-02	2.500e-01	1.283e-01	6.067e-02	3.506e-01	3.229e-01	2.404e-01	4.224e-01	3.370e-01	2.678e-01	4.114e-01	2.500e-01	7.684e-02	3.749e-01
4.840e+04	1.403e-01	2.499e-02	2.500e-01	8.084e-02	6.024e-02	3.506e-01	3.229e-01	2.404e-01	4.224e-01	3.370e-01	2.678e-01	4.114e-01	2.500e-01	7.684e-02	3.749e-01
4.850e+04	1.403e-01	2.499e-02	2.500e-01	8.084e-02	6.024e-02	3.506e-01	3.229e-01	2.404e-01	4.224e-01	3.370e-01	2.678e-01	4.114e-01	2.500e-01	7.684e-02	3.749e-01
4.860e+04	1.403e-01	2.499e-02	2.500e-01	8.084e-02	6.024e-02	3.506e-01	3.229e-01	2.404e-01	4.224e-01	3.370e-01	2.678e-01	4.114e-01	2.500e-01	7.684e-02	3.749e-01
4.870e+04	1.403e-01	2.499e-02	2.500e-01	8.084e-02	6.024e-02	3.506e-01	3.229e-01	2.404e-01	4.224e-01	3.370e-01	2.678e-01	4.114e-01	2.500e-01	7.684e-02	3.749e-01
4.880e+04	1.403e-01	2.499e-02	2.500e-01	8.084e-02	6.024e-02	3.506e-01	3.229e-01	2.404e-01	4.224e-01	3.370e-01	2.678e-01	4.114e-01	2.500e-01	7.684e-02	3.749e-01
4.890e+04	1.403e-01	2.499e-02	2.500e-01	8.084e-02	6.024e-02	3.506e-01	3.229e-01	2.404e-01	4.224e-01	3.370e-01	2.678e-01	4.114e-01	2.500e-01	7.684e-02	3.749e-01
4.900e+04	1.403e-01	2.499e-02	2.500e-01	8.084e-02	6.024e-02	3.506e-01	3.229e-01	2.404e-01	4.224e-01	3.370e-01	2.678e-01	4.114e-01	2.500e-01	7.684e-02	3.749e-01
4.910e+04	1.403e-01	2.499e-02	2.500e-01	8.084e-02	6.024e-02	3.506e-01	3.229e-01	2.404e-01	4.224e-01	3.370e-01	2.678e-01	4.114e-01	2.500e-01	7.684e-02	3.749e-01
4.920e+04	1.403e-01	2.499e-02	2.500e-01	8.084e-02	6.024e-02	3.506e-01	3.229e-01	2.404e-01	4.224e-01	3.370e-01	2.678e-01	4.114e-01	2.500e-01	7.684e-02	3.749e-01
4.930e+04	1.403e-01	2.499e-02	2.500e-01	8.084e-02	6.024e-02	3.506e-01	3.229e-01	2.404e-01	4.224e-01	3.370e-01	2.678e-01	4.114e-01	2.500e-01	7.684e-02	3.749e-01
4.940e+04	1.403e-01	2.499e-02	2.500e-01	8.084e-02	6.024e-02	3.506e-01	3.229e-01	2.404e-01	4.224e-01	3.370e-01	2.754e-01	4.114e-01	2.500e-01	7.684e-02	3.749e-01
4.950e+04	1.403e-01	2.499e-02	2.500e-01	8.084e-02	6.024e-02	3.506e-01	3.229e-01	2.404e-01	4.224e-01	3.370e-01	2.754e-01	4.114e-01	2.500e-01	7.684e-02	3.749e-01
4.960e+04	1.403e-01	2.499e-02	2.500e-01	8.084e-02	6.024e-02	3.506e-01	3.229e-01	2.404e-01	4.224e-01	3.370e-01	2.754e-01	4.114e-01	2.500e-01	7.684e-02	3.749e-01
4.970e+04	1.403e-01	2.499e-02	2.500e-01	8.084e-02	6.024e-02	3.506e-01	3.229e-01	2.404e-01	4.224e-01	3.370e-01	2.754e-01	4.114e-01	2.500e-01	7.684e-02	3.749e-01
4.980e+04	1.403e-01	2.499e-02	2.500e-01	8.084e-02	6.024e-02	3.506e-01	3.229e-01	2.404e-01	4.224e-01	3.370e-01	2.754e-01	4.114e-01	2.500e-01	7.684e-02	3.749e-01
4.990e+04	1.403e-01	2.499e-02	2.500e-01	8.084e-02	6.024e-02	3.506e-01	3.229e-01	2.404e-01	4.224e-01	3.370e-01	2.754e-01	4.114e-01	2.500e-01	7.684e-02	3.749e-01
5.000e+04	1.403e-01	2.499e-02	2.500e-01	8.084e-02	6.024e-02	3.506e-01	3.229e-01	2.404e-01	4.224e-01	3.370e-01	2.754e-01	4.114e-01	2.500e-01	7.684e-02	3.749e-01
