n.evals.q.1.0.	parity._.me.hebbian.network.best.quality.inconsistency	parity._.me.hebbian.network.best.quality.inconsistency.min	parity._.me.hebbian.network.best.quality.inconsistency.max	parity._.me.hebbian.layer.best.quality.inconsistency	parity._.me.hebbian.layer.best.quality.inconsistency.min	parity._.me.hebbian.layer.best.quality.inconsistency.max	parity._.me.hebbian.neuron.best.quality.inconsistency	parity._.me.hebbian.neuron.best.quality.inconsistency.min	parity._.me.hebbian.neuron.best.quality.inconsistency.max	parity._.me.hebbian.synapse.best.quality.inconsistency	parity._.me.hebbian.synapse.best.quality.inconsistency.min	parity._.me.hebbian.synapse.best.quality.inconsistency.max	parity._.me.freeForm.best.quality.inconsistency	parity._.me.freeForm.best.quality.inconsistency.min	parity._.me.freeForm.best.quality.inconsistency.max
1.000e+02	9.626e-01	9.002e-01	9.626e-01	8.002e-01	6.625e-01	8.887e-01	6.659e-01	4.725e-01	7.496e-01	9.229e-01	8.812e-01	9.378e-01	9.451e-01	8.888e-01	9.626e-01
2.000e+02	9.608e-01	6.963e-01	9.626e-01	6.941e-01	4.777e-01	8.187e-01	5.810e-01	3.861e-01	6.614e-01	9.003e-01	8.651e-01	9.330e-01	8.906e-01	8.793e-01	9.451e-01
3.000e+02	9.608e-01	6.963e-01	9.626e-01	6.625e-01	4.102e-01	8.002e-01	4.733e-01	3.839e-01	6.428e-01	9.069e-01	8.651e-01	9.175e-01	8.888e-01	8.765e-01	8.992e-01
4.000e+02	9.608e-01	6.963e-01	9.626e-01	4.777e-01	2.623e-01	8.002e-01	4.725e-01	3.954e-01	6.366e-01	8.850e-01	8.158e-01	9.060e-01	8.888e-01	8.658e-01	8.888e-01
5.000e+02	9.608e-01	6.963e-01	9.626e-01	4.585e-01	2.623e-01	7.152e-01	4.777e-01	3.906e-01	6.155e-01	8.777e-01	7.969e-01	9.008e-01	8.888e-01	8.651e-01	8.888e-01
6.000e+02	9.532e-01	6.468e-01	9.626e-01	3.797e-01	2.119e-01	5.457e-01	4.733e-01	3.511e-01	5.380e-01	8.564e-01	7.616e-01	8.850e-01	8.888e-01	8.648e-01	8.888e-01
7.000e+02	9.532e-01	6.468e-01	9.626e-01	3.986e-01	2.026e-01	5.598e-01	4.535e-01	3.055e-01	5.209e-01	8.547e-01	7.539e-01	8.796e-01	8.888e-01	8.541e-01	8.888e-01
8.000e+02	9.532e-01	6.468e-01	9.626e-01	3.986e-01	2.026e-01	5.598e-01	4.361e-01	3.052e-01	5.027e-01	8.357e-01	7.013e-01	8.776e-01	8.871e-01	8.541e-01	8.888e-01
9.000e+02	9.532e-01	6.468e-01	9.626e-01	3.797e-01	2.026e-01	5.598e-01	3.991e-01	3.413e-01	4.905e-01	7.969e-01	6.843e-01	8.660e-01	8.867e-01	8.524e-01	8.888e-01
1.000e+03	9.532e-01	6.468e-01	9.626e-01	3.575e-01	2.119e-01	5.598e-01	3.951e-01	3.310e-01	4.890e-01	7.812e-01	7.039e-01	8.547e-01	8.777e-01	8.392e-01	8.888e-01
1.100e+03	9.532e-01	6.468e-01	9.626e-01	3.797e-01	2.119e-01	5.598e-01	3.850e-01	2.938e-01	4.535e-01	8.243e-01	6.722e-01	8.547e-01	8.777e-01	8.268e-01	8.888e-01
1.200e+03	9.532e-01	6.468e-01	9.626e-01	3.575e-01	2.026e-01	5.598e-01	3.850e-01	2.938e-01	4.535e-01	8.243e-01	7.196e-01	8.547e-01	8.765e-01	8.268e-01	8.887e-01
1.300e+03	9.532e-01	6.468e-01	9.626e-01	3.575e-01	2.144e-01	5.598e-01	3.491e-01	2.782e-01	4.493e-01	8.243e-01	7.196e-01	8.406e-01	8.660e-01	8.268e-01	8.887e-01
1.400e+03	9.532e-01	6.468e-01	9.626e-01	3.575e-01	2.144e-01	5.598e-01	3.491e-01	2.782e-01	4.493e-01	8.040e-01	6.839e-01	8.265e-01	8.660e-01	8.268e-01	8.887e-01
1.500e+03	9.532e-01	6.468e-01	9.626e-01	2.936e-01	2.144e-01	5.598e-01	3.480e-01	2.644e-01	4.288e-01	7.935e-01	6.839e-01	8.378e-01	8.660e-01	8.268e-01	8.887e-01
1.600e+03	9.532e-01	6.468e-01	9.626e-01	2.936e-01	2.144e-01	5.598e-01	3.491e-01	2.607e-01	4.288e-01	7.847e-01	6.631e-01	8.378e-01	8.660e-01	8.259e-01	8.887e-01
1.700e+03	9.532e-01	6.468e-01	9.626e-01	2.936e-01	2.144e-01	5.598e-01	3.491e-01	2.607e-01	4.288e-01	7.581e-01	6.614e-01	8.264e-01	8.660e-01	8.259e-01	8.887e-01
1.800e+03	9.532e-01	6.468e-01	9.626e-01	2.936e-01	2.144e-01	5.598e-01	3.480e-01	2.507e-01	4.001e-01	7.581e-01	6.614e-01	8.264e-01	8.660e-01	8.259e-01	8.881e-01
1.900e+03	9.532e-01	6.468e-01	9.626e-01	3.575e-01	2.385e-01	5.598e-01	3.448e-01	2.507e-01	3.888e-01	7.258e-01	6.614e-01	7.957e-01	8.660e-01	8.259e-01	8.881e-01
2.000e+03	9.532e-01	6.468e-01	9.626e-01	3.575e-01	2.327e-01	5.598e-01	3.113e-01	2.502e-01	3.744e-01	7.523e-01	6.631e-01	8.050e-01	8.658e-01	8.237e-01	8.874e-01
2.100e+03	9.532e-01	6.912e-01	9.626e-01	3.575e-01	2.327e-01	5.598e-01	3.113e-01	2.502e-01	3.744e-01	7.385e-01	6.631e-01	8.050e-01	8.537e-01	8.122e-01	8.874e-01
2.200e+03	9.532e-01	6.912e-01	9.626e-01	3.575e-01	2.327e-01	5.457e-01	3.113e-01	2.502e-01	3.850e-01	7.562e-01	6.752e-01	8.050e-01	8.537e-01	8.021e-01	8.874e-01
2.300e+03	9.532e-01	6.912e-01	9.626e-01	2.936e-01	2.145e-01	5.457e-01	2.852e-01	2.484e-01	3.744e-01	7.445e-01	6.714e-01	7.957e-01	8.537e-01	8.021e-01	8.874e-01
2.400e+03	9.532e-01	6.912e-01	9.626e-01	2.936e-01	2.145e-01	5.457e-01	3.113e-01	2.460e-01	3.850e-01	7.445e-01	6.631e-01	7.957e-01	8.537e-01	8.021e-01	8.871e-01
2.500e+03	9.532e-01	6.912e-01	9.626e-01	2.936e-01	2.144e-01	5.184e-01	2.852e-01	2.460e-01	3.744e-01	7.234e-01	6.621e-01	7.957e-01	8.537e-01	8.021e-01	8.871e-01
2.600e+03	9.532e-01	6.912e-01	9.626e-01	2.936e-01	2.144e-01	5.457e-01	3.113e-01	2.288e-01	3.850e-01	7.234e-01	6.561e-01	7.957e-01	8.537e-01	8.090e-01	8.847e-01
2.700e+03	9.532e-01	6.912e-01	9.626e-01	2.936e-01	2.144e-01	5.457e-01	2.852e-01	2.288e-01	3.744e-01	7.113e-01	6.561e-01	7.957e-01	8.524e-01	8.085e-01	8.847e-01
2.800e+03	9.532e-01	6.912e-01	9.626e-01	2.936e-01	2.144e-01	5.457e-01	2.852e-01	2.254e-01	3.744e-01	7.113e-01	6.425e-01	7.957e-01	8.513e-01	8.085e-01	8.847e-01
2.900e+03	9.532e-01	6.912e-01	9.626e-01	2.936e-01	2.026e-01	4.882e-01	2.852e-01	2.254e-01	3.744e-01	7.113e-01	6.310e-01	7.957e-01	8.513e-01	8.085e-01	8.847e-01
3.000e+03	9.532e-01	6.912e-01	9.626e-01	2.936e-01	2.026e-01	4.882e-01	2.852e-01	2.254e-01	3.744e-01	7.069e-01	6.281e-01	7.942e-01	8.513e-01	8.085e-01	8.847e-01
3.100e+03	9.532e-01	6.912e-01	9.626e-01	2.936e-01	2.026e-01	4.882e-01	2.852e-01	2.254e-01	3.744e-01	6.839e-01	6.281e-01	7.942e-01	8.513e-01	8.085e-01	8.847e-01
3.200e+03	9.532e-01	6.912e-01	9.626e-01	2.936e-01	2.026e-01	5.457e-01	2.852e-01	2.254e-01	3.744e-01	6.839e-01	6.310e-01	7.942e-01	8.513e-01	8.085e-01	8.847e-01
3.300e+03	9.532e-01	6.912e-01	9.626e-01	2.936e-01	2.026e-01	5.457e-01	3.284e-01	2.484e-01	3.951e-01	6.823e-01	6.281e-01	7.942e-01	8.513e-01	8.085e-01	8.847e-01
3.400e+03	9.532e-01	6.912e-01	9.626e-01	2.936e-01	2.026e-01	5.457e-01	3.310e-01	2.484e-01	4.131e-01	6.748e-01	6.004e-01	7.942e-01	8.513e-01	8.085e-01	8.847e-01
3.500e+03	9.532e-01	6.912e-01	9.626e-01	2.936e-01	2.026e-01	4.882e-01	3.310e-01	2.254e-01	4.131e-01	6.823e-01	6.281e-01	7.562e-01	8.513e-01	8.021e-01	8.847e-01
3.600e+03	9.532e-01	6.912e-01	9.626e-01	2.936e-01	2.026e-01	4.882e-01	3.310e-01	2.254e-01	4.131e-01	6.823e-01	6.004e-01	7.648e-01	8.513e-01	8.085e-01	8.777e-01
3.700e+03	9.532e-01	6.912e-01	9.626e-01	2.936e-01	2.026e-01	4.882e-01	3.310e-01	2.244e-01	4.131e-01	6.823e-01	5.696e-01	7.648e-01	8.424e-01	8.021e-01	8.760e-01
3.800e+03	9.532e-01	6.912e-01	9.626e-01	2.936e-01	2.026e-01	4.882e-01	3.310e-01	2.244e-01	4.131e-01	6.748e-01	4.788e-01	7.648e-01	8.424e-01	8.021e-01	8.760e-01
3.900e+03	9.532e-01	6.912e-01	9.626e-01	2.936e-01	2.026e-01	4.882e-01	3.310e-01	2.244e-01	4.131e-01	6.740e-01	4.788e-01	7.635e-01	8.424e-01	8.021e-01	8.760e-01
4.000e+03	9.532e-01	6.912e-01	9.626e-01	2.936e-01	2.026e-01	4.882e-01	2.852e-01	2.160e-01	4.120e-01	6.740e-01	4.665e-01	7.635e-01	8.424e-01	8.021e-01	8.760e-01
4.100e+03	9.532e-01	6.912e-01	9.626e-01	2.817e-01	1.975e-01	4.530e-01	2.852e-01	2.160e-01	4.120e-01	6.722e-01	4.665e-01	7.635e-01	8.424e-01	8.021e-01	8.760e-01
4.200e+03	9.532e-01	6.912e-01	9.626e-01	2.817e-01	1.931e-01	4.118e-01	2.852e-01	2.160e-01	4.120e-01	6.722e-01	4.665e-01	7.635e-01	8.424e-01	8.021e-01	8.760e-01
4.300e+03	9.532e-01	6.912e-01	9.626e-01	2.817e-01	1.931e-01	4.118e-01	2.727e-01	2.037e-01	3.744e-01	6.722e-01	4.477e-01	7.635e-01	8.424e-01	8.021e-01	8.760e-01
4.400e+03	9.532e-01	6.912e-01	9.626e-01	2.817e-01	1.931e-01	4.118e-01	2.727e-01	2.037e-01	3.744e-01	6.722e-01	4.377e-01	7.635e-01	8.424e-01	8.021e-01	8.760e-01
4.500e+03	9.532e-01	6.912e-01	9.626e-01	2.753e-01	1.931e-01	4.118e-01	2.788e-01	2.160e-01	3.951e-01	6.722e-01	4.377e-01	7.635e-01	8.424e-01	8.021e-01	8.760e-01
4.600e+03	9.532e-01	6.912e-01	9.626e-01	2.753e-01	1.931e-01	4.530e-01	2.852e-01	2.235e-01	4.187e-01	6.722e-01	4.377e-01	7.635e-01	8.424e-01	8.021e-01	8.760e-01
4.700e+03	9.532e-01	6.912e-01	9.626e-01	2.753e-01	1.931e-01	4.530e-01	2.852e-01	2.235e-01	4.187e-01	6.722e-01	4.377e-01	7.635e-01	8.524e-01	8.100e-01	8.765e-01
4.800e+03	9.532e-01	6.912e-01	9.626e-01	2.793e-01	1.938e-01	4.530e-01	2.852e-01	2.235e-01	4.230e-01	6.722e-01	4.377e-01	7.376e-01	8.513e-01	8.100e-01	8.765e-01
4.900e+03	9.532e-01	6.912e-01	9.626e-01	2.793e-01	1.975e-01	4.530e-01	2.852e-01	2.235e-01	4.230e-01	6.632e-01	4.377e-01	7.635e-01	8.513e-01	8.100e-01	8.765e-01
5.000e+03	9.532e-01	6.912e-01	9.626e-01	2.753e-01	1.938e-01	4.530e-01	2.788e-01	2.160e-01	4.187e-01	6.632e-01	4.377e-01	7.635e-01	8.513e-01	8.100e-01	8.765e-01
5.100e+03	9.532e-01	6.912e-01	9.626e-01	2.753e-01	1.938e-01	4.530e-01	2.852e-01	2.235e-01	4.187e-01	6.632e-01	4.377e-01	7.635e-01	8.406e-01	8.047e-01	8.765e-01
5.200e+03	9.532e-01	6.912e-01	9.626e-01	2.623e-01	1.938e-01	4.530e-01	2.852e-01	2.235e-01	4.187e-01	6.632e-01	4.377e-01	7.635e-01	8.406e-01	8.047e-01	8.765e-01
5.300e+03	9.532e-01	6.912e-01	9.626e-01	2.753e-01	1.938e-01	4.530e-01	3.063e-01	2.235e-01	4.230e-01	6.632e-01	4.377e-01	7.635e-01	8.406e-01	8.047e-01	8.658e-01
5.400e+03	9.532e-01	6.912e-01	9.626e-01	2.623e-01	1.931e-01	4.283e-01	3.063e-01	2.235e-01	4.230e-01	6.561e-01	4.377e-01	7.376e-01	8.406e-01	8.047e-01	8.658e-01
5.500e+03	9.532e-01	6.912e-01	9.626e-01	2.753e-01	1.931e-01	4.283e-01	3.063e-01	2.235e-01	4.230e-01	6.472e-01	4.234e-01	7.376e-01	8.406e-01	8.047e-01	8.658e-01
5.600e+03	9.532e-01	6.912e-01	9.626e-01	2.753e-01	1.931e-01	4.283e-01	3.063e-01	2.235e-01	4.230e-01	6.472e-01	4.234e-01	7.234e-01	8.406e-01	8.047e-01	8.658e-01
5.700e+03	9.532e-01	6.912e-01	9.626e-01	2.753e-01	1.931e-01	4.283e-01	3.063e-01	2.235e-01	4.230e-01	6.472e-01	4.234e-01	7.234e-01	8.406e-01	8.047e-01	8.658e-01
5.800e+03	9.532e-01	6.912e-01	9.626e-01	2.753e-01	1.931e-01	4.530e-01	2.852e-01	2.235e-01	4.187e-01	6.472e-01	4.234e-01	7.234e-01	8.406e-01	8.047e-01	8.658e-01
5.900e+03	9.532e-01	6.912e-01	9.626e-01	2.753e-01	1.931e-01	4.530e-01	2.852e-01	2.235e-01	4.187e-01	6.472e-01	4.234e-01	7.234e-01	8.406e-01	8.047e-01	8.658e-01
6.000e+03	9.532e-01	6.669e-01	9.626e-01	2.753e-01	1.931e-01	4.530e-01	2.852e-01	2.235e-01	4.187e-01	6.281e-01	4.234e-01	7.234e-01	8.406e-01	8.047e-01	8.658e-01
6.100e+03	9.532e-01	6.669e-01	9.626e-01	2.753e-01	1.931e-01	4.530e-01	2.852e-01	2.235e-01	4.187e-01	6.213e-01	4.064e-01	6.906e-01	8.406e-01	8.047e-01	8.658e-01
6.200e+03	9.532e-01	6.669e-01	9.626e-01	2.753e-01	1.931e-01	4.530e-01	2.852e-01	2.235e-01	4.187e-01	6.213e-01	4.064e-01	6.906e-01	8.406e-01	8.047e-01	8.658e-01
6.300e+03	9.532e-01	6.669e-01	9.626e-01	2.753e-01	1.931e-01	4.530e-01	2.852e-01	2.235e-01	4.187e-01	6.213e-01	4.200e-01	6.906e-01	8.268e-01	8.047e-01	8.658e-01
6.400e+03	9.427e-01	6.669e-01	9.626e-01	2.753e-01	1.910e-01	4.530e-01	2.852e-01	2.235e-01	4.187e-01	6.211e-01	4.064e-01	6.841e-01	8.406e-01	8.047e-01	8.658e-01
6.500e+03	9.427e-01	6.669e-01	9.626e-01	2.753e-01	1.881e-01	4.530e-01	2.852e-01	2.235e-01	4.187e-01	6.211e-01	4.064e-01	6.841e-01	8.406e-01	8.047e-01	8.658e-01
6.600e+03	9.427e-01	6.669e-01	9.626e-01	2.753e-01	1.881e-01	4.530e-01	2.852e-01	2.235e-01	4.187e-01	6.213e-01	4.200e-01	7.234e-01	8.406e-01	8.047e-01	8.658e-01
6.700e+03	9.427e-01	6.669e-01	9.626e-01	2.753e-01	1.881e-01	4.530e-01	2.852e-01	2.235e-01	4.187e-01	6.213e-01	4.064e-01	7.234e-01	8.406e-01	8.047e-01	8.658e-01
6.800e+03	9.427e-01	6.669e-01	9.626e-01	2.623e-01	1.877e-01	4.530e-01	2.852e-01	2.235e-01	4.187e-01	6.213e-01	4.064e-01	7.234e-01	8.406e-01	8.047e-01	8.658e-01
6.900e+03	9.427e-01	6.669e-01	9.626e-01	2.623e-01	1.877e-01	4.530e-01	2.852e-01	2.235e-01	4.187e-01	6.211e-01	4.064e-01	6.841e-01	8.406e-01	8.047e-01	8.658e-01
7.000e+03	9.352e-01	6.669e-01	9.626e-01	2.623e-01	1.877e-01	4.530e-01	2.852e-01	2.235e-01	4.187e-01	6.211e-01	4.064e-01	6.841e-01	8.406e-01	8.047e-01	8.658e-01
7.100e+03	9.352e-01	6.669e-01	9.626e-01	2.623e-01	1.877e-01	4.530e-01	2.852e-01	2.235e-01	4.187e-01	6.211e-01	4.064e-01	6.841e-01	8.406e-01	8.047e-01	8.658e-01
7.200e+03	9.352e-01	6.669e-01	9.626e-01	2.922e-01	1.910e-01	4.719e-01	2.852e-01	2.235e-01	4.187e-01	6.155e-01	4.064e-01	6.823e-01	8.406e-01	8.021e-01	8.658e-01
7.300e+03	9.352e-01	6.669e-01	9.626e-01	2.936e-01	1.961e-01	4.882e-01	2.852e-01	2.235e-01	4.187e-01	6.155e-01	4.064e-01	6.823e-01	8.406e-01	8.021e-01	8.658e-01
7.400e+03	9.352e-01	6.669e-01	9.626e-01	2.922e-01	1.900e-01	4.882e-01	2.852e-01	2.235e-01	4.187e-01	6.155e-01	4.064e-01	6.841e-01	8.268e-01	7.970e-01	8.623e-01
7.500e+03	9.352e-01	6.669e-01	9.626e-01	2.922e-01	1.900e-01	4.882e-01	2.852e-01	2.254e-01	4.187e-01	6.155e-01	4.064e-01	6.841e-01	8.268e-01	7.968e-01	8.623e-01
7.600e+03	9.352e-01	6.669e-01	9.626e-01	2.922e-01	1.961e-01	4.882e-01	2.852e-01	2.254e-01	4.187e-01	5.614e-01	4.064e-01	6.823e-01	8.268e-01	7.968e-01	8.537e-01
7.700e+03	9.352e-01	6.669e-01	9.626e-01	2.922e-01	1.961e-01	4.882e-01	2.852e-01	2.254e-01	4.187e-01	5.614e-01	4.064e-01	6.823e-01	8.268e-01	7.968e-01	8.537e-01
7.800e+03	9.002e-01	6.669e-01	9.626e-01	2.922e-01	1.961e-01	4.882e-01	2.852e-01	2.254e-01	4.187e-01	5.614e-01	4.064e-01	6.722e-01	8.268e-01	7.968e-01	8.537e-01
7.900e+03	9.002e-01	6.669e-01	9.626e-01	2.922e-01	1.961e-01	4.882e-01	2.852e-01	2.254e-01	4.187e-01	5.614e-01	4.200e-01	6.722e-01	8.268e-01	7.968e-01	8.537e-01
8.000e+03	9.002e-01	6.669e-01	9.626e-01	2.936e-01	1.975e-01	5.300e-01	2.852e-01	2.254e-01	4.187e-01	5.614e-01	4.064e-01	6.722e-01	8.268e-01	7.968e-01	8.537e-01
8.100e+03	9.002e-01	6.669e-01	9.626e-01	2.936e-01	1.975e-01	5.300e-01	3.063e-01	2.254e-01	4.187e-01	5.614e-01	4.064e-01	6.722e-01	8.258e-01	7.801e-01	8.537e-01
8.200e+03	9.002e-01	6.669e-01	9.626e-01	2.936e-01	1.975e-01	5.300e-01	3.063e-01	2.254e-01	4.187e-01	5.364e-01	4.064e-01	6.722e-01	8.258e-01	7.801e-01	8.537e-01
8.300e+03	9.002e-01	6.669e-01	9.626e-01	2.936e-01	1.975e-01	5.300e-01	3.063e-01	2.254e-01	4.187e-01	5.364e-01	4.064e-01	6.722e-01	8.258e-01	7.801e-01	8.537e-01
8.400e+03	9.002e-01	6.669e-01	9.626e-01	4.279e-01	2.026e-01	5.300e-01	3.063e-01	2.254e-01	4.187e-01	5.364e-01	4.064e-01	6.722e-01	8.258e-01	7.801e-01	8.537e-01
8.500e+03	8.999e-01	6.468e-01	9.626e-01	4.280e-01	2.026e-01	5.300e-01	3.063e-01	2.254e-01	4.187e-01	5.364e-01	4.064e-01	6.561e-01	8.258e-01	7.801e-01	8.537e-01
8.600e+03	8.999e-01	6.468e-01	9.626e-01	4.280e-01	2.026e-01	5.300e-01	3.063e-01	2.254e-01	4.187e-01	5.364e-01	4.064e-01	6.561e-01	8.258e-01	7.801e-01	8.537e-01
8.700e+03	8.394e-01	5.929e-01	9.626e-01	4.280e-01	1.975e-01	5.300e-01	3.063e-01	2.254e-01	4.187e-01	5.364e-01	4.064e-01	6.561e-01	8.258e-01	7.801e-01	8.537e-01
8.800e+03	8.394e-01	5.929e-01	9.626e-01	4.280e-01	1.975e-01	5.300e-01	3.063e-01	2.254e-01	4.187e-01	5.364e-01	4.064e-01	6.561e-01	8.258e-01	7.801e-01	8.537e-01
8.900e+03	8.394e-01	5.929e-01	9.626e-01	4.279e-01	1.975e-01	5.300e-01	3.063e-01	2.254e-01	4.187e-01	5.364e-01	4.064e-01	6.561e-01	8.258e-01	7.801e-01	8.537e-01
9.000e+03	8.394e-01	5.929e-01	9.626e-01	4.279e-01	1.975e-01	5.300e-01	3.063e-01	2.254e-01	4.187e-01	5.364e-01	4.064e-01	6.484e-01	8.258e-01	7.801e-01	8.537e-01
9.100e+03	8.394e-01	5.929e-01	9.626e-01	4.279e-01	1.975e-01	5.300e-01	3.063e-01	2.254e-01	4.187e-01	5.364e-01	4.064e-01	6.484e-01	8.258e-01	7.801e-01	8.537e-01
9.200e+03	8.394e-01	5.929e-01	9.626e-01	4.279e-01	1.975e-01	5.300e-01	3.063e-01	2.254e-01	4.187e-01	5.364e-01	4.064e-01	6.484e-01	8.258e-01	7.801e-01	8.537e-01
9.300e+03	8.394e-01	5.929e-01	9.626e-01	4.279e-01	1.975e-01	5.300e-01	3.063e-01	2.254e-01	4.187e-01	5.364e-01	4.064e-01	6.561e-01	8.258e-01	7.801e-01	8.537e-01
9.400e+03	8.394e-01	5.929e-01	9.626e-01	4.081e-01	1.975e-01	4.719e-01	3.063e-01	2.254e-01	4.187e-01	5.364e-01	4.064e-01	6.561e-01	8.180e-01	7.634e-01	8.537e-01
9.500e+03	8.394e-01	5.929e-01	9.626e-01	4.081e-01	1.975e-01	4.719e-01	3.063e-01	2.254e-01	4.187e-01	5.335e-01	3.987e-01	6.561e-01	8.180e-01	7.634e-01	8.537e-01
9.600e+03	8.394e-01	5.929e-01	9.626e-01	4.081e-01	1.975e-01	4.719e-01	3.063e-01	2.254e-01	4.187e-01	5.335e-01	4.064e-01	6.561e-01	8.180e-01	7.634e-01	8.537e-01
9.700e+03	8.394e-01	5.929e-01	9.626e-01	4.069e-01	1.975e-01	4.719e-01	3.310e-01	2.254e-01	4.187e-01	5.335e-01	4.064e-01	6.561e-01	8.180e-01	7.634e-01	8.537e-01
9.800e+03	8.394e-01	5.929e-01	9.626e-01	4.069e-01	1.975e-01	4.719e-01	3.310e-01	2.254e-01	4.187e-01	5.335e-01	4.064e-01	6.561e-01	8.180e-01	7.634e-01	8.537e-01
9.900e+03	8.394e-01	5.929e-01	9.626e-01	4.069e-01	1.975e-01	4.719e-01	3.310e-01	2.254e-01	4.187e-01	5.335e-01	3.987e-01	6.561e-01	8.180e-01	7.634e-01	8.537e-01
1.000e+04	8.394e-01	5.929e-01	9.626e-01	4.069e-01	1.975e-01	4.719e-01	3.310e-01	2.254e-01	4.187e-01	4.714e-01	3.990e-01	6.472e-01	8.180e-01	7.634e-01	8.424e-01
1.010e+04	8.394e-01	5.929e-01	9.626e-01	4.069e-01	1.975e-01	4.719e-01	3.310e-01	2.254e-01	4.187e-01	4.714e-01	4.064e-01	6.472e-01	8.180e-01	7.634e-01	8.424e-01
1.020e+04	8.394e-01	5.929e-01	9.626e-01	4.069e-01	1.975e-01	4.719e-01	3.310e-01	2.254e-01	4.187e-01	4.714e-01	4.064e-01	6.430e-01	8.180e-01	7.634e-01	8.424e-01
1.030e+04	8.394e-01	5.929e-01	9.626e-01	4.069e-01	1.975e-01	4.719e-01	3.310e-01	2.254e-01	4.187e-01	4.714e-01	4.064e-01	6.430e-01	8.180e-01	7.634e-01	8.424e-01
1.040e+04	8.394e-01	5.929e-01	9.626e-01	4.069e-01	1.975e-01	4.719e-01	3.310e-01	2.254e-01	4.187e-01	4.714e-01	4.064e-01	6.430e-01	8.180e-01	7.634e-01	8.424e-01
1.050e+04	8.394e-01	5.929e-01	9.626e-01	4.069e-01	1.975e-01	4.719e-01	3.310e-01	2.254e-01	4.187e-01	4.607e-01	3.987e-01	6.281e-01	8.180e-01	7.634e-01	8.424e-01
1.060e+04	8.394e-01	5.929e-01	9.626e-01	2.936e-01	1.975e-01	4.570e-01	3.310e-01	2.254e-01	4.187e-01	4.607e-01	3.851e-01	6.281e-01	8.122e-01	7.634e-01	8.424e-01
1.070e+04	8.394e-01	5.929e-01	9.626e-01	2.936e-01	1.975e-01	4.570e-01	3.310e-01	2.254e-01	4.187e-01	4.607e-01	3.851e-01	6.281e-01	8.122e-01	7.634e-01	8.424e-01
1.080e+04	8.394e-01	5.929e-01	9.626e-01	2.936e-01	1.975e-01	4.570e-01	3.310e-01	2.254e-01	4.187e-01	4.607e-01	3.987e-01	6.281e-01	8.122e-01	7.634e-01	8.424e-01
1.090e+04	8.394e-01	5.929e-01	9.626e-01	2.922e-01	1.975e-01	4.570e-01	3.310e-01	2.254e-01	4.187e-01	4.607e-01	3.987e-01	6.281e-01	8.122e-01	7.634e-01	8.424e-01
1.100e+04	8.394e-01	5.929e-01	9.626e-01	2.922e-01	1.975e-01	4.570e-01	3.310e-01	2.254e-01	4.187e-01	4.607e-01	3.987e-01	6.281e-01	8.122e-01	7.634e-01	8.326e-01
1.110e+04	8.394e-01	5.929e-01	9.626e-01	2.922e-01	1.975e-01	4.570e-01	3.310e-01	2.254e-01	4.187e-01	4.607e-01	3.987e-01	6.472e-01	8.122e-01	7.634e-01	8.326e-01
1.120e+04	8.394e-01	5.929e-01	9.626e-01	2.922e-01	1.975e-01	4.570e-01	3.310e-01	2.254e-01	4.187e-01	4.377e-01	3.974e-01	6.281e-01	8.122e-01	7.634e-01	8.326e-01
1.130e+04	8.394e-01	5.929e-01	9.626e-01	2.922e-01	1.975e-01	4.719e-01	3.310e-01	2.254e-01	4.187e-01	4.377e-01	3.974e-01	6.281e-01	8.122e-01	7.634e-01	8.326e-01
1.140e+04	8.394e-01	5.929e-01	9.626e-01	2.753e-01	1.881e-01	4.570e-01	3.310e-01	2.254e-01	4.187e-01	4.607e-01	3.987e-01	6.472e-01	8.122e-01	7.634e-01	8.326e-01
1.150e+04	7.901e-01	5.544e-01	9.532e-01	2.753e-01	1.881e-01	4.570e-01	3.310e-01	2.254e-01	4.187e-01	4.607e-01	3.987e-01	6.472e-01	8.122e-01	7.634e-01	8.326e-01
1.160e+04	7.901e-01	5.544e-01	9.532e-01	2.753e-01	1.881e-01	4.570e-01	3.310e-01	2.254e-01	4.187e-01	4.607e-01	4.064e-01	6.472e-01	8.122e-01	7.634e-01	8.326e-01
1.170e+04	7.901e-01	5.544e-01	9.532e-01	2.753e-01	1.881e-01	4.530e-01	3.310e-01	2.254e-01	4.187e-01	4.377e-01	4.064e-01	6.281e-01	8.122e-01	7.634e-01	8.326e-01
1.180e+04	7.901e-01	5.544e-01	9.532e-01	2.753e-01	1.881e-01	4.530e-01	3.310e-01	2.254e-01	4.187e-01	4.377e-01	4.064e-01	6.281e-01	8.122e-01	7.634e-01	8.268e-01
1.190e+04	7.901e-01	5.544e-01	9.532e-01	2.753e-01	1.881e-01	4.530e-01	3.310e-01	2.254e-01	4.187e-01	4.377e-01	4.064e-01	6.281e-01	8.122e-01	7.634e-01	8.268e-01
1.200e+04	7.901e-01	5.544e-01	9.532e-01	2.753e-01	1.881e-01	4.530e-01	3.310e-01	2.254e-01	4.187e-01	4.377e-01	4.064e-01	6.281e-01	8.122e-01	7.772e-01	8.268e-01
1.210e+04	7.173e-01	5.441e-01	9.532e-01	2.753e-01	1.881e-01	4.530e-01	3.310e-01	2.254e-01	4.187e-01	4.377e-01	4.064e-01	6.281e-01	8.122e-01	7.772e-01	8.268e-01
1.220e+04	7.173e-01	5.063e-01	9.532e-01	2.453e-01	1.877e-01	4.376e-01	3.310e-01	2.498e-01	4.187e-01	4.377e-01	4.064e-01	6.281e-01	8.122e-01	7.634e-01	8.268e-01
1.230e+04	7.173e-01	5.063e-01	9.532e-01	2.453e-01	1.877e-01	4.376e-01	3.310e-01	2.498e-01	4.187e-01	4.377e-01	4.064e-01	6.281e-01	8.122e-01	7.634e-01	8.268e-01
1.240e+04	7.173e-01	5.063e-01	9.532e-01	2.453e-01	1.877e-01	4.376e-01	3.310e-01	2.498e-01	4.187e-01	4.377e-01	4.064e-01	6.281e-01	8.122e-01	7.634e-01	8.268e-01
1.250e+04	7.173e-01	5.063e-01	9.532e-01	2.453e-01	1.877e-01	4.376e-01	3.310e-01	2.498e-01	4.187e-01	4.377e-01	4.064e-01	6.281e-01	8.122e-01	7.634e-01	8.268e-01
1.260e+04	7.173e-01	5.063e-01	9.532e-01	2.453e-01	1.877e-01	4.376e-01	3.310e-01	2.498e-01	4.187e-01	4.377e-01	4.064e-01	6.281e-01	8.122e-01	7.634e-01	8.268e-01
1.270e+04	7.173e-01	5.063e-01	9.532e-01	2.453e-01	1.877e-01	4.376e-01	3.310e-01	2.498e-01	4.187e-01	4.377e-01	4.064e-01	6.281e-01	8.122e-01	7.634e-01	8.268e-01
1.280e+04	7.173e-01	5.063e-01	9.532e-01	2.453e-01	1.877e-01	4.376e-01	3.310e-01	2.498e-01	4.187e-01	4.377e-01	4.064e-01	6.281e-01	8.122e-01	7.634e-01	8.268e-01
1.290e+04	7.173e-01	5.063e-01	9.532e-01	2.453e-01	1.877e-01	4.376e-01	3.310e-01	2.498e-01	4.187e-01	4.377e-01	4.064e-01	6.281e-01	8.122e-01	7.634e-01	8.268e-01
1.300e+04	7.173e-01	5.063e-01	9.532e-01	2.453e-01	1.877e-01	4.376e-01	3.310e-01	2.498e-01	4.187e-01	4.377e-01	4.064e-01	6.281e-01	8.122e-01	7.634e-01	8.268e-01
1.310e+04	7.173e-01	5.063e-01	9.532e-01	2.821e-01	1.881e-01	4.530e-01	3.063e-01	2.254e-01	4.187e-01	4.377e-01	4.064e-01	6.281e-01	8.122e-01	7.581e-01	8.268e-01
1.320e+04	7.173e-01	5.063e-01	9.532e-01	2.753e-01	1.877e-01	4.530e-01	2.963e-01	2.254e-01	3.951e-01	4.377e-01	4.064e-01	6.281e-01	8.122e-01	7.581e-01	8.268e-01
1.330e+04	7.173e-01	5.063e-01	9.532e-01	2.753e-01	1.877e-01	4.530e-01	2.963e-01	2.254e-01	3.951e-01	4.377e-01	4.064e-01	6.281e-01	8.122e-01	7.581e-01	8.268e-01
1.340e+04	7.173e-01	5.063e-01	9.532e-01	2.753e-01	1.877e-01	4.530e-01	2.963e-01	2.254e-01	3.951e-01	4.377e-01	4.064e-01	6.281e-01	8.122e-01	7.287e-01	8.268e-01
1.350e+04	7.173e-01	5.063e-01	9.532e-01	2.753e-01	1.877e-01	4.530e-01	2.963e-01	2.254e-01	3.951e-01	4.377e-01	4.064e-01	6.281e-01	8.122e-01	7.287e-01	8.268e-01
1.360e+04	7.173e-01	5.063e-01	9.532e-01	2.753e-01	1.877e-01	4.530e-01	2.963e-01	2.254e-01	3.951e-01	4.377e-01	4.064e-01	6.281e-01	8.047e-01	7.287e-01	8.268e-01
1.370e+04	7.173e-01	5.063e-01	9.532e-01	2.453e-01	1.817e-01	4.530e-01	3.063e-01	2.254e-01	4.187e-01	4.377e-01	4.064e-01	6.472e-01	8.047e-01	7.287e-01	8.268e-01
1.380e+04	7.173e-01	5.063e-01	9.532e-01	2.453e-01	1.817e-01	4.530e-01	3.063e-01	2.254e-01	4.187e-01	4.377e-01	4.064e-01	6.472e-01	8.047e-01	7.287e-01	8.268e-01
1.390e+04	7.173e-01	5.063e-01	9.532e-01	2.453e-01	1.877e-01	4.530e-01	2.963e-01	2.160e-01	3.951e-01	4.377e-01	4.064e-01	6.472e-01	8.047e-01	7.287e-01	8.268e-01
1.400e+04	7.173e-01	5.063e-01	9.532e-01	2.453e-01	1.877e-01	4.530e-01	2.963e-01	2.160e-01	3.951e-01	4.377e-01	4.064e-01	6.472e-01	8.038e-01	7.287e-01	8.268e-01
1.410e+04	7.173e-01	5.063e-01	9.532e-01	2.453e-01	1.877e-01	4.530e-01	2.963e-01	2.160e-01	3.951e-01	4.377e-01	4.064e-01	6.722e-01	8.021e-01	7.287e-01	8.268e-01
1.420e+04	7.173e-01	5.063e-01	9.532e-01	2.453e-01	1.877e-01	4.530e-01	2.963e-01	2.160e-01	3.951e-01	4.335e-01	4.064e-01	6.472e-01	8.021e-01	7.287e-01	8.268e-01
1.430e+04	7.173e-01	5.063e-01	9.532e-01	2.453e-01	1.817e-01	4.530e-01	2.963e-01	2.160e-01	3.951e-01	4.335e-01	4.064e-01	6.472e-01	8.023e-01	7.287e-01	8.268e-01
1.440e+04	7.173e-01	5.063e-01	9.532e-01	2.453e-01	1.817e-01	4.530e-01	2.963e-01	2.160e-01	3.951e-01	4.335e-01	4.064e-01	6.472e-01	8.008e-01	7.287e-01	8.268e-01
1.450e+04	7.173e-01	5.063e-01	9.532e-01	2.453e-01	1.817e-01	4.530e-01	2.963e-01	2.160e-01	3.951e-01	4.335e-01	4.064e-01	6.472e-01	8.008e-01	7.287e-01	8.268e-01
1.460e+04	7.173e-01	5.063e-01	9.532e-01	2.453e-01	1.817e-01	4.530e-01	2.963e-01	2.160e-01	3.951e-01	4.335e-01	4.086e-01	6.472e-01	8.008e-01	7.287e-01	8.268e-01
1.470e+04	7.173e-01	5.063e-01	9.532e-01	2.753e-01	1.817e-01	4.570e-01	3.063e-01	2.160e-01	4.187e-01	4.335e-01	4.086e-01	6.472e-01	8.008e-01	7.287e-01	8.268e-01
1.480e+04	7.173e-01	5.063e-01	9.532e-01	2.753e-01	1.817e-01	4.570e-01	3.063e-01	2.160e-01	4.187e-01	4.335e-01	3.987e-01	6.472e-01	8.005e-01	7.287e-01	8.268e-01
1.490e+04	7.173e-01	5.063e-01	9.532e-01	2.753e-01	1.817e-01	4.570e-01	3.063e-01	2.160e-01	4.187e-01	4.335e-01	3.987e-01	6.472e-01	8.005e-01	7.287e-01	8.268e-01
1.500e+04	7.093e-01	5.053e-01	9.532e-01	2.753e-01	1.817e-01	4.570e-01	3.063e-01	2.160e-01	4.187e-01	4.335e-01	3.987e-01	6.472e-01	8.005e-01	7.287e-01	8.268e-01
1.510e+04	7.093e-01	5.053e-01	9.532e-01	2.753e-01	1.817e-01	4.570e-01	3.063e-01	2.160e-01	4.187e-01	4.365e-01	3.987e-01	6.472e-01	8.005e-01	7.287e-01	8.268e-01
1.520e+04	7.093e-01	5.053e-01	9.532e-01	2.753e-01	1.817e-01	4.570e-01	3.063e-01	2.160e-01	4.187e-01	4.365e-01	3.987e-01	6.472e-01	7.969e-01	7.287e-01	8.268e-01
1.530e+04	7.093e-01	5.053e-01	9.532e-01	2.753e-01	1.817e-01	4.570e-01	3.063e-01	2.160e-01	4.187e-01	4.365e-01	3.987e-01	6.472e-01	7.968e-01	7.262e-01	8.268e-01
1.540e+04	7.093e-01	5.053e-01	9.532e-01	2.753e-01	1.881e-01	4.570e-01	3.063e-01	2.160e-01	4.187e-01	4.365e-01	3.987e-01	6.472e-01	7.968e-01	7.262e-01	8.268e-01
1.550e+04	7.093e-01	5.053e-01	9.532e-01	2.922e-01	1.881e-01	4.570e-01	3.063e-01	2.160e-01	4.187e-01	4.377e-01	3.987e-01	6.823e-01	7.968e-01	7.262e-01	8.268e-01
1.560e+04	7.093e-01	5.053e-01	9.532e-01	2.922e-01	1.881e-01	4.570e-01	3.063e-01	2.160e-01	4.187e-01	4.377e-01	3.987e-01	6.823e-01	7.968e-01	7.262e-01	8.268e-01
1.570e+04	7.093e-01	5.053e-01	9.532e-01	2.922e-01	1.881e-01	4.570e-01	3.063e-01	2.160e-01	4.187e-01	4.377e-01	3.987e-01	6.823e-01	7.968e-01	7.262e-01	8.268e-01
1.580e+04	7.093e-01	5.053e-01	9.532e-01	2.922e-01	1.881e-01	4.570e-01	3.063e-01	2.160e-01	4.187e-01	4.377e-01	3.987e-01	6.823e-01	7.969e-01	7.453e-01	8.303e-01
1.590e+04	7.093e-01	5.053e-01	9.532e-01	2.922e-01	1.881e-01	4.570e-01	3.063e-01	2.160e-01	4.187e-01	4.377e-01	3.987e-01	6.823e-01	7.969e-01	7.453e-01	8.303e-01
1.600e+04	6.963e-01	5.053e-01	9.532e-01	2.922e-01	1.881e-01	4.570e-01	3.063e-01	2.160e-01	4.078e-01	4.377e-01	3.987e-01	6.823e-01	7.969e-01	7.453e-01	8.303e-01
1.610e+04	6.963e-01	5.053e-01	9.532e-01	2.922e-01	1.881e-01	4.570e-01	3.063e-01	2.160e-01	4.078e-01	4.377e-01	3.987e-01	6.823e-01	7.969e-01	7.453e-01	8.303e-01
1.620e+04	6.963e-01	5.053e-01	9.532e-01	2.922e-01	1.881e-01	4.570e-01	3.063e-01	2.160e-01	4.078e-01	4.377e-01	3.987e-01	6.823e-01	7.969e-01	7.453e-01	8.303e-01
1.630e+04	6.963e-01	5.053e-01	9.532e-01	2.922e-01	1.881e-01	4.570e-01	3.063e-01	2.160e-01	4.078e-01	4.377e-01	3.987e-01	6.823e-01	7.969e-01	7.453e-01	8.303e-01
1.640e+04	6.963e-01	5.053e-01	9.532e-01	2.922e-01	1.881e-01	4.570e-01	3.063e-01	2.160e-01	4.078e-01	4.377e-01	3.987e-01	6.823e-01	7.969e-01	7.453e-01	8.303e-01
1.650e+04	6.963e-01	5.053e-01	9.532e-01	2.492e-01	1.881e-01	4.570e-01	3.063e-01	2.160e-01	4.078e-01	4.377e-01	3.987e-01	6.823e-01	7.969e-01	7.453e-01	8.303e-01
1.660e+04	6.963e-01	5.053e-01	9.532e-01	2.492e-01	1.817e-01	4.570e-01	3.063e-01	2.160e-01	4.078e-01	4.377e-01	3.987e-01	6.823e-01	7.969e-01	7.453e-01	8.303e-01
1.670e+04	6.963e-01	5.053e-01	9.532e-01	2.492e-01	1.817e-01	4.570e-01	3.063e-01	2.160e-01	4.078e-01	4.377e-01	3.987e-01	6.823e-01	7.969e-01	7.453e-01	8.303e-01
1.680e+04	6.963e-01	5.053e-01	9.532e-01	2.492e-01	1.817e-01	4.570e-01	3.063e-01	2.160e-01	4.078e-01	4.377e-01	3.987e-01	6.615e-01	7.969e-01	7.453e-01	8.303e-01
1.690e+04	6.963e-01	5.053e-01	9.532e-01	2.492e-01	1.881e-01	4.570e-01	3.014e-01	2.160e-01	3.951e-01	4.377e-01	3.987e-01	6.615e-01	7.969e-01	7.453e-01	8.303e-01
1.700e+04	6.963e-01	5.053e-01	9.532e-01	2.492e-01	1.881e-01	4.570e-01	3.014e-01	2.160e-01	3.951e-01	4.377e-01	3.987e-01	6.615e-01	7.969e-01	7.453e-01	8.303e-01
1.710e+04	7.093e-01	5.063e-01	9.532e-01	2.492e-01	1.881e-01	4.570e-01	3.014e-01	2.160e-01	3.951e-01	4.377e-01	3.987e-01	6.615e-01	7.969e-01	7.453e-01	8.303e-01
1.720e+04	7.093e-01	5.063e-01	9.532e-01	2.492e-01	1.881e-01	4.570e-01	3.014e-01	2.160e-01	3.951e-01	4.377e-01	3.987e-01	6.615e-01	7.969e-01	7.453e-01	8.303e-01
1.730e+04	7.093e-01	5.063e-01	9.532e-01	2.492e-01	1.881e-01	4.719e-01	3.014e-01	2.160e-01	3.951e-01	4.377e-01	3.987e-01	6.615e-01	7.969e-01	7.453e-01	8.303e-01
1.740e+04	7.093e-01	5.063e-01	9.532e-01	2.492e-01	1.881e-01	4.719e-01	3.014e-01	2.160e-01	3.951e-01	4.377e-01	3.987e-01	6.615e-01	7.969e-01	7.453e-01	8.303e-01
1.750e+04	7.093e-01	5.063e-01	9.532e-01	2.492e-01	1.881e-01	4.719e-01	3.014e-01	2.160e-01	3.951e-01	4.377e-01	3.987e-01	6.615e-01	7.968e-01	7.453e-01	8.268e-01
1.760e+04	7.093e-01	5.063e-01	9.532e-01	2.492e-01	1.881e-01	4.719e-01	3.014e-01	2.160e-01	3.951e-01	4.377e-01	3.987e-01	6.615e-01	7.968e-01	7.453e-01	8.268e-01
1.770e+04	7.093e-01	5.063e-01	9.532e-01	2.492e-01	1.881e-01	4.570e-01	3.014e-01	2.160e-01	3.951e-01	4.377e-01	3.987e-01	6.615e-01	7.968e-01	7.453e-01	8.268e-01
1.780e+04	7.093e-01	5.063e-01	9.532e-01	2.492e-01	1.881e-01	4.570e-01	3.014e-01	2.160e-01	4.078e-01	4.377e-01	3.987e-01	6.615e-01	7.968e-01	7.453e-01	8.268e-01
1.790e+04	7.093e-01	5.063e-01	9.532e-01	2.492e-01	1.881e-01	4.570e-01	3.014e-01	2.160e-01	4.078e-01	4.377e-01	3.987e-01	6.615e-01	7.968e-01	7.453e-01	8.268e-01
1.800e+04	7.093e-01	5.063e-01	9.532e-01	2.492e-01	1.881e-01	4.537e-01	3.014e-01	2.160e-01	4.078e-01	4.377e-01	3.987e-01	6.615e-01	7.968e-01	7.453e-01	8.268e-01
1.810e+04	7.093e-01	5.063e-01	9.532e-01	2.492e-01	1.881e-01	4.537e-01	3.014e-01	2.160e-01	4.078e-01	4.377e-01	3.987e-01	6.615e-01	7.968e-01	7.453e-01	8.268e-01
1.820e+04	7.093e-01	5.063e-01	9.532e-01	2.492e-01	1.881e-01	4.537e-01	3.014e-01	2.160e-01	4.078e-01	4.377e-01	3.987e-01	6.615e-01	7.959e-01	7.167e-01	8.268e-01
1.830e+04	7.093e-01	5.063e-01	9.532e-01	2.453e-01	1.817e-01	4.537e-01	3.014e-01	2.160e-01	4.078e-01	4.377e-01	3.987e-01	6.472e-01	7.959e-01	7.167e-01	8.268e-01
1.840e+04	7.093e-01	5.063e-01	9.532e-01	2.453e-01	1.817e-01	4.537e-01	3.063e-01	2.160e-01	4.078e-01	4.377e-01	3.987e-01	6.472e-01	7.959e-01	7.167e-01	8.268e-01
1.850e+04	7.093e-01	5.063e-01	9.532e-01	2.453e-01	1.817e-01	4.537e-01	3.063e-01	2.019e-01	4.078e-01	4.377e-01	3.987e-01	6.472e-01	7.959e-01	7.167e-01	8.268e-01
1.860e+04	7.093e-01	5.063e-01	9.532e-01	2.453e-01	1.817e-01	4.537e-01	3.063e-01	2.019e-01	4.078e-01	4.377e-01	3.987e-01	6.472e-01	7.959e-01	7.167e-01	8.268e-01
1.870e+04	7.093e-01	5.063e-01	9.532e-01	2.453e-01	1.817e-01	4.537e-01	3.063e-01	2.019e-01	4.078e-01	4.377e-01	3.987e-01	6.472e-01	7.811e-01	7.138e-01	8.268e-01
1.880e+04	7.093e-01	5.063e-01	9.532e-01	2.453e-01	1.817e-01	4.537e-01	3.291e-01	2.507e-01	4.078e-01	4.377e-01	3.795e-01	6.472e-01	7.811e-01	7.108e-01	8.268e-01
1.890e+04	7.093e-01	5.063e-01	9.532e-01	2.453e-01	1.817e-01	4.537e-01	3.291e-01	2.507e-01	4.078e-01	4.377e-01	3.795e-01	6.615e-01	7.811e-01	7.108e-01	8.268e-01
1.900e+04	7.173e-01	5.063e-01	9.532e-01	2.922e-01	1.881e-01	4.537e-01	3.291e-01	2.507e-01	4.078e-01	4.377e-01	3.795e-01	6.615e-01	7.811e-01	7.108e-01	8.268e-01
1.910e+04	7.173e-01	5.063e-01	9.532e-01	2.922e-01	1.881e-01	4.537e-01	3.354e-01	2.507e-01	4.187e-01	4.377e-01	3.795e-01	6.615e-01	7.811e-01	7.108e-01	8.268e-01
1.920e+04	7.173e-01	5.063e-01	9.532e-01	2.922e-01	1.881e-01	4.537e-01	3.354e-01	2.507e-01	4.187e-01	4.377e-01	3.795e-01	6.615e-01	7.811e-01	7.108e-01	8.268e-01
1.930e+04	7.173e-01	5.063e-01	9.532e-01	2.922e-01	1.881e-01	4.537e-01	3.354e-01	2.507e-01	4.187e-01	4.377e-01	3.795e-01	6.615e-01	7.811e-01	7.108e-01	8.268e-01
1.940e+04	7.173e-01	5.063e-01	9.532e-01	2.922e-01	1.881e-01	4.537e-01	3.354e-01	2.507e-01	4.187e-01	4.377e-01	3.795e-01	6.615e-01	7.811e-01	7.108e-01	8.268e-01
1.950e+04	7.173e-01	5.063e-01	9.532e-01	2.922e-01	1.881e-01	4.537e-01	3.354e-01	2.507e-01	4.187e-01	4.377e-01	3.795e-01	6.615e-01	7.811e-01	7.091e-01	8.268e-01
1.960e+04	7.173e-01	5.063e-01	9.532e-01	2.922e-01	1.961e-01	4.537e-01	3.354e-01	2.507e-01	4.187e-01	4.986e-01	3.987e-01	6.615e-01	7.811e-01	7.091e-01	8.268e-01
1.970e+04	7.173e-01	5.063e-01	9.532e-01	2.922e-01	1.961e-01	4.537e-01	3.354e-01	2.507e-01	4.187e-01	4.986e-01	3.987e-01	6.615e-01	7.811e-01	7.091e-01	8.268e-01
1.980e+04	7.173e-01	5.063e-01	9.532e-01	2.922e-01	1.961e-01	4.537e-01	3.354e-01	2.507e-01	4.187e-01	4.986e-01	3.987e-01	6.615e-01	7.811e-01	7.091e-01	8.268e-01
1.990e+04	7.901e-01	5.063e-01	9.532e-01	2.922e-01	1.881e-01	4.537e-01	3.354e-01	2.507e-01	4.187e-01	4.986e-01	3.987e-01	6.615e-01	7.811e-01	7.091e-01	8.268e-01
2.000e+04	7.901e-01	5.063e-01	9.532e-01	2.922e-01	1.881e-01	4.537e-01	3.354e-01	2.507e-01	4.187e-01	4.986e-01	3.987e-01	6.615e-01	7.811e-01	7.071e-01	8.268e-01
2.010e+04	7.901e-01	5.063e-01	9.532e-01	2.453e-01	1.820e-01	4.537e-01	3.354e-01	2.507e-01	4.187e-01	4.986e-01	3.987e-01	6.615e-01	7.811e-01	7.071e-01	8.268e-01
2.020e+04	7.901e-01	5.063e-01	9.532e-01	2.453e-01	1.820e-01	4.537e-01	3.354e-01	2.507e-01	4.187e-01	4.986e-01	3.987e-01	6.615e-01	7.811e-01	7.071e-01	8.268e-01
2.030e+04	7.901e-01	5.063e-01	9.532e-01	2.453e-01	1.820e-01	4.537e-01	3.354e-01	2.507e-01	4.187e-01	4.986e-01	3.987e-01	6.615e-01	7.811e-01	7.071e-01	8.268e-01
2.040e+04	7.901e-01	5.063e-01	9.427e-01	2.453e-01	1.820e-01	4.537e-01	3.354e-01	2.507e-01	4.187e-01	5.413e-01	3.987e-01	6.615e-01	7.811e-01	7.071e-01	8.268e-01
2.050e+04	7.901e-01	5.063e-01	9.427e-01	2.453e-01	1.820e-01	4.537e-01	3.354e-01	2.604e-01	4.187e-01	5.413e-01	3.987e-01	6.615e-01	7.811e-01	7.071e-01	8.268e-01
2.060e+04	7.901e-01	5.063e-01	9.427e-01	2.453e-01	1.820e-01	4.537e-01	3.354e-01	2.604e-01	4.187e-01	5.413e-01	3.987e-01	6.615e-01	7.806e-01	7.062e-01	8.105e-01
2.070e+04	7.901e-01	5.063e-01	9.427e-01	2.145e-01	1.820e-01	4.537e-01	3.354e-01	2.604e-01	4.187e-01	5.413e-01	3.987e-01	6.615e-01	7.806e-01	7.062e-01	8.105e-01
2.080e+04	7.901e-01	5.063e-01	9.427e-01	2.145e-01	1.820e-01	4.537e-01	3.354e-01	2.604e-01	4.187e-01	5.413e-01	3.987e-01	6.615e-01	7.806e-01	7.062e-01	8.105e-01
2.090e+04	7.901e-01	5.063e-01	9.427e-01	2.145e-01	1.820e-01	4.537e-01	3.354e-01	2.604e-01	4.187e-01	4.986e-01	3.821e-01	6.615e-01	7.806e-01	7.062e-01	8.105e-01
2.100e+04	7.901e-01	5.063e-01	9.427e-01	2.145e-01	1.820e-01	4.537e-01	3.354e-01	2.604e-01	4.195e-01	4.986e-01	3.821e-01	6.615e-01	7.806e-01	7.062e-01	8.105e-01
2.110e+04	7.901e-01	5.063e-01	9.427e-01	2.145e-01	1.817e-01	4.537e-01	3.468e-01	2.727e-01	4.195e-01	4.986e-01	3.821e-01	6.615e-01	7.806e-01	7.062e-01	8.105e-01
2.120e+04	7.901e-01	5.063e-01	9.427e-01	2.026e-01	1.816e-01	4.570e-01	3.354e-01	2.604e-01	4.195e-01	4.986e-01	3.821e-01	6.615e-01	7.806e-01	7.062e-01	8.105e-01
2.130e+04	7.901e-01	5.063e-01	9.427e-01	2.026e-01	1.816e-01	4.570e-01	3.354e-01	2.604e-01	4.195e-01	4.986e-01	3.821e-01	6.615e-01	7.806e-01	7.062e-01	8.105e-01
2.140e+04	7.901e-01	5.063e-01	9.427e-01	2.026e-01	1.816e-01	4.570e-01	3.354e-01	2.604e-01	4.195e-01	4.986e-01	3.821e-01	6.615e-01	7.806e-01	7.062e-01	8.105e-01
2.150e+04	7.901e-01	5.063e-01	9.427e-01	2.026e-01	1.816e-01	4.570e-01	3.354e-01	2.604e-01	4.195e-01	4.986e-01	3.821e-01	6.615e-01	7.726e-01	7.059e-01	8.105e-01
2.160e+04	7.901e-01	5.063e-01	9.427e-01	2.026e-01	1.816e-01	4.570e-01	3.354e-01	2.604e-01	4.195e-01	4.986e-01	3.821e-01	6.615e-01	7.726e-01	7.059e-01	8.105e-01
2.170e+04	7.901e-01	5.063e-01	9.427e-01	2.026e-01	1.816e-01	4.570e-01	3.354e-01	2.604e-01	4.195e-01	4.986e-01	3.821e-01	6.615e-01	7.726e-01	7.059e-01	8.105e-01
2.180e+04	7.901e-01	5.063e-01	9.427e-01	2.026e-01	1.816e-01	4.570e-01	3.354e-01	2.604e-01	4.195e-01	4.986e-01	3.821e-01	6.615e-01	7.726e-01	7.059e-01	8.105e-01
2.190e+04	7.901e-01	5.063e-01	9.427e-01	2.026e-01	1.816e-01	4.570e-01	3.354e-01	2.604e-01	4.195e-01	4.986e-01	3.987e-01	6.615e-01	7.726e-01	7.059e-01	8.105e-01
2.200e+04	7.901e-01	5.063e-01	9.427e-01	2.026e-01	1.816e-01	4.570e-01	3.354e-01	2.604e-01	4.195e-01	4.986e-01	4.113e-01	6.615e-01	7.726e-01	7.059e-01	8.105e-01
2.210e+04	7.901e-01	5.063e-01	9.427e-01	2.026e-01	1.816e-01	4.570e-01	3.291e-01	2.507e-01	4.187e-01	4.986e-01	4.113e-01	6.615e-01	7.726e-01	7.059e-01	8.105e-01
2.220e+04	7.901e-01	5.063e-01	9.427e-01	2.026e-01	1.816e-01	4.570e-01	3.291e-01	2.507e-01	4.187e-01	4.986e-01	4.113e-01	6.615e-01	7.726e-01	7.059e-01	8.105e-01
2.230e+04	7.901e-01	5.063e-01	9.427e-01	2.029e-01	1.817e-01	4.570e-01	3.250e-01	2.507e-01	4.187e-01	4.986e-01	4.113e-01	6.615e-01	7.726e-01	7.059e-01	8.105e-01
2.240e+04	7.901e-01	5.063e-01	9.427e-01	2.029e-01	1.817e-01	4.570e-01	3.250e-01	2.507e-01	4.187e-01	4.986e-01	4.113e-01	6.615e-01	7.726e-01	7.059e-01	8.105e-01
2.250e+04	7.901e-01	5.063e-01	9.427e-01	2.029e-01	1.817e-01	4.570e-01	3.250e-01	2.507e-01	4.187e-01	4.986e-01	4.113e-01	6.615e-01	7.726e-01	7.059e-01	8.105e-01
2.260e+04	7.901e-01	5.063e-01	9.427e-01	2.026e-01	1.816e-01	4.570e-01	3.250e-01	2.507e-01	4.187e-01	4.986e-01	4.113e-01	6.615e-01	7.726e-01	7.058e-01	8.105e-01
2.270e+04	7.901e-01	5.063e-01	9.427e-01	2.026e-01	1.816e-01	4.570e-01	3.250e-01	2.507e-01	4.187e-01	4.986e-01	4.113e-01	6.615e-01	7.726e-01	7.058e-01	8.105e-01
2.280e+04	7.901e-01	5.063e-01	9.427e-01	2.026e-01	1.816e-01	4.570e-01	3.250e-01	2.507e-01	4.187e-01	4.377e-01	4.113e-01	6.615e-01	7.726e-01	7.058e-01	8.105e-01
2.290e+04	7.901e-01	5.063e-01	9.427e-01	2.026e-01	1.816e-01	4.570e-01	3.250e-01	2.507e-01	4.187e-01	4.377e-01	4.113e-01	6.615e-01	7.726e-01	7.058e-01	8.105e-01
2.300e+04	8.394e-01	5.063e-01	9.427e-01	2.026e-01	1.816e-01	4.570e-01	3.250e-01	2.507e-01	4.187e-01	4.377e-01	4.113e-01	6.615e-01	7.726e-01	7.058e-01	8.105e-01
2.310e+04	8.394e-01	5.063e-01	9.427e-01	2.026e-01	1.816e-01	4.570e-01	3.250e-01	2.507e-01	4.187e-01	4.453e-01	3.821e-01	6.615e-01	7.726e-01	7.058e-01	8.105e-01
2.320e+04	8.394e-01	5.063e-01	9.427e-01	2.026e-01	1.816e-01	4.570e-01	3.250e-01	2.507e-01	4.187e-01	4.453e-01	3.821e-01	6.615e-01	7.726e-01	7.058e-01	8.105e-01
2.330e+04	8.394e-01	5.063e-01	9.427e-01	2.026e-01	1.816e-01	4.570e-01	3.250e-01	2.507e-01	4.187e-01	4.453e-01	3.821e-01	6.615e-01	7.726e-01	7.058e-01	8.105e-01
2.340e+04	8.394e-01	5.063e-01	9.427e-01	2.026e-01	1.816e-01	4.570e-01	3.250e-01	2.507e-01	4.187e-01	4.453e-01	3.821e-01	6.615e-01	7.726e-01	7.058e-01	8.105e-01
2.350e+04	8.394e-01	5.063e-01	9.427e-01	2.026e-01	1.816e-01	4.570e-01	3.250e-01	2.507e-01	4.187e-01	4.453e-01	3.821e-01	6.615e-01	7.726e-01	7.058e-01	8.105e-01
2.360e+04	8.394e-01	5.063e-01	9.427e-01	1.996e-01	1.816e-01	4.570e-01	3.250e-01	2.507e-01	4.187e-01	4.453e-01	3.821e-01	6.615e-01	7.726e-01	7.058e-01	8.105e-01
2.370e+04	8.394e-01	5.063e-01	9.427e-01	2.026e-01	1.817e-01	4.570e-01	3.250e-01	2.507e-01	4.187e-01	4.453e-01	3.821e-01	6.615e-01	7.726e-01	7.058e-01	8.105e-01
2.380e+04	8.394e-01	5.063e-01	9.427e-01	2.026e-01	1.817e-01	4.570e-01	3.063e-01	2.507e-01	4.187e-01	4.453e-01	3.821e-01	6.615e-01	7.726e-01	7.058e-01	8.105e-01
2.390e+04	8.394e-01	5.063e-01	9.427e-01	2.026e-01	1.817e-01	4.570e-01	3.063e-01	2.507e-01	4.187e-01	4.453e-01	3.821e-01	6.615e-01	7.726e-01	7.058e-01	8.105e-01
2.400e+04	8.394e-01	5.063e-01	9.427e-01	2.026e-01	1.817e-01	4.570e-01	3.063e-01	2.507e-01	4.187e-01	4.453e-01	3.821e-01	6.615e-01	7.726e-01	7.058e-01	8.105e-01
2.410e+04	8.706e-01	5.063e-01	9.427e-01	2.026e-01	1.817e-01	4.537e-01	3.063e-01	2.507e-01	4.187e-01	4.453e-01	3.821e-01	6.615e-01	7.726e-01	7.058e-01	8.105e-01
2.420e+04	8.706e-01	5.063e-01	9.427e-01	2.026e-01	1.817e-01	4.537e-01	3.063e-01	2.507e-01	4.187e-01	4.453e-01	3.821e-01	6.615e-01	7.726e-01	7.058e-01	8.105e-01
2.430e+04	8.706e-01	5.063e-01	9.427e-01	2.026e-01	1.817e-01	4.537e-01	3.063e-01	2.507e-01	4.187e-01	4.453e-01	3.821e-01	6.615e-01	7.726e-01	7.058e-01	8.105e-01
2.440e+04	8.706e-01	5.063e-01	9.427e-01	2.026e-01	1.817e-01	4.537e-01	3.063e-01	2.507e-01	4.187e-01	4.453e-01	3.821e-01	6.615e-01	7.726e-01	7.058e-01	8.105e-01
2.450e+04	8.706e-01	5.063e-01	9.427e-01	2.026e-01	1.817e-01	4.537e-01	3.063e-01	2.507e-01	4.187e-01	4.453e-01	3.821e-01	6.615e-01	7.726e-01	7.058e-01	8.105e-01
2.460e+04	8.706e-01	5.063e-01	9.427e-01	2.026e-01	1.817e-01	4.537e-01	3.063e-01	2.507e-01	4.187e-01	4.453e-01	3.821e-01	6.615e-01	7.726e-01	7.058e-01	8.105e-01
2.470e+04	8.706e-01	5.063e-01	9.427e-01	2.026e-01	1.817e-01	4.570e-01	3.063e-01	2.507e-01	4.187e-01	4.453e-01	3.821e-01	6.615e-01	7.726e-01	7.058e-01	8.105e-01
2.480e+04	8.706e-01	5.063e-01	9.427e-01	2.026e-01	1.820e-01	4.570e-01	3.063e-01	2.507e-01	4.187e-01	4.803e-01	4.149e-01	6.615e-01	7.726e-01	7.058e-01	8.105e-01
2.490e+04	8.706e-01	5.063e-01	9.427e-01	2.026e-01	1.820e-01	4.570e-01	3.063e-01	2.507e-01	4.187e-01	4.803e-01	4.149e-01	6.615e-01	7.726e-01	7.058e-01	8.105e-01
2.500e+04	8.706e-01	5.063e-01	9.427e-01	1.996e-01	1.820e-01	4.570e-01	3.063e-01	2.507e-01	4.187e-01	4.453e-01	3.822e-01	6.615e-01	7.726e-01	7.058e-01	8.105e-01
2.510e+04	8.706e-01	5.063e-01	9.427e-01	1.996e-01	1.820e-01	4.570e-01	3.063e-01	2.507e-01	4.187e-01	4.453e-01	3.822e-01	6.615e-01	7.726e-01	7.058e-01	8.105e-01
2.520e+04	8.706e-01	5.063e-01	9.427e-01	1.996e-01	1.820e-01	4.570e-01	3.063e-01	2.507e-01	4.187e-01	4.453e-01	3.821e-01	6.281e-01	7.726e-01	7.058e-01	8.105e-01
2.530e+04	8.706e-01	5.063e-01	9.427e-01	1.996e-01	1.820e-01	4.570e-01	3.063e-01	2.491e-01	4.187e-01	4.453e-01	3.821e-01	6.281e-01	7.726e-01	7.058e-01	8.105e-01
2.540e+04	8.706e-01	5.063e-01	9.427e-01	1.996e-01	1.820e-01	4.570e-01	3.063e-01	2.491e-01	4.187e-01	4.588e-01	4.149e-01	6.281e-01	7.726e-01	6.978e-01	8.105e-01
2.550e+04	8.706e-01	5.063e-01	9.427e-01	2.026e-01	1.820e-01	4.570e-01	3.063e-01	2.491e-01	4.187e-01	4.453e-01	4.149e-01	6.281e-01	7.726e-01	6.978e-01	8.105e-01
2.560e+04	8.706e-01	5.063e-01	9.427e-01	2.026e-01	1.820e-01	4.537e-01	3.063e-01	2.491e-01	4.187e-01	4.453e-01	4.149e-01	6.281e-01	7.726e-01	6.978e-01	8.105e-01
2.570e+04	8.706e-01	5.063e-01	9.427e-01	2.026e-01	1.820e-01	4.537e-01	3.063e-01	2.491e-01	4.187e-01	4.453e-01	4.149e-01	6.281e-01	7.726e-01	6.978e-01	8.105e-01
2.580e+04	8.706e-01	5.063e-01	9.427e-01	2.026e-01	1.820e-01	4.537e-01	3.063e-01	2.491e-01	4.187e-01	4.453e-01	4.149e-01	6.281e-01	7.726e-01	6.978e-01	8.105e-01
2.590e+04	8.706e-01	5.063e-01	9.427e-01	2.026e-01	1.820e-01	4.537e-01	3.063e-01	2.491e-01	4.187e-01	4.453e-01	4.149e-01	6.182e-01	7.726e-01	6.978e-01	8.105e-01
2.600e+04	8.706e-01	5.063e-01	9.427e-01	2.026e-01	1.820e-01	4.537e-01	3.063e-01	2.491e-01	4.187e-01	4.453e-01	4.149e-01	6.182e-01	7.726e-01	6.978e-01	8.105e-01
2.610e+04	8.706e-01	5.063e-01	9.427e-01	2.026e-01	1.820e-01	4.537e-01	3.063e-01	2.491e-01	4.187e-01	4.453e-01	4.149e-01	6.182e-01	7.726e-01	6.978e-01	8.105e-01
2.620e+04	8.706e-01	5.063e-01	9.427e-01	2.026e-01	1.820e-01	4.537e-01	3.063e-01	2.491e-01	4.187e-01	4.453e-01	4.149e-01	6.281e-01	7.726e-01	6.978e-01	8.105e-01
2.630e+04	8.706e-01	5.063e-01	9.427e-01	2.026e-01	1.820e-01	4.537e-01	3.063e-01	2.491e-01	4.187e-01	4.453e-01	4.149e-01	6.281e-01	7.726e-01	6.978e-01	8.105e-01
2.640e+04	8.706e-01	5.063e-01	9.427e-01	2.026e-01	1.820e-01	4.537e-01	3.063e-01	2.491e-01	4.187e-01	4.453e-01	4.149e-01	6.182e-01	7.726e-01	6.978e-01	8.105e-01
2.650e+04	8.706e-01	5.063e-01	9.427e-01	2.026e-01	1.820e-01	4.537e-01	3.063e-01	2.491e-01	4.187e-01	4.453e-01	4.149e-01	6.182e-01	7.726e-01	6.977e-01	8.105e-01
2.660e+04	8.706e-01	5.063e-01	9.427e-01	2.026e-01	1.820e-01	4.537e-01	3.063e-01	2.491e-01	4.187e-01	4.453e-01	4.149e-01	6.182e-01	7.806e-01	7.058e-01	8.268e-01
2.670e+04	8.706e-01	5.063e-01	9.427e-01	2.026e-01	1.820e-01	4.537e-01	3.063e-01	2.491e-01	4.187e-01	4.453e-01	4.149e-01	6.182e-01	7.806e-01	7.058e-01	8.140e-01
2.680e+04	8.706e-01	5.063e-01	9.427e-01	2.026e-01	1.820e-01	4.537e-01	3.063e-01	2.491e-01	4.187e-01	4.453e-01	4.149e-01	6.182e-01	7.806e-01	7.058e-01	8.140e-01
2.690e+04	8.706e-01	5.063e-01	9.427e-01	2.026e-01	1.820e-01	4.537e-01	3.063e-01	2.491e-01	4.187e-01	4.453e-01	4.149e-01	6.182e-01	7.806e-01	7.058e-01	8.140e-01
2.700e+04	8.706e-01	5.063e-01	9.427e-01	2.026e-01	1.820e-01	4.537e-01	3.063e-01	2.491e-01	4.187e-01	4.453e-01	4.149e-01	6.182e-01	7.806e-01	7.058e-01	8.140e-01
2.710e+04	8.706e-01	5.063e-01	9.427e-01	2.026e-01	1.820e-01	4.537e-01	3.063e-01	2.491e-01	4.187e-01	4.588e-01	4.164e-01	6.182e-01	7.806e-01	7.058e-01	8.140e-01
2.720e+04	7.918e-01	5.063e-01	9.427e-01	2.026e-01	1.820e-01	4.537e-01	3.063e-01	2.491e-01	4.187e-01	4.588e-01	4.164e-01	6.182e-01	7.806e-01	7.058e-01	8.140e-01
2.730e+04	7.918e-01	5.063e-01	9.427e-01	2.029e-01	1.850e-01	4.537e-01	3.014e-01	2.491e-01	4.078e-01	4.453e-01	4.149e-01	6.182e-01	7.806e-01	7.058e-01	8.140e-01
2.740e+04	7.918e-01	5.063e-01	9.427e-01	2.029e-01	1.850e-01	4.537e-01	3.014e-01	2.491e-01	4.078e-01	4.453e-01	4.149e-01	6.182e-01	7.806e-01	7.058e-01	8.105e-01
2.750e+04	7.918e-01	5.063e-01	9.427e-01	2.029e-01	1.850e-01	4.537e-01	3.014e-01	2.491e-01	4.078e-01	4.453e-01	4.149e-01	6.182e-01	7.726e-01	7.058e-01	8.105e-01
2.760e+04	7.918e-01	5.063e-01	9.427e-01	2.029e-01	1.850e-01	4.537e-01	3.014e-01	2.491e-01	4.078e-01	4.453e-01	4.149e-01	6.182e-01	7.726e-01	7.058e-01	8.105e-01
2.770e+04	7.918e-01	5.063e-01	9.427e-01	2.029e-01	1.850e-01	4.537e-01	3.014e-01	2.491e-01	4.078e-01	4.453e-01	4.149e-01	6.182e-01	7.726e-01	7.058e-01	8.105e-01
2.780e+04	7.918e-01	5.063e-01	9.427e-01	2.029e-01	1.850e-01	4.537e-01	3.014e-01	2.491e-01	4.078e-01	4.453e-01	4.149e-01	6.182e-01	7.726e-01	7.058e-01	8.105e-01
2.790e+04	7.918e-01	5.063e-01	9.427e-01	2.026e-01	1.820e-01	3.641e-01	3.014e-01	2.491e-01	4.078e-01	4.453e-01	4.149e-01	6.182e-01	7.726e-01	7.058e-01	8.105e-01
2.800e+04	7.918e-01	5.063e-01	9.427e-01	2.026e-01	1.820e-01	3.641e-01	3.014e-01	2.491e-01	4.078e-01	4.453e-01	4.149e-01	6.182e-01	7.726e-01	7.058e-01	8.105e-01
2.810e+04	7.918e-01	5.063e-01	9.427e-01	2.026e-01	1.820e-01	3.641e-01	3.014e-01	2.491e-01	4.078e-01	4.453e-01	4.149e-01	6.182e-01	7.726e-01	7.058e-01	8.105e-01
2.820e+04	7.918e-01	5.063e-01	9.427e-01	2.026e-01	1.820e-01	3.641e-01	3.014e-01	2.491e-01	4.078e-01	4.453e-01	4.149e-01	6.182e-01	7.726e-01	7.058e-01	8.105e-01
2.830e+04	7.918e-01	5.063e-01	9.427e-01	2.026e-01	1.820e-01	3.641e-01	3.014e-01	2.491e-01	4.078e-01	4.453e-01	4.149e-01	6.182e-01	7.726e-01	7.058e-01	8.105e-01
2.840e+04	7.918e-01	5.063e-01	9.427e-01	2.026e-01	1.820e-01	3.641e-01	3.014e-01	2.491e-01	4.078e-01	4.453e-01	4.149e-01	6.182e-01	7.726e-01	7.058e-01	8.105e-01
2.850e+04	7.918e-01	5.063e-01	9.427e-01	2.026e-01	1.850e-01	3.641e-01	3.014e-01	2.491e-01	4.078e-01	4.453e-01	4.149e-01	6.182e-01	7.726e-01	7.058e-01	8.105e-01
2.860e+04	7.918e-01	5.063e-01	9.427e-01	2.026e-01	1.850e-01	3.641e-01	3.014e-01	2.491e-01	4.078e-01	4.453e-01	4.149e-01	6.182e-01	7.726e-01	7.058e-01	8.105e-01
2.870e+04	7.918e-01	5.063e-01	9.427e-01	2.026e-01	1.850e-01	3.641e-01	3.014e-01	2.491e-01	4.078e-01	4.453e-01	4.149e-01	6.182e-01	7.726e-01	7.058e-01	8.105e-01
2.880e+04	7.918e-01	5.063e-01	9.427e-01	2.026e-01	1.850e-01	3.641e-01	3.014e-01	2.491e-01	4.078e-01	4.453e-01	4.149e-01	6.182e-01	7.726e-01	7.058e-01	8.105e-01
2.890e+04	7.918e-01	5.063e-01	9.427e-01	2.026e-01	1.850e-01	3.641e-01	3.014e-01	2.491e-01	4.078e-01	4.453e-01	4.149e-01	6.182e-01	7.726e-01	7.058e-01	8.105e-01
2.900e+04	7.918e-01	5.063e-01	9.427e-01	2.029e-01	1.850e-01	3.641e-01	3.014e-01	2.491e-01	4.078e-01	4.453e-01	4.149e-01	6.182e-01	7.726e-01	7.058e-01	8.105e-01
2.910e+04	7.918e-01	5.063e-01	9.427e-01	2.029e-01	1.850e-01	3.641e-01	3.014e-01	2.491e-01	4.078e-01	4.453e-01	4.149e-01	6.182e-01	7.726e-01	7.058e-01	8.105e-01
2.920e+04	7.918e-01	5.063e-01	9.427e-01	2.029e-01	1.850e-01	3.641e-01	3.014e-01	2.491e-01	4.078e-01	4.453e-01	4.149e-01	6.182e-01	7.726e-01	7.058e-01	8.268e-01
2.930e+04	7.918e-01	5.063e-01	9.427e-01	2.029e-01	1.850e-01	4.469e-01	3.014e-01	2.491e-01	4.078e-01	4.453e-01	4.149e-01	6.182e-01	7.726e-01	7.058e-01	8.268e-01
2.940e+04	7.918e-01	5.063e-01	9.427e-01	2.029e-01	1.850e-01	4.469e-01	3.014e-01	2.491e-01	4.078e-01	4.453e-01	4.149e-01	6.182e-01	7.726e-01	7.058e-01	8.268e-01
2.950e+04	7.918e-01	5.063e-01	9.427e-01	2.029e-01	1.850e-01	4.469e-01	3.014e-01	2.491e-01	4.078e-01	4.453e-01	4.149e-01	6.182e-01	7.726e-01	7.058e-01	8.232e-01
2.960e+04	7.918e-01	5.063e-01	9.427e-01	2.029e-01	1.850e-01	4.469e-01	3.014e-01	2.491e-01	4.078e-01	4.453e-01	4.149e-01	6.182e-01	7.726e-01	7.058e-01	8.232e-01
2.970e+04	7.901e-01	5.063e-01	9.000e-01	2.029e-01	1.850e-01	4.469e-01	3.014e-01	2.491e-01	4.078e-01	4.453e-01	4.149e-01	6.182e-01	7.726e-01	7.058e-01	8.232e-01
2.980e+04	7.901e-01	5.063e-01	9.000e-01	2.029e-01	1.850e-01	4.469e-01	3.014e-01	2.491e-01	4.078e-01	4.453e-01	4.149e-01	6.182e-01	7.726e-01	7.058e-01	8.232e-01
2.990e+04	7.901e-01	5.063e-01	9.000e-01	2.029e-01	1.850e-01	4.469e-01	3.014e-01	2.491e-01	4.078e-01	4.453e-01	4.149e-01	6.182e-01	7.726e-01	7.058e-01	8.232e-01
3.000e+04	7.901e-01	5.063e-01	9.000e-01	2.029e-01	1.850e-01	4.469e-01	3.014e-01	2.491e-01	4.078e-01	4.453e-01	4.149e-01	6.182e-01	7.726e-01	7.058e-01	8.232e-01
3.010e+04	7.901e-01	5.063e-01	9.000e-01	2.029e-01	1.850e-01	4.469e-01	3.014e-01	2.491e-01	4.078e-01	4.453e-01	4.149e-01	6.182e-01	7.726e-01	7.058e-01	8.232e-01
3.020e+04	7.901e-01	5.480e-01	9.000e-01	2.029e-01	1.850e-01	4.469e-01	3.014e-01	2.491e-01	4.078e-01	4.453e-01	4.149e-01	6.182e-01	7.726e-01	7.058e-01	8.232e-01
3.030e+04	7.901e-01	5.480e-01	9.000e-01	2.029e-01	1.850e-01	4.469e-01	3.014e-01	2.491e-01	4.078e-01	4.453e-01	4.149e-01	6.182e-01	7.726e-01	7.058e-01	8.232e-01
3.040e+04	7.901e-01	5.480e-01	9.000e-01	2.029e-01	1.850e-01	4.469e-01	3.014e-01	2.491e-01	4.078e-01	4.453e-01	4.149e-01	6.182e-01	7.726e-01	7.058e-01	8.232e-01
3.050e+04	7.901e-01	5.480e-01	9.000e-01	2.029e-01	1.850e-01	4.469e-01	3.014e-01	2.491e-01	4.078e-01	4.453e-01	4.149e-01	6.182e-01	7.726e-01	7.058e-01	8.232e-01
3.060e+04	7.901e-01	5.480e-01	9.000e-01	2.029e-01	1.850e-01	4.469e-01	3.014e-01	2.491e-01	4.078e-01	4.453e-01	4.149e-01	6.182e-01	7.726e-01	7.058e-01	8.232e-01
3.070e+04	7.901e-01	5.480e-01	9.000e-01	2.029e-01	1.850e-01	4.469e-01	3.014e-01	2.491e-01	4.078e-01	4.453e-01	4.149e-01	6.182e-01	7.726e-01	7.058e-01	8.232e-01
3.080e+04	7.901e-01	5.480e-01	9.000e-01	2.026e-01	1.820e-01	3.641e-01	3.014e-01	2.491e-01	4.078e-01	4.377e-01	3.854e-01	6.182e-01	7.726e-01	7.058e-01	8.232e-01
3.090e+04	7.901e-01	5.480e-01	9.000e-01	2.029e-01	1.850e-01	3.641e-01	3.014e-01	2.491e-01	4.078e-01	4.377e-01	3.854e-01	6.182e-01	7.726e-01	7.058e-01	8.232e-01
3.100e+04	7.173e-01	5.063e-01	9.000e-01	2.029e-01	1.850e-01	3.641e-01	3.014e-01	2.491e-01	4.078e-01	4.377e-01	3.854e-01	6.182e-01	7.726e-01	7.058e-01	8.232e-01
3.110e+04	7.173e-01	5.063e-01	9.000e-01	2.029e-01	1.850e-01	3.641e-01	3.014e-01	2.491e-01	4.078e-01	4.377e-01	3.854e-01	6.182e-01	7.726e-01	7.058e-01	8.232e-01
3.120e+04	7.173e-01	5.063e-01	9.000e-01	2.029e-01	1.850e-01	3.641e-01	3.014e-01	2.491e-01	4.078e-01	4.377e-01	3.854e-01	6.182e-01	7.726e-01	7.058e-01	8.232e-01
3.130e+04	7.173e-01	5.480e-01	9.000e-01	2.029e-01	1.850e-01	3.641e-01	3.014e-01	2.491e-01	4.078e-01	4.377e-01	3.854e-01	6.182e-01	7.726e-01	7.058e-01	8.232e-01
3.140e+04	7.173e-01	5.480e-01	9.000e-01	2.029e-01	1.850e-01	3.641e-01	3.014e-01	2.491e-01	4.078e-01	4.377e-01	3.854e-01	6.182e-01	7.726e-01	7.058e-01	8.203e-01
3.150e+04	7.173e-01	5.480e-01	9.000e-01	2.029e-01	1.850e-01	3.641e-01	3.014e-01	2.491e-01	4.078e-01	4.377e-01	3.854e-01	6.182e-01	7.726e-01	7.058e-01	8.203e-01
3.160e+04	7.173e-01	5.480e-01	9.000e-01	2.029e-01	1.850e-01	3.641e-01	3.014e-01	2.491e-01	4.078e-01	4.377e-01	3.854e-01	6.182e-01	7.726e-01	7.058e-01	8.203e-01
3.170e+04	7.173e-01	5.480e-01	9.000e-01	2.029e-01	1.850e-01	3.641e-01	3.014e-01	2.491e-01	4.078e-01	4.377e-01	3.854e-01	6.182e-01	7.726e-01	7.058e-01	8.203e-01
3.180e+04	7.173e-01	5.480e-01	9.000e-01	2.029e-01	1.850e-01	3.641e-01	3.014e-01	2.491e-01	4.078e-01	4.377e-01	3.854e-01	6.182e-01	7.726e-01	7.058e-01	8.129e-01
3.190e+04	7.173e-01	5.480e-01	9.000e-01	2.029e-01	1.850e-01	3.641e-01	3.014e-01	2.491e-01	4.187e-01	4.377e-01	3.854e-01	6.182e-01	7.726e-01	7.058e-01	8.129e-01
3.200e+04	7.173e-01	5.480e-01	9.000e-01	2.029e-01	1.850e-01	3.641e-01	3.014e-01	2.491e-01	4.187e-01	4.377e-01	3.854e-01	6.182e-01	7.456e-01	7.058e-01	8.129e-01
3.210e+04	7.173e-01	5.480e-01	9.000e-01	2.029e-01	1.850e-01	3.641e-01	3.014e-01	2.491e-01	4.187e-01	4.377e-01	3.854e-01	6.182e-01	7.456e-01	6.988e-01	8.129e-01
3.220e+04	7.173e-01	5.480e-01	9.000e-01	2.029e-01	1.850e-01	3.641e-01	3.014e-01	2.491e-01	4.187e-01	4.377e-01	3.854e-01	6.182e-01	7.456e-01	6.988e-01	8.129e-01
3.230e+04	7.173e-01	5.480e-01	9.000e-01	2.029e-01	1.850e-01	3.641e-01	3.014e-01	2.491e-01	4.187e-01	4.377e-01	3.854e-01	6.182e-01	7.456e-01	6.988e-01	8.129e-01
3.240e+04	7.173e-01	5.480e-01	9.000e-01	2.029e-01	1.850e-01	3.641e-01	3.014e-01	2.491e-01	4.187e-01	4.348e-01	3.854e-01	6.182e-01	7.456e-01	6.988e-01	8.129e-01
3.250e+04	7.173e-01	5.480e-01	9.000e-01	2.029e-01	1.850e-01	3.641e-01	3.014e-01	2.491e-01	4.187e-01	4.348e-01	3.854e-01	6.182e-01	7.456e-01	6.988e-01	8.129e-01
3.260e+04	7.173e-01	5.480e-01	9.000e-01	2.029e-01	1.850e-01	3.641e-01	3.014e-01	2.491e-01	4.187e-01	4.348e-01	3.854e-01	6.182e-01	7.456e-01	6.791e-01	8.129e-01
3.270e+04	7.173e-01	5.480e-01	9.000e-01	2.029e-01	1.850e-01	3.641e-01	3.014e-01	2.491e-01	4.187e-01	4.348e-01	3.795e-01	6.281e-01	7.456e-01	6.791e-01	8.129e-01
3.280e+04	7.173e-01	5.480e-01	9.000e-01	2.029e-01	1.850e-01	3.641e-01	3.014e-01	2.491e-01	4.187e-01	4.348e-01	3.795e-01	6.281e-01	7.456e-01	6.791e-01	8.129e-01
3.290e+04	7.173e-01	5.480e-01	9.000e-01	2.029e-01	1.850e-01	3.641e-01	3.014e-01	2.491e-01	4.187e-01	4.377e-01	3.795e-01	6.281e-01	7.456e-01	6.791e-01	8.129e-01
3.300e+04	7.173e-01	5.480e-01	9.000e-01	2.164e-01	1.867e-01	3.641e-01	3.014e-01	2.491e-01	4.187e-01	4.377e-01	3.795e-01	6.281e-01	7.456e-01	6.791e-01	8.129e-01
3.310e+04	7.173e-01	5.480e-01	9.000e-01	2.164e-01	1.867e-01	3.641e-01	3.014e-01	2.491e-01	4.187e-01	4.377e-01	3.795e-01	6.281e-01	7.456e-01	6.791e-01	8.129e-01
3.320e+04	7.173e-01	5.480e-01	9.000e-01	2.164e-01	1.867e-01	3.641e-01	3.014e-01	2.491e-01	4.187e-01	4.348e-01	3.727e-01	6.281e-01	7.456e-01	6.791e-01	8.129e-01
3.330e+04	7.173e-01	5.480e-01	9.000e-01	2.164e-01	1.867e-01	3.641e-01	3.014e-01	2.491e-01	4.187e-01	4.348e-01	3.727e-01	6.281e-01	7.456e-01	6.791e-01	8.129e-01
3.340e+04	7.173e-01	5.480e-01	9.000e-01	2.029e-01	1.867e-01	3.641e-01	3.014e-01	2.491e-01	4.187e-01	4.348e-01	3.727e-01	6.281e-01	7.454e-01	6.791e-01	8.129e-01
3.350e+04	7.173e-01	5.480e-01	9.000e-01	2.029e-01	1.867e-01	3.641e-01	3.014e-01	2.491e-01	4.187e-01	4.348e-01	3.727e-01	6.281e-01	7.454e-01	6.730e-01	8.129e-01
3.360e+04	7.173e-01	5.480e-01	9.000e-01	2.029e-01	1.867e-01	3.641e-01	3.014e-01	2.491e-01	4.187e-01	4.348e-01	3.727e-01	6.281e-01	7.454e-01	6.730e-01	8.129e-01
3.370e+04	7.173e-01	5.480e-01	9.000e-01	2.029e-01	1.867e-01	3.641e-01	3.014e-01	2.491e-01	4.187e-01	4.348e-01	3.727e-01	6.281e-01	7.454e-01	6.730e-01	8.129e-01
3.380e+04	7.173e-01	5.480e-01	9.000e-01	2.029e-01	1.867e-01	3.641e-01	3.014e-01	2.491e-01	4.187e-01	4.348e-01	3.795e-01	6.281e-01	7.454e-01	6.730e-01	8.129e-01
3.390e+04	7.173e-01	5.480e-01	9.000e-01	2.029e-01	1.867e-01	3.641e-01	3.014e-01	2.491e-01	4.187e-01	4.300e-01	3.727e-01	6.281e-01	7.454e-01	6.730e-01	8.129e-01
3.400e+04	7.901e-01	5.480e-01	9.000e-01	2.029e-01	1.867e-01	3.641e-01	3.014e-01	2.491e-01	4.187e-01	4.300e-01	3.727e-01	6.281e-01	7.454e-01	6.730e-01	8.129e-01
3.410e+04	7.901e-01	5.480e-01	9.000e-01	2.029e-01	1.867e-01	3.641e-01	3.014e-01	2.491e-01	4.187e-01	4.300e-01	3.727e-01	6.281e-01	7.454e-01	6.730e-01	8.129e-01
3.420e+04	7.901e-01	5.480e-01	9.000e-01	2.029e-01	1.867e-01	3.641e-01	3.014e-01	2.491e-01	4.187e-01	4.300e-01	3.727e-01	6.281e-01	7.454e-01	6.730e-01	8.129e-01
3.430e+04	7.901e-01	5.480e-01	9.000e-01	2.029e-01	1.867e-01	3.641e-01	3.014e-01	2.491e-01	4.187e-01	4.300e-01	3.727e-01	6.281e-01	7.454e-01	6.730e-01	8.129e-01
3.440e+04	7.901e-01	5.480e-01	9.000e-01	2.029e-01	1.867e-01	3.641e-01	3.014e-01	2.491e-01	4.187e-01	4.300e-01	3.727e-01	6.281e-01	7.454e-01	6.730e-01	8.105e-01
3.450e+04	7.901e-01	5.480e-01	9.000e-01	2.029e-01	1.867e-01	3.641e-01	3.014e-01	2.491e-01	4.187e-01	4.300e-01	3.795e-01	6.281e-01	7.454e-01	6.730e-01	8.105e-01
3.460e+04	7.901e-01	5.480e-01	9.000e-01	2.029e-01	1.867e-01	3.641e-01	3.014e-01	2.491e-01	4.187e-01	4.300e-01	3.795e-01	6.281e-01	7.454e-01	6.730e-01	8.105e-01
3.470e+04	7.901e-01	5.480e-01	9.000e-01	2.029e-01	1.867e-01	3.641e-01	3.014e-01	2.486e-01	4.187e-01	4.300e-01	3.795e-01	6.281e-01	7.454e-01	6.843e-01	8.105e-01
3.480e+04	7.901e-01	5.480e-01	9.000e-01	2.029e-01	1.867e-01	3.641e-01	3.014e-01	2.486e-01	4.187e-01	4.300e-01	3.795e-01	6.281e-01	7.454e-01	6.843e-01	8.105e-01
3.490e+04	7.901e-01	5.480e-01	9.000e-01	2.029e-01	1.867e-01	3.641e-01	3.014e-01	2.486e-01	4.187e-01	4.300e-01	3.795e-01	6.281e-01	7.454e-01	6.843e-01	8.105e-01
3.500e+04	7.901e-01	5.480e-01	9.000e-01	2.026e-01	1.867e-01	3.641e-01	3.014e-01	2.486e-01	4.187e-01	4.300e-01	3.795e-01	6.281e-01	7.454e-01	6.843e-01	8.105e-01
3.510e+04	7.901e-01	5.480e-01	9.000e-01	2.026e-01	1.867e-01	3.641e-01	3.014e-01	2.486e-01	4.187e-01	4.300e-01	3.795e-01	6.281e-01	7.454e-01	6.843e-01	8.105e-01
3.520e+04	7.901e-01	5.480e-01	9.000e-01	2.029e-01	1.867e-01	4.469e-01	3.014e-01	2.486e-01	4.187e-01	4.300e-01	3.795e-01	6.281e-01	7.454e-01	6.843e-01	8.105e-01
3.530e+04	7.901e-01	5.480e-01	9.000e-01	2.026e-01	1.850e-01	4.469e-01	3.014e-01	2.486e-01	4.187e-01	4.300e-01	3.795e-01	6.281e-01	7.454e-01	6.843e-01	8.105e-01
3.540e+04	7.901e-01	5.480e-01	9.000e-01	2.026e-01	1.850e-01	4.469e-01	3.014e-01	2.486e-01	4.187e-01	4.300e-01	3.795e-01	6.281e-01	7.454e-01	6.843e-01	8.105e-01
3.550e+04	7.901e-01	5.480e-01	9.000e-01	2.026e-01	1.850e-01	4.469e-01	3.014e-01	2.486e-01	4.187e-01	4.300e-01	3.795e-01	6.281e-01	7.454e-01	6.843e-01	8.105e-01
3.560e+04	7.901e-01	5.480e-01	9.000e-01	2.026e-01	1.850e-01	4.469e-01	3.014e-01	2.486e-01	4.187e-01	4.300e-01	3.795e-01	6.281e-01	7.454e-01	6.843e-01	8.105e-01
3.570e+04	7.901e-01	5.480e-01	9.000e-01	2.026e-01	1.850e-01	4.469e-01	3.014e-01	2.486e-01	4.187e-01	4.300e-01	3.795e-01	6.281e-01	7.454e-01	6.843e-01	8.105e-01
3.580e+04	7.918e-01	5.544e-01	9.000e-01	2.026e-01	1.850e-01	4.469e-01	3.014e-01	2.486e-01	4.187e-01	4.300e-01	3.795e-01	6.281e-01	7.454e-01	6.843e-01	8.105e-01
3.590e+04	7.918e-01	5.544e-01	9.000e-01	2.026e-01	1.850e-01	4.469e-01	3.014e-01	2.486e-01	4.187e-01	4.300e-01	3.795e-01	6.281e-01	7.454e-01	6.843e-01	8.105e-01
3.600e+04	7.918e-01	5.544e-01	9.000e-01	2.026e-01	1.850e-01	4.469e-01	3.014e-01	2.486e-01	4.187e-01	4.300e-01	3.795e-01	6.155e-01	7.454e-01	6.843e-01	8.105e-01
3.610e+04	8.044e-01	5.571e-01	9.000e-01	2.026e-01	1.850e-01	4.469e-01	3.014e-01	2.486e-01	4.187e-01	4.300e-01	3.795e-01	6.155e-01	7.454e-01	6.843e-01	8.105e-01
3.620e+04	8.044e-01	5.571e-01	9.000e-01	2.026e-01	1.850e-01	4.469e-01	3.014e-01	2.486e-01	4.187e-01	4.300e-01	3.795e-01	6.155e-01	7.454e-01	6.843e-01	8.105e-01
3.630e+04	8.044e-01	5.571e-01	9.000e-01	2.026e-01	1.850e-01	4.469e-01	3.014e-01	2.486e-01	4.187e-01	4.221e-01	3.727e-01	6.155e-01	7.454e-01	6.843e-01	8.105e-01
3.640e+04	8.044e-01	5.571e-01	9.000e-01	2.026e-01	1.850e-01	4.469e-01	3.014e-01	2.486e-01	4.187e-01	4.221e-01	3.727e-01	6.155e-01	7.454e-01	6.843e-01	8.105e-01
3.650e+04	8.044e-01	5.571e-01	9.000e-01	2.026e-01	1.850e-01	4.469e-01	3.014e-01	2.486e-01	4.187e-01	4.221e-01	3.727e-01	6.155e-01	7.454e-01	6.843e-01	8.105e-01
3.660e+04	8.044e-01	5.571e-01	9.000e-01	2.026e-01	1.850e-01	4.469e-01	3.014e-01	2.486e-01	4.187e-01	4.221e-01	3.727e-01	6.155e-01	7.454e-01	6.843e-01	8.105e-01
3.670e+04	8.044e-01	5.571e-01	9.000e-01	2.026e-01	1.850e-01	4.469e-01	3.014e-01	2.486e-01	4.187e-01	4.221e-01	3.727e-01	6.155e-01	7.454e-01	6.843e-01	8.105e-01
3.680e+04	8.044e-01	5.571e-01	9.000e-01	2.026e-01	1.850e-01	4.469e-01	3.014e-01	2.486e-01	4.187e-01	4.221e-01	3.727e-01	6.155e-01	7.454e-01	6.843e-01	8.105e-01
3.690e+04	8.044e-01	5.571e-01	9.000e-01	2.026e-01	1.850e-01	4.469e-01	3.014e-01	2.486e-01	4.187e-01	4.221e-01	3.727e-01	6.155e-01	7.454e-01	6.843e-01	8.105e-01
3.700e+04	8.044e-01	5.571e-01	9.000e-01	2.026e-01	1.850e-01	4.469e-01	3.014e-01	2.486e-01	4.187e-01	4.221e-01	3.727e-01	6.155e-01	7.454e-01	6.843e-01	8.105e-01
3.710e+04	8.044e-01	5.571e-01	9.000e-01	2.026e-01	1.850e-01	4.469e-01	3.014e-01	2.486e-01	4.187e-01	4.300e-01	3.795e-01	6.155e-01	7.454e-01	6.843e-01	8.105e-01
3.720e+04	8.044e-01	5.571e-01	9.000e-01	2.026e-01	1.850e-01	4.469e-01	3.014e-01	2.486e-01	4.187e-01	4.300e-01	3.795e-01	6.155e-01	7.454e-01	6.843e-01	8.105e-01
3.730e+04	8.044e-01	5.571e-01	9.000e-01	2.026e-01	1.850e-01	4.469e-01	3.014e-01	2.486e-01	4.187e-01	4.292e-01	3.795e-01	6.155e-01	7.454e-01	6.843e-01	8.105e-01
3.740e+04	8.044e-01	5.571e-01	9.000e-01	2.026e-01	1.850e-01	4.469e-01	3.014e-01	2.486e-01	4.187e-01	4.221e-01	3.727e-01	6.155e-01	7.454e-01	6.843e-01	8.105e-01
3.750e+04	8.044e-01	5.571e-01	9.000e-01	2.026e-01	1.850e-01	4.469e-01	3.014e-01	2.486e-01	4.187e-01	4.221e-01	3.727e-01	6.155e-01	7.454e-01	6.843e-01	8.105e-01
3.760e+04	7.918e-01	5.544e-01	9.000e-01	2.026e-01	1.850e-01	4.469e-01	3.014e-01	2.486e-01	4.187e-01	4.221e-01	3.795e-01	6.155e-01	7.454e-01	6.843e-01	8.105e-01
3.770e+04	7.918e-01	5.544e-01	9.000e-01	2.026e-01	1.850e-01	4.469e-01	3.014e-01	2.486e-01	4.187e-01	4.221e-01	3.795e-01	6.155e-01	7.454e-01	6.843e-01	8.105e-01
3.780e+04	7.918e-01	5.544e-01	9.000e-01	2.026e-01	1.850e-01	4.469e-01	3.014e-01	2.486e-01	4.233e-01	4.221e-01	3.795e-01	6.155e-01	7.454e-01	6.843e-01	8.105e-01
3.790e+04	7.918e-01	5.544e-01	9.000e-01	2.029e-01	1.867e-01	4.469e-01	3.014e-01	2.486e-01	4.233e-01	4.221e-01	3.795e-01	6.155e-01	7.454e-01	6.843e-01	8.105e-01
3.800e+04	7.918e-01	5.544e-01	9.000e-01	2.029e-01	1.867e-01	4.469e-01	3.014e-01	2.486e-01	4.233e-01	4.221e-01	3.795e-01	6.155e-01	7.454e-01	6.843e-01	8.105e-01
3.810e+04	7.918e-01	5.544e-01	9.000e-01	2.029e-01	1.867e-01	4.469e-01	3.014e-01	2.486e-01	4.233e-01	4.221e-01	3.795e-01	6.155e-01	7.454e-01	6.843e-01	8.105e-01
3.820e+04	7.918e-01	5.544e-01	9.000e-01	2.029e-01	1.867e-01	4.469e-01	3.014e-01	2.486e-01	4.233e-01	4.221e-01	3.795e-01	6.155e-01	7.454e-01	6.843e-01	8.105e-01
3.830e+04	7.918e-01	5.544e-01	9.000e-01	2.029e-01	1.867e-01	4.469e-01	3.014e-01	2.486e-01	4.233e-01	4.221e-01	3.795e-01	6.155e-01	7.454e-01	6.843e-01	8.105e-01
3.840e+04	7.918e-01	5.480e-01	9.000e-01	2.029e-01	1.867e-01	4.469e-01	3.014e-01	2.486e-01	4.233e-01	4.221e-01	3.795e-01	6.155e-01	7.454e-01	6.843e-01	8.105e-01
3.850e+04	7.918e-01	5.480e-01	9.000e-01	2.029e-01	1.867e-01	4.469e-01	3.014e-01	2.486e-01	4.233e-01	4.221e-01	3.795e-01	6.155e-01	7.454e-01	6.843e-01	8.105e-01
3.860e+04	7.918e-01	5.480e-01	9.000e-01	2.029e-01	1.867e-01	4.469e-01	3.014e-01	2.486e-01	4.233e-01	4.221e-01	3.795e-01	6.155e-01	7.454e-01	6.843e-01	8.105e-01
3.870e+04	7.918e-01	5.480e-01	9.000e-01	2.029e-01	1.867e-01	4.469e-01	3.014e-01	2.486e-01	4.233e-01	4.221e-01	3.795e-01	6.155e-01	7.454e-01	6.843e-01	8.105e-01
3.880e+04	7.918e-01	5.480e-01	9.000e-01	2.029e-01	1.867e-01	4.469e-01	3.014e-01	2.486e-01	4.233e-01	4.221e-01	3.795e-01	6.155e-01	7.454e-01	6.843e-01	8.105e-01
3.890e+04	7.918e-01	5.480e-01	9.000e-01	2.029e-01	1.867e-01	4.469e-01	3.014e-01	2.486e-01	4.233e-01	4.221e-01	3.795e-01	6.155e-01	7.454e-01	6.843e-01	8.105e-01
3.900e+04	7.918e-01	5.480e-01	9.000e-01	2.029e-01	1.867e-01	4.469e-01	3.014e-01	2.486e-01	4.233e-01	4.221e-01	3.795e-01	6.155e-01	7.454e-01	6.843e-01	8.105e-01
3.910e+04	7.918e-01	5.480e-01	9.000e-01	2.029e-01	1.867e-01	4.469e-01	3.014e-01	2.486e-01	4.233e-01	4.221e-01	3.795e-01	6.155e-01	7.454e-01	6.843e-01	8.105e-01
3.920e+04	7.918e-01	5.480e-01	9.000e-01	2.029e-01	1.867e-01	4.469e-01	3.014e-01	2.486e-01	4.233e-01	4.221e-01	3.795e-01	6.155e-01	7.454e-01	6.843e-01	8.105e-01
3.930e+04	7.918e-01	5.480e-01	9.000e-01	2.029e-01	1.867e-01	4.469e-01	3.014e-01	2.486e-01	4.233e-01	4.221e-01	3.795e-01	6.155e-01	7.454e-01	6.843e-01	8.105e-01
3.940e+04	7.918e-01	5.480e-01	9.000e-01	2.029e-01	1.867e-01	4.469e-01	3.014e-01	2.486e-01	4.233e-01	4.221e-01	3.795e-01	6.155e-01	7.454e-01	6.843e-01	8.105e-01
3.950e+04	7.918e-01	5.480e-01	9.000e-01	2.029e-01	1.867e-01	4.469e-01	3.014e-01	2.486e-01	4.233e-01	4.221e-01	3.795e-01	6.155e-01	7.454e-01	6.843e-01	8.105e-01
3.960e+04	7.918e-01	5.480e-01	9.000e-01	2.029e-01	1.867e-01	4.469e-01	3.014e-01	2.486e-01	4.233e-01	4.221e-01	3.663e-01	6.155e-01	7.454e-01	6.843e-01	8.105e-01
3.970e+04	7.918e-01	5.480e-01	9.000e-01	2.029e-01	1.867e-01	4.469e-01	3.014e-01	2.486e-01	4.233e-01	4.175e-01	3.663e-01	6.155e-01	7.454e-01	6.843e-01	8.105e-01
3.980e+04	7.918e-01	5.480e-01	9.000e-01	2.029e-01	1.867e-01	3.320e-01	3.014e-01	2.486e-01	4.233e-01	4.175e-01	3.663e-01	6.155e-01	7.454e-01	6.843e-01	8.105e-01
3.990e+04	7.918e-01	5.480e-01	9.000e-01	2.029e-01	1.867e-01	3.320e-01	3.014e-01	2.486e-01	4.233e-01	4.175e-01	3.663e-01	6.155e-01	7.454e-01	6.843e-01	8.105e-01
4.000e+04	7.918e-01	5.480e-01	9.000e-01	2.029e-01	1.867e-01	3.320e-01	3.014e-01	2.486e-01	4.233e-01	4.221e-01	3.663e-01	6.155e-01	7.454e-01	6.843e-01	8.105e-01
4.010e+04	7.918e-01	5.480e-01	9.000e-01	2.029e-01	1.867e-01	3.320e-01	3.014e-01	2.486e-01	4.233e-01	4.221e-01	3.663e-01	6.155e-01	7.454e-01	6.843e-01	8.105e-01
4.020e+04	7.918e-01	5.480e-01	9.000e-01	2.029e-01	1.867e-01	3.320e-01	3.014e-01	2.486e-01	4.233e-01	4.300e-01	3.663e-01	6.281e-01	7.454e-01	6.843e-01	8.105e-01
4.030e+04	7.918e-01	5.480e-01	9.000e-01	2.029e-01	1.867e-01	3.320e-01	3.014e-01	2.486e-01	4.233e-01	4.300e-01	3.663e-01	6.281e-01	7.454e-01	6.843e-01	8.105e-01
4.040e+04	7.918e-01	5.480e-01	9.000e-01	2.029e-01	1.867e-01	3.320e-01	3.014e-01	2.486e-01	4.233e-01	4.300e-01	3.672e-01	6.281e-01	7.454e-01	6.843e-01	8.105e-01
4.050e+04	7.918e-01	5.480e-01	9.000e-01	2.057e-01	1.870e-01	3.320e-01	3.014e-01	2.486e-01	4.233e-01	4.300e-01	3.672e-01	6.281e-01	7.454e-01	6.843e-01	8.105e-01
4.060e+04	7.918e-01	5.480e-01	9.000e-01	2.057e-01	1.870e-01	3.320e-01	3.014e-01	2.486e-01	4.233e-01	4.300e-01	3.672e-01	6.281e-01	7.454e-01	6.843e-01	8.105e-01
4.070e+04	7.918e-01	5.480e-01	9.000e-01	2.057e-01	1.870e-01	3.320e-01	3.014e-01	2.486e-01	4.233e-01	4.300e-01	3.672e-01	6.281e-01	7.454e-01	6.843e-01	8.105e-01
4.080e+04	7.918e-01	5.480e-01	9.000e-01	2.057e-01	1.870e-01	3.320e-01	3.014e-01	2.486e-01	4.233e-01	4.300e-01	3.672e-01	6.281e-01	7.454e-01	6.843e-01	8.105e-01
4.090e+04	7.918e-01	5.480e-01	9.000e-01	2.029e-01	1.870e-01	3.320e-01	3.014e-01	2.486e-01	4.233e-01	4.300e-01	3.672e-01	6.281e-01	7.454e-01	6.843e-01	8.105e-01
4.100e+04	7.918e-01	5.480e-01	9.000e-01	2.029e-01	1.870e-01	3.320e-01	3.014e-01	2.486e-01	4.233e-01	4.300e-01	3.672e-01	6.281e-01	7.454e-01	6.843e-01	8.105e-01
4.110e+04	7.901e-01	5.480e-01	9.000e-01	2.029e-01	1.870e-01	3.320e-01	3.014e-01	2.486e-01	4.233e-01	4.300e-01	3.672e-01	6.281e-01	7.454e-01	6.424e-01	8.105e-01
4.120e+04	7.901e-01	5.480e-01	9.000e-01	2.029e-01	1.870e-01	3.320e-01	3.014e-01	2.486e-01	4.233e-01	4.300e-01	3.672e-01	6.281e-01	7.454e-01	6.424e-01	8.105e-01
4.130e+04	7.901e-01	5.480e-01	9.000e-01	2.029e-01	1.870e-01	3.320e-01	3.014e-01	2.486e-01	4.233e-01	4.300e-01	3.672e-01	6.281e-01	7.454e-01	6.424e-01	8.105e-01
4.140e+04	7.901e-01	5.480e-01	9.000e-01	2.029e-01	1.870e-01	3.320e-01	3.014e-01	2.486e-01	4.233e-01	4.300e-01	3.672e-01	6.281e-01	7.454e-01	6.424e-01	8.105e-01
4.150e+04	7.901e-01	5.480e-01	9.000e-01	2.029e-01	1.870e-01	3.320e-01	3.014e-01	2.486e-01	4.233e-01	4.300e-01	3.672e-01	6.281e-01	7.454e-01	6.424e-01	8.105e-01
4.160e+04	7.901e-01	5.480e-01	9.000e-01	2.029e-01	1.870e-01	3.320e-01	3.014e-01	2.486e-01	4.233e-01	4.300e-01	3.672e-01	6.281e-01	7.454e-01	6.424e-01	8.105e-01
4.170e+04	7.901e-01	5.480e-01	9.000e-01	2.029e-01	1.870e-01	3.320e-01	3.014e-01	2.486e-01	4.233e-01	4.300e-01	3.672e-01	6.281e-01	7.453e-01	6.104e-01	8.021e-01
4.180e+04	7.901e-01	5.480e-01	9.000e-01	2.029e-01	1.870e-01	3.320e-01	3.014e-01	2.486e-01	4.233e-01	4.300e-01	3.672e-01	6.281e-01	7.453e-01	6.104e-01	8.021e-01
4.190e+04	7.901e-01	5.480e-01	9.000e-01	2.029e-01	1.870e-01	3.320e-01	3.014e-01	2.486e-01	4.233e-01	4.300e-01	3.672e-01	6.281e-01	7.453e-01	6.104e-01	8.021e-01
4.200e+04	7.901e-01	5.480e-01	9.000e-01	2.029e-01	1.870e-01	3.320e-01	3.014e-01	2.486e-01	4.233e-01	4.300e-01	3.672e-01	6.281e-01	7.453e-01	6.104e-01	8.021e-01
4.210e+04	7.901e-01	5.480e-01	9.000e-01	2.029e-01	1.870e-01	3.320e-01	3.014e-01	2.486e-01	4.233e-01	4.300e-01	3.672e-01	6.281e-01	7.453e-01	6.104e-01	8.021e-01
4.220e+04	7.901e-01	5.480e-01	9.000e-01	2.029e-01	1.870e-01	3.320e-01	3.014e-01	2.486e-01	4.233e-01	4.300e-01	3.672e-01	6.281e-01	7.453e-01	6.104e-01	8.021e-01
4.230e+04	7.901e-01	5.480e-01	9.000e-01	2.029e-01	1.870e-01	3.320e-01	3.014e-01	2.486e-01	4.233e-01	4.300e-01	3.672e-01	6.281e-01	7.453e-01	6.104e-01	8.021e-01
4.240e+04	7.901e-01	5.480e-01	9.000e-01	2.057e-01	1.881e-01	4.469e-01	3.014e-01	2.486e-01	4.233e-01	4.300e-01	3.672e-01	6.281e-01	7.453e-01	6.104e-01	8.021e-01
4.250e+04	7.901e-01	5.480e-01	9.000e-01	2.057e-01	1.881e-01	4.469e-01	3.014e-01	2.486e-01	4.233e-01	4.300e-01	3.672e-01	6.281e-01	7.453e-01	6.104e-01	8.021e-01
4.260e+04	7.901e-01	5.480e-01	9.000e-01	2.057e-01	1.881e-01	4.469e-01	3.014e-01	2.486e-01	4.233e-01	4.300e-01	3.672e-01	6.281e-01	7.453e-01	6.104e-01	8.021e-01
4.270e+04	7.901e-01	5.480e-01	9.000e-01	2.057e-01	1.881e-01	4.469e-01	3.014e-01	2.486e-01	4.233e-01	4.300e-01	3.672e-01	6.281e-01	7.453e-01	6.104e-01	8.021e-01
4.280e+04	7.901e-01	5.480e-01	9.000e-01	2.057e-01	1.881e-01	4.469e-01	3.014e-01	2.486e-01	4.233e-01	4.300e-01	3.672e-01	6.281e-01	7.453e-01	6.104e-01	8.021e-01
4.290e+04	7.901e-01	5.480e-01	9.000e-01	2.057e-01	1.881e-01	4.469e-01	3.014e-01	2.486e-01	4.233e-01	4.300e-01	3.672e-01	6.281e-01	7.453e-01	6.104e-01	8.021e-01
4.300e+04	7.901e-01	5.480e-01	9.000e-01	2.057e-01	1.881e-01	4.469e-01	3.014e-01	2.486e-01	4.233e-01	4.300e-01	3.672e-01	6.281e-01	7.453e-01	6.104e-01	8.021e-01
4.310e+04	7.901e-01	5.480e-01	9.000e-01	2.057e-01	1.881e-01	4.469e-01	3.014e-01	2.486e-01	4.233e-01	4.300e-01	3.672e-01	6.281e-01	7.453e-01	6.104e-01	8.021e-01
4.320e+04	7.901e-01	5.480e-01	9.000e-01	2.057e-01	1.881e-01	4.469e-01	3.014e-01	2.486e-01	4.233e-01	4.300e-01	3.672e-01	6.281e-01	7.453e-01	6.104e-01	8.021e-01
4.330e+04	7.901e-01	5.480e-01	9.000e-01	2.057e-01	1.881e-01	4.570e-01	3.014e-01	2.486e-01	4.233e-01	4.300e-01	3.672e-01	6.281e-01	7.453e-01	6.104e-01	8.021e-01
4.340e+04	7.901e-01	5.480e-01	9.000e-01	2.057e-01	1.881e-01	4.570e-01	3.014e-01	2.486e-01	4.233e-01	4.300e-01	3.672e-01	6.281e-01	7.453e-01	6.104e-01	8.021e-01
4.350e+04	7.901e-01	5.480e-01	9.000e-01	2.057e-01	1.881e-01	4.570e-01	3.014e-01	2.486e-01	4.233e-01	4.300e-01	3.672e-01	6.281e-01	7.453e-01	6.104e-01	8.021e-01
4.360e+04	7.901e-01	5.480e-01	9.000e-01	2.057e-01	1.881e-01	4.570e-01	3.014e-01	2.486e-01	4.233e-01	4.300e-01	3.672e-01	6.281e-01	7.453e-01	6.104e-01	8.021e-01
4.370e+04	7.901e-01	5.480e-01	9.000e-01	2.057e-01	1.881e-01	4.570e-01	3.014e-01	2.486e-01	4.233e-01	4.300e-01	3.672e-01	6.281e-01	7.453e-01	6.104e-01	8.021e-01
4.380e+04	7.901e-01	5.480e-01	9.000e-01	2.057e-01	1.881e-01	4.570e-01	3.014e-01	2.486e-01	4.265e-01	4.300e-01	3.672e-01	6.281e-01	7.453e-01	6.104e-01	8.021e-01
4.390e+04	7.901e-01	5.480e-01	9.000e-01	2.164e-01	1.889e-01	4.627e-01	3.014e-01	2.486e-01	4.265e-01	4.300e-01	3.672e-01	6.281e-01	7.453e-01	6.104e-01	8.021e-01
4.400e+04	7.901e-01	5.480e-01	9.000e-01	2.164e-01	1.889e-01	4.627e-01	3.014e-01	2.486e-01	4.265e-01	4.300e-01	3.672e-01	6.281e-01	7.453e-01	6.104e-01	8.021e-01
4.410e+04	7.901e-01	5.480e-01	9.000e-01	2.164e-01	1.889e-01	4.627e-01	3.014e-01	2.486e-01	4.265e-01	4.300e-01	3.672e-01	6.281e-01	7.453e-01	6.104e-01	8.021e-01
4.420e+04	7.901e-01	5.480e-01	9.000e-01	2.164e-01	1.889e-01	4.627e-01	3.014e-01	2.486e-01	4.265e-01	4.300e-01	3.672e-01	6.281e-01	7.453e-01	6.104e-01	8.021e-01
4.430e+04	7.901e-01	5.480e-01	9.000e-01	2.164e-01	1.889e-01	4.627e-01	3.014e-01	2.486e-01	4.265e-01	4.300e-01	3.672e-01	6.281e-01	7.453e-01	6.104e-01	8.021e-01
4.440e+04	7.901e-01	5.480e-01	9.000e-01	2.164e-01	1.889e-01	4.627e-01	3.014e-01	2.486e-01	4.265e-01	4.300e-01	3.672e-01	6.281e-01	7.453e-01	6.104e-01	8.021e-01
4.450e+04	7.901e-01	5.480e-01	9.000e-01	2.164e-01	1.889e-01	4.627e-01	3.014e-01	2.486e-01	4.265e-01	4.300e-01	3.672e-01	6.281e-01	7.453e-01	6.255e-01	8.021e-01
4.460e+04	7.901e-01	5.480e-01	9.000e-01	2.164e-01	1.889e-01	4.627e-01	3.014e-01	2.486e-01	4.265e-01	4.300e-01	3.672e-01	6.281e-01	7.453e-01	6.255e-01	8.021e-01
4.470e+04	7.901e-01	5.480e-01	9.000e-01	2.164e-01	1.889e-01	4.627e-01	3.014e-01	2.486e-01	4.265e-01	4.300e-01	3.672e-01	6.281e-01	7.453e-01	6.255e-01	8.021e-01
4.480e+04	7.901e-01	5.480e-01	9.000e-01	2.164e-01	1.889e-01	4.627e-01	3.014e-01	2.486e-01	4.265e-01	4.300e-01	3.672e-01	6.281e-01	7.453e-01	6.255e-01	8.021e-01
4.490e+04	7.901e-01	5.480e-01	9.000e-01	2.256e-01	1.889e-01	5.223e-01	3.014e-01	2.486e-01	4.265e-01	4.300e-01	3.672e-01	6.281e-01	7.453e-01	6.255e-01	8.021e-01
4.500e+04	7.901e-01	5.480e-01	9.000e-01	2.256e-01	1.889e-01	5.223e-01	3.014e-01	2.486e-01	4.265e-01	4.300e-01	3.672e-01	6.281e-01	7.453e-01	6.255e-01	8.021e-01
4.510e+04	7.901e-01	5.480e-01	9.000e-01	2.256e-01	1.889e-01	5.223e-01	3.014e-01	2.486e-01	4.265e-01	4.300e-01	3.672e-01	6.281e-01	7.453e-01	6.255e-01	8.021e-01
4.520e+04	7.901e-01	5.480e-01	9.000e-01	2.256e-01	1.889e-01	5.255e-01	3.014e-01	2.486e-01	4.265e-01	4.300e-01	3.672e-01	6.281e-01	7.453e-01	6.255e-01	8.021e-01
4.530e+04	7.901e-01	5.480e-01	9.000e-01	2.256e-01	1.889e-01	5.223e-01	3.014e-01	2.486e-01	4.265e-01	4.300e-01	3.672e-01	6.281e-01	7.453e-01	6.255e-01	8.021e-01
4.540e+04	7.901e-01	5.480e-01	9.000e-01	2.256e-01	1.889e-01	5.223e-01	3.014e-01	2.486e-01	4.265e-01	4.300e-01	3.672e-01	6.281e-01	7.453e-01	6.255e-01	8.021e-01
4.550e+04	7.901e-01	5.480e-01	9.000e-01	2.256e-01	1.889e-01	5.223e-01	3.014e-01	2.486e-01	4.265e-01	4.300e-01	3.672e-01	6.281e-01	7.453e-01	6.255e-01	8.021e-01
4.560e+04	7.901e-01	5.480e-01	9.000e-01	2.256e-01	1.889e-01	5.223e-01	3.014e-01	2.486e-01	4.265e-01	4.300e-01	3.672e-01	6.281e-01	7.453e-01	6.255e-01	8.021e-01
4.570e+04	7.901e-01	5.480e-01	9.000e-01	2.256e-01	1.889e-01	5.223e-01	3.063e-01	2.491e-01	4.265e-01	4.300e-01	3.672e-01	6.281e-01	7.453e-01	6.255e-01	8.021e-01
4.580e+04	7.901e-01	5.480e-01	9.000e-01	2.256e-01	1.889e-01	5.223e-01	3.063e-01	2.491e-01	4.265e-01	4.300e-01	3.672e-01	6.281e-01	7.453e-01	6.255e-01	8.021e-01
4.590e+04	7.173e-01	5.063e-01	9.000e-01	2.256e-01	1.889e-01	5.223e-01	3.063e-01	2.491e-01	4.265e-01	4.300e-01	3.672e-01	6.281e-01	7.453e-01	6.255e-01	8.021e-01
4.600e+04	7.173e-01	5.063e-01	9.000e-01	2.256e-01	1.889e-01	5.223e-01	3.063e-01	2.491e-01	4.265e-01	4.300e-01	3.672e-01	6.281e-01	7.453e-01	6.255e-01	8.021e-01
4.610e+04	7.173e-01	5.063e-01	9.000e-01	2.256e-01	1.889e-01	5.223e-01	3.063e-01	2.491e-01	4.265e-01	4.300e-01	3.672e-01	6.281e-01	7.453e-01	6.255e-01	8.021e-01
4.620e+04	7.173e-01	5.063e-01	9.000e-01	2.402e-01	1.972e-01	5.223e-01	3.063e-01	2.491e-01	4.265e-01	4.300e-01	3.672e-01	6.281e-01	7.453e-01	6.255e-01	8.021e-01
4.630e+04	7.173e-01	5.063e-01	9.000e-01	2.402e-01	1.972e-01	5.223e-01	3.063e-01	2.491e-01	4.265e-01	4.300e-01	3.672e-01	6.281e-01	7.453e-01	6.255e-01	8.021e-01
4.640e+04	7.173e-01	5.063e-01	9.000e-01	2.402e-01	1.972e-01	5.223e-01	3.063e-01	2.491e-01	4.265e-01	4.300e-01	3.672e-01	6.281e-01	7.453e-01	6.255e-01	8.021e-01
4.650e+04	7.173e-01	5.063e-01	9.000e-01	2.402e-01	1.972e-01	5.223e-01	3.063e-01	2.491e-01	4.265e-01	4.377e-01	3.795e-01	6.281e-01	7.453e-01	6.255e-01	8.021e-01
4.660e+04	7.173e-01	5.063e-01	9.000e-01	2.402e-01	1.972e-01	5.223e-01	3.063e-01	2.491e-01	4.265e-01	4.377e-01	3.795e-01	6.281e-01	7.453e-01	6.255e-01	8.021e-01
4.670e+04	7.173e-01	5.063e-01	9.000e-01	2.402e-01	1.972e-01	5.223e-01	3.063e-01	2.491e-01	4.265e-01	4.300e-01	3.795e-01	6.281e-01	7.453e-01	6.255e-01	8.021e-01
4.680e+04	7.173e-01	5.063e-01	9.000e-01	2.402e-01	1.972e-01	5.223e-01	3.063e-01	2.491e-01	4.265e-01	4.300e-01	3.795e-01	6.281e-01	7.453e-01	6.255e-01	8.021e-01
4.690e+04	7.173e-01	5.063e-01	9.000e-01	2.402e-01	1.972e-01	5.223e-01	3.063e-01	2.491e-01	4.265e-01	4.300e-01	3.795e-01	6.281e-01	7.453e-01	6.255e-01	8.021e-01
4.700e+04	7.173e-01	5.063e-01	9.000e-01	2.402e-01	1.972e-01	5.223e-01	3.063e-01	2.491e-01	4.265e-01	4.300e-01	3.795e-01	6.281e-01	7.453e-01	6.255e-01	8.021e-01
4.710e+04	7.173e-01	5.063e-01	9.000e-01	2.402e-01	1.972e-01	5.223e-01	3.063e-01	2.491e-01	4.265e-01	4.300e-01	3.795e-01	6.281e-01	7.453e-01	6.255e-01	8.021e-01
4.720e+04	7.173e-01	5.063e-01	9.000e-01	2.402e-01	1.972e-01	5.223e-01	3.063e-01	2.491e-01	4.265e-01	4.300e-01	3.795e-01	6.281e-01	7.453e-01	6.255e-01	8.021e-01
4.730e+04	7.173e-01	5.063e-01	9.000e-01	2.402e-01	1.972e-01	5.223e-01	3.063e-01	2.491e-01	4.265e-01	4.300e-01	3.795e-01	6.281e-01	7.453e-01	6.255e-01	8.021e-01
4.740e+04	7.173e-01	5.063e-01	9.000e-01	2.402e-01	1.972e-01	5.223e-01	3.063e-01	2.491e-01	4.265e-01	4.300e-01	3.795e-01	6.281e-01	7.453e-01	6.255e-01	8.021e-01
4.750e+04	7.081e-01	5.063e-01	9.000e-01	2.402e-01	1.972e-01	5.223e-01	3.063e-01	2.491e-01	4.265e-01	4.300e-01	3.813e-01	6.281e-01	7.453e-01	6.255e-01	8.021e-01
4.760e+04	7.081e-01	5.063e-01	9.000e-01	2.402e-01	1.972e-01	5.223e-01	3.063e-01	2.491e-01	4.265e-01	4.300e-01	3.813e-01	6.281e-01	7.453e-01	6.255e-01	8.021e-01
4.770e+04	7.437e-01	5.480e-01	9.000e-01	2.402e-01	1.972e-01	5.223e-01	3.063e-01	2.491e-01	4.265e-01	4.300e-01	3.813e-01	6.281e-01	7.453e-01	6.255e-01	8.021e-01
4.780e+04	7.437e-01	5.480e-01	9.000e-01	2.402e-01	1.972e-01	5.223e-01	3.063e-01	2.491e-01	4.265e-01	4.300e-01	3.813e-01	6.281e-01	7.453e-01	6.255e-01	8.021e-01
4.790e+04	7.437e-01	5.480e-01	9.000e-01	2.402e-01	1.972e-01	5.223e-01	3.063e-01	2.491e-01	4.265e-01	4.300e-01	3.813e-01	6.281e-01	7.453e-01	6.255e-01	8.021e-01
4.800e+04	7.437e-01	5.480e-01	9.000e-01	2.402e-01	1.972e-01	5.223e-01	3.063e-01	2.491e-01	4.265e-01	4.300e-01	3.813e-01	6.281e-01	7.453e-01	6.255e-01	8.021e-01
4.810e+04	7.437e-01	5.480e-01	9.000e-01	2.402e-01	1.972e-01	5.223e-01	3.063e-01	2.491e-01	4.265e-01	4.300e-01	3.813e-01	6.281e-01	7.453e-01	6.255e-01	8.021e-01
4.820e+04	7.437e-01	5.480e-01	9.000e-01	2.402e-01	1.972e-01	5.223e-01	3.063e-01	2.491e-01	4.265e-01	4.300e-01	3.813e-01	6.281e-01	7.453e-01	6.255e-01	8.021e-01
4.830e+04	7.437e-01	5.480e-01	9.000e-01	2.402e-01	1.972e-01	5.223e-01	3.063e-01	2.491e-01	4.265e-01	4.300e-01	3.813e-01	6.281e-01	7.453e-01	6.255e-01	8.021e-01
4.840e+04	7.437e-01	5.480e-01	9.000e-01	2.256e-01	1.889e-01	5.223e-01	3.063e-01	2.491e-01	4.265e-01	4.300e-01	3.813e-01	6.281e-01	7.453e-01	6.255e-01	8.021e-01
4.850e+04	7.437e-01	5.480e-01	9.000e-01	2.256e-01	1.889e-01	5.223e-01	3.063e-01	2.491e-01	4.265e-01	4.300e-01	3.813e-01	6.281e-01	7.453e-01	6.255e-01	8.021e-01
4.860e+04	7.437e-01	5.480e-01	9.000e-01	2.256e-01	1.889e-01	5.223e-01	3.063e-01	2.491e-01	4.265e-01	4.300e-01	3.813e-01	6.281e-01	7.453e-01	6.255e-01	8.021e-01
4.870e+04	7.437e-01	5.480e-01	9.000e-01	2.256e-01	1.889e-01	5.223e-01	3.063e-01	2.491e-01	4.265e-01	4.300e-01	3.813e-01	6.281e-01	7.453e-01	6.255e-01	8.021e-01
4.880e+04	7.437e-01	5.480e-01	9.000e-01	2.256e-01	1.889e-01	5.223e-01	3.063e-01	2.491e-01	4.265e-01	4.300e-01	3.813e-01	6.281e-01	7.453e-01	6.255e-01	8.021e-01
4.890e+04	7.437e-01	5.480e-01	9.000e-01	2.256e-01	1.889e-01	5.223e-01	3.063e-01	2.491e-01	4.265e-01	4.300e-01	3.813e-01	6.281e-01	7.453e-01	6.255e-01	8.021e-01
4.900e+04	7.437e-01	5.480e-01	9.000e-01	2.256e-01	1.889e-01	5.223e-01	3.063e-01	2.491e-01	4.265e-01	4.300e-01	3.813e-01	6.281e-01	7.453e-01	6.255e-01	8.021e-01
4.910e+04	7.437e-01	5.480e-01	9.000e-01	2.256e-01	1.889e-01	5.223e-01	3.063e-01	2.491e-01	4.265e-01	4.300e-01	3.813e-01	6.281e-01	7.453e-01	6.255e-01	8.021e-01
4.920e+04	7.437e-01	5.480e-01	9.000e-01	2.256e-01	1.889e-01	5.223e-01	3.063e-01	2.491e-01	4.265e-01	4.300e-01	3.813e-01	6.281e-01	7.453e-01	6.255e-01	8.021e-01
4.930e+04	7.437e-01	5.480e-01	9.000e-01	2.256e-01	1.889e-01	5.223e-01	3.063e-01	2.491e-01	4.265e-01	4.300e-01	3.813e-01	6.281e-01	7.453e-01	6.255e-01	8.021e-01
4.940e+04	7.437e-01	5.480e-01	9.000e-01	2.256e-01	1.889e-01	5.223e-01	3.063e-01	2.491e-01	4.265e-01	4.300e-01	3.813e-01	6.468e-01	7.453e-01	6.255e-01	8.021e-01
4.950e+04	7.437e-01	5.480e-01	9.000e-01	2.256e-01	1.889e-01	5.223e-01	3.063e-01	2.491e-01	4.265e-01	4.300e-01	3.813e-01	6.468e-01	7.453e-01	6.255e-01	8.021e-01
4.960e+04	7.437e-01	5.480e-01	9.000e-01	2.256e-01	1.889e-01	5.223e-01	3.063e-01	2.491e-01	4.265e-01	4.300e-01	3.813e-01	6.468e-01	7.453e-01	6.255e-01	8.021e-01
4.970e+04	7.437e-01	5.480e-01	9.000e-01	2.256e-01	1.889e-01	5.223e-01	3.063e-01	2.491e-01	4.265e-01	4.300e-01	3.813e-01	6.468e-01	7.453e-01	6.255e-01	8.021e-01
4.980e+04	7.437e-01	5.480e-01	9.000e-01	2.256e-01	1.889e-01	5.223e-01	3.063e-01	2.491e-01	4.265e-01	4.300e-01	3.813e-01	6.468e-01	7.453e-01	6.255e-01	8.021e-01
4.990e+04	7.437e-01	5.480e-01	9.000e-01	2.256e-01	1.889e-01	5.223e-01	3.063e-01	2.491e-01	4.265e-01	4.300e-01	3.813e-01	6.468e-01	7.453e-01	6.255e-01	8.021e-01
5.000e+04	7.437e-01	5.480e-01	9.000e-01	2.256e-01	1.889e-01	5.223e-01	3.063e-01	2.491e-01	4.265e-01	4.300e-01	3.813e-01	6.468e-01	7.453e-01	6.255e-01	8.021e-01
