n.evals.q.1.0.	parity._.me.hebbian.network.best.quality.increase	parity._.me.hebbian.network.best.quality.increase.min	parity._.me.hebbian.network.best.quality.increase.max	parity._.me.hebbian.layer.best.quality.increase	parity._.me.hebbian.layer.best.quality.increase.min	parity._.me.hebbian.layer.best.quality.increase.max	parity._.me.hebbian.neuron.best.quality.increase	parity._.me.hebbian.neuron.best.quality.increase.min	parity._.me.hebbian.neuron.best.quality.increase.max	parity._.me.hebbian.synapse.best.quality.increase	parity._.me.hebbian.synapse.best.quality.increase.min	parity._.me.hebbian.synapse.best.quality.increase.max	parity._.me.freeForm.best.quality.increase	parity._.me.freeForm.best.quality.increase.min	parity._.me.freeForm.best.quality.increase.max
1.000e+02	2.357e-01	1.531e-01	2.771e-01	3.660e-01	2.849e-01	4.696e-01	4.927e-01	2.847e-01	5.548e-01	3.172e-01	2.723e-01	3.722e-01	3.197e-02	-1.117e-01	2.827e-01
2.000e+02	1.595e-01	3.882e-02	2.599e-01	2.849e-01	1.557e-01	3.914e-01	4.235e-01	2.605e-01	5.610e-01	3.477e-01	3.172e-01	3.808e-01	2.541e-01	-5.382e-02	3.106e-01
3.000e+02	1.595e-01	3.882e-02	2.599e-01	2.197e-01	9.418e-02	3.005e-01	4.395e-01	2.371e-01	5.787e-01	3.758e-01	3.241e-01	4.205e-01	3.106e-01	1.980e-01	4.020e-01
4.000e+02	1.595e-01	3.882e-02	2.599e-01	1.557e-01	7.793e-02	2.893e-01	4.395e-01	2.371e-01	5.787e-01	3.647e-01	3.181e-01	4.540e-01	3.091e-01	1.760e-01	4.081e-01
5.000e+02	1.595e-01	3.882e-02	2.599e-01	1.247e-01	7.793e-02	2.849e-01	4.752e-01	2.495e-01	5.787e-01	3.779e-01	3.160e-01	4.942e-01	3.106e-01	2.020e-01	3.953e-01
6.000e+02	1.888e-01	3.882e-02	2.599e-01	9.832e-02	7.209e-02	2.241e-01	4.752e-01	2.766e-01	5.082e-01	4.060e-01	3.160e-01	5.009e-01	3.120e-01	2.058e-01	3.953e-01
7.000e+02	1.888e-01	3.882e-02	2.599e-01	1.247e-01	7.209e-02	2.370e-01	4.551e-01	2.605e-01	5.305e-01	4.236e-01	3.008e-01	5.076e-01	3.182e-01	2.116e-01	3.953e-01
8.000e+02	1.888e-01	3.882e-02	2.599e-01	1.087e-01	7.059e-02	2.370e-01	4.484e-01	2.664e-01	5.762e-01	4.060e-01	3.073e-01	4.954e-01	2.739e-01	2.027e-01	3.906e-01
9.000e+02	2.053e-01	3.882e-02	2.654e-01	1.212e-01	7.209e-02	2.241e-01	4.244e-01	2.770e-01	5.305e-01	4.199e-01	3.058e-01	4.954e-01	2.739e-01	1.945e-01	3.831e-01
1.000e+03	2.053e-01	3.882e-02	2.654e-01	1.337e-01	7.209e-02	2.319e-01	4.244e-01	2.951e-01	5.082e-01	4.313e-01	3.058e-01	5.143e-01	2.739e-01	1.680e-01	3.744e-01
1.100e+03	2.053e-01	3.882e-02	2.654e-01	1.436e-01	7.059e-02	2.475e-01	4.187e-01	2.667e-01	4.935e-01	4.435e-01	3.304e-01	5.143e-01	3.106e-01	1.680e-01	3.774e-01
1.200e+03	2.053e-01	3.882e-02	2.654e-01	1.247e-01	8.617e-02	2.475e-01	4.026e-01	2.667e-01	4.860e-01	4.435e-01	2.986e-01	5.394e-01	3.020e-01	2.027e-01	3.774e-01
1.300e+03	2.053e-01	3.882e-02	2.654e-01	1.436e-01	8.923e-02	2.475e-01	3.792e-01	2.495e-01	4.759e-01	4.435e-01	2.941e-01	5.394e-01	2.905e-01	1.852e-01	3.774e-01
1.400e+03	2.053e-01	3.882e-02	2.654e-01	1.436e-01	9.058e-02	2.475e-01	3.792e-01	2.495e-01	4.759e-01	4.261e-01	2.909e-01	4.973e-01	2.880e-01	1.852e-01	3.743e-01
1.500e+03	2.053e-01	3.882e-02	2.654e-01	1.326e-01	9.058e-02	2.475e-01	2.951e-01	2.485e-01	4.619e-01	4.261e-01	2.941e-01	4.958e-01	2.880e-01	1.852e-01	3.743e-01
1.600e+03	2.053e-01	3.882e-02	2.654e-01	1.326e-01	9.058e-02	2.475e-01	2.951e-01	2.485e-01	4.729e-01	3.649e-01	2.909e-01	4.973e-01	2.880e-01	1.852e-01	3.743e-01
1.700e+03	2.053e-01	3.882e-02	2.654e-01	1.326e-01	9.058e-02	2.475e-01	2.951e-01	2.485e-01	4.729e-01	3.736e-01	2.862e-01	4.889e-01	2.905e-01	1.852e-01	3.743e-01
1.800e+03	2.053e-01	3.882e-02	2.654e-01	1.326e-01	9.292e-02	2.475e-01	2.786e-01	2.438e-01	4.759e-01	3.649e-01	2.828e-01	4.889e-01	2.905e-01	1.852e-01	3.743e-01
1.900e+03	2.053e-01	3.882e-02	2.654e-01	1.436e-01	9.448e-02	2.475e-01	2.951e-01	2.438e-01	4.619e-01	3.640e-01	2.828e-01	4.987e-01	2.983e-01	1.852e-01	3.743e-01
2.000e+03	2.053e-01	3.882e-02	2.654e-01	1.436e-01	9.292e-02	2.475e-01	2.770e-01	2.197e-01	4.104e-01	3.530e-01	2.828e-01	4.889e-01	2.910e-01	1.852e-01	3.743e-01
2.100e+03	2.053e-01	5.367e-02	2.654e-01	1.436e-01	9.292e-02	2.475e-01	2.770e-01	2.197e-01	4.104e-01	3.396e-01	2.485e-01	5.089e-01	2.910e-01	1.852e-01	3.743e-01
2.200e+03	2.053e-01	5.367e-02	2.771e-01	1.436e-01	9.292e-02	2.319e-01	2.770e-01	2.197e-01	3.800e-01	4.428e-01	2.828e-01	5.304e-01	2.905e-01	1.852e-01	3.651e-01
2.300e+03	2.053e-01	5.367e-02	2.771e-01	1.323e-01	9.292e-02	2.319e-01	2.737e-01	2.197e-01	3.800e-01	3.817e-01	2.828e-01	5.089e-01	2.929e-01	1.852e-01	3.743e-01
2.400e+03	2.053e-01	5.367e-02	2.771e-01	1.323e-01	9.292e-02	2.319e-01	2.737e-01	2.191e-01	4.104e-01	3.817e-01	2.821e-01	5.089e-01	3.021e-01	2.027e-01	3.774e-01
2.500e+03	2.053e-01	5.367e-02	2.771e-01	1.323e-01	9.448e-02	2.475e-01	2.737e-01	2.191e-01	3.800e-01	3.817e-01	2.828e-01	5.089e-01	3.021e-01	2.027e-01	3.743e-01
2.600e+03	2.053e-01	5.367e-02	2.771e-01	1.391e-01	9.448e-02	2.799e-01	2.737e-01	1.974e-01	4.104e-01	3.786e-01	2.821e-01	5.089e-01	3.284e-01	2.124e-01	3.774e-01
2.700e+03	2.053e-01	5.367e-02	2.771e-01	1.391e-01	9.448e-02	2.799e-01	2.737e-01	2.191e-01	4.104e-01	3.640e-01	2.821e-01	5.414e-01	3.284e-01	2.124e-01	3.831e-01
2.800e+03	2.053e-01	5.367e-02	2.771e-01	1.391e-01	9.448e-02	2.799e-01	2.737e-01	2.191e-01	4.104e-01	3.902e-01	2.750e-01	5.644e-01	3.229e-01	2.124e-01	3.831e-01
2.900e+03	2.053e-01	5.367e-02	2.771e-01	1.323e-01	9.292e-02	2.475e-01	2.737e-01	2.191e-01	4.104e-01	3.902e-01	2.750e-01	5.414e-01	3.229e-01	2.124e-01	3.831e-01
3.000e+03	2.053e-01	5.367e-02	2.771e-01	1.323e-01	9.292e-02	2.475e-01	2.737e-01	2.191e-01	4.104e-01	3.817e-01	2.821e-01	5.089e-01	3.021e-01	2.124e-01	3.765e-01
3.100e+03	2.053e-01	5.367e-02	2.771e-01	1.323e-01	9.292e-02	2.475e-01	2.737e-01	2.191e-01	4.104e-01	3.640e-01	2.821e-01	5.089e-01	3.021e-01	2.124e-01	3.765e-01
3.200e+03	2.053e-01	5.367e-02	2.771e-01	1.267e-01	9.292e-02	2.799e-01	2.737e-01	2.191e-01	4.104e-01	3.640e-01	2.821e-01	4.889e-01	3.021e-01	2.124e-01	3.765e-01
3.300e+03	2.053e-01	5.367e-02	2.771e-01	1.267e-01	9.292e-02	2.799e-01	2.770e-01	2.197e-01	4.244e-01	3.447e-01	2.821e-01	4.889e-01	2.880e-01	2.027e-01	3.765e-01
3.400e+03	2.053e-01	5.367e-02	2.771e-01	1.267e-01	8.780e-02	2.799e-01	2.834e-01	2.197e-01	4.427e-01	3.447e-01	2.821e-01	4.889e-01	2.880e-01	2.027e-01	3.765e-01
3.500e+03	2.053e-01	5.367e-02	2.771e-01	1.267e-01	8.780e-02	2.319e-01	2.757e-01	2.191e-01	4.427e-01	3.640e-01	2.750e-01	4.819e-01	2.880e-01	2.027e-01	3.765e-01
3.600e+03	2.053e-01	5.367e-02	2.771e-01	1.267e-01	8.780e-02	2.319e-01	2.757e-01	2.191e-01	4.619e-01	3.817e-01	2.750e-01	4.889e-01	2.816e-01	2.027e-01	3.765e-01
3.700e+03	2.053e-01	5.367e-02	2.771e-01	1.267e-01	8.780e-02	2.319e-01	2.757e-01	2.191e-01	4.619e-01	3.470e-01	2.485e-01	4.819e-01	3.229e-01	2.390e-01	3.774e-01
3.800e+03	2.053e-01	5.367e-02	2.771e-01	1.267e-01	8.780e-02	2.319e-01	2.757e-01	2.191e-01	4.619e-01	3.025e-01	2.342e-01	4.819e-01	3.229e-01	2.390e-01	3.774e-01
3.900e+03	2.053e-01	5.367e-02	2.771e-01	1.267e-01	8.780e-02	2.319e-01	2.757e-01	2.191e-01	4.619e-01	3.025e-01	2.342e-01	4.819e-01	3.229e-01	2.390e-01	3.774e-01
4.000e+03	2.053e-01	5.367e-02	2.771e-01	1.267e-01	8.780e-02	2.319e-01	2.737e-01	1.985e-01	4.427e-01	3.025e-01	2.342e-01	4.819e-01	3.229e-01	1.852e-01	3.774e-01
4.100e+03	2.053e-01	5.367e-02	2.771e-01	1.162e-01	8.780e-02	1.885e-01	2.737e-01	1.985e-01	4.427e-01	3.025e-01	2.342e-01	4.819e-01	3.229e-01	1.852e-01	3.774e-01
4.200e+03	2.053e-01	5.367e-02	2.771e-01	1.147e-01	8.563e-02	1.885e-01	2.737e-01	1.985e-01	4.427e-01	3.025e-01	2.342e-01	4.819e-01	3.229e-01	1.852e-01	3.774e-01
4.300e+03	2.053e-01	5.367e-02	2.771e-01	1.147e-01	8.563e-02	1.885e-01	2.667e-01	1.924e-01	3.800e-01	3.025e-01	2.342e-01	4.703e-01	2.913e-01	1.852e-01	3.774e-01
4.400e+03	2.053e-01	5.367e-02	2.771e-01	1.147e-01	8.563e-02	1.885e-01	2.667e-01	1.924e-01	3.800e-01	3.025e-01	2.342e-01	4.649e-01	2.913e-01	1.852e-01	3.774e-01
4.500e+03	2.053e-01	5.367e-02	2.771e-01	9.938e-02	8.563e-02	1.885e-01	2.737e-01	1.985e-01	3.958e-01	3.025e-01	2.342e-01	4.649e-01	2.913e-01	1.852e-01	3.774e-01
4.600e+03	2.053e-01	5.367e-02	2.771e-01	9.938e-02	8.563e-02	1.885e-01	2.757e-01	1.924e-01	4.244e-01	3.025e-01	2.342e-01	4.649e-01	2.913e-01	1.852e-01	3.774e-01
4.700e+03	2.053e-01	5.367e-02	2.771e-01	9.938e-02	8.563e-02	1.885e-01	2.757e-01	1.924e-01	4.244e-01	3.025e-01	2.342e-01	4.627e-01	2.816e-01	2.081e-01	3.765e-01
4.800e+03	2.053e-01	5.367e-02	2.771e-01	9.938e-02	8.563e-02	1.885e-01	2.757e-01	1.924e-01	4.027e-01	2.941e-01	2.342e-01	4.627e-01	2.816e-01	2.081e-01	3.765e-01
4.900e+03	2.053e-01	5.367e-02	2.771e-01	1.062e-01	8.780e-02	1.885e-01	2.757e-01	1.924e-01	4.027e-01	2.941e-01	2.441e-01	4.627e-01	2.816e-01	2.081e-01	3.765e-01
5.000e+03	2.053e-01	5.367e-02	2.771e-01	9.938e-02	8.563e-02	1.723e-01	2.737e-01	1.890e-01	3.958e-01	2.941e-01	2.441e-01	4.627e-01	2.816e-01	2.081e-01	3.765e-01
5.100e+03	2.053e-01	5.367e-02	2.771e-01	9.938e-02	8.563e-02	1.723e-01	2.737e-01	1.924e-01	3.958e-01	3.025e-01	2.441e-01	4.627e-01	2.913e-01	1.852e-01	3.774e-01
5.200e+03	2.053e-01	5.367e-02	2.771e-01	9.938e-02	8.563e-02	1.723e-01	2.737e-01	1.924e-01	3.958e-01	2.941e-01	2.441e-01	4.627e-01	2.913e-01	1.852e-01	3.765e-01
5.300e+03	2.053e-01	5.367e-02	2.771e-01	9.938e-02	8.563e-02	1.885e-01	2.757e-01	2.191e-01	4.027e-01	2.922e-01	2.441e-01	4.627e-01	2.816e-01	1.691e-01	3.651e-01
5.400e+03	2.053e-01	5.367e-02	2.771e-01	9.908e-02	8.563e-02	1.594e-01	2.757e-01	2.191e-01	4.027e-01	2.913e-01	2.342e-01	4.627e-01	2.816e-01	1.691e-01	3.651e-01
5.500e+03	2.053e-01	5.367e-02	2.771e-01	9.908e-02	8.563e-02	1.885e-01	2.757e-01	2.191e-01	4.027e-01	2.828e-01	1.323e-01	4.492e-01	2.816e-01	1.691e-01	3.651e-01
5.600e+03	2.053e-01	5.367e-02	2.771e-01	9.908e-02	8.563e-02	1.885e-01	2.757e-01	2.191e-01	4.027e-01	2.778e-01	1.323e-01	4.422e-01	2.946e-01	1.691e-01	3.679e-01
5.700e+03	2.053e-01	5.367e-02	2.771e-01	9.908e-02	8.563e-02	1.885e-01	2.757e-01	2.191e-01	4.027e-01	2.778e-01	1.323e-01	4.422e-01	2.946e-01	1.691e-01	3.679e-01
5.800e+03	2.053e-01	5.367e-02	2.771e-01	9.908e-02	8.563e-02	1.885e-01	2.757e-01	2.191e-01	3.958e-01	2.778e-01	1.323e-01	4.422e-01	2.946e-01	1.691e-01	3.679e-01
5.900e+03	2.053e-01	5.367e-02	2.771e-01	9.908e-02	8.563e-02	1.885e-01	2.757e-01	2.191e-01	3.958e-01	2.778e-01	1.323e-01	4.627e-01	2.912e-01	1.691e-01	3.679e-01
6.000e+03	2.053e-01	5.367e-02	2.771e-01	9.908e-02	8.563e-02	1.885e-01	2.757e-01	2.191e-01	3.958e-01	2.778e-01	1.323e-01	4.627e-01	2.912e-01	1.691e-01	3.679e-01
6.100e+03	2.053e-01	5.367e-02	2.771e-01	9.908e-02	8.563e-02	1.885e-01	2.757e-01	2.191e-01	3.958e-01	2.778e-01	1.323e-01	4.422e-01	2.912e-01	1.764e-01	3.765e-01
6.200e+03	2.053e-01	5.367e-02	2.771e-01	9.908e-02	8.563e-02	1.885e-01	2.757e-01	2.191e-01	3.958e-01	2.778e-01	1.323e-01	4.422e-01	2.912e-01	1.764e-01	3.765e-01
6.300e+03	2.053e-01	5.367e-02	2.771e-01	9.908e-02	8.563e-02	1.885e-01	2.757e-01	2.191e-01	3.958e-01	2.828e-01	1.323e-01	4.464e-01	2.946e-01	1.764e-01	3.774e-01
6.400e+03	2.037e-01	5.367e-02	2.771e-01	9.645e-02	8.563e-02	1.885e-01	2.757e-01	2.191e-01	3.958e-01	2.828e-01	1.323e-01	4.464e-01	2.946e-01	1.715e-01	3.774e-01
6.500e+03	2.037e-01	5.367e-02	2.771e-01	9.908e-02	8.563e-02	1.885e-01	2.757e-01	2.191e-01	3.958e-01	2.828e-01	1.323e-01	4.464e-01	2.946e-01	1.715e-01	3.774e-01
6.600e+03	2.037e-01	5.367e-02	2.771e-01	9.908e-02	8.563e-02	1.885e-01	2.757e-01	2.191e-01	3.958e-01	2.828e-01	1.322e-01	4.627e-01	2.946e-01	1.715e-01	3.831e-01
6.700e+03	2.037e-01	5.367e-02	2.771e-01	9.938e-02	8.563e-02	1.885e-01	2.757e-01	2.191e-01	3.958e-01	2.600e-01	1.322e-01	4.627e-01	2.921e-01	1.715e-01	3.774e-01
6.800e+03	2.037e-01	5.367e-02	2.771e-01	9.645e-02	7.059e-02	1.885e-01	2.757e-01	2.191e-01	3.958e-01	2.600e-01	1.322e-01	4.627e-01	2.921e-01	1.715e-01	3.774e-01
6.900e+03	2.037e-01	5.367e-02	2.771e-01	9.645e-02	7.059e-02	1.885e-01	2.757e-01	2.191e-01	3.958e-01	2.487e-01	1.322e-01	4.422e-01	2.921e-01	1.715e-01	3.774e-01
7.000e+03	2.053e-01	5.367e-02	2.926e-01	9.645e-02	7.059e-02	1.885e-01	2.757e-01	2.191e-01	3.958e-01	2.487e-01	1.322e-01	4.422e-01	2.921e-01	1.715e-01	3.774e-01
7.100e+03	2.053e-01	5.367e-02	2.926e-01	9.645e-02	7.059e-02	1.885e-01	2.757e-01	2.191e-01	3.958e-01	2.487e-01	1.322e-01	4.422e-01	2.921e-01	1.715e-01	3.774e-01
7.200e+03	2.053e-01	5.367e-02	2.926e-01	9.938e-02	8.563e-02	2.300e-01	2.757e-01	2.191e-01	3.958e-01	2.487e-01	1.323e-01	3.793e-01	2.921e-01	1.715e-01	3.831e-01
7.300e+03	2.053e-01	5.367e-02	2.926e-01	1.078e-01	8.563e-02	2.447e-01	2.757e-01	2.191e-01	3.958e-01	2.487e-01	1.323e-01	3.785e-01	2.921e-01	1.715e-01	3.831e-01
7.400e+03	2.053e-01	5.367e-02	2.926e-01	9.938e-02	8.465e-02	2.447e-01	2.757e-01	2.191e-01	3.958e-01	2.487e-01	1.323e-01	4.422e-01	2.921e-01	1.715e-01	3.831e-01
7.500e+03	2.053e-01	5.367e-02	2.926e-01	9.938e-02	8.465e-02	2.447e-01	2.757e-01	2.197e-01	3.958e-01	2.487e-01	1.323e-01	4.422e-01	2.946e-01	1.715e-01	3.953e-01
7.600e+03	2.053e-01	5.367e-02	2.926e-01	1.078e-01	8.465e-02	2.447e-01	2.757e-01	2.197e-01	3.958e-01	2.487e-01	1.323e-01	4.422e-01	3.057e-01	1.715e-01	3.953e-01
7.700e+03	2.053e-01	5.367e-02	2.926e-01	1.078e-01	8.465e-02	2.447e-01	2.757e-01	2.197e-01	3.958e-01	2.487e-01	1.323e-01	4.422e-01	3.350e-01	1.715e-01	3.953e-01
7.800e+03	2.053e-01	5.367e-02	2.771e-01	1.078e-01	8.465e-02	2.447e-01	2.757e-01	2.197e-01	3.958e-01	2.485e-01	1.323e-01	3.785e-01	3.350e-01	1.715e-01	3.953e-01
7.900e+03	2.053e-01	5.367e-02	2.771e-01	1.078e-01	8.465e-02	2.447e-01	2.757e-01	2.197e-01	3.958e-01	2.342e-01	1.323e-01	3.785e-01	3.350e-01	1.715e-01	3.953e-01
8.000e+03	2.053e-01	5.367e-02	2.771e-01	1.323e-01	8.563e-02	3.442e-01	2.757e-01	2.197e-01	3.958e-01	2.342e-01	1.323e-01	3.076e-01	3.350e-01	1.715e-01	3.953e-01
8.100e+03	2.053e-01	5.367e-02	2.771e-01	1.323e-01	8.563e-02	3.442e-01	2.770e-01	2.197e-01	3.958e-01	2.342e-01	1.322e-01	3.076e-01	3.350e-01	1.691e-01	3.953e-01
8.200e+03	2.053e-01	5.367e-02	2.771e-01	1.323e-01	8.563e-02	3.442e-01	2.770e-01	2.197e-01	3.958e-01	2.342e-01	1.322e-01	3.076e-01	3.350e-01	1.691e-01	3.953e-01
8.300e+03	2.053e-01	5.367e-02	2.771e-01	1.323e-01	8.563e-02	3.442e-01	2.770e-01	2.197e-01	3.958e-01	2.342e-01	1.322e-01	3.076e-01	3.350e-01	1.691e-01	3.953e-01
8.400e+03	2.053e-01	5.367e-02	2.771e-01	1.444e-01	8.780e-02	3.442e-01	2.770e-01	2.197e-01	3.958e-01	2.342e-01	1.322e-01	3.076e-01	3.350e-01	1.691e-01	3.953e-01
8.500e+03	1.922e-01	5.367e-02	2.654e-01	1.444e-01	8.780e-02	3.442e-01	2.770e-01	2.197e-01	3.958e-01	2.251e-01	1.313e-01	3.076e-01	3.350e-01	1.691e-01	3.953e-01
8.600e+03	1.922e-01	5.367e-02	2.654e-01	1.444e-01	8.780e-02	3.442e-01	2.770e-01	2.197e-01	3.958e-01	2.251e-01	1.313e-01	3.076e-01	3.429e-01	1.691e-01	3.985e-01
8.700e+03	1.922e-01	3.517e-02	2.654e-01	1.444e-01	8.563e-02	3.442e-01	2.770e-01	2.197e-01	3.958e-01	2.251e-01	1.313e-01	3.076e-01	3.429e-01	1.691e-01	3.985e-01
8.800e+03	1.922e-01	3.517e-02	2.654e-01	1.444e-01	8.563e-02	3.442e-01	2.770e-01	2.197e-01	3.958e-01	2.251e-01	1.313e-01	3.076e-01	3.350e-01	1.691e-01	3.953e-01
8.900e+03	1.922e-01	3.517e-02	2.654e-01	1.885e-01	8.780e-02	3.442e-01	2.770e-01	2.197e-01	3.958e-01	2.251e-01	1.313e-01	3.076e-01	3.429e-01	1.691e-01	3.985e-01
9.000e+03	1.922e-01	3.517e-02	2.654e-01	1.885e-01	8.780e-02	3.442e-01	2.770e-01	2.197e-01	3.958e-01	2.251e-01	1.313e-01	3.076e-01	3.429e-01	1.691e-01	3.985e-01
9.100e+03	1.922e-01	3.517e-02	2.654e-01	1.885e-01	8.780e-02	3.442e-01	2.770e-01	2.197e-01	3.958e-01	2.251e-01	1.313e-01	3.076e-01	3.429e-01	1.691e-01	3.985e-01
9.200e+03	1.922e-01	3.517e-02	2.654e-01	1.885e-01	8.780e-02	3.442e-01	2.770e-01	2.197e-01	3.958e-01	2.251e-01	1.313e-01	3.076e-01	3.350e-01	1.691e-01	3.985e-01
9.300e+03	1.922e-01	3.517e-02	2.654e-01	1.885e-01	8.780e-02	3.442e-01	2.770e-01	2.197e-01	3.958e-01	2.251e-01	1.313e-01	3.076e-01	3.350e-01	1.691e-01	3.985e-01
9.400e+03	1.922e-01	3.517e-02	2.654e-01	1.885e-01	8.780e-02	2.447e-01	2.770e-01	2.197e-01	3.958e-01	2.251e-01	1.313e-01	3.076e-01	3.350e-01	1.691e-01	3.985e-01
9.500e+03	1.922e-01	3.517e-02	2.654e-01	1.885e-01	8.780e-02	2.447e-01	2.770e-01	2.197e-01	3.958e-01	2.251e-01	1.138e-01	3.076e-01	3.350e-01	1.691e-01	3.985e-01
9.600e+03	1.922e-01	3.517e-02	2.654e-01	1.885e-01	8.780e-02	2.447e-01	2.770e-01	2.197e-01	3.958e-01	2.342e-01	1.138e-01	3.262e-01	3.350e-01	1.691e-01	3.953e-01
9.700e+03	1.922e-01	3.517e-02	2.654e-01	1.444e-01	8.780e-02	2.447e-01	2.834e-01	2.197e-01	3.958e-01	2.342e-01	1.138e-01	3.262e-01	3.350e-01	1.691e-01	3.953e-01
9.800e+03	1.922e-01	3.517e-02	2.654e-01	1.444e-01	8.780e-02	2.447e-01	2.834e-01	2.197e-01	3.958e-01	2.342e-01	1.138e-01	3.262e-01	3.350e-01	1.691e-01	3.953e-01
9.900e+03	1.922e-01	3.517e-02	2.654e-01	1.444e-01	8.780e-02	2.447e-01	2.834e-01	2.197e-01	3.958e-01	2.342e-01	1.138e-01	3.600e-01	3.350e-01	1.691e-01	3.953e-01
1.000e+04	1.922e-01	3.517e-02	2.654e-01	1.444e-01	8.780e-02	2.447e-01	2.834e-01	2.197e-01	3.958e-01	2.342e-01	1.322e-01	3.619e-01	3.373e-01	1.691e-01	3.953e-01
1.010e+04	1.922e-01	3.517e-02	2.654e-01	1.444e-01	8.780e-02	2.447e-01	2.834e-01	2.197e-01	3.958e-01	2.342e-01	1.322e-01	3.619e-01	3.373e-01	1.691e-01	3.953e-01
1.020e+04	1.922e-01	3.517e-02	2.654e-01	1.444e-01	8.780e-02	2.447e-01	2.834e-01	2.197e-01	3.958e-01	2.342e-01	1.322e-01	3.506e-01	3.373e-01	1.691e-01	3.953e-01
1.030e+04	1.922e-01	3.517e-02	2.654e-01	1.444e-01	8.780e-02	2.447e-01	2.834e-01	2.197e-01	3.958e-01	2.342e-01	1.322e-01	3.506e-01	3.373e-01	1.691e-01	3.953e-01
1.040e+04	1.922e-01	3.517e-02	2.654e-01	1.444e-01	8.780e-02	2.447e-01	2.834e-01	2.197e-01	3.958e-01	2.342e-01	1.322e-01	3.506e-01	3.373e-01	1.691e-01	3.953e-01
1.050e+04	1.922e-01	3.517e-02	2.654e-01	1.444e-01	8.780e-02	2.447e-01	2.834e-01	2.197e-01	3.958e-01	2.332e-01	1.322e-01	2.922e-01	3.373e-01	1.691e-01	3.953e-01
1.060e+04	1.922e-01	3.517e-02	2.654e-01	1.357e-01	8.780e-02	2.358e-01	2.834e-01	2.197e-01	3.958e-01	2.332e-01	1.322e-01	2.873e-01	3.429e-01	1.691e-01	3.985e-01
1.070e+04	1.922e-01	3.517e-02	2.654e-01	1.357e-01	8.780e-02	2.358e-01	2.834e-01	2.197e-01	3.958e-01	2.251e-01	1.322e-01	2.873e-01	3.429e-01	1.691e-01	3.953e-01
1.080e+04	1.922e-01	3.517e-02	2.654e-01	1.357e-01	8.780e-02	2.358e-01	2.834e-01	2.197e-01	3.958e-01	2.250e-01	1.322e-01	2.873e-01	3.429e-01	1.691e-01	3.953e-01
1.090e+04	1.922e-01	3.517e-02	2.654e-01	1.357e-01	8.780e-02	2.358e-01	2.834e-01	2.197e-01	3.958e-01	2.250e-01	1.322e-01	2.873e-01	3.373e-01	1.691e-01	3.852e-01
1.100e+04	1.922e-01	3.517e-02	2.654e-01	1.357e-01	8.780e-02	2.358e-01	2.834e-01	2.197e-01	3.958e-01	2.250e-01	1.322e-01	2.873e-01	3.429e-01	1.832e-01	3.953e-01
1.110e+04	1.922e-01	3.517e-02	2.654e-01	1.357e-01	8.780e-02	2.358e-01	2.834e-01	2.197e-01	3.958e-01	2.251e-01	1.322e-01	2.922e-01	3.429e-01	2.125e-01	3.953e-01
1.120e+04	1.922e-01	3.517e-02	2.654e-01	1.357e-01	8.780e-02	2.358e-01	2.834e-01	2.197e-01	3.958e-01	2.176e-01	1.138e-01	2.873e-01	3.429e-01	2.171e-01	3.953e-01
1.130e+04	1.922e-01	3.517e-02	2.654e-01	1.357e-01	8.780e-02	2.358e-01	2.834e-01	2.197e-01	3.958e-01	2.176e-01	1.138e-01	2.873e-01	3.429e-01	2.223e-01	3.953e-01
1.140e+04	1.922e-01	3.517e-02	2.654e-01	1.078e-01	8.563e-02	2.049e-01	2.834e-01	2.197e-01	3.958e-01	2.251e-01	1.322e-01	2.922e-01	3.429e-01	2.223e-01	3.953e-01
1.150e+04	1.513e-01	3.517e-02	2.654e-01	1.078e-01	8.563e-02	2.049e-01	2.834e-01	2.197e-01	3.958e-01	2.251e-01	1.322e-01	2.873e-01	3.404e-01	2.223e-01	3.953e-01
1.160e+04	1.513e-01	3.517e-02	2.654e-01	1.078e-01	8.563e-02	2.049e-01	2.834e-01	2.197e-01	3.958e-01	2.251e-01	1.322e-01	2.922e-01	3.404e-01	2.223e-01	3.953e-01
1.170e+04	1.513e-01	3.517e-02	2.654e-01	1.078e-01	8.563e-02	2.049e-01	2.834e-01	2.197e-01	3.958e-01	2.176e-01	1.138e-01	2.922e-01	2.992e-01	2.223e-01	3.953e-01
1.180e+04	1.513e-01	3.517e-02	2.654e-01	1.078e-01	8.563e-02	2.049e-01	2.834e-01	2.197e-01	3.958e-01	2.176e-01	1.138e-01	2.922e-01	2.992e-01	1.986e-01	3.985e-01
1.190e+04	1.513e-01	3.517e-02	2.654e-01	1.078e-01	8.614e-02	2.049e-01	2.834e-01	2.197e-01	3.958e-01	2.176e-01	1.138e-01	2.922e-01	3.595e-01	2.223e-01	3.985e-01
1.200e+04	1.513e-01	3.517e-02	2.654e-01	1.078e-01	8.614e-02	2.049e-01	2.834e-01	2.197e-01	3.958e-01	2.176e-01	1.138e-01	2.922e-01	3.163e-01	2.481e-01	3.842e-01
1.210e+04	1.049e-01	3.517e-02	2.654e-01	1.078e-01	8.614e-02	2.219e-01	2.834e-01	2.197e-01	3.958e-01	2.176e-01	9.132e-02	2.922e-01	3.163e-01	2.481e-01	3.842e-01
1.220e+04	9.802e-02	3.430e-02	2.654e-01	9.487e-02	8.563e-02	2.049e-01	2.834e-01	2.220e-01	3.958e-01	2.176e-01	9.132e-02	2.922e-01	3.360e-01	2.481e-01	3.842e-01
1.230e+04	9.802e-02	3.430e-02	2.654e-01	9.487e-02	8.563e-02	2.049e-01	2.834e-01	2.220e-01	3.958e-01	2.176e-01	8.762e-02	2.922e-01	3.595e-01	2.481e-01	3.985e-01
1.240e+04	9.802e-02	3.430e-02	2.654e-01	9.487e-02	8.563e-02	2.049e-01	2.834e-01	2.220e-01	3.958e-01	2.176e-01	8.762e-02	2.922e-01	3.595e-01	2.481e-01	3.985e-01
1.250e+04	9.802e-02	3.430e-02	2.654e-01	9.487e-02	8.563e-02	2.049e-01	2.834e-01	2.220e-01	3.958e-01	2.176e-01	8.762e-02	2.922e-01	3.360e-01	2.481e-01	3.842e-01
1.260e+04	9.802e-02	3.430e-02	2.654e-01	9.487e-02	8.563e-02	2.049e-01	2.834e-01	2.220e-01	3.958e-01	2.176e-01	8.762e-02	2.922e-01	3.595e-01	2.481e-01	3.985e-01
1.270e+04	9.802e-02	3.430e-02	2.654e-01	9.487e-02	8.563e-02	2.049e-01	2.834e-01	2.220e-01	3.958e-01	2.176e-01	8.762e-02	2.922e-01	3.595e-01	2.481e-01	3.985e-01
1.280e+04	9.802e-02	3.430e-02	2.654e-01	9.487e-02	8.563e-02	2.049e-01	2.834e-01	2.220e-01	3.958e-01	2.176e-01	8.762e-02	2.922e-01	3.627e-01	2.875e-01	4.040e-01
1.290e+04	9.802e-02	3.430e-02	2.654e-01	9.487e-02	8.563e-02	2.049e-01	2.834e-01	2.220e-01	3.958e-01	2.119e-01	9.132e-02	2.922e-01	3.627e-01	2.875e-01	4.040e-01
1.300e+04	9.802e-02	3.430e-02	2.654e-01	9.487e-02	8.563e-02	2.049e-01	2.834e-01	2.220e-01	3.958e-01	2.119e-01	9.132e-02	2.922e-01	3.595e-01	2.481e-01	3.985e-01
1.310e+04	9.802e-02	3.430e-02	2.654e-01	1.276e-01	8.614e-02	2.219e-01	2.770e-01	2.197e-01	3.800e-01	2.119e-01	9.132e-02	2.922e-01	3.595e-01	2.481e-01	3.842e-01
1.320e+04	9.802e-02	3.430e-02	2.654e-01	1.276e-01	8.563e-02	2.219e-01	2.770e-01	2.197e-01	3.800e-01	2.119e-01	9.132e-02	2.922e-01	3.595e-01	2.481e-01	3.842e-01
1.330e+04	9.802e-02	3.430e-02	2.654e-01	1.276e-01	8.563e-02	2.219e-01	2.770e-01	2.197e-01	3.800e-01	2.119e-01	9.132e-02	2.922e-01	3.627e-01	2.875e-01	3.985e-01
1.340e+04	9.802e-02	3.430e-02	2.654e-01	1.276e-01	8.563e-02	2.219e-01	2.770e-01	2.197e-01	3.800e-01	2.119e-01	9.132e-02	2.922e-01	3.627e-01	2.875e-01	3.842e-01
1.350e+04	9.802e-02	3.430e-02	2.654e-01	1.276e-01	8.563e-02	2.219e-01	2.770e-01	2.197e-01	3.800e-01	2.119e-01	9.132e-02	2.922e-01	3.627e-01	2.875e-01	3.842e-01
1.360e+04	9.802e-02	3.430e-02	2.654e-01	1.276e-01	8.563e-02	2.219e-01	2.770e-01	2.197e-01	3.800e-01	2.119e-01	9.132e-02	2.922e-01	3.627e-01	2.875e-01	3.985e-01
1.370e+04	9.802e-02	3.430e-02	2.654e-01	1.078e-01	8.563e-02	2.219e-01	2.834e-01	2.220e-01	3.800e-01	2.119e-01	9.132e-02	3.322e-01	3.627e-01	2.875e-01	3.985e-01
1.380e+04	9.802e-02	3.430e-02	2.654e-01	1.078e-01	8.563e-02	2.219e-01	2.834e-01	2.220e-01	3.800e-01	2.119e-01	9.132e-02	3.322e-01	3.627e-01	2.875e-01	3.985e-01
1.390e+04	9.802e-02	3.430e-02	2.654e-01	1.078e-01	8.563e-02	2.269e-01	2.770e-01	2.197e-01	3.672e-01	2.119e-01	9.132e-02	3.322e-01	3.627e-01	2.884e-01	3.985e-01
1.400e+04	9.802e-02	3.430e-02	2.654e-01	1.078e-01	8.563e-02	2.269e-01	2.834e-01	2.197e-01	3.672e-01	2.119e-01	9.132e-02	3.322e-01	3.627e-01	2.884e-01	4.020e-01
1.410e+04	9.802e-02	3.430e-02	2.654e-01	1.078e-01	8.563e-02	2.269e-01	2.834e-01	2.197e-01	3.672e-01	2.119e-01	9.132e-02	3.322e-01	3.627e-01	2.884e-01	3.985e-01
1.420e+04	9.802e-02	3.430e-02	2.654e-01	1.078e-01	8.738e-02	2.269e-01	2.834e-01	2.197e-01	3.672e-01	1.969e-01	9.132e-02	2.922e-01	3.627e-01	2.884e-01	3.985e-01
1.430e+04	9.802e-02	3.430e-02	2.654e-01	1.078e-01	8.563e-02	2.269e-01	2.823e-01	2.197e-01	3.672e-01	1.969e-01	9.132e-02	2.922e-01	3.627e-01	2.884e-01	3.985e-01
1.440e+04	9.802e-02	3.430e-02	2.654e-01	1.078e-01	8.563e-02	2.269e-01	2.823e-01	2.197e-01	3.672e-01	1.969e-01	9.132e-02	2.922e-01	3.595e-01	2.884e-01	3.952e-01
1.450e+04	9.802e-02	3.430e-02	2.654e-01	1.078e-01	8.563e-02	2.269e-01	2.823e-01	2.197e-01	3.672e-01	1.958e-01	9.132e-02	2.922e-01	3.595e-01	2.884e-01	3.952e-01
1.460e+04	9.802e-02	3.430e-02	2.654e-01	1.078e-01	8.563e-02	2.269e-01	2.823e-01	2.197e-01	3.672e-01	1.934e-01	8.762e-02	2.922e-01	3.595e-01	2.884e-01	3.952e-01
1.470e+04	9.802e-02	3.430e-02	2.654e-01	1.078e-01	8.563e-02	2.358e-01	2.834e-01	2.220e-01	3.800e-01	1.934e-01	8.762e-02	2.922e-01	3.595e-01	2.884e-01	3.952e-01
1.480e+04	9.802e-02	3.430e-02	2.654e-01	1.078e-01	8.563e-02	2.358e-01	2.834e-01	2.220e-01	3.800e-01	1.934e-01	8.699e-02	2.922e-01	3.595e-01	2.884e-01	3.952e-01
1.490e+04	9.802e-02	3.430e-02	2.654e-01	1.078e-01	8.563e-02	2.358e-01	2.834e-01	2.220e-01	3.800e-01	1.934e-01	8.699e-02	2.922e-01	3.595e-01	2.884e-01	3.952e-01
1.500e+04	9.347e-02	3.047e-02	2.654e-01	1.078e-01	8.563e-02	2.358e-01	2.834e-01	2.220e-01	3.800e-01	1.934e-01	8.699e-02	2.922e-01	3.595e-01	2.884e-01	3.952e-01
1.510e+04	9.347e-02	3.047e-02	2.654e-01	1.078e-01	8.563e-02	2.358e-01	2.834e-01	2.220e-01	3.800e-01	1.958e-01	8.699e-02	2.922e-01	3.595e-01	2.884e-01	3.952e-01
1.520e+04	9.347e-02	3.047e-02	2.654e-01	1.078e-01	8.685e-02	2.358e-01	2.834e-01	2.220e-01	3.800e-01	1.958e-01	8.699e-02	2.922e-01	3.627e-01	2.884e-01	3.985e-01
1.530e+04	9.347e-02	3.047e-02	2.654e-01	1.078e-01	8.685e-02	2.358e-01	2.834e-01	2.220e-01	3.800e-01	1.958e-01	8.699e-02	2.922e-01	3.638e-01	2.884e-01	4.020e-01
1.540e+04	9.347e-02	3.047e-02	2.654e-01	1.129e-01	8.738e-02	2.358e-01	2.834e-01	2.220e-01	3.800e-01	1.958e-01	8.699e-02	2.922e-01	3.638e-01	2.884e-01	4.020e-01
1.550e+04	9.347e-02	3.047e-02	2.654e-01	1.129e-01	8.738e-02	2.423e-01	2.834e-01	2.220e-01	3.800e-01	1.963e-01	8.762e-02	3.322e-01	3.638e-01	2.884e-01	4.020e-01
1.560e+04	9.347e-02	3.047e-02	2.654e-01	1.129e-01	8.738e-02	2.423e-01	2.834e-01	2.220e-01	3.800e-01	1.963e-01	8.762e-02	3.322e-01	3.572e-01	2.884e-01	3.985e-01
1.570e+04	9.347e-02	3.430e-02	2.654e-01	1.129e-01	8.738e-02	2.423e-01	2.834e-01	2.220e-01	3.800e-01	1.963e-01	8.762e-02	3.322e-01	3.572e-01	2.884e-01	3.985e-01
1.580e+04	9.347e-02	3.430e-02	2.654e-01	1.129e-01	8.738e-02	2.423e-01	2.834e-01	2.220e-01	3.800e-01	1.963e-01	8.762e-02	3.322e-01	3.572e-01	2.886e-01	3.985e-01
1.590e+04	9.347e-02	3.430e-02	2.654e-01	1.129e-01	8.738e-02	2.423e-01	2.834e-01	2.220e-01	3.800e-01	1.963e-01	8.762e-02	3.322e-01	3.572e-01	2.886e-01	4.316e-01
1.600e+04	9.318e-02	3.430e-02	2.654e-01	1.129e-01	8.738e-02	2.423e-01	2.834e-01	2.197e-01	3.800e-01	1.934e-01	8.762e-02	3.322e-01	3.572e-01	2.946e-01	3.985e-01
1.610e+04	9.318e-02	3.430e-02	2.654e-01	1.129e-01	8.738e-02	2.423e-01	2.834e-01	2.197e-01	3.800e-01	1.934e-01	8.762e-02	3.322e-01	3.572e-01	2.946e-01	3.985e-01
1.620e+04	9.318e-02	3.430e-02	2.654e-01	1.129e-01	8.738e-02	2.423e-01	2.834e-01	2.197e-01	3.761e-01	1.934e-01	8.762e-02	3.322e-01	3.572e-01	2.946e-01	3.985e-01
1.630e+04	9.318e-02	3.430e-02	2.654e-01	1.129e-01	8.738e-02	2.423e-01	2.834e-01	2.197e-01	3.761e-01	1.934e-01	8.762e-02	3.330e-01	3.572e-01	2.946e-01	3.985e-01
1.640e+04	9.318e-02	3.430e-02	2.654e-01	1.129e-01	8.738e-02	2.423e-01	2.834e-01	2.197e-01	3.761e-01	1.934e-01	8.762e-02	3.330e-01	3.572e-01	2.946e-01	3.985e-01
1.650e+04	9.318e-02	3.430e-02	2.654e-01	1.129e-01	8.738e-02	2.358e-01	2.834e-01	2.197e-01	3.761e-01	1.934e-01	8.762e-02	3.330e-01	3.572e-01	2.946e-01	3.985e-01
1.660e+04	9.318e-02	3.430e-02	2.654e-01	1.078e-01	8.738e-02	2.358e-01	2.834e-01	2.197e-01	3.761e-01	1.934e-01	8.762e-02	3.330e-01	3.572e-01	2.946e-01	3.985e-01
1.670e+04	9.318e-02	3.430e-02	2.654e-01	1.078e-01	8.738e-02	2.358e-01	2.834e-01	2.197e-01	3.761e-01	1.934e-01	8.762e-02	3.330e-01	3.627e-01	2.946e-01	4.316e-01
1.680e+04	9.318e-02	3.047e-02	2.654e-01	1.078e-01	8.738e-02	2.358e-01	2.834e-01	2.197e-01	3.761e-01	1.934e-01	8.762e-02	3.330e-01	3.627e-01	2.946e-01	4.316e-01
1.690e+04	9.318e-02	3.047e-02	2.654e-01	1.078e-01	8.780e-02	2.358e-01	2.774e-01	2.163e-01	3.761e-01	1.934e-01	8.762e-02	3.330e-01	3.638e-01	2.946e-01	4.316e-01
1.700e+04	9.318e-02	3.047e-02	2.654e-01	1.078e-01	8.780e-02	2.358e-01	2.774e-01	2.163e-01	3.761e-01	1.934e-01	8.762e-02	3.330e-01	3.638e-01	2.946e-01	4.316e-01
1.710e+04	9.347e-02	3.047e-02	2.654e-01	1.078e-01	8.780e-02	2.358e-01	2.774e-01	2.163e-01	3.761e-01	1.934e-01	8.762e-02	2.944e-01	3.638e-01	2.946e-01	4.316e-01
1.720e+04	9.347e-02	3.047e-02	2.654e-01	1.078e-01	8.780e-02	2.358e-01	2.774e-01	2.163e-01	3.761e-01	1.934e-01	8.762e-02	3.330e-01	3.678e-01	2.946e-01	4.126e-01
1.730e+04	9.347e-02	3.047e-02	2.654e-01	1.357e-01	8.790e-02	2.423e-01	2.774e-01	2.163e-01	3.761e-01	1.934e-01	8.762e-02	3.330e-01	3.678e-01	2.946e-01	3.985e-01
1.740e+04	9.347e-02	3.047e-02	2.654e-01	1.357e-01	8.790e-02	2.423e-01	2.774e-01	2.163e-01	3.761e-01	1.934e-01	8.762e-02	3.330e-01	3.678e-01	2.946e-01	3.985e-01
1.750e+04	9.347e-02	3.047e-02	2.654e-01	1.357e-01	8.790e-02	2.423e-01	2.774e-01	2.163e-01	3.761e-01	1.934e-01	8.762e-02	3.330e-01	3.678e-01	2.946e-01	3.985e-01
1.760e+04	9.347e-02	3.047e-02	2.654e-01	1.357e-01	8.790e-02	2.423e-01	2.774e-01	2.163e-01	3.761e-01	1.934e-01	8.762e-02	3.330e-01	3.678e-01	2.946e-01	3.985e-01
1.770e+04	9.347e-02	3.047e-02	2.654e-01	1.357e-01	8.790e-02	2.358e-01	2.774e-01	2.163e-01	3.761e-01	1.934e-01	8.762e-02	3.330e-01	3.678e-01	2.946e-01	3.985e-01
1.780e+04	9.347e-02	3.047e-02	2.654e-01	1.357e-01	8.790e-02	2.358e-01	2.774e-01	2.163e-01	3.761e-01	1.934e-01	8.762e-02	3.330e-01	3.678e-01	2.946e-01	3.985e-01
1.790e+04	9.347e-02	3.047e-02	2.654e-01	1.357e-01	8.790e-02	2.358e-01	2.774e-01	2.163e-01	3.761e-01	1.934e-01	8.762e-02	3.330e-01	3.678e-01	2.946e-01	3.985e-01
1.800e+04	9.347e-02	3.047e-02	2.654e-01	1.357e-01	8.790e-02	2.269e-01	2.774e-01	2.163e-01	3.761e-01	1.934e-01	8.762e-02	3.511e-01	3.678e-01	2.946e-01	3.985e-01
1.810e+04	9.347e-02	3.047e-02	2.654e-01	1.357e-01	8.790e-02	2.269e-01	2.774e-01	2.163e-01	3.761e-01	2.046e-01	8.762e-02	3.511e-01	3.752e-01	2.955e-01	4.226e-01
1.820e+04	9.347e-02	3.047e-02	2.654e-01	1.357e-01	8.790e-02	2.269e-01	2.774e-01	2.163e-01	3.761e-01	2.046e-01	8.762e-02	3.511e-01	3.752e-01	2.955e-01	4.226e-01
1.830e+04	9.347e-02	3.047e-02	2.654e-01	1.078e-01	8.780e-02	2.269e-01	2.774e-01	2.163e-01	3.761e-01	1.934e-01	8.762e-02	3.511e-01	3.678e-01	2.955e-01	3.985e-01
1.840e+04	9.347e-02	3.047e-02	2.654e-01	1.078e-01	8.780e-02	2.269e-01	2.834e-01	2.163e-01	3.761e-01	2.046e-01	9.132e-02	4.279e-01	3.678e-01	2.955e-01	3.985e-01
1.850e+04	9.347e-02	3.047e-02	2.654e-01	1.078e-01	8.780e-02	2.269e-01	2.834e-01	1.745e-01	3.761e-01	2.119e-01	9.132e-02	4.279e-01	3.678e-01	2.955e-01	3.985e-01
1.860e+04	9.347e-02	3.047e-02	2.654e-01	1.078e-01	8.780e-02	2.269e-01	2.834e-01	1.745e-01	3.761e-01	2.119e-01	9.132e-02	4.279e-01	3.678e-01	2.955e-01	4.437e-01
1.870e+04	9.347e-02	3.047e-02	2.654e-01	1.078e-01	8.780e-02	2.269e-01	2.834e-01	1.745e-01	3.761e-01	2.119e-01	9.132e-02	4.279e-01	3.678e-01	2.955e-01	4.437e-01
1.880e+04	9.347e-02	3.047e-02	2.654e-01	1.078e-01	8.780e-02	2.269e-01	2.839e-01	2.163e-01	3.761e-01	2.176e-01	9.132e-02	4.279e-01	3.678e-01	2.955e-01	4.437e-01
1.890e+04	9.347e-02	3.047e-02	2.654e-01	1.078e-01	8.780e-02	2.269e-01	2.839e-01	2.163e-01	3.761e-01	2.176e-01	9.132e-02	4.279e-01	3.678e-01	2.955e-01	4.437e-01
1.900e+04	9.802e-02	3.047e-02	2.654e-01	1.357e-01	8.790e-02	2.358e-01	2.839e-01	2.163e-01	3.761e-01	2.176e-01	9.132e-02	4.279e-01	3.678e-01	2.955e-01	4.437e-01
1.910e+04	9.802e-02	3.047e-02	2.654e-01	1.357e-01	8.790e-02	2.358e-01	2.898e-01	2.163e-01	4.027e-01	2.176e-01	9.132e-02	4.279e-01	3.678e-01	2.955e-01	4.437e-01
1.920e+04	9.802e-02	3.047e-02	2.654e-01	1.357e-01	8.790e-02	2.358e-01	2.898e-01	2.163e-01	4.027e-01	2.176e-01	9.132e-02	4.279e-01	3.678e-01	2.955e-01	3.985e-01
1.930e+04	9.802e-02	3.047e-02	2.654e-01	1.357e-01	8.790e-02	2.358e-01	2.898e-01	2.163e-01	4.027e-01	2.176e-01	9.132e-02	4.279e-01	3.678e-01	2.955e-01	3.985e-01
1.940e+04	9.802e-02	4.214e-02	2.654e-01	1.357e-01	8.790e-02	2.358e-01	2.898e-01	2.163e-01	4.027e-01	2.176e-01	9.132e-02	4.279e-01	3.678e-01	2.955e-01	3.985e-01
1.950e+04	9.802e-02	4.214e-02	2.654e-01	1.357e-01	8.790e-02	2.358e-01	2.898e-01	2.163e-01	4.027e-01	2.301e-01	9.132e-02	4.279e-01	3.752e-01	2.955e-01	3.985e-01
1.960e+04	9.802e-02	4.214e-02	2.654e-01	1.357e-01	8.824e-02	2.358e-01	2.898e-01	2.163e-01	4.027e-01	2.301e-01	9.132e-02	4.627e-01	3.752e-01	2.955e-01	3.985e-01
1.970e+04	9.802e-02	4.214e-02	2.654e-01	1.357e-01	8.824e-02	2.358e-01	2.898e-01	2.163e-01	4.027e-01	2.301e-01	9.132e-02	4.627e-01	3.752e-01	2.955e-01	3.985e-01
1.980e+04	9.802e-02	4.214e-02	2.654e-01	1.357e-01	8.824e-02	2.358e-01	2.898e-01	2.163e-01	4.027e-01	2.301e-01	9.132e-02	4.627e-01	3.752e-01	2.955e-01	3.985e-01
1.990e+04	9.802e-02	4.214e-02	2.654e-01	1.357e-01	8.824e-02	2.358e-01	2.898e-01	2.163e-01	4.027e-01	2.301e-01	9.132e-02	4.627e-01	3.752e-01	2.955e-01	3.985e-01
2.000e+04	9.802e-02	4.214e-02	2.654e-01	1.357e-01	8.824e-02	2.358e-01	2.898e-01	2.163e-01	4.027e-01	2.301e-01	9.132e-02	4.627e-01	3.752e-01	2.955e-01	3.985e-01
2.010e+04	9.802e-02	4.214e-02	2.654e-01	1.078e-01	8.790e-02	2.358e-01	2.898e-01	2.163e-01	4.027e-01	2.301e-01	9.132e-02	4.627e-01	3.752e-01	2.955e-01	3.985e-01
2.020e+04	9.802e-02	4.214e-02	2.654e-01	1.078e-01	8.780e-02	2.269e-01	2.898e-01	2.163e-01	4.027e-01	2.444e-01	9.132e-02	4.627e-01	3.752e-01	2.955e-01	3.985e-01
2.030e+04	9.802e-02	4.214e-02	2.654e-01	1.078e-01	8.780e-02	2.269e-01	2.898e-01	2.163e-01	4.027e-01	2.444e-01	9.132e-02	4.627e-01	3.752e-01	2.955e-01	3.985e-01
2.040e+04	9.802e-02	4.214e-02	2.544e-01	1.078e-01	8.780e-02	2.269e-01	2.898e-01	2.163e-01	4.027e-01	2.444e-01	9.132e-02	4.649e-01	3.638e-01	2.890e-01	3.940e-01
2.050e+04	9.802e-02	4.214e-02	2.544e-01	1.078e-01	8.780e-02	2.269e-01	2.898e-01	2.197e-01	4.027e-01	2.444e-01	9.132e-02	4.649e-01	3.638e-01	2.890e-01	3.940e-01
2.060e+04	9.802e-02	4.214e-02	2.544e-01	1.078e-01	8.780e-02	2.269e-01	2.898e-01	2.197e-01	4.027e-01	2.444e-01	9.132e-02	4.649e-01	3.638e-01	2.890e-01	3.940e-01
2.070e+04	9.802e-02	4.214e-02	2.544e-01	9.670e-02	8.780e-02	2.204e-01	2.898e-01	2.197e-01	4.027e-01	2.444e-01	9.132e-02	4.649e-01	3.638e-01	2.890e-01	3.940e-01
2.080e+04	9.802e-02	4.214e-02	2.544e-01	9.670e-02	8.780e-02	2.204e-01	2.898e-01	2.197e-01	4.027e-01	2.444e-01	9.132e-02	4.649e-01	3.638e-01	2.890e-01	3.940e-01
2.090e+04	9.802e-02	4.214e-02	2.544e-01	9.670e-02	8.780e-02	2.204e-01	2.898e-01	2.197e-01	4.027e-01	2.444e-01	9.132e-02	4.627e-01	3.638e-01	2.890e-01	3.940e-01
2.100e+04	9.802e-02	4.214e-02	2.544e-01	9.670e-02	8.780e-02	2.204e-01	3.211e-01	2.559e-01	4.083e-01	2.444e-01	9.132e-02	4.627e-01	3.638e-01	2.890e-01	4.437e-01
2.110e+04	9.802e-02	4.214e-02	2.544e-01	9.670e-02	8.780e-02	2.204e-01	3.211e-01	2.670e-01	4.083e-01	2.444e-01	9.132e-02	4.627e-01	3.638e-01	2.890e-01	4.437e-01
2.120e+04	9.802e-02	4.214e-02	2.544e-01	9.578e-02	8.738e-02	2.269e-01	3.211e-01	2.559e-01	4.083e-01	2.444e-01	9.132e-02	4.627e-01	3.638e-01	2.890e-01	4.437e-01
2.130e+04	9.802e-02	4.214e-02	2.544e-01	9.578e-02	8.738e-02	2.269e-01	3.211e-01	2.559e-01	4.083e-01	2.444e-01	9.132e-02	4.627e-01	3.638e-01	2.890e-01	4.437e-01
2.140e+04	9.802e-02	4.214e-02	2.544e-01	9.578e-02	8.738e-02	2.269e-01	3.211e-01	2.559e-01	4.083e-01	2.444e-01	9.132e-02	4.627e-01	3.752e-01	2.890e-01	4.437e-01
2.150e+04	9.802e-02	4.214e-02	2.544e-01	9.578e-02	8.738e-02	2.269e-01	3.211e-01	2.559e-01	4.083e-01	2.444e-01	9.132e-02	4.627e-01	3.627e-01	2.884e-01	3.940e-01
2.160e+04	9.802e-02	4.214e-02	2.544e-01	9.578e-02	8.738e-02	2.269e-01	3.211e-01	2.559e-01	4.083e-01	2.444e-01	9.132e-02	4.627e-01	3.627e-01	2.884e-01	3.940e-01
2.170e+04	9.802e-02	4.214e-02	2.544e-01	9.578e-02	8.738e-02	2.269e-01	3.211e-01	2.559e-01	4.083e-01	2.444e-01	9.132e-02	4.627e-01	3.627e-01	2.884e-01	3.940e-01
2.180e+04	9.802e-02	4.214e-02	2.544e-01	9.578e-02	8.738e-02	2.269e-01	3.211e-01	2.559e-01	4.083e-01	2.444e-01	9.132e-02	4.627e-01	3.627e-01	2.884e-01	3.940e-01
2.190e+04	9.802e-02	4.214e-02	2.544e-01	9.578e-02	8.738e-02	2.269e-01	3.211e-01	2.559e-01	4.083e-01	2.444e-01	9.132e-02	4.627e-01	3.627e-01	2.884e-01	3.940e-01
2.200e+04	9.802e-02	4.214e-02	2.544e-01	9.578e-02	8.738e-02	2.269e-01	3.211e-01	2.559e-01	4.083e-01	2.776e-01	9.785e-02	4.627e-01	3.627e-01	2.884e-01	3.940e-01
2.210e+04	9.802e-02	4.214e-02	2.544e-01	9.578e-02	8.563e-02	2.269e-01	2.898e-01	2.274e-01	4.027e-01	2.776e-01	9.785e-02	4.627e-01	3.627e-01	2.884e-01	3.940e-01
2.220e+04	9.802e-02	4.214e-02	2.544e-01	9.578e-02	8.563e-02	2.269e-01	2.898e-01	2.274e-01	4.027e-01	2.776e-01	9.785e-02	4.627e-01	3.627e-01	2.884e-01	3.940e-01
2.230e+04	9.802e-02	4.214e-02	2.544e-01	9.624e-02	8.563e-02	2.269e-01	2.898e-01	2.274e-01	4.027e-01	2.776e-01	9.785e-02	4.627e-01	3.433e-01	2.361e-01	3.940e-01
2.240e+04	9.802e-02	4.214e-02	2.544e-01	9.624e-02	8.780e-02	2.269e-01	2.898e-01	2.274e-01	4.027e-01	2.776e-01	9.785e-02	4.627e-01	3.433e-01	2.361e-01	3.940e-01
2.250e+04	9.802e-02	4.396e-02	2.544e-01	9.624e-02	8.780e-02	2.269e-01	2.898e-01	2.274e-01	4.027e-01	2.776e-01	9.785e-02	4.627e-01	3.627e-01	2.361e-01	4.437e-01
2.260e+04	9.802e-02	4.396e-02	2.544e-01	9.578e-02	8.563e-02	2.269e-01	2.898e-01	2.274e-01	4.027e-01	2.776e-01	9.785e-02	4.627e-01	3.627e-01	2.361e-01	4.437e-01
2.270e+04	9.802e-02	4.396e-02	2.544e-01	9.578e-02	8.563e-02	2.269e-01	2.898e-01	2.274e-01	4.027e-01	2.776e-01	9.785e-02	4.627e-01	3.627e-01	2.361e-01	4.450e-01
2.280e+04	9.802e-02	4.214e-02	2.544e-01	9.578e-02	8.563e-02	2.269e-01	2.898e-01	2.274e-01	4.027e-01	2.776e-01	1.003e-01	4.627e-01	3.627e-01	2.361e-01	4.450e-01
2.290e+04	9.802e-02	4.214e-02	2.544e-01	9.578e-02	8.563e-02	2.269e-01	2.898e-01	2.274e-01	4.027e-01	2.776e-01	1.003e-01	4.627e-01	3.627e-01	2.361e-01	4.450e-01
2.300e+04	1.513e-01	4.214e-02	2.654e-01	9.578e-02	8.563e-02	2.269e-01	2.898e-01	2.274e-01	4.027e-01	2.776e-01	1.003e-01	4.627e-01	3.433e-01	2.361e-01	4.437e-01
2.310e+04	1.513e-01	4.214e-02	2.654e-01	9.578e-02	8.563e-02	2.269e-01	2.898e-01	2.274e-01	4.027e-01	2.776e-01	1.003e-01	4.627e-01	3.323e-01	1.896e-01	4.437e-01
2.320e+04	1.513e-01	4.214e-02	2.654e-01	9.578e-02	8.563e-02	2.269e-01	2.898e-01	2.274e-01	4.027e-01	2.301e-01	1.003e-01	4.627e-01	3.323e-01	1.896e-01	4.450e-01
2.330e+04	1.513e-01	4.214e-02	2.654e-01	9.578e-02	8.563e-02	2.269e-01	2.898e-01	2.274e-01	4.027e-01	2.301e-01	1.003e-01	4.627e-01	3.254e-01	1.896e-01	4.437e-01
2.340e+04	1.513e-01	4.214e-02	2.654e-01	9.578e-02	8.563e-02	2.269e-01	2.898e-01	2.274e-01	4.027e-01	2.301e-01	1.003e-01	4.627e-01	3.254e-01	1.896e-01	4.437e-01
2.350e+04	1.513e-01	4.214e-02	2.654e-01	9.578e-02	8.563e-02	2.269e-01	2.898e-01	2.274e-01	4.027e-01	2.301e-01	1.003e-01	4.627e-01	3.254e-01	1.896e-01	4.450e-01
2.360e+04	1.513e-01	4.214e-02	2.654e-01	9.578e-02	8.563e-02	2.269e-01	2.898e-01	2.274e-01	4.027e-01	2.301e-01	1.003e-01	4.627e-01	3.254e-01	1.896e-01	4.450e-01
2.370e+04	1.513e-01	4.214e-02	2.654e-01	9.624e-02	8.563e-02	2.269e-01	2.898e-01	2.274e-01	4.027e-01	2.301e-01	1.003e-01	4.627e-01	3.254e-01	1.896e-01	4.437e-01
2.380e+04	1.513e-01	4.214e-02	2.654e-01	9.624e-02	8.563e-02	2.269e-01	2.839e-01	2.274e-01	4.027e-01	2.301e-01	1.003e-01	4.627e-01	3.254e-01	1.896e-01	4.437e-01
2.390e+04	1.513e-01	4.214e-02	2.654e-01	9.624e-02	8.563e-02	2.269e-01	2.839e-01	2.274e-01	4.027e-01	2.301e-01	1.003e-01	4.627e-01	3.254e-01	1.896e-01	4.437e-01
2.400e+04	1.513e-01	4.214e-02	2.654e-01	9.624e-02	8.563e-02	2.269e-01	2.839e-01	2.274e-01	4.027e-01	2.301e-01	1.003e-01	4.627e-01	3.254e-01	1.896e-01	4.437e-01
2.410e+04	2.053e-01	4.214e-02	2.654e-01	9.670e-02	8.780e-02	2.269e-01	2.839e-01	2.274e-01	4.027e-01	2.301e-01	1.003e-01	4.627e-01	3.254e-01	1.896e-01	4.437e-01
2.420e+04	2.053e-01	4.214e-02	2.654e-01	9.670e-02	8.780e-02	2.269e-01	2.839e-01	2.274e-01	4.027e-01	2.301e-01	1.003e-01	4.627e-01	3.254e-01	1.896e-01	4.437e-01
2.430e+04	2.053e-01	4.214e-02	2.544e-01	9.670e-02	8.780e-02	2.269e-01	2.839e-01	2.274e-01	4.027e-01	2.301e-01	1.003e-01	4.627e-01	3.254e-01	1.896e-01	4.437e-01
2.440e+04	2.053e-01	4.214e-02	2.544e-01	9.670e-02	8.780e-02	2.269e-01	2.839e-01	2.274e-01	4.027e-01	2.301e-01	1.003e-01	4.627e-01	3.254e-01	1.896e-01	4.437e-01
2.450e+04	2.053e-01	4.214e-02	2.544e-01	9.670e-02	8.780e-02	2.269e-01	2.839e-01	2.274e-01	4.027e-01	2.301e-01	1.003e-01	4.627e-01	3.254e-01	1.896e-01	4.437e-01
2.460e+04	2.053e-01	4.214e-02	2.544e-01	9.670e-02	8.780e-02	2.269e-01	2.839e-01	2.274e-01	4.027e-01	2.301e-01	1.003e-01	4.627e-01	3.254e-01	1.896e-01	4.437e-01
2.470e+04	2.053e-01	4.214e-02	2.544e-01	9.670e-02	8.780e-02	2.358e-01	2.839e-01	2.274e-01	4.027e-01	2.301e-01	1.003e-01	4.627e-01	3.254e-01	1.896e-01	4.437e-01
2.480e+04	2.053e-01	4.214e-02	2.544e-01	9.670e-02	8.790e-02	2.358e-01	2.839e-01	2.274e-01	4.027e-01	2.301e-01	1.229e-01	4.649e-01	3.254e-01	1.896e-01	4.437e-01
2.490e+04	2.053e-01	4.214e-02	2.544e-01	9.670e-02	8.790e-02	2.358e-01	2.839e-01	2.274e-01	4.027e-01	2.301e-01	1.229e-01	4.649e-01	3.254e-01	1.896e-01	4.437e-01
2.500e+04	2.053e-01	4.214e-02	2.544e-01	9.670e-02	8.790e-02	2.358e-01	2.839e-01	2.274e-01	4.027e-01	2.301e-01	1.229e-01	4.649e-01	3.254e-01	1.896e-01	4.437e-01
2.510e+04	2.053e-01	4.214e-02	2.544e-01	9.670e-02	8.790e-02	2.358e-01	2.839e-01	2.274e-01	4.027e-01	2.301e-01	1.229e-01	4.649e-01	3.254e-01	1.896e-01	4.437e-01
2.520e+04	2.053e-01	4.214e-02	2.544e-01	9.670e-02	8.790e-02	2.358e-01	2.839e-01	2.274e-01	4.027e-01	2.176e-01	1.229e-01	3.969e-01	3.254e-01	1.896e-01	4.437e-01
2.530e+04	2.053e-01	4.214e-02	2.544e-01	9.670e-02	8.790e-02	2.358e-01	2.839e-01	2.179e-01	4.027e-01	2.176e-01	1.229e-01	3.969e-01	3.254e-01	1.896e-01	4.437e-01
2.540e+04	2.053e-01	4.214e-02	2.544e-01	9.670e-02	8.790e-02	2.358e-01	2.839e-01	2.179e-01	4.027e-01	2.176e-01	1.229e-01	4.627e-01	3.254e-01	1.896e-01	4.450e-01
2.550e+04	2.053e-01	4.214e-02	2.544e-01	9.670e-02	8.790e-02	2.358e-01	2.839e-01	2.179e-01	4.027e-01	2.176e-01	1.229e-01	3.969e-01	3.254e-01	1.896e-01	4.450e-01
2.560e+04	2.053e-01	4.214e-02	2.544e-01	9.670e-02	8.790e-02	2.269e-01	2.839e-01	2.179e-01	4.027e-01	2.176e-01	1.229e-01	3.969e-01	3.254e-01	1.896e-01	4.450e-01
2.570e+04	2.053e-01	4.214e-02	2.544e-01	9.670e-02	8.790e-02	2.269e-01	2.839e-01	2.179e-01	4.027e-01	2.176e-01	1.229e-01	3.969e-01	3.254e-01	1.896e-01	4.450e-01
2.580e+04	2.053e-01	4.214e-02	2.544e-01	9.670e-02	8.790e-02	2.269e-01	2.839e-01	2.179e-01	4.027e-01	2.176e-01	1.229e-01	3.969e-01	3.254e-01	1.896e-01	4.450e-01
2.590e+04	2.053e-01	4.214e-02	2.544e-01	9.670e-02	8.790e-02	2.269e-01	2.839e-01	2.179e-01	4.027e-01	2.301e-01	1.229e-01	3.969e-01	3.254e-01	1.896e-01	4.450e-01
2.600e+04	2.053e-01	4.214e-02	2.544e-01	9.670e-02	8.790e-02	2.269e-01	2.839e-01	2.179e-01	4.027e-01	2.301e-01	1.229e-01	3.969e-01	3.254e-01	1.896e-01	4.450e-01
2.610e+04	2.053e-01	4.214e-02	2.544e-01	9.670e-02	8.790e-02	2.269e-01	2.839e-01	2.179e-01	4.027e-01	2.301e-01	1.229e-01	3.969e-01	3.254e-01	1.896e-01	4.450e-01
2.620e+04	2.053e-01	4.214e-02	2.544e-01	9.670e-02	8.790e-02	2.269e-01	2.839e-01	2.179e-01	4.027e-01	2.301e-01	1.229e-01	4.627e-01	3.254e-01	1.896e-01	4.450e-01
2.630e+04	2.053e-01	4.214e-02	2.544e-01	9.670e-02	8.790e-02	2.269e-01	2.839e-01	2.179e-01	4.027e-01	2.301e-01	1.229e-01	4.627e-01	3.223e-01	1.896e-01	4.437e-01
2.640e+04	2.053e-01	4.214e-02	2.544e-01	9.670e-02	8.790e-02	2.269e-01	2.839e-01	2.179e-01	4.027e-01	2.301e-01	1.229e-01	4.613e-01	3.191e-01	1.896e-01	4.437e-01
2.650e+04	2.053e-01	4.214e-02	2.544e-01	9.670e-02	8.790e-02	2.269e-01	2.839e-01	2.179e-01	4.027e-01	2.301e-01	1.229e-01	4.613e-01	3.223e-01	1.896e-01	4.437e-01
2.660e+04	2.053e-01	4.214e-02	2.544e-01	9.670e-02	8.790e-02	2.269e-01	2.839e-01	2.179e-01	4.027e-01	2.301e-01	1.229e-01	4.613e-01	3.254e-01	2.361e-01	4.450e-01
2.670e+04	2.053e-01	4.214e-02	2.544e-01	9.670e-02	8.790e-02	2.269e-01	2.839e-01	2.179e-01	4.027e-01	2.301e-01	1.229e-01	3.969e-01	3.254e-01	2.361e-01	4.450e-01
2.680e+04	2.053e-01	4.214e-02	2.544e-01	9.670e-02	8.790e-02	2.269e-01	2.839e-01	2.179e-01	4.027e-01	2.301e-01	1.229e-01	3.969e-01	3.254e-01	2.361e-01	4.450e-01
2.690e+04	2.053e-01	4.214e-02	2.544e-01	9.670e-02	8.790e-02	2.269e-01	2.839e-01	2.179e-01	4.027e-01	2.301e-01	1.229e-01	3.969e-01	3.254e-01	2.361e-01	4.450e-01
2.700e+04	2.053e-01	4.214e-02	2.544e-01	9.670e-02	8.790e-02	2.269e-01	2.839e-01	2.179e-01	4.027e-01	2.301e-01	1.229e-01	3.969e-01	3.254e-01	2.361e-01	4.450e-01
2.710e+04	2.053e-01	4.214e-02	2.544e-01	9.670e-02	8.790e-02	2.269e-01	2.839e-01	2.179e-01	4.027e-01	2.301e-01	1.229e-01	4.627e-01	3.254e-01	2.361e-01	4.450e-01
2.720e+04	2.053e-01	4.214e-02	2.544e-01	9.670e-02	8.790e-02	2.269e-01	2.839e-01	2.179e-01	4.027e-01	2.301e-01	1.229e-01	4.627e-01	3.254e-01	2.361e-01	4.450e-01
2.730e+04	2.053e-01	4.214e-02	2.544e-01	1.354e-01	8.838e-02	2.269e-01	2.829e-01	2.179e-01	4.027e-01	2.176e-01	1.229e-01	4.627e-01	3.254e-01	2.361e-01	4.450e-01
2.740e+04	2.053e-01	4.214e-02	2.544e-01	1.354e-01	8.838e-02	2.269e-01	2.829e-01	2.179e-01	4.027e-01	2.176e-01	1.229e-01	4.627e-01	3.254e-01	2.361e-01	4.450e-01
2.750e+04	2.053e-01	4.214e-02	2.544e-01	1.354e-01	8.838e-02	2.269e-01	2.829e-01	2.179e-01	4.027e-01	2.176e-01	1.229e-01	4.627e-01	3.223e-01	2.361e-01	4.437e-01
2.760e+04	2.053e-01	4.214e-02	2.544e-01	1.354e-01	8.838e-02	2.269e-01	2.829e-01	2.179e-01	4.027e-01	2.176e-01	1.229e-01	4.627e-01	3.223e-01	2.361e-01	4.437e-01
2.770e+04	2.053e-01	4.214e-02	2.544e-01	1.354e-01	8.838e-02	2.269e-01	2.829e-01	2.179e-01	4.027e-01	2.176e-01	1.229e-01	4.627e-01	3.223e-01	2.361e-01	4.450e-01
2.780e+04	2.053e-01	4.214e-02	2.544e-01	1.354e-01	8.838e-02	2.269e-01	2.829e-01	2.179e-01	4.027e-01	2.176e-01	1.229e-01	4.627e-01	3.254e-01	2.361e-01	4.450e-01
2.790e+04	2.053e-01	4.214e-02	2.544e-01	9.670e-02	8.790e-02	2.204e-01	2.829e-01	2.179e-01	4.027e-01	2.176e-01	1.229e-01	4.627e-01	3.254e-01	2.361e-01	4.450e-01
2.800e+04	2.053e-01	4.214e-02	2.544e-01	9.670e-02	8.790e-02	2.204e-01	2.829e-01	2.179e-01	4.027e-01	2.176e-01	1.229e-01	4.627e-01	3.254e-01	2.361e-01	4.450e-01
2.810e+04	2.053e-01	4.214e-02	2.544e-01	9.670e-02	8.790e-02	2.204e-01	2.829e-01	2.179e-01	4.027e-01	2.176e-01	1.229e-01	4.627e-01	3.254e-01	2.361e-01	4.450e-01
2.820e+04	2.053e-01	4.214e-02	2.544e-01	9.670e-02	8.790e-02	2.204e-01	2.829e-01	2.179e-01	4.027e-01	2.301e-01	1.229e-01	4.649e-01	3.254e-01	2.361e-01	4.450e-01
2.830e+04	2.053e-01	4.214e-02	2.544e-01	9.670e-02	8.790e-02	2.154e-01	2.829e-01	2.179e-01	4.027e-01	2.301e-01	1.229e-01	4.649e-01	3.254e-01	2.361e-01	4.450e-01
2.840e+04	2.053e-01	4.214e-02	2.544e-01	9.670e-02	8.790e-02	2.154e-01	2.829e-01	2.179e-01	4.027e-01	2.301e-01	1.229e-01	4.649e-01	3.254e-01	2.361e-01	4.450e-01
2.850e+04	2.053e-01	4.214e-02	2.544e-01	9.670e-02	8.838e-02	2.154e-01	2.829e-01	2.179e-01	4.027e-01	2.301e-01	1.229e-01	4.649e-01	3.254e-01	2.361e-01	4.450e-01
2.860e+04	2.053e-01	4.214e-02	2.544e-01	9.670e-02	8.838e-02	2.154e-01	2.829e-01	2.179e-01	4.027e-01	2.301e-01	1.229e-01	4.649e-01	3.254e-01	2.361e-01	4.450e-01
2.870e+04	2.053e-01	4.214e-02	2.544e-01	9.670e-02	8.838e-02	2.154e-01	2.829e-01	2.179e-01	4.027e-01	2.301e-01	1.229e-01	4.649e-01	3.254e-01	2.361e-01	4.437e-01
2.880e+04	2.053e-01	4.214e-02	2.544e-01	9.670e-02	8.838e-02	2.154e-01	2.829e-01	2.179e-01	4.027e-01	2.301e-01	1.229e-01	4.649e-01	3.254e-01	2.361e-01	4.437e-01
2.890e+04	2.053e-01	4.214e-02	2.544e-01	9.670e-02	8.838e-02	2.154e-01	2.829e-01	2.179e-01	4.027e-01	2.301e-01	1.229e-01	4.649e-01	3.254e-01	2.361e-01	4.437e-01
2.900e+04	2.053e-01	4.214e-02	2.544e-01	1.126e-01	8.838e-02	2.154e-01	2.829e-01	2.179e-01	4.027e-01	2.301e-01	1.229e-01	4.649e-01	3.254e-01	2.361e-01	4.437e-01
2.910e+04	2.053e-01	4.214e-02	2.544e-01	1.126e-01	8.838e-02	2.154e-01	2.829e-01	2.179e-01	4.027e-01	2.301e-01	1.229e-01	4.649e-01	3.254e-01	2.361e-01	4.437e-01
2.920e+04	2.053e-01	4.214e-02	2.544e-01	1.126e-01	8.838e-02	2.154e-01	2.829e-01	2.179e-01	4.027e-01	2.301e-01	1.229e-01	4.649e-01	3.254e-01	2.361e-01	4.450e-01
2.930e+04	2.053e-01	4.214e-02	2.544e-01	1.126e-01	8.838e-02	2.204e-01	2.829e-01	2.179e-01	4.027e-01	2.301e-01	1.229e-01	4.649e-01	3.254e-01	2.361e-01	4.450e-01
2.940e+04	2.053e-01	4.214e-02	2.544e-01	1.126e-01	8.838e-02	2.204e-01	2.829e-01	2.179e-01	4.027e-01	2.301e-01	1.229e-01	4.649e-01	3.254e-01	2.361e-01	4.450e-01
2.950e+04	2.053e-01	4.214e-02	2.544e-01	1.126e-01	8.838e-02	2.204e-01	2.829e-01	2.179e-01	4.027e-01	2.301e-01	1.229e-01	4.649e-01	3.323e-01	2.361e-01	4.450e-01
2.960e+04	2.053e-01	4.214e-02	2.544e-01	1.126e-01	8.838e-02	2.204e-01	2.829e-01	2.179e-01	4.027e-01	2.301e-01	1.229e-01	4.649e-01	3.323e-01	2.361e-01	4.450e-01
2.970e+04	1.513e-01	4.214e-02	2.544e-01	1.126e-01	8.838e-02	2.204e-01	2.829e-01	2.179e-01	4.027e-01	2.301e-01	1.229e-01	4.649e-01	3.323e-01	2.361e-01	4.450e-01
2.980e+04	1.513e-01	4.214e-02	2.544e-01	1.126e-01	8.838e-02	2.204e-01	2.829e-01	2.179e-01	4.027e-01	2.301e-01	1.229e-01	4.649e-01	3.323e-01	2.361e-01	4.450e-01
2.990e+04	1.513e-01	4.214e-02	2.544e-01	1.126e-01	8.838e-02	2.204e-01	2.829e-01	2.179e-01	4.027e-01	2.301e-01	1.229e-01	4.649e-01	3.323e-01	2.361e-01	4.450e-01
3.000e+04	1.513e-01	4.214e-02	2.544e-01	1.126e-01	8.838e-02	2.204e-01	2.829e-01	2.179e-01	4.027e-01	2.301e-01	1.229e-01	4.649e-01	3.323e-01	2.361e-01	4.450e-01
3.010e+04	1.513e-01	4.214e-02	2.544e-01	1.126e-01	8.838e-02	2.204e-01	2.829e-01	2.179e-01	4.027e-01	2.301e-01	1.229e-01	4.649e-01	3.323e-01	2.361e-01	4.450e-01
3.020e+04	2.366e-01	6.772e-02	2.654e-01	1.126e-01	8.838e-02	2.204e-01	2.829e-01	2.179e-01	4.027e-01	2.301e-01	1.229e-01	4.649e-01	3.323e-01	2.361e-01	4.450e-01
3.030e+04	2.366e-01	6.772e-02	2.654e-01	1.126e-01	8.838e-02	2.204e-01	2.829e-01	2.179e-01	4.027e-01	2.301e-01	1.229e-01	4.649e-01	3.323e-01	2.361e-01	4.450e-01
3.040e+04	2.366e-01	6.772e-02	2.654e-01	1.126e-01	8.838e-02	2.204e-01	2.829e-01	2.179e-01	4.027e-01	2.301e-01	1.229e-01	4.649e-01	3.254e-01	2.361e-01	4.450e-01
3.050e+04	2.366e-01	6.772e-02	2.654e-01	1.126e-01	8.838e-02	2.204e-01	2.829e-01	2.179e-01	4.027e-01	2.301e-01	1.229e-01	4.649e-01	3.254e-01	2.361e-01	4.450e-01
3.060e+04	2.366e-01	6.772e-02	2.654e-01	1.126e-01	8.838e-02	2.204e-01	2.829e-01	2.179e-01	4.027e-01	2.301e-01	1.229e-01	4.649e-01	3.323e-01	2.361e-01	4.450e-01
3.070e+04	2.366e-01	6.772e-02	2.654e-01	1.126e-01	8.838e-02	2.204e-01	2.829e-01	2.179e-01	4.027e-01	2.301e-01	1.229e-01	4.649e-01	3.323e-01	2.361e-01	4.450e-01
3.080e+04	2.366e-01	6.772e-02	2.654e-01	9.670e-02	8.790e-02	2.204e-01	2.829e-01	2.179e-01	4.027e-01	2.195e-01	1.229e-01	4.627e-01	3.323e-01	2.361e-01	4.450e-01
3.090e+04	2.366e-01	6.772e-02	2.654e-01	1.126e-01	8.838e-02	2.204e-01	2.829e-01	2.179e-01	4.027e-01	2.195e-01	1.229e-01	4.627e-01	3.323e-01	2.361e-01	4.450e-01
3.100e+04	1.513e-01	6.772e-02	2.544e-01	1.126e-01	8.838e-02	2.204e-01	2.829e-01	2.179e-01	4.027e-01	2.195e-01	1.229e-01	4.627e-01	3.323e-01	2.361e-01	4.450e-01
3.110e+04	1.513e-01	6.772e-02	2.544e-01	1.126e-01	8.838e-02	2.204e-01	2.829e-01	2.179e-01	4.027e-01	2.195e-01	1.229e-01	4.627e-01	3.323e-01	2.361e-01	4.450e-01
3.120e+04	1.513e-01	6.772e-02	2.544e-01	1.126e-01	8.838e-02	2.204e-01	2.829e-01	2.179e-01	4.027e-01	2.195e-01	1.229e-01	4.627e-01	3.323e-01	2.361e-01	4.450e-01
3.130e+04	2.366e-01	6.772e-02	2.654e-01	1.126e-01	8.838e-02	2.204e-01	2.829e-01	2.179e-01	4.027e-01	2.195e-01	1.229e-01	4.627e-01	3.323e-01	2.361e-01	4.450e-01
3.140e+04	2.366e-01	6.772e-02	2.654e-01	1.126e-01	8.838e-02	2.204e-01	2.829e-01	2.179e-01	4.027e-01	2.195e-01	1.229e-01	4.627e-01	3.323e-01	2.361e-01	4.450e-01
3.150e+04	2.366e-01	6.772e-02	2.654e-01	1.126e-01	8.838e-02	2.204e-01	2.829e-01	2.179e-01	4.027e-01	2.195e-01	1.229e-01	4.627e-01	3.323e-01	2.361e-01	4.450e-01
3.160e+04	2.366e-01	6.772e-02	2.654e-01	1.126e-01	8.838e-02	2.204e-01	2.829e-01	2.179e-01	4.027e-01	2.195e-01	1.229e-01	4.627e-01	3.323e-01	2.361e-01	4.450e-01
3.170e+04	2.366e-01	6.772e-02	2.654e-01	1.126e-01	8.838e-02	2.204e-01	2.829e-01	2.179e-01	4.027e-01	2.195e-01	1.229e-01	4.627e-01	3.323e-01	2.361e-01	4.450e-01
3.180e+04	2.366e-01	6.772e-02	2.654e-01	1.126e-01	8.838e-02	2.204e-01	2.829e-01	2.179e-01	4.027e-01	2.195e-01	1.229e-01	4.627e-01	3.323e-01	2.361e-01	4.450e-01
3.190e+04	2.366e-01	6.772e-02	2.654e-01	1.126e-01	8.838e-02	2.204e-01	2.829e-01	2.179e-01	4.083e-01	2.195e-01	1.229e-01	4.627e-01	3.323e-01	2.361e-01	4.450e-01
3.200e+04	2.366e-01	6.772e-02	2.654e-01	1.126e-01	8.838e-02	2.204e-01	2.829e-01	2.179e-01	4.083e-01	2.195e-01	1.229e-01	4.627e-01	3.323e-01	2.361e-01	4.450e-01
3.210e+04	2.366e-01	6.772e-02	2.654e-01	1.126e-01	8.838e-02	2.204e-01	2.829e-01	2.179e-01	4.083e-01	2.195e-01	1.229e-01	4.649e-01	3.323e-01	2.361e-01	4.450e-01
3.220e+04	2.366e-01	6.772e-02	2.654e-01	1.126e-01	8.838e-02	2.204e-01	2.829e-01	2.179e-01	4.083e-01	2.195e-01	1.229e-01	4.649e-01	3.323e-01	2.361e-01	4.450e-01
3.230e+04	2.366e-01	6.772e-02	2.654e-01	1.126e-01	8.838e-02	2.204e-01	2.829e-01	2.179e-01	4.083e-01	2.301e-01	1.229e-01	4.649e-01	3.323e-01	2.361e-01	4.450e-01
3.240e+04	2.366e-01	6.772e-02	2.654e-01	1.126e-01	8.838e-02	2.204e-01	2.829e-01	2.179e-01	4.083e-01	2.301e-01	1.229e-01	4.649e-01	3.323e-01	2.361e-01	4.450e-01
3.250e+04	2.366e-01	6.772e-02	2.654e-01	1.126e-01	8.838e-02	2.204e-01	2.829e-01	2.179e-01	4.083e-01	2.301e-01	1.229e-01	4.649e-01	3.323e-01	2.361e-01	4.450e-01
3.260e+04	2.366e-01	6.772e-02	2.654e-01	1.126e-01	8.838e-02	2.204e-01	2.829e-01	2.179e-01	4.083e-01	2.301e-01	1.229e-01	4.649e-01	3.323e-01	2.361e-01	4.450e-01
3.270e+04	2.366e-01	6.772e-02	2.654e-01	1.126e-01	8.838e-02	2.204e-01	2.829e-01	2.179e-01	4.083e-01	2.922e-01	1.229e-01	4.900e-01	3.323e-01	2.361e-01	4.450e-01
3.280e+04	2.366e-01	6.772e-02	2.654e-01	1.126e-01	8.838e-02	2.204e-01	2.829e-01	2.179e-01	4.083e-01	2.922e-01	1.229e-01	4.900e-01	3.323e-01	2.361e-01	4.450e-01
3.290e+04	2.366e-01	6.772e-02	2.654e-01	1.126e-01	8.838e-02	2.204e-01	2.829e-01	2.179e-01	4.083e-01	2.922e-01	1.229e-01	4.900e-01	3.373e-01	2.361e-01	4.450e-01
3.300e+04	2.366e-01	6.772e-02	2.654e-01	1.288e-01	8.932e-02	2.204e-01	2.829e-01	2.179e-01	4.083e-01	2.922e-01	1.229e-01	4.900e-01	3.373e-01	2.361e-01	4.450e-01
3.310e+04	2.366e-01	6.772e-02	2.654e-01	1.288e-01	8.932e-02	2.204e-01	2.829e-01	2.179e-01	4.083e-01	2.922e-01	1.229e-01	4.900e-01	3.373e-01	2.361e-01	4.450e-01
3.320e+04	2.366e-01	6.772e-02	2.654e-01	1.288e-01	8.932e-02	2.204e-01	2.829e-01	2.179e-01	4.083e-01	2.814e-01	1.229e-01	4.900e-01	3.373e-01	2.361e-01	4.450e-01
3.330e+04	2.366e-01	6.772e-02	2.654e-01	1.288e-01	8.932e-02	2.204e-01	2.829e-01	2.179e-01	4.083e-01	2.814e-01	1.229e-01	4.900e-01	3.373e-01	2.361e-01	4.450e-01
3.340e+04	2.366e-01	6.772e-02	2.654e-01	1.126e-01	8.932e-02	2.204e-01	2.829e-01	2.179e-01	4.083e-01	2.814e-01	1.229e-01	4.900e-01	3.373e-01	2.361e-01	4.450e-01
3.350e+04	2.366e-01	6.772e-02	2.654e-01	1.126e-01	8.932e-02	2.204e-01	2.829e-01	2.179e-01	4.083e-01	2.814e-01	1.229e-01	4.900e-01	3.373e-01	2.361e-01	4.450e-01
3.360e+04	2.366e-01	6.772e-02	2.654e-01	1.126e-01	8.932e-02	2.204e-01	2.829e-01	2.179e-01	4.083e-01	2.814e-01	1.229e-01	4.900e-01	3.373e-01	2.361e-01	4.450e-01
3.370e+04	2.366e-01	6.772e-02	2.654e-01	1.126e-01	8.932e-02	2.204e-01	2.829e-01	2.179e-01	4.083e-01	2.814e-01	1.229e-01	4.900e-01	3.373e-01	2.361e-01	4.450e-01
3.380e+04	2.366e-01	6.772e-02	2.654e-01	1.126e-01	8.932e-02	2.204e-01	2.829e-01	2.179e-01	4.083e-01	2.814e-01	1.229e-01	4.900e-01	3.373e-01	2.361e-01	4.450e-01
3.390e+04	2.366e-01	6.772e-02	2.654e-01	1.126e-01	8.932e-02	2.204e-01	2.829e-01	2.179e-01	4.083e-01	2.814e-01	1.229e-01	4.649e-01	3.373e-01	2.361e-01	4.450e-01
3.400e+04	2.366e-01	6.772e-02	2.654e-01	1.126e-01	8.932e-02	2.204e-01	2.829e-01	2.179e-01	4.083e-01	2.814e-01	1.229e-01	4.649e-01	3.373e-01	2.361e-01	4.450e-01
3.410e+04	2.366e-01	6.772e-02	2.654e-01	1.126e-01	8.932e-02	2.204e-01	2.829e-01	2.179e-01	4.083e-01	2.814e-01	1.229e-01	4.649e-01	3.373e-01	2.361e-01	4.450e-01
3.420e+04	2.366e-01	6.772e-02	2.654e-01	1.126e-01	8.932e-02	2.204e-01	2.829e-01	2.179e-01	4.083e-01	2.814e-01	1.229e-01	4.649e-01	3.373e-01	2.361e-01	4.450e-01
3.430e+04	2.366e-01	6.772e-02	2.654e-01	1.126e-01	8.932e-02	2.204e-01	2.829e-01	2.179e-01	4.083e-01	2.814e-01	1.229e-01	4.649e-01	3.373e-01	2.361e-01	4.450e-01
3.440e+04	2.366e-01	6.772e-02	2.654e-01	1.126e-01	8.932e-02	2.204e-01	2.829e-01	2.179e-01	4.083e-01	2.814e-01	1.229e-01	4.649e-01	3.373e-01	2.361e-01	4.450e-01
3.450e+04	2.366e-01	6.772e-02	2.654e-01	1.126e-01	8.932e-02	2.204e-01	2.829e-01	2.179e-01	4.083e-01	2.814e-01	1.264e-01	4.649e-01	3.373e-01	2.361e-01	4.450e-01
3.460e+04	2.366e-01	6.772e-02	2.654e-01	1.126e-01	8.932e-02	2.204e-01	2.829e-01	2.179e-01	4.083e-01	2.814e-01	1.264e-01	4.649e-01	3.373e-01	2.361e-01	4.450e-01
3.470e+04	2.366e-01	6.772e-02	2.654e-01	1.126e-01	8.932e-02	2.204e-01	2.829e-01	2.179e-01	4.083e-01	2.814e-01	1.264e-01	4.649e-01	3.373e-01	2.361e-01	4.450e-01
3.480e+04	2.366e-01	6.772e-02	2.654e-01	1.126e-01	8.932e-02	2.204e-01	2.829e-01	2.179e-01	4.083e-01	2.814e-01	1.264e-01	4.649e-01	3.373e-01	2.361e-01	4.450e-01
3.490e+04	2.341e-01	6.772e-02	2.544e-01	1.126e-01	8.932e-02	2.204e-01	2.829e-01	2.179e-01	4.083e-01	2.814e-01	1.264e-01	4.649e-01	3.373e-01	2.361e-01	4.665e-01
3.500e+04	2.341e-01	6.772e-02	2.544e-01	1.126e-01	8.932e-02	2.154e-01	2.829e-01	2.179e-01	4.083e-01	2.814e-01	1.264e-01	4.649e-01	3.373e-01	2.361e-01	4.665e-01
3.510e+04	2.341e-01	6.772e-02	2.544e-01	1.126e-01	8.932e-02	2.154e-01	2.829e-01	2.179e-01	4.083e-01	2.814e-01	1.264e-01	4.649e-01	3.373e-01	2.361e-01	4.450e-01
3.520e+04	2.341e-01	6.772e-02	2.544e-01	1.126e-01	8.932e-02	2.269e-01	2.829e-01	2.179e-01	4.083e-01	2.814e-01	1.264e-01	4.649e-01	3.373e-01	2.361e-01	4.450e-01
3.530e+04	2.341e-01	6.772e-02	2.544e-01	9.873e-02	8.838e-02	2.269e-01	2.829e-01	2.179e-01	4.083e-01	2.814e-01	1.264e-01	4.649e-01	3.373e-01	2.361e-01	3.916e-01
3.540e+04	2.341e-01	6.772e-02	2.544e-01	9.873e-02	8.838e-02	2.269e-01	2.829e-01	2.179e-01	4.083e-01	2.814e-01	1.264e-01	4.649e-01	3.373e-01	2.361e-01	3.916e-01
3.550e+04	2.341e-01	6.772e-02	2.544e-01	9.873e-02	8.838e-02	2.269e-01	2.829e-01	2.179e-01	4.083e-01	2.814e-01	1.264e-01	4.649e-01	3.373e-01	2.361e-01	3.916e-01
3.560e+04	2.341e-01	6.772e-02	2.544e-01	9.873e-02	8.838e-02	2.269e-01	2.829e-01	2.179e-01	4.083e-01	2.814e-01	1.264e-01	4.649e-01	3.323e-01	2.361e-01	3.797e-01
3.570e+04	2.341e-01	6.772e-02	2.544e-01	9.873e-02	8.838e-02	2.269e-01	2.829e-01	2.179e-01	4.083e-01	2.814e-01	1.264e-01	4.649e-01	3.323e-01	2.361e-01	3.797e-01
3.580e+04	2.341e-01	6.927e-02	2.544e-01	9.873e-02	8.838e-02	2.269e-01	2.829e-01	2.179e-01	4.083e-01	2.814e-01	1.264e-01	4.649e-01	3.323e-01	2.361e-01	3.797e-01
3.590e+04	2.341e-01	6.927e-02	2.544e-01	9.873e-02	8.838e-02	2.269e-01	2.829e-01	2.179e-01	4.083e-01	2.814e-01	1.264e-01	4.649e-01	3.323e-01	2.361e-01	3.797e-01
3.600e+04	2.341e-01	6.927e-02	2.544e-01	9.873e-02	8.838e-02	2.269e-01	2.829e-01	2.179e-01	4.083e-01	2.922e-01	1.326e-01	4.649e-01	3.373e-01	2.361e-01	3.916e-01
3.610e+04	2.341e-01	7.970e-02	2.544e-01	9.873e-02	8.838e-02	2.269e-01	2.829e-01	2.179e-01	4.083e-01	2.922e-01	1.326e-01	4.649e-01	3.373e-01	2.361e-01	3.916e-01
3.620e+04	2.341e-01	7.970e-02	2.544e-01	9.873e-02	8.838e-02	2.269e-01	2.829e-01	2.179e-01	4.083e-01	2.922e-01	1.326e-01	4.649e-01	3.373e-01	2.361e-01	3.916e-01
3.630e+04	2.341e-01	7.970e-02	2.544e-01	9.873e-02	8.838e-02	2.269e-01	2.829e-01	2.179e-01	4.083e-01	2.814e-01	1.326e-01	4.649e-01	3.373e-01	2.361e-01	3.916e-01
3.640e+04	2.341e-01	7.970e-02	2.544e-01	9.873e-02	8.838e-02	2.269e-01	2.829e-01	2.179e-01	4.083e-01	2.814e-01	1.326e-01	4.649e-01	3.373e-01	2.361e-01	3.916e-01
3.650e+04	2.341e-01	7.970e-02	2.544e-01	9.873e-02	8.838e-02	2.269e-01	2.829e-01	2.179e-01	4.083e-01	2.814e-01	1.326e-01	4.649e-01	3.373e-01	2.121e-01	3.916e-01
3.660e+04	2.341e-01	7.970e-02	2.544e-01	9.873e-02	8.838e-02	2.269e-01	2.829e-01	2.179e-01	4.083e-01	2.814e-01	1.326e-01	4.649e-01	3.373e-01	2.121e-01	3.916e-01
3.670e+04	2.341e-01	7.970e-02	2.544e-01	9.873e-02	8.838e-02	2.269e-01	2.829e-01	2.179e-01	4.083e-01	2.814e-01	1.326e-01	4.649e-01	3.373e-01	2.121e-01	3.916e-01
3.680e+04	2.341e-01	7.970e-02	2.544e-01	9.873e-02	8.838e-02	2.269e-01	2.829e-01	2.179e-01	4.083e-01	2.814e-01	1.326e-01	4.649e-01	3.373e-01	2.121e-01	3.916e-01
3.690e+04	2.341e-01	7.970e-02	2.544e-01	9.873e-02	8.838e-02	2.269e-01	2.829e-01	2.179e-01	4.083e-01	2.814e-01	1.326e-01	4.649e-01	3.373e-01	2.121e-01	3.916e-01
3.700e+04	2.341e-01	7.970e-02	2.544e-01	9.873e-02	8.838e-02	2.269e-01	2.829e-01	2.179e-01	4.083e-01	2.814e-01	1.326e-01	4.649e-01	3.373e-01	2.121e-01	3.797e-01
3.710e+04	2.341e-01	7.970e-02	2.544e-01	9.873e-02	8.838e-02	2.269e-01	2.829e-01	2.179e-01	4.083e-01	2.922e-01	1.326e-01	4.900e-01	3.373e-01	2.121e-01	3.916e-01
3.720e+04	2.341e-01	7.970e-02	2.544e-01	9.873e-02	8.838e-02	2.269e-01	2.829e-01	2.179e-01	4.083e-01	2.922e-01	1.326e-01	4.900e-01	3.373e-01	1.896e-01	3.916e-01
3.730e+04	2.341e-01	7.970e-02	2.544e-01	9.873e-02	8.838e-02	2.269e-01	2.829e-01	2.179e-01	4.083e-01	2.922e-01	1.326e-01	4.649e-01	3.373e-01	1.896e-01	3.916e-01
3.740e+04	2.341e-01	7.970e-02	2.544e-01	9.873e-02	8.838e-02	2.269e-01	2.829e-01	2.179e-01	4.083e-01	2.814e-01	1.326e-01	4.649e-01	3.373e-01	1.896e-01	3.916e-01
3.750e+04	2.341e-01	7.970e-02	2.544e-01	9.873e-02	8.838e-02	2.269e-01	2.829e-01	2.179e-01	4.083e-01	2.814e-01	1.326e-01	4.649e-01	3.373e-01	1.896e-01	3.916e-01
3.760e+04	2.237e-01	7.592e-02	2.514e-01	9.873e-02	8.838e-02	2.269e-01	2.829e-01	2.179e-01	4.083e-01	2.878e-01	1.326e-01	4.649e-01	3.373e-01	1.896e-01	3.916e-01
3.770e+04	2.237e-01	7.592e-02	2.514e-01	9.873e-02	8.838e-02	2.269e-01	2.829e-01	2.179e-01	4.083e-01	2.878e-01	1.326e-01	4.649e-01	3.373e-01	1.896e-01	3.916e-01
3.780e+04	2.237e-01	7.592e-02	2.514e-01	9.873e-02	8.838e-02	2.269e-01	2.829e-01	2.179e-01	4.083e-01	2.878e-01	1.326e-01	4.649e-01	3.373e-01	1.896e-01	3.916e-01
3.790e+04	2.237e-01	7.592e-02	2.514e-01	1.126e-01	8.932e-02	2.269e-01	2.829e-01	2.179e-01	4.083e-01	2.878e-01	1.326e-01	4.649e-01	3.373e-01	1.896e-01	3.916e-01
3.800e+04	2.237e-01	7.592e-02	2.514e-01	1.126e-01	8.932e-02	2.269e-01	2.829e-01	2.179e-01	4.083e-01	2.878e-01	1.326e-01	4.649e-01	3.373e-01	1.896e-01	3.916e-01
3.810e+04	2.237e-01	7.592e-02	2.514e-01	1.126e-01	8.932e-02	2.269e-01	2.829e-01	2.179e-01	4.083e-01	2.878e-01	1.326e-01	4.649e-01	3.373e-01	1.896e-01	3.916e-01
3.820e+04	2.237e-01	7.592e-02	2.514e-01	1.126e-01	8.932e-02	2.269e-01	2.829e-01	2.179e-01	4.083e-01	2.878e-01	1.326e-01	4.649e-01	3.373e-01	1.896e-01	3.916e-01
3.830e+04	2.237e-01	7.592e-02	2.514e-01	1.126e-01	8.932e-02	2.269e-01	2.829e-01	2.179e-01	4.083e-01	2.878e-01	1.326e-01	4.649e-01	3.373e-01	1.896e-01	3.916e-01
3.840e+04	1.918e-01	7.592e-02	2.491e-01	1.126e-01	8.932e-02	2.269e-01	2.829e-01	2.179e-01	4.083e-01	2.878e-01	1.326e-01	4.649e-01	3.373e-01	1.896e-01	3.905e-01
3.850e+04	1.918e-01	7.592e-02	2.491e-01	1.126e-01	8.932e-02	2.269e-01	2.829e-01	2.179e-01	4.083e-01	2.878e-01	1.326e-01	4.649e-01	3.373e-01	1.896e-01	3.905e-01
3.860e+04	1.918e-01	7.592e-02	2.491e-01	1.126e-01	8.932e-02	2.269e-01	2.829e-01	2.179e-01	4.083e-01	2.878e-01	1.326e-01	4.649e-01	3.373e-01	1.896e-01	3.905e-01
3.870e+04	1.918e-01	7.592e-02	2.491e-01	1.126e-01	8.932e-02	2.269e-01	2.829e-01	2.179e-01	4.083e-01	2.878e-01	1.326e-01	4.649e-01	3.373e-01	1.896e-01	3.905e-01
3.880e+04	1.918e-01	7.592e-02	2.491e-01	1.126e-01	8.932e-02	2.269e-01	2.829e-01	2.179e-01	4.083e-01	2.878e-01	1.326e-01	4.649e-01	3.373e-01	1.896e-01	3.905e-01
3.890e+04	1.918e-01	7.592e-02	2.491e-01	1.126e-01	8.932e-02	2.269e-01	2.829e-01	2.179e-01	4.083e-01	2.878e-01	1.326e-01	4.649e-01	3.373e-01	1.896e-01	3.905e-01
3.900e+04	1.918e-01	7.592e-02	2.491e-01	1.126e-01	8.932e-02	2.269e-01	2.829e-01	2.179e-01	4.083e-01	2.878e-01	1.326e-01	4.649e-01	3.373e-01	1.896e-01	3.905e-01
3.910e+04	1.918e-01	7.592e-02	2.491e-01	1.126e-01	8.932e-02	2.269e-01	2.829e-01	2.179e-01	4.083e-01	2.878e-01	1.326e-01	4.649e-01	3.373e-01	1.896e-01	3.905e-01
3.920e+04	1.918e-01	7.592e-02	2.491e-01	1.126e-01	8.932e-02	2.269e-01	2.829e-01	2.179e-01	4.083e-01	2.878e-01	1.326e-01	4.649e-01	3.373e-01	1.896e-01	3.905e-01
3.930e+04	1.918e-01	7.592e-02	2.491e-01	1.126e-01	8.932e-02	2.269e-01	2.829e-01	2.179e-01	4.083e-01	2.878e-01	1.326e-01	4.649e-01	3.373e-01	1.896e-01	3.905e-01
3.940e+04	1.918e-01	7.592e-02	2.491e-01	1.126e-01	8.932e-02	2.269e-01	2.829e-01	2.179e-01	4.083e-01	2.878e-01	1.326e-01	4.649e-01	3.373e-01	1.896e-01	3.905e-01
3.950e+04	1.918e-01	7.592e-02	2.491e-01	1.126e-01	8.932e-02	2.269e-01	2.829e-01	2.179e-01	4.083e-01	2.878e-01	1.326e-01	4.649e-01	3.373e-01	1.896e-01	3.905e-01
3.960e+04	1.918e-01	7.592e-02	2.491e-01	1.126e-01	8.932e-02	2.269e-01	2.829e-01	2.179e-01	4.083e-01	2.814e-01	9.013e-02	4.649e-01	3.373e-01	1.896e-01	3.905e-01
3.970e+04	1.918e-01	7.592e-02	2.491e-01	1.126e-01	8.932e-02	2.269e-01	2.829e-01	2.179e-01	4.083e-01	2.201e-01	9.013e-02	4.649e-01	3.373e-01	1.896e-01	3.905e-01
3.980e+04	1.918e-01	7.592e-02	2.491e-01	1.126e-01	8.932e-02	2.136e-01	2.829e-01	2.179e-01	4.083e-01	2.201e-01	9.013e-02	4.649e-01	3.373e-01	1.896e-01	3.905e-01
3.990e+04	1.918e-01	7.592e-02	2.491e-01	1.126e-01	8.932e-02	2.136e-01	2.829e-01	2.179e-01	4.083e-01	2.201e-01	9.013e-02	4.649e-01	3.373e-01	1.896e-01	3.905e-01
4.000e+04	1.918e-01	7.592e-02	2.491e-01	1.126e-01	8.932e-02	2.136e-01	2.829e-01	2.179e-01	4.083e-01	2.922e-01	9.013e-02	4.649e-01	3.373e-01	1.896e-01	3.905e-01
4.010e+04	1.918e-01	7.592e-02	2.491e-01	1.126e-01	8.932e-02	2.136e-01	2.829e-01	2.179e-01	4.083e-01	2.922e-01	9.013e-02	4.649e-01	3.373e-01	1.896e-01	3.905e-01
4.020e+04	1.918e-01	7.592e-02	2.491e-01	1.126e-01	8.932e-02	2.136e-01	2.829e-01	2.179e-01	4.083e-01	2.968e-01	9.013e-02	4.900e-01	3.373e-01	1.896e-01	3.905e-01
4.030e+04	1.918e-01	7.592e-02	2.491e-01	1.126e-01	8.932e-02	2.136e-01	2.829e-01	2.179e-01	4.083e-01	2.968e-01	9.013e-02	4.900e-01	3.373e-01	1.896e-01	3.905e-01
4.040e+04	1.918e-01	7.592e-02	2.491e-01	1.126e-01	8.932e-02	2.136e-01	2.829e-01	2.179e-01	4.083e-01	2.968e-01	9.093e-02	4.900e-01	3.373e-01	1.896e-01	3.916e-01
4.050e+04	1.918e-01	7.592e-02	2.491e-01	1.180e-01	9.387e-02	2.136e-01	2.829e-01	2.179e-01	4.083e-01	2.968e-01	9.093e-02	4.900e-01	3.373e-01	1.896e-01	3.916e-01
4.060e+04	1.918e-01	7.592e-02	2.491e-01	1.180e-01	9.387e-02	2.136e-01	2.829e-01	2.179e-01	4.083e-01	2.968e-01	9.093e-02	4.900e-01	3.373e-01	1.896e-01	3.916e-01
4.070e+04	1.918e-01	7.592e-02	2.491e-01	1.180e-01	9.387e-02	2.136e-01	2.829e-01	2.179e-01	4.083e-01	2.968e-01	9.093e-02	4.900e-01	3.373e-01	1.896e-01	3.916e-01
4.080e+04	1.918e-01	7.592e-02	2.491e-01	1.180e-01	9.387e-02	2.136e-01	2.829e-01	2.179e-01	4.083e-01	2.968e-01	9.093e-02	4.900e-01	3.373e-01	1.896e-01	3.916e-01
4.090e+04	1.918e-01	7.592e-02	2.491e-01	1.126e-01	9.266e-02	2.136e-01	2.829e-01	2.179e-01	4.083e-01	2.968e-01	9.093e-02	4.900e-01	3.373e-01	1.896e-01	3.916e-01
4.100e+04	1.918e-01	7.592e-02	2.491e-01	1.126e-01	9.266e-02	2.136e-01	2.829e-01	2.179e-01	4.083e-01	2.968e-01	9.093e-02	4.900e-01	3.373e-01	1.896e-01	3.916e-01
4.110e+04	1.611e-01	6.927e-02	2.491e-01	1.126e-01	9.266e-02	2.136e-01	2.829e-01	2.179e-01	4.083e-01	2.968e-01	9.093e-02	4.900e-01	3.323e-01	1.886e-01	3.797e-01
4.120e+04	1.611e-01	6.927e-02	2.491e-01	1.126e-01	9.266e-02	2.136e-01	2.829e-01	2.179e-01	4.083e-01	2.968e-01	9.093e-02	4.900e-01	3.323e-01	1.886e-01	3.797e-01
4.130e+04	1.611e-01	6.927e-02	2.491e-01	1.126e-01	9.266e-02	2.136e-01	2.829e-01	2.179e-01	4.083e-01	2.968e-01	9.093e-02	4.900e-01	3.323e-01	1.886e-01	3.797e-01
4.140e+04	1.611e-01	6.927e-02	2.491e-01	1.126e-01	9.266e-02	2.136e-01	2.829e-01	2.179e-01	4.083e-01	2.968e-01	9.093e-02	4.900e-01	3.323e-01	1.886e-01	3.797e-01
4.150e+04	1.611e-01	6.927e-02	2.491e-01	1.126e-01	9.266e-02	2.136e-01	2.829e-01	2.179e-01	4.083e-01	2.968e-01	9.093e-02	4.900e-01	3.323e-01	1.886e-01	3.797e-01
4.160e+04	1.611e-01	6.927e-02	2.491e-01	1.126e-01	9.266e-02	2.136e-01	2.829e-01	2.179e-01	4.083e-01	2.968e-01	9.093e-02	4.900e-01	3.323e-01	1.886e-01	3.797e-01
4.170e+04	1.611e-01	6.927e-02	2.491e-01	1.126e-01	9.266e-02	2.136e-01	2.829e-01	2.179e-01	4.083e-01	2.968e-01	9.093e-02	4.900e-01	3.323e-01	9.934e-02	3.797e-01
4.180e+04	1.611e-01	6.927e-02	2.491e-01	1.126e-01	9.266e-02	2.136e-01	2.829e-01	2.179e-01	4.083e-01	2.968e-01	9.093e-02	4.900e-01	3.323e-01	9.934e-02	3.797e-01
4.190e+04	1.611e-01	6.927e-02	2.491e-01	1.126e-01	9.266e-02	2.136e-01	2.829e-01	2.179e-01	4.083e-01	2.968e-01	9.093e-02	4.900e-01	3.323e-01	9.934e-02	3.797e-01
4.200e+04	1.611e-01	6.927e-02	2.491e-01	1.126e-01	9.266e-02	2.136e-01	2.829e-01	2.179e-01	4.083e-01	2.968e-01	9.093e-02	4.900e-01	3.323e-01	9.934e-02	3.797e-01
4.210e+04	1.611e-01	6.927e-02	2.491e-01	1.126e-01	9.266e-02	2.136e-01	2.829e-01	2.179e-01	4.083e-01	2.968e-01	9.093e-02	4.900e-01	3.323e-01	1.886e-01	3.797e-01
4.220e+04	1.611e-01	6.927e-02	2.491e-01	1.126e-01	9.266e-02	2.136e-01	2.839e-01	2.274e-01	4.083e-01	2.968e-01	9.093e-02	4.900e-01	3.323e-01	1.886e-01	3.797e-01
4.230e+04	1.611e-01	6.927e-02	2.491e-01	1.126e-01	9.266e-02	2.136e-01	2.839e-01	2.274e-01	4.083e-01	2.968e-01	9.093e-02	4.900e-01	3.323e-01	1.886e-01	3.797e-01
4.240e+04	1.611e-01	6.927e-02	2.491e-01	1.126e-01	9.266e-02	2.136e-01	2.839e-01	2.274e-01	4.083e-01	2.968e-01	9.093e-02	4.900e-01	3.323e-01	1.886e-01	3.797e-01
4.250e+04	1.611e-01	6.927e-02	2.491e-01	1.126e-01	9.266e-02	2.136e-01	2.839e-01	2.274e-01	4.083e-01	2.968e-01	9.093e-02	4.900e-01	3.323e-01	1.886e-01	3.797e-01
4.260e+04	1.611e-01	6.927e-02	2.490e-01	1.126e-01	9.266e-02	2.136e-01	2.839e-01	2.274e-01	4.083e-01	2.968e-01	9.093e-02	4.900e-01	3.323e-01	1.886e-01	3.797e-01
4.270e+04	1.611e-01	6.927e-02	2.490e-01	1.126e-01	9.266e-02	2.136e-01	2.839e-01	2.274e-01	4.083e-01	2.968e-01	9.093e-02	4.900e-01	3.323e-01	1.886e-01	3.797e-01
4.280e+04	1.611e-01	6.927e-02	2.490e-01	1.126e-01	9.266e-02	2.136e-01	2.839e-01	2.274e-01	4.083e-01	2.968e-01	9.093e-02	4.900e-01	3.323e-01	9.934e-02	3.797e-01
4.290e+04	1.611e-01	6.927e-02	2.490e-01	1.126e-01	9.266e-02	2.136e-01	2.839e-01	2.274e-01	4.083e-01	2.968e-01	9.093e-02	4.900e-01	3.323e-01	9.934e-02	3.797e-01
4.300e+04	1.611e-01	6.927e-02	2.490e-01	1.126e-01	9.266e-02	2.136e-01	2.839e-01	2.274e-01	4.083e-01	2.968e-01	9.093e-02	4.900e-01	3.323e-01	9.934e-02	3.797e-01
4.310e+04	1.611e-01	6.927e-02	2.490e-01	1.126e-01	9.266e-02	2.136e-01	2.839e-01	2.274e-01	4.083e-01	2.968e-01	9.093e-02	4.900e-01	3.323e-01	9.934e-02	3.797e-01
4.320e+04	1.611e-01	6.927e-02	2.490e-01	1.126e-01	9.266e-02	2.136e-01	2.839e-01	2.274e-01	4.083e-01	2.968e-01	9.093e-02	4.900e-01	3.323e-01	9.934e-02	3.797e-01
4.330e+04	1.611e-01	6.927e-02	2.490e-01	1.126e-01	9.266e-02	2.269e-01	2.839e-01	2.274e-01	4.083e-01	2.968e-01	9.093e-02	4.900e-01	3.323e-01	9.934e-02	3.797e-01
4.340e+04	1.611e-01	6.927e-02	2.490e-01	1.126e-01	9.266e-02	2.269e-01	2.839e-01	2.274e-01	4.083e-01	2.968e-01	9.093e-02	4.900e-01	3.323e-01	9.934e-02	3.797e-01
4.350e+04	1.611e-01	6.927e-02	2.490e-01	1.126e-01	9.266e-02	2.269e-01	2.839e-01	2.274e-01	4.083e-01	2.968e-01	9.093e-02	4.900e-01	3.323e-01	9.934e-02	3.797e-01
4.360e+04	1.611e-01	6.927e-02	2.490e-01	1.126e-01	9.266e-02	2.269e-01	2.839e-01	2.274e-01	4.083e-01	3.242e-01	9.093e-02	4.900e-01	3.323e-01	9.934e-02	3.797e-01
4.370e+04	1.611e-01	6.927e-02	2.490e-01	1.126e-01	9.266e-02	2.269e-01	2.839e-01	2.274e-01	4.083e-01	3.242e-01	9.093e-02	4.900e-01	3.323e-01	9.934e-02	3.797e-01
4.380e+04	1.611e-01	6.927e-02	2.490e-01	1.126e-01	9.266e-02	2.269e-01	2.839e-01	2.274e-01	4.159e-01	3.242e-01	9.093e-02	4.900e-01	3.323e-01	9.934e-02	3.797e-01
4.390e+04	1.611e-01	6.927e-02	2.490e-01	1.288e-01	9.387e-02	2.358e-01	2.839e-01	2.274e-01	4.159e-01	3.242e-01	9.093e-02	4.900e-01	3.323e-01	9.934e-02	3.797e-01
4.400e+04	1.611e-01	6.927e-02	2.490e-01	1.288e-01	9.387e-02	2.358e-01	2.839e-01	2.274e-01	4.159e-01	3.242e-01	9.093e-02	4.900e-01	3.323e-01	9.934e-02	3.797e-01
4.410e+04	1.611e-01	6.927e-02	2.490e-01	1.288e-01	9.387e-02	2.358e-01	2.839e-01	2.274e-01	4.159e-01	3.242e-01	9.093e-02	4.900e-01	3.323e-01	9.934e-02	3.797e-01
4.420e+04	1.611e-01	6.927e-02	2.490e-01	1.288e-01	9.387e-02	2.358e-01	2.839e-01	2.274e-01	4.159e-01	3.242e-01	9.093e-02	4.900e-01	3.323e-01	9.934e-02	3.797e-01
4.430e+04	1.611e-01	6.927e-02	2.490e-01	1.126e-01	9.387e-02	2.358e-01	2.839e-01	2.274e-01	4.159e-01	3.242e-01	9.093e-02	4.900e-01	3.323e-01	9.934e-02	3.797e-01
4.440e+04	1.611e-01	6.927e-02	2.490e-01	1.126e-01	9.387e-02	2.358e-01	2.839e-01	2.274e-01	4.159e-01	3.242e-01	9.093e-02	4.900e-01	3.323e-01	9.934e-02	3.797e-01
4.450e+04	1.611e-01	6.927e-02	2.490e-01	1.126e-01	9.387e-02	2.358e-01	2.839e-01	2.274e-01	4.159e-01	3.242e-01	9.093e-02	4.900e-01	3.223e-01	9.934e-02	3.916e-01
4.460e+04	1.611e-01	6.927e-02	2.490e-01	1.126e-01	9.387e-02	2.358e-01	2.839e-01	2.274e-01	4.159e-01	3.242e-01	9.093e-02	4.900e-01	3.223e-01	9.934e-02	3.916e-01
4.470e+04	1.611e-01	6.927e-02	2.490e-01	1.126e-01	9.487e-02	2.358e-01	2.839e-01	2.274e-01	4.159e-01	3.242e-01	9.093e-02	4.900e-01	3.223e-01	9.934e-02	3.916e-01
4.480e+04	1.611e-01	6.927e-02	2.490e-01	1.126e-01	9.487e-02	2.358e-01	2.839e-01	2.274e-01	4.159e-01	3.242e-01	9.093e-02	4.900e-01	3.223e-01	9.934e-02	3.916e-01
4.490e+04	1.611e-01	6.927e-02	2.490e-01	1.288e-01	9.557e-02	2.358e-01	2.839e-01	2.274e-01	4.159e-01	3.242e-01	9.093e-02	4.900e-01	3.223e-01	9.934e-02	3.916e-01
4.500e+04	1.611e-01	6.927e-02	2.490e-01	1.288e-01	9.557e-02	2.358e-01	2.839e-01	2.274e-01	4.159e-01	3.242e-01	9.093e-02	4.900e-01	3.223e-01	9.934e-02	3.916e-01
4.510e+04	1.611e-01	6.927e-02	2.490e-01	1.288e-01	9.557e-02	2.358e-01	2.839e-01	2.274e-01	4.159e-01	3.242e-01	9.093e-02	4.900e-01	3.223e-01	9.934e-02	3.797e-01
4.520e+04	1.611e-01	6.927e-02	2.490e-01	1.288e-01	9.557e-02	3.988e-01	2.839e-01	2.274e-01	4.159e-01	3.242e-01	9.093e-02	4.900e-01	3.223e-01	9.934e-02	3.797e-01
4.530e+04	1.611e-01	6.927e-02	2.490e-01	1.288e-01	9.557e-02	2.947e-01	2.839e-01	2.274e-01	4.159e-01	3.242e-01	9.093e-02	4.900e-01	3.223e-01	9.934e-02	3.797e-01
4.540e+04	1.611e-01	6.927e-02	2.490e-01	1.288e-01	9.557e-02	2.947e-01	2.839e-01	2.274e-01	4.159e-01	3.242e-01	9.093e-02	4.900e-01	3.223e-01	9.934e-02	3.797e-01
4.550e+04	1.611e-01	6.927e-02	2.490e-01	1.288e-01	9.557e-02	2.947e-01	2.839e-01	2.274e-01	4.159e-01	3.242e-01	9.093e-02	4.649e-01	3.223e-01	9.934e-02	3.797e-01
4.560e+04	1.611e-01	6.927e-02	2.490e-01	1.288e-01	9.557e-02	2.947e-01	2.839e-01	2.274e-01	4.159e-01	3.242e-01	9.093e-02	4.649e-01	3.223e-01	9.934e-02	3.797e-01
4.570e+04	1.611e-01	6.927e-02	2.490e-01	1.288e-01	9.557e-02	2.947e-01	2.839e-01	2.274e-01	4.246e-01	3.242e-01	9.093e-02	4.649e-01	3.223e-01	9.265e-02	3.797e-01
4.580e+04	1.611e-01	6.927e-02	2.490e-01	1.288e-01	9.557e-02	2.947e-01	2.839e-01	2.274e-01	4.246e-01	3.242e-01	9.093e-02	4.649e-01	3.223e-01	9.265e-02	3.797e-01
4.590e+04	1.513e-01	6.772e-02	2.480e-01	1.288e-01	9.557e-02	2.947e-01	2.839e-01	2.274e-01	4.246e-01	3.242e-01	9.093e-02	4.649e-01	3.223e-01	9.265e-02	3.797e-01
4.600e+04	1.513e-01	6.772e-02	2.480e-01	1.288e-01	9.557e-02	2.947e-01	2.839e-01	2.274e-01	4.246e-01	3.242e-01	9.093e-02	4.649e-01	3.223e-01	9.265e-02	3.797e-01
4.610e+04	1.513e-01	6.772e-02	2.480e-01	1.288e-01	9.557e-02	2.947e-01	2.839e-01	2.274e-01	4.246e-01	3.242e-01	9.093e-02	4.649e-01	3.223e-01	9.265e-02	3.797e-01
4.620e+04	1.513e-01	6.772e-02	2.480e-01	1.301e-01	9.557e-02	2.947e-01	2.839e-01	2.274e-01	4.246e-01	3.242e-01	9.093e-02	4.649e-01	3.223e-01	9.265e-02	3.797e-01
4.630e+04	1.513e-01	6.772e-02	2.480e-01	1.301e-01	9.557e-02	2.947e-01	2.839e-01	2.274e-01	4.246e-01	3.242e-01	9.093e-02	4.649e-01	3.223e-01	9.265e-02	3.797e-01
4.640e+04	1.513e-01	6.772e-02	2.480e-01	1.301e-01	9.557e-02	2.947e-01	2.839e-01	2.274e-01	4.246e-01	3.242e-01	9.093e-02	4.649e-01	3.223e-01	9.265e-02	3.797e-01
4.650e+04	1.513e-01	6.772e-02	2.480e-01	1.301e-01	9.557e-02	2.947e-01	2.839e-01	2.274e-01	4.246e-01	3.495e-01	1.556e-01	4.900e-01	3.223e-01	9.265e-02	3.797e-01
4.660e+04	1.513e-01	6.772e-02	2.480e-01	1.301e-01	9.557e-02	2.947e-01	2.839e-01	2.274e-01	4.246e-01	3.495e-01	1.556e-01	4.900e-01	3.223e-01	9.265e-02	3.797e-01
4.670e+04	1.513e-01	6.772e-02	2.480e-01	1.301e-01	9.557e-02	2.947e-01	2.839e-01	2.274e-01	4.246e-01	3.495e-01	1.556e-01	4.649e-01	3.223e-01	9.265e-02	3.797e-01
4.680e+04	1.513e-01	6.772e-02	2.480e-01	1.301e-01	9.557e-02	2.803e-01	2.839e-01	2.274e-01	4.246e-01	3.495e-01	1.556e-01	4.649e-01	3.223e-01	9.265e-02	3.797e-01
4.690e+04	1.513e-01	6.772e-02	2.480e-01	1.301e-01	9.557e-02	2.803e-01	2.839e-01	2.274e-01	4.246e-01	3.495e-01	1.556e-01	4.649e-01	3.223e-01	9.265e-02	3.797e-01
4.700e+04	1.513e-01	6.772e-02	2.480e-01	1.301e-01	9.557e-02	2.803e-01	2.839e-01	2.274e-01	4.246e-01	3.495e-01	1.556e-01	4.649e-01	3.223e-01	9.265e-02	3.797e-01
4.710e+04	1.513e-01	6.772e-02	2.480e-01	1.301e-01	9.557e-02	2.803e-01	2.839e-01	2.274e-01	4.246e-01	3.495e-01	1.556e-01	4.649e-01	3.223e-01	9.265e-02	3.797e-01
4.720e+04	1.513e-01	6.772e-02	2.480e-01	1.301e-01	9.557e-02	2.803e-01	2.839e-01	2.274e-01	4.246e-01	3.495e-01	1.556e-01	4.649e-01	3.223e-01	9.265e-02	3.797e-01
4.730e+04	1.513e-01	6.772e-02	2.480e-01	1.301e-01	9.557e-02	2.803e-01	2.839e-01	2.274e-01	4.246e-01	3.495e-01	1.556e-01	4.649e-01	3.223e-01	9.265e-02	3.797e-01
4.740e+04	1.513e-01	6.772e-02	2.480e-01	1.301e-01	9.557e-02	2.803e-01	2.839e-01	2.274e-01	4.246e-01	3.495e-01	1.556e-01	4.649e-01	3.223e-01	9.265e-02	3.797e-01
4.750e+04	1.611e-01	6.772e-02	2.514e-01	1.301e-01	9.557e-02	2.803e-01	2.839e-01	2.274e-01	4.246e-01	3.511e-01	1.556e-01	4.649e-01	3.223e-01	9.265e-02	3.797e-01
4.760e+04	1.611e-01	6.772e-02	2.514e-01	1.301e-01	9.557e-02	2.803e-01	2.839e-01	2.274e-01	4.246e-01	3.511e-01	1.556e-01	4.649e-01	3.223e-01	9.265e-02	3.797e-01
4.770e+04	1.611e-01	6.927e-02	2.514e-01	1.301e-01	9.557e-02	2.803e-01	2.839e-01	2.274e-01	4.246e-01	3.511e-01	1.556e-01	4.649e-01	3.223e-01	9.265e-02	3.797e-01
4.780e+04	1.611e-01	6.927e-02	2.514e-01	1.301e-01	9.557e-02	2.803e-01	2.839e-01	2.274e-01	4.246e-01	3.511e-01	1.556e-01	4.649e-01	3.223e-01	9.265e-02	3.797e-01
4.790e+04	1.611e-01	6.927e-02	2.514e-01	1.301e-01	9.557e-02	2.803e-01	2.839e-01	2.274e-01	4.246e-01	3.553e-01	1.626e-01	4.649e-01	3.223e-01	9.265e-02	3.797e-01
4.800e+04	1.611e-01	6.927e-02	2.514e-01	1.301e-01	9.557e-02	2.803e-01	2.839e-01	2.274e-01	4.246e-01	3.553e-01	1.626e-01	4.649e-01	3.223e-01	9.265e-02	3.797e-01
4.810e+04	1.611e-01	6.927e-02	2.514e-01	1.301e-01	9.557e-02	2.803e-01	2.839e-01	2.274e-01	4.246e-01	3.553e-01	1.626e-01	4.649e-01	3.223e-01	9.265e-02	3.797e-01
4.820e+04	1.611e-01	6.927e-02	2.514e-01	1.301e-01	9.557e-02	2.803e-01	2.839e-01	2.274e-01	4.246e-01	3.553e-01	1.626e-01	4.649e-01	3.223e-01	9.265e-02	3.797e-01
4.830e+04	1.611e-01	6.927e-02	2.514e-01	1.301e-01	9.557e-02	2.803e-01	2.839e-01	2.274e-01	4.246e-01	3.553e-01	1.626e-01	4.649e-01	3.223e-01	9.265e-02	3.797e-01
4.840e+04	1.611e-01	6.927e-02	2.514e-01	1.288e-01	9.557e-02	2.803e-01	2.839e-01	2.274e-01	4.246e-01	3.553e-01	1.626e-01	4.649e-01	3.223e-01	9.265e-02	3.797e-01
4.850e+04	1.611e-01	6.927e-02	2.514e-01	1.288e-01	9.557e-02	2.803e-01	2.839e-01	2.274e-01	4.246e-01	3.553e-01	1.626e-01	4.649e-01	3.223e-01	9.265e-02	3.797e-01
4.860e+04	1.611e-01	6.927e-02	2.514e-01	1.288e-01	9.557e-02	2.803e-01	2.839e-01	2.274e-01	4.246e-01	3.553e-01	1.626e-01	4.649e-01	3.223e-01	9.265e-02	3.797e-01
4.870e+04	1.611e-01	6.927e-02	2.514e-01	1.288e-01	9.557e-02	2.803e-01	2.839e-01	2.274e-01	4.246e-01	3.553e-01	1.626e-01	4.649e-01	3.223e-01	9.265e-02	3.797e-01
4.880e+04	1.611e-01	6.927e-02	2.514e-01	1.288e-01	9.557e-02	2.803e-01	2.839e-01	2.274e-01	4.246e-01	3.553e-01	1.626e-01	4.649e-01	3.223e-01	9.265e-02	3.797e-01
4.890e+04	1.611e-01	6.927e-02	2.514e-01	1.288e-01	9.557e-02	2.803e-01	2.839e-01	2.274e-01	4.246e-01	3.553e-01	1.626e-01	4.649e-01	3.223e-01	9.265e-02	3.797e-01
4.900e+04	1.611e-01	6.927e-02	2.514e-01	1.126e-01	9.487e-02	2.803e-01	2.839e-01	2.274e-01	4.246e-01	3.553e-01	1.626e-01	4.649e-01	3.223e-01	9.265e-02	3.797e-01
4.910e+04	1.611e-01	6.927e-02	2.514e-01	1.126e-01	9.487e-02	2.803e-01	2.839e-01	2.274e-01	4.246e-01	3.553e-01	1.626e-01	4.649e-01	3.223e-01	9.265e-02	3.797e-01
4.920e+04	1.611e-01	6.927e-02	2.514e-01	1.126e-01	9.487e-02	2.803e-01	2.839e-01	2.274e-01	4.246e-01	3.553e-01	1.626e-01	4.649e-01	3.223e-01	9.265e-02	3.797e-01
4.930e+04	1.611e-01	6.927e-02	2.514e-01	1.126e-01	9.487e-02	2.803e-01	2.839e-01	2.274e-01	4.246e-01	3.553e-01	1.626e-01	4.649e-01	3.223e-01	9.265e-02	3.797e-01
4.940e+04	1.611e-01	6.927e-02	2.514e-01	1.126e-01	9.487e-02	2.803e-01	2.839e-01	2.274e-01	4.246e-01	3.553e-01	2.168e-01	4.649e-01	3.223e-01	9.265e-02	3.797e-01
4.950e+04	1.611e-01	6.927e-02	2.514e-01	1.126e-01	9.487e-02	2.803e-01	2.839e-01	2.274e-01	4.246e-01	3.553e-01	2.168e-01	4.649e-01	3.223e-01	9.265e-02	3.797e-01
4.960e+04	1.611e-01	6.927e-02	2.514e-01	1.126e-01	9.487e-02	2.803e-01	2.839e-01	2.274e-01	4.246e-01	3.553e-01	2.168e-01	4.649e-01	3.223e-01	9.265e-02	3.797e-01
4.970e+04	1.611e-01	6.927e-02	2.514e-01	1.126e-01	9.487e-02	2.803e-01	2.839e-01	2.274e-01	4.246e-01	3.553e-01	2.168e-01	4.649e-01	3.223e-01	9.265e-02	3.797e-01
4.980e+04	1.611e-01	6.927e-02	2.514e-01	1.126e-01	9.487e-02	2.803e-01	2.839e-01	2.274e-01	4.246e-01	3.553e-01	2.168e-01	4.649e-01	3.223e-01	9.265e-02	3.797e-01
4.990e+04	1.611e-01	6.927e-02	2.514e-01	1.126e-01	9.487e-02	2.803e-01	2.839e-01	2.274e-01	4.246e-01	3.553e-01	2.168e-01	4.649e-01	3.223e-01	9.265e-02	3.797e-01
5.000e+04	1.611e-01	6.927e-02	2.514e-01	1.126e-01	9.487e-02	2.803e-01	2.839e-01	2.274e-01	4.246e-01	3.553e-01	2.168e-01	4.649e-01	3.223e-01	9.265e-02	3.797e-01
