n.evals.q.1.0.	xor._.me.hebbian.network.best.quality.increase	xor._.me.hebbian.network.best.quality.increase.min	xor._.me.hebbian.network.best.quality.increase.max	xor._.me.hebbian.layer.best.quality.increase	xor._.me.hebbian.layer.best.quality.increase.min	xor._.me.hebbian.layer.best.quality.increase.max	xor._.me.hebbian.neuron.best.quality.increase	xor._.me.hebbian.neuron.best.quality.increase.min	xor._.me.hebbian.neuron.best.quality.increase.max	xor._.me.hebbian.synapse.best.quality.increase	xor._.me.hebbian.synapse.best.quality.increase.min	xor._.me.hebbian.synapse.best.quality.increase.max	xor._.me.freeForm.best.quality.increase	xor._.me.freeForm.best.quality.increase.min	xor._.me.freeForm.best.quality.increase.max
1.000e+02	2.392e-01	6.541e-02	4.582e-01	4.535e-01	1.738e-01	4.845e-01	3.787e-01	1.849e-01	6.829e-01	4.715e-01	3.398e-01	6.065e-01	1.251e-01	2.496e-02	2.248e-01
2.000e+02	1.993e-01	6.512e-02	4.574e-01	8.436e-02	3.047e-02	3.203e-01	4.645e-01	3.353e-01	8.475e-01	4.081e-01	2.751e-01	5.909e-01	7.512e-02	2.507e-02	2.248e-01
3.000e+02	1.993e-01	6.512e-02	4.574e-01	6.783e-02	8.973e-03	2.184e-01	4.762e-01	4.072e-01	7.048e-01	4.786e-01	3.398e-01	5.436e-01	4.189e-02	2.479e-02	1.750e-01
4.000e+02	1.993e-01	6.512e-02	4.574e-01	6.783e-02	8.973e-03	2.184e-01	4.762e-01	4.072e-01	6.638e-01	4.994e-01	3.547e-01	5.709e-01	7.512e-02	2.496e-02	2.754e-01
5.000e+02	2.366e-01	6.512e-02	4.574e-01	6.783e-02	8.973e-03	2.184e-01	4.546e-01	3.981e-01	4.836e-01	4.994e-01	3.789e-01	5.823e-01	3.202e-02	2.495e-02	1.391e-01
6.000e+02	2.366e-01	6.512e-02	4.574e-01	6.599e-02	8.973e-03	9.771e-02	4.582e-01	3.981e-01	4.823e-01	4.987e-01	3.547e-01	6.315e-01	2.926e-02	2.495e-02	1.254e-01
7.000e+02	2.366e-01	6.512e-02	4.574e-01	6.783e-02	1.287e-02	1.738e-01	4.582e-01	3.981e-01	4.823e-01	4.934e-01	3.727e-01	5.709e-01	2.926e-02	2.495e-02	1.119e-01
8.000e+02	2.366e-01	6.512e-02	4.560e-01	6.783e-02	1.287e-02	9.771e-02	4.546e-01	3.850e-01	4.821e-01	4.871e-01	3.472e-01	5.709e-01	3.202e-02	2.495e-02	1.119e-01
9.000e+02	2.366e-01	6.512e-02	4.560e-01	6.783e-02	1.287e-02	1.738e-01	4.532e-01	3.639e-01	4.762e-01	4.871e-01	3.597e-01	5.699e-01	2.540e-02	2.493e-02	1.119e-01
1.000e+03	2.366e-01	6.512e-02	4.560e-01	7.526e-02	1.287e-02	2.184e-01	4.409e-01	3.580e-01	4.709e-01	4.786e-01	3.597e-01	5.500e-01	2.540e-02	2.494e-02	9.554e-02
1.100e+03	2.366e-01	6.512e-02	4.560e-01	7.067e-02	1.287e-02	1.792e-01	4.409e-01	3.580e-01	4.709e-01	4.786e-01	3.597e-01	5.500e-01	2.533e-02	2.493e-02	7.455e-02
1.200e+03	2.366e-01	6.512e-02	4.560e-01	7.067e-02	1.287e-02	1.792e-01	4.355e-01	3.580e-01	4.643e-01	4.662e-01	3.597e-01	5.709e-01	2.540e-02	2.494e-02	7.512e-02
1.300e+03	2.366e-01	6.512e-02	4.560e-01	7.067e-02	1.287e-02	2.184e-01	4.355e-01	3.580e-01	4.643e-01	4.617e-01	3.472e-01	5.484e-01	2.533e-02	2.493e-02	7.512e-02
1.400e+03	2.337e-01	6.512e-02	4.560e-01	7.067e-02	1.287e-02	2.184e-01	4.355e-01	3.580e-01	4.643e-01	4.617e-01	3.254e-01	5.998e-01	2.533e-02	2.493e-02	7.512e-02
1.500e+03	2.337e-01	6.512e-02	4.560e-01	7.067e-02	3.047e-02	1.792e-01	4.355e-01	3.580e-01	4.643e-01	4.617e-01	3.472e-01	6.084e-01	2.517e-02	2.493e-02	7.455e-02
1.600e+03	2.337e-01	6.512e-02	4.560e-01	7.067e-02	3.047e-02	1.792e-01	4.355e-01	3.580e-01	4.643e-01	4.171e-01	3.218e-01	5.697e-01	2.517e-02	2.493e-02	7.455e-02
1.700e+03	2.337e-01	6.512e-02	4.560e-01	7.067e-02	3.047e-02	1.792e-01	4.355e-01	3.580e-01	4.643e-01	4.429e-01	3.218e-01	5.697e-01	2.517e-02	2.493e-02	7.455e-02
1.800e+03	2.337e-01	6.512e-02	4.560e-01	7.067e-02	3.047e-02	1.977e-01	4.355e-01	3.580e-01	4.643e-01	4.429e-01	3.218e-01	5.683e-01	2.517e-02	2.493e-02	7.455e-02
1.900e+03	2.337e-01	6.512e-02	4.560e-01	8.145e-02	3.047e-02	1.977e-01	4.355e-01	3.580e-01	4.643e-01	4.443e-01	3.472e-01	5.683e-01	2.512e-02	2.493e-02	4.405e-02
2.000e+03	2.337e-01	6.512e-02	4.170e-01	8.145e-02	3.047e-02	1.977e-01	4.355e-01	3.353e-01	4.643e-01	4.443e-01	3.472e-01	5.505e-01	2.512e-02	2.493e-02	4.405e-02
2.100e+03	2.337e-01	6.512e-02	4.170e-01	8.145e-02	3.047e-02	1.977e-01	4.355e-01	3.353e-01	4.643e-01	4.443e-01	3.472e-01	5.505e-01	2.512e-02	2.493e-02	4.405e-02
2.200e+03	2.360e-01	6.512e-02	4.170e-01	8.145e-02	3.047e-02	1.977e-01	4.355e-01	3.353e-01	4.643e-01	4.443e-01	3.218e-01	5.484e-01	2.512e-02	2.493e-02	4.405e-02
2.300e+03	2.360e-01	6.512e-02	4.170e-01	8.145e-02	3.047e-02	1.977e-01	4.355e-01	3.353e-01	4.643e-01	4.443e-01	3.218e-01	5.484e-01	2.517e-02	2.493e-02	4.495e-02
2.400e+03	2.360e-01	6.512e-02	4.170e-01	8.145e-02	3.047e-02	2.358e-01	4.355e-01	3.353e-01	4.643e-01	4.429e-01	3.218e-01	5.505e-01	2.517e-02	2.493e-02	7.455e-02
2.500e+03	2.360e-01	6.512e-02	4.170e-01	8.145e-02	3.047e-02	2.358e-01	4.355e-01	3.353e-01	4.643e-01	4.429e-01	3.218e-01	5.633e-01	2.517e-02	2.493e-02	7.455e-02
2.600e+03	2.360e-01	6.512e-02	4.170e-01	8.145e-02	3.047e-02	2.358e-01	4.355e-01	3.353e-01	4.643e-01	4.325e-01	3.218e-01	4.987e-01	2.512e-02	2.493e-02	4.495e-02
2.700e+03	2.360e-01	6.512e-02	4.170e-01	8.145e-02	3.533e-02	2.358e-01	4.355e-01	2.983e-01	4.643e-01	4.325e-01	3.218e-01	4.987e-01	2.512e-02	2.493e-02	4.495e-02
2.800e+03	2.360e-01	6.512e-02	4.170e-01	8.436e-02	3.533e-02	2.358e-01	4.089e-01	2.981e-01	4.605e-01	4.126e-01	3.218e-01	4.618e-01	2.512e-02	2.493e-02	4.495e-02
2.900e+03	2.360e-01	6.512e-02	3.442e-01	9.771e-02	3.533e-02	2.463e-01	4.089e-01	2.981e-01	4.605e-01	4.087e-01	3.140e-01	4.618e-01	2.512e-02	2.493e-02	4.495e-02
3.000e+03	2.360e-01	6.512e-02	3.442e-01	9.771e-02	3.533e-02	2.463e-01	4.089e-01	2.981e-01	4.605e-01	4.087e-01	3.140e-01	4.618e-01	2.512e-02	2.493e-02	4.495e-02
3.100e+03	2.360e-01	6.512e-02	3.442e-01	9.657e-02	3.533e-02	2.358e-01	4.089e-01	2.981e-01	4.605e-01	4.087e-01	3.140e-01	4.618e-01	2.512e-02	2.493e-02	4.495e-02
3.200e+03	2.360e-01	6.512e-02	3.442e-01	9.657e-02	3.533e-02	2.273e-01	4.089e-01	2.981e-01	4.605e-01	3.932e-01	3.140e-01	4.617e-01	2.512e-02	2.493e-02	4.495e-02
3.300e+03	2.360e-01	6.512e-02	3.442e-01	9.771e-02	3.533e-02	2.273e-01	4.089e-01	2.981e-01	4.605e-01	3.932e-01	3.122e-01	4.617e-01	2.517e-02	2.493e-02	7.455e-02
3.400e+03	2.360e-01	6.512e-02	3.442e-01	9.771e-02	3.533e-02	2.273e-01	4.089e-01	2.981e-01	4.605e-01	3.932e-01	3.122e-01	4.617e-01	2.517e-02	2.493e-02	7.455e-02
3.500e+03	2.360e-01	6.512e-02	3.442e-01	9.771e-02	3.533e-02	2.273e-01	4.089e-01	2.981e-01	4.605e-01	3.932e-01	3.122e-01	4.617e-01	2.517e-02	2.493e-02	7.455e-02
3.600e+03	2.360e-01	6.512e-02	3.442e-01	9.771e-02	3.533e-02	2.273e-01	4.089e-01	2.981e-01	4.605e-01	3.932e-01	3.122e-01	4.617e-01	2.517e-02	2.493e-02	7.455e-02
3.700e+03	2.360e-01	6.512e-02	3.442e-01	9.771e-02	3.533e-02	2.273e-01	4.089e-01	2.981e-01	4.605e-01	3.932e-01	3.122e-01	4.617e-01	2.512e-02	2.489e-02	7.455e-02
3.800e+03	2.360e-01	6.512e-02	3.442e-01	9.771e-02	3.533e-02	2.273e-01	4.089e-01	2.981e-01	4.605e-01	3.932e-01	3.122e-01	4.617e-01	2.512e-02	2.489e-02	7.455e-02
3.900e+03	2.360e-01	6.512e-02	3.442e-01	9.771e-02	3.533e-02	2.273e-01	4.089e-01	2.981e-01	4.605e-01	3.932e-01	3.122e-01	4.617e-01	2.517e-02	2.493e-02	7.512e-02
4.000e+03	2.360e-01	6.512e-02	3.442e-01	9.771e-02	3.533e-02	2.273e-01	4.089e-01	2.981e-01	4.605e-01	3.910e-01	3.119e-01	4.443e-01	2.517e-02	2.493e-02	7.512e-02
4.100e+03	2.360e-01	6.512e-02	3.442e-01	1.201e-01	3.533e-02	2.273e-01	4.089e-01	2.981e-01	4.605e-01	3.910e-01	3.119e-01	4.443e-01	2.517e-02	2.493e-02	7.512e-02
4.200e+03	2.360e-01	6.512e-02	3.442e-01	1.201e-01	3.533e-02	2.273e-01	4.089e-01	2.981e-01	4.605e-01	3.910e-01	3.119e-01	4.443e-01	2.517e-02	2.493e-02	7.512e-02
4.300e+03	2.360e-01	6.512e-02	3.442e-01	1.201e-01	3.533e-02	2.273e-01	4.089e-01	2.981e-01	4.605e-01	3.910e-01	3.119e-01	4.443e-01	2.517e-02	2.493e-02	7.512e-02
4.400e+03	2.360e-01	6.512e-02	3.442e-01	1.592e-01	3.533e-02	2.358e-01	4.089e-01	2.981e-01	4.605e-01	3.910e-01	3.119e-01	4.443e-01	2.517e-02	2.493e-02	7.512e-02
4.500e+03	2.360e-01	6.512e-02	3.442e-01	1.592e-01	3.533e-02	2.485e-01	4.089e-01	2.981e-01	4.605e-01	3.910e-01	3.119e-01	4.443e-01	2.517e-02	2.493e-02	7.512e-02
4.600e+03	2.360e-01	6.512e-02	3.442e-01	1.592e-01	3.533e-02	2.485e-01	4.089e-01	2.981e-01	4.605e-01	3.817e-01	3.012e-01	4.429e-01	2.517e-02	2.493e-02	9.554e-02
4.700e+03	2.369e-01	6.512e-02	3.442e-01	1.632e-01	3.891e-02	2.485e-01	4.089e-01	2.981e-01	4.605e-01	3.817e-01	3.012e-01	4.429e-01	2.517e-02	2.493e-02	9.554e-02
4.800e+03	2.369e-01	6.512e-02	3.442e-01	1.632e-01	3.891e-02	2.485e-01	4.089e-01	2.981e-01	4.605e-01	3.817e-01	3.012e-01	4.429e-01	2.517e-02	2.493e-02	7.512e-02
4.900e+03	2.369e-01	6.512e-02	3.442e-01	1.632e-01	3.891e-02	2.485e-01	4.089e-01	2.981e-01	4.605e-01	3.817e-01	3.012e-01	4.429e-01	2.517e-02	2.493e-02	7.512e-02
5.000e+03	2.369e-01	6.512e-02	3.442e-01	1.632e-01	3.891e-02	2.485e-01	4.089e-01	2.981e-01	4.605e-01	3.817e-01	3.012e-01	4.429e-01	2.517e-02	2.493e-02	7.512e-02
5.100e+03	2.369e-01	6.512e-02	3.442e-01	1.632e-01	3.891e-02	2.431e-01	4.089e-01	2.981e-01	4.605e-01	3.817e-01	3.012e-01	4.429e-01	2.512e-02	2.489e-02	7.455e-02
5.200e+03	2.369e-01	6.512e-02	3.442e-01	1.632e-01	3.891e-02	2.431e-01	4.089e-01	2.981e-01	4.605e-01	3.817e-01	3.012e-01	4.429e-01	2.512e-02	2.489e-02	7.455e-02
5.300e+03	2.369e-01	6.512e-02	3.442e-01	1.632e-01	3.891e-02	2.431e-01	4.089e-01	2.981e-01	4.605e-01	3.817e-01	3.012e-01	4.429e-01	2.512e-02	2.489e-02	7.455e-02
5.400e+03	2.369e-01	6.512e-02	3.442e-01	1.632e-01	3.891e-02	2.431e-01	4.089e-01	2.981e-01	4.605e-01	3.817e-01	3.012e-01	4.429e-01	2.512e-02	2.489e-02	6.203e-02
5.500e+03	2.369e-01	6.512e-02	3.442e-01	1.632e-01	3.891e-02	2.431e-01	4.089e-01	2.981e-01	4.605e-01	3.817e-01	3.012e-01	4.429e-01	2.510e-02	2.486e-02	6.203e-02
5.600e+03	2.369e-01	6.512e-02	3.442e-01	1.632e-01	3.891e-02	2.431e-01	4.089e-01	2.981e-01	4.605e-01	3.817e-01	3.012e-01	4.429e-01	2.510e-02	2.486e-02	6.203e-02
5.700e+03	2.369e-01	6.512e-02	3.442e-01	1.632e-01	3.891e-02	2.431e-01	4.089e-01	2.981e-01	4.605e-01	3.817e-01	3.012e-01	4.429e-01	2.510e-02	2.486e-02	6.203e-02
5.800e+03	2.369e-01	6.512e-02	3.442e-01	1.632e-01	3.891e-02	2.431e-01	4.089e-01	2.981e-01	4.605e-01	3.817e-01	3.012e-01	4.429e-01	2.510e-02	2.486e-02	6.203e-02
5.900e+03	2.369e-01	6.512e-02	3.442e-01	1.632e-01	3.891e-02	2.431e-01	4.089e-01	2.981e-01	4.605e-01	3.817e-01	3.012e-01	4.429e-01	2.510e-02	2.486e-02	6.203e-02
6.000e+03	2.369e-01	6.512e-02	3.442e-01	1.632e-01	3.891e-02	2.431e-01	4.089e-01	2.981e-01	4.605e-01	3.817e-01	3.012e-01	4.429e-01	2.510e-02	2.486e-02	6.203e-02
6.100e+03	2.369e-01	6.512e-02	3.442e-01	1.632e-01	3.891e-02	2.431e-01	4.089e-01	2.981e-01	4.605e-01	3.817e-01	3.012e-01	4.429e-01	2.510e-02	2.486e-02	6.203e-02
6.200e+03	2.369e-01	6.512e-02	3.442e-01	1.632e-01	3.891e-02	2.431e-01	4.089e-01	2.981e-01	4.605e-01	3.727e-01	2.935e-01	4.325e-01	2.510e-02	2.486e-02	6.203e-02
6.300e+03	2.369e-01	6.512e-02	3.442e-01	1.632e-01	3.891e-02	2.431e-01	4.089e-01	2.981e-01	4.605e-01	3.727e-01	2.935e-01	4.325e-01	2.510e-02	2.486e-02	6.203e-02
6.400e+03	2.369e-01	6.512e-02	3.442e-01	1.632e-01	3.891e-02	2.431e-01	4.089e-01	2.981e-01	4.605e-01	3.727e-01	2.935e-01	4.325e-01	2.510e-02	2.486e-02	6.203e-02
6.500e+03	2.369e-01	6.512e-02	3.442e-01	1.632e-01	3.891e-02	2.431e-01	4.089e-01	2.981e-01	4.605e-01	3.727e-01	2.935e-01	4.325e-01	2.510e-02	2.486e-02	7.455e-02
6.600e+03	2.369e-01	6.512e-02	3.442e-01	1.632e-01	3.891e-02	2.431e-01	4.089e-01	2.981e-01	4.605e-01	3.727e-01	2.935e-01	4.325e-01	2.510e-02	2.486e-02	7.455e-02
6.700e+03	2.369e-01	6.512e-02	3.442e-01	1.632e-01	4.291e-02	2.431e-01	4.089e-01	2.981e-01	4.605e-01	3.817e-01	3.012e-01	4.429e-01	2.510e-02	2.486e-02	7.455e-02
6.800e+03	2.369e-01	6.512e-02	2.415e-01	1.632e-01	4.291e-02	2.538e-01	4.072e-01	2.931e-01	4.597e-01	3.817e-01	3.012e-01	4.429e-01	2.510e-02	2.486e-02	7.455e-02
6.900e+03	2.377e-01	6.512e-02	2.415e-01	1.632e-01	4.291e-02	2.538e-01	4.072e-01	2.931e-01	4.597e-01	3.817e-01	3.012e-01	4.429e-01	2.510e-02	2.486e-02	7.512e-02
7.000e+03	2.377e-01	6.512e-02	2.415e-01	1.738e-01	6.599e-02	2.564e-01	4.072e-01	2.931e-01	4.597e-01	3.817e-01	3.012e-01	4.429e-01	2.510e-02	2.486e-02	7.512e-02
7.100e+03	2.369e-01	6.512e-02	2.415e-01	1.738e-01	6.599e-02	2.564e-01	4.072e-01	2.931e-01	4.597e-01	3.817e-01	3.012e-01	4.429e-01	2.510e-02	2.486e-02	7.512e-02
7.200e+03	2.369e-01	6.512e-02	2.415e-01	1.738e-01	6.599e-02	2.564e-01	4.072e-01	2.931e-01	4.597e-01	3.817e-01	3.012e-01	4.429e-01	2.510e-02	2.486e-02	7.512e-02
7.300e+03	2.369e-01	6.512e-02	2.415e-01	1.738e-01	6.599e-02	2.564e-01	4.072e-01	2.931e-01	4.597e-01	3.727e-01	2.925e-01	4.325e-01	2.510e-02	2.486e-02	7.512e-02
7.400e+03	2.369e-01	6.512e-02	2.415e-01	1.738e-01	6.599e-02	2.564e-01	4.072e-01	2.931e-01	4.597e-01	3.727e-01	2.925e-01	4.171e-01	2.512e-02	2.489e-02	8.115e-02
7.500e+03	2.369e-01	6.512e-02	2.415e-01	1.738e-01	6.599e-02	2.564e-01	4.072e-01	2.931e-01	4.597e-01	3.472e-01	2.813e-01	4.171e-01	2.512e-02	2.489e-02	8.115e-02
7.600e+03	2.369e-01	6.512e-02	2.415e-01	1.738e-01	6.599e-02	2.564e-01	4.072e-01	2.931e-01	4.597e-01	3.421e-01	2.813e-01	4.171e-01	2.512e-02	2.489e-02	8.115e-02
7.700e+03	2.384e-01	6.512e-02	2.415e-01	1.738e-01	6.599e-02	2.564e-01	4.072e-01	2.931e-01	4.597e-01	3.421e-01	2.813e-01	4.171e-01	2.512e-02	2.489e-02	8.115e-02
7.800e+03	2.384e-01	6.512e-02	2.415e-01	1.738e-01	6.599e-02	2.564e-01	4.072e-01	2.931e-01	4.597e-01	3.421e-01	2.813e-01	4.171e-01	2.512e-02	2.489e-02	8.115e-02
7.900e+03	2.374e-01	6.512e-02	2.415e-01	1.738e-01	6.599e-02	2.564e-01	4.072e-01	2.931e-01	4.597e-01	3.326e-01	2.772e-01	4.126e-01	2.512e-02	2.489e-02	8.115e-02
8.000e+03	2.369e-01	6.512e-02	2.415e-01	1.738e-01	6.599e-02	2.564e-01	4.072e-01	2.931e-01	4.597e-01	3.326e-01	2.772e-01	4.126e-01	2.614e-02	2.493e-02	9.747e-02
8.100e+03	2.369e-01	6.512e-02	2.415e-01	1.738e-01	6.599e-02	2.564e-01	4.072e-01	2.931e-01	4.597e-01	3.326e-01	2.772e-01	4.126e-01	2.614e-02	2.493e-02	9.747e-02
8.200e+03	2.369e-01	6.512e-02	2.415e-01	1.738e-01	6.599e-02	2.564e-01	4.072e-01	2.931e-01	4.597e-01	3.326e-01	2.772e-01	4.126e-01	4.007e-02	2.494e-02	1.073e-01
8.300e+03	2.369e-01	6.512e-02	2.415e-01	1.738e-01	6.599e-02	2.564e-01	4.072e-01	2.931e-01	4.597e-01	3.326e-01	2.772e-01	4.126e-01	4.007e-02	2.494e-02	1.073e-01
8.400e+03	2.369e-01	6.512e-02	2.415e-01	1.738e-01	6.599e-02	2.564e-01	4.072e-01	2.931e-01	4.597e-01	3.326e-01	2.772e-01	4.126e-01	4.007e-02	2.494e-02	1.073e-01
8.500e+03	2.369e-01	6.512e-02	2.415e-01	1.738e-01	6.599e-02	2.564e-01	4.072e-01	2.931e-01	4.597e-01	3.326e-01	2.772e-01	4.126e-01	4.007e-02	2.494e-02	1.073e-01
8.600e+03	2.369e-01	6.512e-02	2.415e-01	1.738e-01	6.599e-02	2.564e-01	4.072e-01	2.931e-01	4.597e-01	3.326e-01	2.772e-01	4.126e-01	4.007e-02	2.494e-02	1.073e-01
8.700e+03	2.369e-01	6.512e-02	2.415e-01	1.738e-01	6.599e-02	2.564e-01	4.072e-01	2.931e-01	4.597e-01	3.218e-01	2.312e-01	4.087e-01	4.007e-02	2.494e-02	1.073e-01
8.800e+03	2.369e-01	6.512e-02	2.415e-01	1.738e-01	6.599e-02	2.564e-01	4.072e-01	2.931e-01	4.597e-01	3.218e-01	2.312e-01	4.087e-01	4.007e-02	2.494e-02	1.073e-01
8.900e+03	2.369e-01	6.512e-02	2.415e-01	1.738e-01	7.067e-02	2.564e-01	4.072e-01	2.931e-01	4.597e-01	3.218e-01	2.312e-01	4.087e-01	4.007e-02	2.494e-02	1.073e-01
9.000e+03	2.369e-01	6.512e-02	2.415e-01	1.738e-01	7.067e-02	2.564e-01	4.072e-01	2.931e-01	4.597e-01	3.218e-01	2.312e-01	4.087e-01	4.007e-02	2.494e-02	1.073e-01
9.100e+03	2.369e-01	6.512e-02	2.415e-01	1.738e-01	7.067e-02	2.564e-01	4.072e-01	2.931e-01	4.597e-01	3.218e-01	2.303e-01	4.087e-01	4.405e-02	2.494e-02	1.195e-01
9.200e+03	2.369e-01	6.512e-02	2.415e-01	1.738e-01	7.067e-02	2.564e-01	4.072e-01	2.931e-01	4.597e-01	3.218e-01	2.303e-01	4.087e-01	4.405e-02	2.494e-02	1.195e-01
9.300e+03	2.369e-01	6.512e-02	2.415e-01	1.738e-01	7.067e-02	2.564e-01	4.072e-01	2.931e-01	4.597e-01	3.218e-01	2.303e-01	4.087e-01	4.405e-02	2.494e-02	1.195e-01
9.400e+03	2.369e-01	6.512e-02	2.415e-01	1.738e-01	7.067e-02	2.564e-01	4.072e-01	2.931e-01	4.597e-01	3.218e-01	2.303e-01	4.087e-01	4.405e-02	2.494e-02	1.195e-01
9.500e+03	2.359e-01	6.512e-02	2.397e-01	1.738e-01	7.067e-02	2.564e-01	4.072e-01	2.931e-01	4.597e-01	3.218e-01	2.303e-01	4.087e-01	4.405e-02	2.494e-02	1.195e-01
9.600e+03	2.359e-01	6.512e-02	2.395e-01	1.738e-01	7.067e-02	2.564e-01	4.072e-01	2.764e-01	4.597e-01	3.218e-01	2.303e-01	4.087e-01	4.405e-02	2.494e-02	1.195e-01
9.700e+03	2.359e-01	6.512e-02	2.395e-01	1.738e-01	7.067e-02	2.564e-01	4.072e-01	1.933e-01	4.597e-01	3.218e-01	2.303e-01	4.087e-01	4.405e-02	2.494e-02	1.195e-01
9.800e+03	2.359e-01	6.512e-02	2.395e-01	1.738e-01	7.067e-02	2.564e-01	4.072e-01	1.933e-01	4.597e-01	3.218e-01	2.303e-01	4.087e-01	4.405e-02	2.494e-02	1.195e-01
9.900e+03	2.359e-01	6.512e-02	2.395e-01	1.738e-01	7.067e-02	2.564e-01	4.072e-01	1.933e-01	4.597e-01	3.218e-01	2.303e-01	4.087e-01	4.405e-02	2.494e-02	1.195e-01
1.000e+04	2.359e-01	6.512e-02	2.395e-01	1.738e-01	7.067e-02	2.564e-01	4.072e-01	1.933e-01	4.597e-01	3.140e-01	2.058e-01	4.087e-01	4.405e-02	2.494e-02	1.195e-01
1.010e+04	2.359e-01	6.512e-02	2.395e-01	1.738e-01	7.067e-02	2.564e-01	4.072e-01	1.933e-01	4.597e-01	3.140e-01	2.058e-01	4.087e-01	4.405e-02	2.494e-02	1.195e-01
1.020e+04	2.359e-01	6.512e-02	2.395e-01	1.738e-01	7.067e-02	2.564e-01	4.072e-01	1.933e-01	4.597e-01	3.140e-01	2.058e-01	4.087e-01	4.405e-02	2.494e-02	1.195e-01
1.030e+04	2.359e-01	6.512e-02	2.395e-01	1.738e-01	7.067e-02	2.564e-01	4.072e-01	1.933e-01	4.597e-01	3.140e-01	2.058e-01	4.087e-01	4.405e-02	2.494e-02	1.195e-01
1.040e+04	2.359e-01	6.512e-02	2.395e-01	1.738e-01	7.067e-02	2.564e-01	4.072e-01	1.933e-01	4.597e-01	3.140e-01	2.058e-01	4.087e-01	4.405e-02	2.494e-02	1.195e-01
1.050e+04	2.359e-01	6.512e-02	2.395e-01	1.738e-01	7.067e-02	2.564e-01	4.072e-01	1.933e-01	4.597e-01	3.140e-01	2.058e-01	4.087e-01	4.405e-02	2.494e-02	1.195e-01
1.060e+04	2.359e-01	6.512e-02	2.395e-01	1.738e-01	7.067e-02	2.564e-01	4.072e-01	1.933e-01	4.597e-01	3.122e-01	1.933e-01	4.087e-01	4.405e-02	2.494e-02	1.195e-01
1.070e+04	2.359e-01	6.512e-02	2.395e-01	1.632e-01	7.067e-02	2.538e-01	4.072e-01	1.933e-01	4.597e-01	3.122e-01	1.933e-01	4.087e-01	4.405e-02	2.494e-02	1.195e-01
1.080e+04	2.359e-01	6.512e-02	2.395e-01	1.632e-01	7.067e-02	2.538e-01	4.072e-01	1.933e-01	4.597e-01	3.122e-01	1.933e-01	4.087e-01	4.405e-02	2.494e-02	1.195e-01
1.090e+04	2.359e-01	6.512e-02	2.395e-01	1.632e-01	7.067e-02	2.538e-01	4.072e-01	1.933e-01	4.597e-01	3.122e-01	1.933e-01	4.087e-01	4.405e-02	2.494e-02	1.195e-01
1.100e+04	2.359e-01	6.512e-02	2.395e-01	1.632e-01	7.067e-02	2.538e-01	4.072e-01	1.933e-01	4.597e-01	3.122e-01	1.933e-01	4.087e-01	4.405e-02	2.494e-02	1.195e-01
1.110e+04	2.359e-01	6.512e-02	2.395e-01	1.632e-01	7.067e-02	2.538e-01	4.072e-01	1.933e-01	4.597e-01	2.925e-01	1.850e-01	3.932e-01	4.405e-02	2.494e-02	1.195e-01
1.120e+04	2.359e-01	6.512e-02	2.395e-01	1.632e-01	7.067e-02	2.538e-01	4.072e-01	1.933e-01	4.597e-01	2.925e-01	1.850e-01	3.932e-01	4.405e-02	2.494e-02	1.195e-01
1.130e+04	2.359e-01	6.512e-02	2.395e-01	1.632e-01	7.067e-02	2.538e-01	4.072e-01	1.933e-01	4.597e-01	2.925e-01	1.850e-01	3.932e-01	4.405e-02	2.494e-02	1.195e-01
1.140e+04	2.359e-01	7.091e-02	2.395e-01	1.632e-01	7.067e-02	2.538e-01	4.072e-01	1.933e-01	4.597e-01	2.925e-01	1.850e-01	3.932e-01	4.405e-02	2.494e-02	1.195e-01
1.150e+04	2.359e-01	7.091e-02	2.395e-01	1.632e-01	7.067e-02	2.538e-01	4.072e-01	1.933e-01	4.597e-01	2.925e-01	1.850e-01	3.932e-01	4.405e-02	2.494e-02	1.239e-01
1.160e+04	2.359e-01	7.091e-02	2.395e-01	1.632e-01	7.067e-02	2.538e-01	4.072e-01	1.933e-01	4.597e-01	2.925e-01	1.850e-01	3.932e-01	4.405e-02	2.494e-02	1.239e-01
1.170e+04	2.359e-01	7.091e-02	2.395e-01	1.632e-01	7.067e-02	2.538e-01	4.072e-01	1.933e-01	4.597e-01	2.925e-01	1.850e-01	3.932e-01	4.405e-02	2.494e-02	1.239e-01
1.180e+04	2.359e-01	7.091e-02	2.395e-01	1.632e-01	7.067e-02	2.538e-01	4.072e-01	1.933e-01	4.597e-01	2.925e-01	1.850e-01	3.932e-01	4.405e-02	2.494e-02	1.239e-01
1.190e+04	2.359e-01	7.091e-02	2.395e-01	1.632e-01	8.145e-02	2.538e-01	3.850e-01	1.927e-01	4.582e-01	2.925e-01	1.850e-01	3.932e-01	4.405e-02	2.494e-02	1.239e-01
1.200e+04	2.359e-01	7.091e-02	2.395e-01	1.632e-01	8.145e-02	2.538e-01	3.850e-01	1.927e-01	4.582e-01	2.925e-01	1.850e-01	3.932e-01	4.405e-02	2.494e-02	1.239e-01
1.210e+04	2.359e-01	7.091e-02	2.395e-01	1.632e-01	8.145e-02	2.538e-01	3.850e-01	1.927e-01	4.582e-01	2.925e-01	1.850e-01	3.932e-01	4.405e-02	2.494e-02	1.239e-01
1.220e+04	2.359e-01	7.091e-02	2.395e-01	1.632e-01	8.145e-02	2.538e-01	3.850e-01	1.927e-01	4.582e-01	2.925e-01	1.850e-01	3.932e-01	4.405e-02	2.494e-02	1.418e-01
1.230e+04	2.359e-01	7.091e-02	2.395e-01	1.632e-01	7.969e-02	2.538e-01	3.850e-01	1.927e-01	4.582e-01	2.925e-01	1.850e-01	3.932e-01	4.405e-02	2.494e-02	1.418e-01
1.240e+04	2.359e-01	7.091e-02	2.395e-01	1.632e-01	7.969e-02	2.538e-01	3.850e-01	1.927e-01	4.582e-01	2.925e-01	1.850e-01	3.932e-01	4.405e-02	2.494e-02	1.418e-01
1.250e+04	2.359e-01	7.091e-02	2.395e-01	1.632e-01	7.969e-02	2.538e-01	3.850e-01	1.927e-01	4.582e-01	2.925e-01	1.850e-01	3.932e-01	4.405e-02	2.494e-02	1.418e-01
1.260e+04	2.359e-01	7.091e-02	2.395e-01	1.632e-01	7.969e-02	2.538e-01	3.850e-01	1.927e-01	4.582e-01	2.925e-01	1.850e-01	3.932e-01	4.405e-02	2.494e-02	1.418e-01
1.270e+04	2.359e-01	7.091e-02	2.395e-01	1.632e-01	7.969e-02	2.538e-01	3.850e-01	1.927e-01	4.582e-01	2.925e-01	1.850e-01	3.932e-01	4.405e-02	2.494e-02	1.418e-01
1.280e+04	2.359e-01	7.091e-02	2.395e-01	1.632e-01	7.969e-02	2.538e-01	3.850e-01	1.927e-01	4.582e-01	2.925e-01	1.850e-01	3.932e-01	4.405e-02	2.494e-02	1.418e-01
1.290e+04	2.359e-01	7.091e-02	2.395e-01	1.632e-01	7.969e-02	2.538e-01	3.850e-01	1.927e-01	4.582e-01	2.925e-01	1.850e-01	3.932e-01	4.405e-02	2.494e-02	1.418e-01
1.300e+04	2.359e-01	7.091e-02	2.395e-01	1.632e-01	7.969e-02	2.538e-01	3.850e-01	1.927e-01	4.582e-01	2.925e-01	1.850e-01	3.932e-01	4.405e-02	2.494e-02	1.418e-01
1.310e+04	2.359e-01	7.091e-02	2.395e-01	1.632e-01	7.969e-02	2.538e-01	3.850e-01	1.927e-01	4.582e-01	2.925e-01	1.850e-01	3.932e-01	4.405e-02	2.494e-02	1.418e-01
1.320e+04	2.369e-01	1.135e-01	2.395e-01	1.632e-01	7.969e-02	2.538e-01	3.850e-01	1.927e-01	4.582e-01	2.925e-01	1.850e-01	3.932e-01	4.405e-02	2.494e-02	1.418e-01
1.330e+04	2.369e-01	1.135e-01	2.395e-01	1.632e-01	7.969e-02	2.538e-01	3.850e-01	1.927e-01	4.582e-01	2.925e-01	1.850e-01	3.932e-01	7.455e-02	2.493e-02	1.418e-01
1.340e+04	2.369e-01	1.135e-01	2.395e-01	1.632e-01	7.969e-02	2.538e-01	3.850e-01	1.927e-01	4.582e-01	2.925e-01	1.850e-01	3.932e-01	7.455e-02	2.493e-02	1.418e-01
1.350e+04	2.369e-01	1.135e-01	2.395e-01	1.632e-01	7.969e-02	2.538e-01	3.850e-01	1.927e-01	4.582e-01	2.925e-01	1.850e-01	3.932e-01	7.455e-02	2.493e-02	1.418e-01
1.360e+04	2.369e-01	1.135e-01	2.395e-01	1.632e-01	7.969e-02	2.538e-01	3.850e-01	1.927e-01	4.582e-01	2.925e-01	1.850e-01	3.932e-01	7.455e-02	2.493e-02	1.418e-01
1.370e+04	2.369e-01	1.135e-01	2.395e-01	1.632e-01	7.969e-02	2.538e-01	3.850e-01	1.927e-01	4.582e-01	2.925e-01	1.850e-01	3.932e-01	7.455e-02	2.493e-02	1.418e-01
1.380e+04	2.369e-01	1.135e-01	2.395e-01	1.632e-01	7.969e-02	2.538e-01	3.850e-01	1.927e-01	4.582e-01	2.925e-01	1.850e-01	3.932e-01	7.455e-02	2.493e-02	1.418e-01
1.390e+04	2.369e-01	1.135e-01	2.395e-01	1.632e-01	7.969e-02	2.538e-01	3.850e-01	1.927e-01	4.582e-01	2.925e-01	1.850e-01	3.932e-01	7.455e-02	2.493e-02	1.418e-01
1.400e+04	2.369e-01	1.135e-01	2.395e-01	1.632e-01	7.969e-02	2.538e-01	3.850e-01	1.927e-01	4.582e-01	2.925e-01	1.850e-01	3.932e-01	7.455e-02	2.493e-02	1.418e-01
1.410e+04	2.369e-01	1.135e-01	2.395e-01	1.632e-01	7.969e-02	2.538e-01	3.850e-01	1.927e-01	4.582e-01	2.925e-01	1.850e-01	3.932e-01	8.115e-02	2.494e-02	1.418e-01
1.420e+04	2.369e-01	1.135e-01	2.395e-01	1.632e-01	7.969e-02	2.538e-01	3.850e-01	1.927e-01	4.582e-01	2.925e-01	1.850e-01	3.932e-01	8.115e-02	2.494e-02	1.418e-01
1.430e+04	2.369e-01	1.135e-01	2.395e-01	1.632e-01	7.969e-02	2.538e-01	3.850e-01	1.927e-01	4.582e-01	2.925e-01	1.850e-01	3.932e-01	8.115e-02	2.494e-02	1.418e-01
1.440e+04	2.369e-01	1.135e-01	2.395e-01	1.632e-01	7.969e-02	2.538e-01	3.850e-01	1.927e-01	4.582e-01	2.925e-01	1.850e-01	3.932e-01	8.115e-02	2.494e-02	1.418e-01
1.450e+04	2.369e-01	1.135e-01	2.395e-01	1.632e-01	7.969e-02	2.538e-01	3.850e-01	1.927e-01	4.582e-01	2.925e-01	1.850e-01	3.932e-01	8.115e-02	2.494e-02	1.418e-01
1.460e+04	2.369e-01	1.135e-01	2.395e-01	1.632e-01	7.969e-02	2.538e-01	3.850e-01	1.927e-01	4.582e-01	2.925e-01	1.850e-01	3.932e-01	8.115e-02	2.494e-02	1.418e-01
1.470e+04	2.369e-01	1.135e-01	2.395e-01	1.632e-01	7.969e-02	2.538e-01	3.850e-01	1.927e-01	4.582e-01	2.925e-01	1.850e-01	3.932e-01	8.115e-02	2.494e-02	1.418e-01
1.480e+04	2.370e-01	1.135e-01	2.395e-01	1.632e-01	7.969e-02	2.538e-01	3.850e-01	1.927e-01	4.582e-01	2.925e-01	1.850e-01	3.932e-01	8.115e-02	2.494e-02	1.418e-01
1.490e+04	2.370e-01	1.135e-01	2.395e-01	1.632e-01	7.969e-02	2.538e-01	3.850e-01	1.927e-01	4.582e-01	2.925e-01	1.850e-01	3.932e-01	8.115e-02	2.494e-02	1.418e-01
1.500e+04	2.370e-01	1.135e-01	2.395e-01	1.632e-01	7.969e-02	2.538e-01	3.850e-01	1.927e-01	4.582e-01	2.925e-01	1.850e-01	3.932e-01	8.115e-02	2.494e-02	1.418e-01
1.510e+04	2.370e-01	1.135e-01	2.395e-01	1.632e-01	7.969e-02	2.538e-01	3.850e-01	1.927e-01	4.582e-01	2.925e-01	1.850e-01	3.932e-01	8.115e-02	2.494e-02	1.418e-01
1.520e+04	2.369e-01	1.135e-01	2.392e-01	1.632e-01	7.969e-02	2.538e-01	3.850e-01	1.927e-01	4.582e-01	2.925e-01	1.850e-01	3.932e-01	8.115e-02	2.494e-02	1.418e-01
1.530e+04	2.369e-01	1.135e-01	2.392e-01	1.632e-01	7.969e-02	2.538e-01	3.850e-01	1.927e-01	4.582e-01	2.925e-01	1.850e-01	3.932e-01	8.115e-02	2.494e-02	1.418e-01
1.540e+04	2.369e-01	1.135e-01	2.392e-01	1.738e-01	7.969e-02	2.538e-01	3.850e-01	1.927e-01	4.582e-01	2.925e-01	1.850e-01	3.932e-01	8.115e-02	2.494e-02	1.418e-01
1.550e+04	2.359e-01	1.135e-01	2.392e-01	1.738e-01	7.969e-02	2.538e-01	3.850e-01	1.927e-01	4.582e-01	2.925e-01	1.850e-01	3.932e-01	8.115e-02	2.494e-02	1.418e-01
1.560e+04	2.359e-01	1.135e-01	2.392e-01	1.738e-01	7.969e-02	2.538e-01	3.850e-01	1.927e-01	4.582e-01	2.925e-01	1.850e-01	3.932e-01	8.115e-02	2.494e-02	1.418e-01
1.570e+04	2.359e-01	1.135e-01	2.392e-01	1.738e-01	7.969e-02	2.538e-01	3.850e-01	1.927e-01	4.582e-01	2.925e-01	1.850e-01	3.932e-01	8.115e-02	2.494e-02	1.418e-01
1.580e+04	2.359e-01	1.135e-01	2.392e-01	1.821e-01	7.969e-02	2.538e-01	3.850e-01	1.927e-01	4.582e-01	2.925e-01	1.850e-01	3.932e-01	8.115e-02	2.494e-02	1.418e-01
1.590e+04	2.359e-01	1.135e-01	2.392e-01	1.821e-01	7.969e-02	2.538e-01	3.850e-01	1.927e-01	4.582e-01	2.925e-01	1.850e-01	3.932e-01	8.115e-02	2.494e-02	1.418e-01
1.600e+04	2.359e-01	1.135e-01	2.392e-01	1.821e-01	7.969e-02	2.538e-01	3.850e-01	1.927e-01	4.582e-01	2.925e-01	1.850e-01	3.932e-01	8.115e-02	2.494e-02	1.418e-01
1.610e+04	2.359e-01	1.135e-01	2.392e-01	1.821e-01	7.969e-02	2.538e-01	3.850e-01	1.927e-01	4.582e-01	2.925e-01	1.850e-01	3.932e-01	8.115e-02	2.494e-02	1.418e-01
1.620e+04	2.359e-01	1.135e-01	2.392e-01	1.821e-01	7.969e-02	2.538e-01	3.850e-01	1.927e-01	4.582e-01	2.925e-01	1.850e-01	3.932e-01	8.115e-02	2.494e-02	1.418e-01
1.630e+04	2.359e-01	1.135e-01	2.392e-01	1.821e-01	7.969e-02	2.538e-01	3.850e-01	1.927e-01	4.582e-01	2.925e-01	1.850e-01	3.932e-01	8.652e-02	2.499e-02	1.494e-01
1.640e+04	2.359e-01	1.135e-01	2.392e-01	1.821e-01	7.969e-02	2.538e-01	3.850e-01	1.927e-01	4.582e-01	2.772e-01	1.842e-01	3.910e-01	8.652e-02	2.499e-02	1.494e-01
1.650e+04	2.359e-01	1.135e-01	2.392e-01	1.821e-01	7.969e-02	2.538e-01	3.850e-01	1.927e-01	4.582e-01	2.772e-01	1.842e-01	3.910e-01	8.652e-02	2.499e-02	1.462e-01
1.660e+04	2.359e-01	1.135e-01	2.392e-01	1.821e-01	7.969e-02	2.538e-01	3.850e-01	1.927e-01	4.582e-01	2.772e-01	1.842e-01	3.910e-01	8.652e-02	2.499e-02	1.462e-01
1.670e+04	2.359e-01	1.135e-01	2.392e-01	1.821e-01	7.969e-02	2.538e-01	3.850e-01	1.927e-01	4.582e-01	2.772e-01	1.842e-01	3.910e-01	8.652e-02	2.499e-02	1.462e-01
1.680e+04	2.359e-01	1.135e-01	2.392e-01	1.821e-01	7.969e-02	2.538e-01	3.850e-01	1.927e-01	4.582e-01	2.772e-01	1.842e-01	3.910e-01	8.652e-02	2.499e-02	1.462e-01
1.690e+04	2.359e-01	1.135e-01	2.392e-01	1.933e-01	7.969e-02	2.564e-01	3.850e-01	1.927e-01	4.582e-01	2.772e-01	1.842e-01	3.910e-01	8.652e-02	2.499e-02	1.462e-01
1.700e+04	2.359e-01	1.135e-01	2.392e-01	1.933e-01	7.969e-02	2.564e-01	3.850e-01	1.927e-01	4.582e-01	2.772e-01	1.842e-01	3.910e-01	8.652e-02	2.499e-02	1.462e-01
1.710e+04	2.359e-01	1.135e-01	2.392e-01	1.933e-01	7.969e-02	2.564e-01	3.850e-01	1.927e-01	4.582e-01	2.772e-01	1.842e-01	3.910e-01	8.652e-02	2.499e-02	1.462e-01
1.720e+04	2.359e-01	1.135e-01	2.392e-01	1.933e-01	7.969e-02	2.564e-01	3.850e-01	1.927e-01	4.582e-01	2.772e-01	1.842e-01	3.910e-01	8.115e-02	2.499e-02	1.418e-01
1.730e+04	2.359e-01	1.135e-01	2.392e-01	1.933e-01	7.969e-02	2.564e-01	3.850e-01	1.927e-01	4.582e-01	2.772e-01	1.842e-01	3.910e-01	8.115e-02	2.499e-02	1.418e-01
1.740e+04	2.359e-01	1.135e-01	2.392e-01	1.933e-01	7.969e-02	2.564e-01	3.850e-01	1.927e-01	4.582e-01	2.772e-01	1.842e-01	3.910e-01	8.115e-02	2.499e-02	1.418e-01
1.750e+04	2.359e-01	1.135e-01	2.392e-01	1.933e-01	7.969e-02	2.564e-01	3.850e-01	1.927e-01	4.582e-01	2.772e-01	1.842e-01	3.910e-01	8.115e-02	2.499e-02	1.418e-01
1.760e+04	2.359e-01	1.135e-01	2.392e-01	2.273e-01	1.217e-01	2.564e-01	3.850e-01	1.927e-01	4.582e-01	2.772e-01	1.842e-01	3.910e-01	8.115e-02	2.499e-02	1.418e-01
1.770e+04	2.359e-01	1.135e-01	2.392e-01	2.273e-01	1.217e-01	2.564e-01	3.850e-01	1.927e-01	4.582e-01	2.772e-01	1.842e-01	3.910e-01	8.115e-02	2.499e-02	1.418e-01
1.780e+04	2.359e-01	1.135e-01	2.392e-01	2.273e-01	1.217e-01	2.564e-01	3.850e-01	1.927e-01	4.582e-01	2.772e-01	1.842e-01	3.910e-01	8.115e-02	2.499e-02	1.418e-01
1.790e+04	2.359e-01	1.135e-01	2.392e-01	2.273e-01	1.217e-01	2.564e-01	3.850e-01	1.927e-01	4.582e-01	2.772e-01	1.842e-01	3.910e-01	8.115e-02	2.499e-02	1.418e-01
1.800e+04	2.359e-01	1.135e-01	2.392e-01	2.273e-01	1.217e-01	2.564e-01	3.850e-01	1.927e-01	4.582e-01	2.772e-01	1.842e-01	3.910e-01	8.115e-02	2.499e-02	1.418e-01
1.810e+04	2.359e-01	1.135e-01	2.392e-01	2.273e-01	1.217e-01	2.564e-01	3.850e-01	1.927e-01	4.582e-01	2.772e-01	1.842e-01	3.910e-01	8.115e-02	2.499e-02	1.418e-01
1.820e+04	2.359e-01	1.135e-01	2.392e-01	2.273e-01	1.217e-01	2.564e-01	3.850e-01	1.927e-01	4.582e-01	2.772e-01	1.842e-01	3.910e-01	8.652e-02	2.503e-02	1.462e-01
1.830e+04	2.359e-01	1.135e-01	2.392e-01	2.273e-01	1.217e-01	2.564e-01	3.850e-01	1.927e-01	4.582e-01	2.772e-01	1.842e-01	3.910e-01	8.652e-02	2.503e-02	1.462e-01
1.840e+04	2.359e-01	1.135e-01	2.392e-01	2.273e-01	1.217e-01	2.564e-01	3.850e-01	1.927e-01	4.582e-01	2.772e-01	1.842e-01	3.910e-01	8.652e-02	2.503e-02	1.462e-01
1.850e+04	2.359e-01	1.135e-01	2.392e-01	2.273e-01	1.217e-01	2.564e-01	3.850e-01	1.927e-01	4.582e-01	2.772e-01	1.842e-01	3.910e-01	8.652e-02	2.503e-02	1.462e-01
1.860e+04	2.359e-01	1.135e-01	2.392e-01	2.273e-01	1.217e-01	2.564e-01	3.850e-01	1.927e-01	4.582e-01	2.772e-01	1.842e-01	3.910e-01	8.652e-02	2.503e-02	1.462e-01
1.870e+04	2.359e-01	1.135e-01	2.392e-01	2.273e-01	1.217e-01	2.564e-01	3.850e-01	1.927e-01	4.582e-01	2.772e-01	1.842e-01	3.910e-01	8.652e-02	2.503e-02	1.462e-01
1.880e+04	2.359e-01	1.135e-01	2.392e-01	2.273e-01	1.217e-01	2.564e-01	3.850e-01	1.927e-01	4.582e-01	2.772e-01	1.842e-01	3.910e-01	9.747e-02	2.510e-02	1.468e-01
1.890e+04	2.359e-01	1.135e-01	2.392e-01	2.273e-01	1.217e-01	2.564e-01	3.850e-01	1.927e-01	4.582e-01	2.772e-01	1.842e-01	3.910e-01	9.747e-02	2.510e-02	1.468e-01
1.900e+04	2.359e-01	1.135e-01	2.392e-01	2.273e-01	1.217e-01	2.564e-01	3.850e-01	1.927e-01	4.582e-01	2.772e-01	1.842e-01	3.910e-01	9.747e-02	2.510e-02	1.468e-01
1.910e+04	2.359e-01	1.135e-01	2.392e-01	2.273e-01	1.217e-01	2.564e-01	3.850e-01	1.927e-01	4.582e-01	2.772e-01	1.842e-01	3.910e-01	9.747e-02	2.510e-02	1.468e-01
1.920e+04	2.359e-01	1.135e-01	2.392e-01	2.273e-01	1.217e-01	2.564e-01	3.850e-01	1.927e-01	4.582e-01	2.772e-01	1.842e-01	3.910e-01	9.747e-02	2.510e-02	1.468e-01
1.930e+04	2.359e-01	1.135e-01	2.392e-01	2.273e-01	1.217e-01	2.564e-01	3.850e-01	1.927e-01	4.582e-01	2.772e-01	1.842e-01	3.910e-01	9.747e-02	2.510e-02	1.468e-01
1.940e+04	2.359e-01	1.135e-01	2.392e-01	2.273e-01	1.217e-01	2.564e-01	3.850e-01	1.927e-01	4.582e-01	2.772e-01	1.842e-01	3.910e-01	9.747e-02	2.510e-02	1.468e-01
1.950e+04	2.359e-01	1.135e-01	2.392e-01	2.273e-01	1.217e-01	2.564e-01	3.850e-01	1.927e-01	4.582e-01	2.772e-01	1.842e-01	3.910e-01	9.747e-02	2.510e-02	1.468e-01
1.960e+04	2.359e-01	1.135e-01	2.392e-01	2.273e-01	1.217e-01	2.564e-01	3.850e-01	1.927e-01	4.582e-01	2.772e-01	1.842e-01	3.910e-01	9.747e-02	2.510e-02	1.468e-01
1.970e+04	2.359e-01	1.135e-01	2.392e-01	2.273e-01	1.217e-01	2.564e-01	3.850e-01	1.927e-01	4.582e-01	2.772e-01	1.842e-01	3.910e-01	9.747e-02	2.510e-02	1.468e-01
1.980e+04	2.359e-01	1.135e-01	2.392e-01	2.273e-01	1.217e-01	2.564e-01	3.850e-01	1.927e-01	4.582e-01	2.772e-01	1.842e-01	3.910e-01	9.747e-02	2.510e-02	1.468e-01
1.990e+04	2.359e-01	1.135e-01	2.392e-01	2.273e-01	1.217e-01	2.564e-01	3.850e-01	1.927e-01	4.582e-01	2.772e-01	1.842e-01	3.910e-01	9.747e-02	2.510e-02	1.468e-01
2.000e+04	2.359e-01	1.135e-01	2.392e-01	2.273e-01	1.217e-01	2.564e-01	3.850e-01	1.927e-01	4.582e-01	2.772e-01	1.842e-01	3.910e-01	8.652e-02	2.499e-02	1.468e-01
2.010e+04	2.359e-01	1.135e-01	2.392e-01	2.343e-01	1.217e-01	2.564e-01	3.850e-01	1.927e-01	4.582e-01	2.772e-01	1.842e-01	3.910e-01	8.652e-02	2.499e-02	1.468e-01
2.020e+04	2.359e-01	1.135e-01	2.392e-01	2.343e-01	1.217e-01	2.564e-01	3.850e-01	1.927e-01	4.582e-01	2.772e-01	1.842e-01	3.910e-01	8.652e-02	2.499e-02	1.468e-01
2.030e+04	2.359e-01	1.135e-01	2.392e-01	2.343e-01	1.217e-01	2.564e-01	3.850e-01	1.927e-01	4.582e-01	2.772e-01	1.842e-01	3.910e-01	8.652e-02	2.499e-02	1.468e-01
2.040e+04	2.359e-01	1.135e-01	2.392e-01	2.343e-01	1.198e-01	2.564e-01	3.850e-01	1.927e-01	4.582e-01	2.772e-01	1.842e-01	3.910e-01	8.652e-02	2.499e-02	1.468e-01
2.050e+04	2.359e-01	1.135e-01	2.392e-01	2.343e-01	1.198e-01	2.564e-01	3.850e-01	1.927e-01	4.582e-01	2.772e-01	1.842e-01	3.910e-01	8.652e-02	2.499e-02	1.468e-01
2.060e+04	2.359e-01	1.135e-01	2.392e-01	2.343e-01	1.198e-01	2.564e-01	3.850e-01	1.927e-01	4.582e-01	2.772e-01	1.842e-01	3.910e-01	8.652e-02	2.499e-02	1.468e-01
2.070e+04	2.355e-01	1.135e-01	2.392e-01	2.343e-01	1.198e-01	2.564e-01	3.850e-01	1.927e-01	4.582e-01	2.772e-01	1.842e-01	3.910e-01	8.652e-02	2.499e-02	1.468e-01
2.080e+04	2.355e-01	1.135e-01	2.392e-01	2.343e-01	1.198e-01	2.564e-01	3.850e-01	1.927e-01	4.582e-01	2.772e-01	1.842e-01	3.910e-01	8.652e-02	2.499e-02	1.468e-01
2.090e+04	2.355e-01	1.135e-01	2.392e-01	2.343e-01	1.198e-01	2.564e-01	3.850e-01	1.927e-01	4.582e-01	2.772e-01	1.842e-01	3.910e-01	8.652e-02	2.499e-02	1.468e-01
2.100e+04	2.355e-01	1.135e-01	2.392e-01	2.343e-01	1.198e-01	2.564e-01	3.850e-01	1.927e-01	4.582e-01	2.772e-01	1.842e-01	3.910e-01	8.652e-02	2.499e-02	1.468e-01
2.110e+04	2.355e-01	1.135e-01	2.392e-01	2.343e-01	1.198e-01	2.564e-01	3.850e-01	1.927e-01	4.582e-01	2.772e-01	1.842e-01	3.910e-01	8.652e-02	2.499e-02	1.468e-01
2.120e+04	2.355e-01	1.135e-01	2.392e-01	2.319e-01	1.217e-01	2.538e-01	3.850e-01	1.927e-01	4.582e-01	2.772e-01	1.842e-01	3.910e-01	8.652e-02	2.499e-02	1.468e-01
2.130e+04	2.355e-01	1.135e-01	2.392e-01	2.319e-01	1.217e-01	2.538e-01	3.850e-01	1.927e-01	4.582e-01	2.772e-01	1.842e-01	3.910e-01	8.652e-02	2.499e-02	1.468e-01
2.140e+04	2.355e-01	1.135e-01	2.392e-01	2.319e-01	1.217e-01	2.538e-01	3.850e-01	1.927e-01	4.582e-01	2.772e-01	1.842e-01	3.910e-01	8.652e-02	2.499e-02	1.468e-01
2.150e+04	2.355e-01	1.135e-01	2.392e-01	2.319e-01	1.217e-01	2.538e-01	3.850e-01	1.927e-01	4.582e-01	2.772e-01	1.842e-01	3.910e-01	8.652e-02	2.499e-02	1.468e-01
2.160e+04	2.355e-01	1.135e-01	2.392e-01	2.273e-01	1.217e-01	2.479e-01	3.850e-01	1.927e-01	4.582e-01	2.772e-01	1.842e-01	3.910e-01	8.652e-02	2.499e-02	1.468e-01
2.170e+04	2.355e-01	1.135e-01	2.392e-01	2.273e-01	1.217e-01	2.479e-01	3.850e-01	1.927e-01	4.582e-01	2.772e-01	1.842e-01	3.910e-01	9.747e-02	2.510e-02	1.494e-01
2.180e+04	2.355e-01	1.135e-01	2.392e-01	2.273e-01	1.217e-01	2.479e-01	3.850e-01	1.927e-01	4.582e-01	2.772e-01	1.842e-01	3.910e-01	9.747e-02	2.510e-02	1.494e-01
2.190e+04	2.355e-01	1.135e-01	2.392e-01	2.319e-01	1.217e-01	2.550e-01	3.850e-01	1.927e-01	4.582e-01	2.772e-01	1.842e-01	3.910e-01	9.747e-02	2.510e-02	1.494e-01
2.200e+04	2.355e-01	1.135e-01	2.392e-01	2.319e-01	1.217e-01	2.550e-01	3.850e-01	1.927e-01	4.582e-01	2.772e-01	1.842e-01	3.910e-01	9.747e-02	2.510e-02	1.494e-01
2.210e+04	2.359e-01	1.135e-01	2.392e-01	2.319e-01	1.217e-01	2.550e-01	3.850e-01	1.927e-01	4.582e-01	2.772e-01	1.842e-01	3.910e-01	9.747e-02	2.510e-02	1.494e-01
2.220e+04	2.359e-01	1.135e-01	2.392e-01	2.319e-01	1.217e-01	2.550e-01	3.850e-01	1.927e-01	4.582e-01	2.772e-01	1.842e-01	3.910e-01	9.747e-02	2.510e-02	1.494e-01
2.230e+04	2.359e-01	1.135e-01	2.392e-01	2.319e-01	1.217e-01	2.550e-01	3.850e-01	1.927e-01	4.582e-01	2.772e-01	1.842e-01	3.910e-01	9.747e-02	2.510e-02	1.494e-01
2.240e+04	2.359e-01	1.135e-01	2.392e-01	2.319e-01	1.217e-01	2.550e-01	3.850e-01	1.927e-01	4.582e-01	2.772e-01	1.842e-01	3.910e-01	9.747e-02	2.510e-02	1.494e-01
2.250e+04	2.359e-01	1.135e-01	2.392e-01	2.319e-01	1.198e-01	2.550e-01	3.850e-01	1.927e-01	4.582e-01	2.772e-01	1.842e-01	3.910e-01	9.747e-02	2.510e-02	1.494e-01
2.260e+04	2.359e-01	1.135e-01	2.392e-01	2.319e-01	1.198e-01	2.550e-01	3.850e-01	1.927e-01	4.582e-01	2.772e-01	1.842e-01	3.910e-01	9.747e-02	2.510e-02	1.494e-01
2.270e+04	2.359e-01	1.135e-01	2.392e-01	2.319e-01	1.198e-01	2.550e-01	3.850e-01	1.927e-01	4.582e-01	2.772e-01	1.842e-01	3.910e-01	9.747e-02	2.510e-02	1.494e-01
2.280e+04	2.359e-01	1.135e-01	2.392e-01	2.319e-01	1.198e-01	2.550e-01	3.850e-01	1.927e-01	4.582e-01	2.772e-01	1.842e-01	3.910e-01	9.747e-02	2.510e-02	1.494e-01
2.290e+04	2.359e-01	1.135e-01	2.392e-01	2.319e-01	1.198e-01	2.550e-01	3.850e-01	1.927e-01	4.582e-01	2.772e-01	1.842e-01	3.910e-01	9.747e-02	2.510e-02	1.494e-01
2.300e+04	2.359e-01	1.135e-01	2.392e-01	2.319e-01	1.198e-01	2.550e-01	3.850e-01	1.927e-01	4.582e-01	2.772e-01	1.842e-01	3.910e-01	9.747e-02	2.510e-02	1.494e-01
2.310e+04	2.359e-01	1.135e-01	2.392e-01	2.319e-01	1.198e-01	2.550e-01	3.850e-01	1.927e-01	4.582e-01	2.772e-01	1.842e-01	3.910e-01	9.747e-02	2.510e-02	1.494e-01
2.320e+04	2.359e-01	1.135e-01	2.392e-01	2.343e-01	1.296e-01	2.550e-01	3.850e-01	1.927e-01	4.582e-01	2.772e-01	1.842e-01	3.910e-01	9.747e-02	2.510e-02	1.494e-01
2.330e+04	2.359e-01	1.135e-01	2.392e-01	2.343e-01	1.296e-01	2.550e-01	3.850e-01	1.927e-01	4.582e-01	2.772e-01	1.842e-01	3.910e-01	9.747e-02	2.510e-02	1.494e-01
2.340e+04	2.359e-01	1.135e-01	2.392e-01	2.343e-01	1.296e-01	2.550e-01	3.850e-01	1.927e-01	4.582e-01	2.772e-01	1.842e-01	3.910e-01	9.747e-02	2.510e-02	1.494e-01
2.350e+04	2.359e-01	1.135e-01	2.392e-01	2.343e-01	1.296e-01	2.550e-01	3.850e-01	1.927e-01	4.582e-01	2.772e-01	1.842e-01	3.910e-01	9.747e-02	2.510e-02	1.494e-01
2.360e+04	2.359e-01	1.135e-01	2.392e-01	2.343e-01	1.296e-01	2.550e-01	3.850e-01	1.927e-01	4.582e-01	2.772e-01	1.842e-01	3.910e-01	9.747e-02	2.510e-02	1.494e-01
2.370e+04	2.359e-01	1.135e-01	2.392e-01	2.343e-01	1.296e-01	2.550e-01	3.850e-01	1.927e-01	4.582e-01	2.772e-01	1.842e-01	3.910e-01	9.747e-02	2.510e-02	1.494e-01
2.380e+04	2.359e-01	1.135e-01	2.392e-01	2.343e-01	1.296e-01	2.550e-01	3.850e-01	1.927e-01	4.582e-01	2.772e-01	1.842e-01	3.910e-01	9.747e-02	2.510e-02	1.494e-01
2.390e+04	2.359e-01	1.135e-01	2.392e-01	2.343e-01	1.296e-01	2.550e-01	3.850e-01	1.927e-01	4.582e-01	2.772e-01	1.842e-01	3.910e-01	9.747e-02	2.510e-02	1.494e-01
2.400e+04	2.359e-01	1.135e-01	2.392e-01	2.343e-01	1.296e-01	2.550e-01	3.850e-01	1.927e-01	4.582e-01	2.772e-01	1.842e-01	3.910e-01	9.747e-02	2.510e-02	1.494e-01
2.410e+04	2.359e-01	1.135e-01	2.392e-01	2.343e-01	1.296e-01	2.550e-01	3.850e-01	1.927e-01	4.582e-01	2.772e-01	1.842e-01	3.910e-01	9.747e-02	2.510e-02	1.494e-01
2.420e+04	2.359e-01	1.135e-01	2.392e-01	2.343e-01	1.296e-01	2.550e-01	3.850e-01	1.927e-01	4.582e-01	2.772e-01	1.842e-01	3.910e-01	9.747e-02	2.510e-02	1.494e-01
2.430e+04	2.359e-01	1.135e-01	2.392e-01	2.343e-01	1.296e-01	2.550e-01	3.850e-01	1.927e-01	4.582e-01	2.772e-01	1.842e-01	3.910e-01	9.747e-02	2.510e-02	1.494e-01
2.440e+04	2.359e-01	1.135e-01	2.392e-01	2.343e-01	1.296e-01	2.550e-01	3.850e-01	1.927e-01	4.582e-01	2.772e-01	1.842e-01	3.910e-01	9.747e-02	2.510e-02	1.494e-01
2.450e+04	2.359e-01	1.135e-01	2.392e-01	2.343e-01	1.296e-01	2.550e-01	3.850e-01	1.927e-01	4.582e-01	2.772e-01	1.842e-01	3.910e-01	9.747e-02	2.510e-02	1.494e-01
2.460e+04	2.359e-01	1.135e-01	2.392e-01	2.343e-01	1.296e-01	2.550e-01	3.850e-01	1.927e-01	4.582e-01	2.772e-01	1.842e-01	3.910e-01	9.747e-02	2.510e-02	1.494e-01
2.470e+04	2.359e-01	1.135e-01	2.392e-01	2.343e-01	1.296e-01	2.550e-01	3.850e-01	1.927e-01	4.582e-01	2.772e-01	1.842e-01	3.910e-01	9.747e-02	2.510e-02	1.494e-01
2.480e+04	2.359e-01	1.135e-01	2.392e-01	2.343e-01	1.296e-01	2.550e-01	3.850e-01	1.927e-01	4.582e-01	2.772e-01	1.842e-01	3.910e-01	9.747e-02	2.510e-02	1.494e-01
2.490e+04	2.359e-01	1.135e-01	2.392e-01	2.343e-01	1.296e-01	2.550e-01	3.850e-01	1.927e-01	4.582e-01	2.772e-01	1.842e-01	3.910e-01	9.747e-02	2.510e-02	1.494e-01
2.500e+04	2.359e-01	1.135e-01	2.392e-01	2.343e-01	1.296e-01	2.550e-01	3.850e-01	1.927e-01	4.582e-01	2.772e-01	1.842e-01	3.910e-01	9.747e-02	2.510e-02	1.494e-01
