n.evals.q.1.0.	xor._.hebbian.network.best.quality.inconsistency	xor._.hebbian.network.best.quality.inconsistency.min	xor._.hebbian.network.best.quality.inconsistency.max	xor._.hebbian.layer.best.quality.inconsistency	xor._.hebbian.layer.best.quality.inconsistency.min	xor._.hebbian.layer.best.quality.inconsistency.max	xor._.hebbian.neuron.best.quality.inconsistency	xor._.hebbian.neuron.best.quality.inconsistency.min	xor._.hebbian.neuron.best.quality.inconsistency.max	xor._.hebbian.synapse.best.quality.inconsistency	xor._.hebbian.synapse.best.quality.inconsistency.min	xor._.hebbian.synapse.best.quality.inconsistency.max	xor._.freeForm.best.quality.inconsistency	xor._.freeForm.best.quality.inconsistency.min	xor._.freeForm.best.quality.inconsistency.max
1.000e+02	8.929e-01	8.472e-01	8.930e-01	8.321e-01	6.539e-01	8.617e-01	3.492e-01	1.444e-01	7.545e-01	7.039e-01	6.057e-01	7.359e-01	8.660e-01	8.116e-01	8.660e-01
2.000e+02	8.899e-01	8.351e-01	8.929e-01	8.585e-01	8.064e-01	8.651e-01	2.055e-01	1.076e-01	3.377e-01	7.290e-01	6.071e-01	7.590e-01	8.449e-01	7.549e-01	8.660e-01
3.000e+02	8.927e-01	8.724e-01	8.930e-01	8.649e-01	7.959e-01	8.660e-01	1.908e-01	7.065e-02	2.517e-01	6.208e-01	2.949e-01	7.273e-01	8.352e-01	6.317e-01	8.660e-01
4.000e+02	8.928e-01	8.427e-01	8.930e-01	8.638e-01	8.159e-01	8.659e-01	1.671e-01	4.710e-02	2.327e-01	4.087e-01	2.339e-01	6.840e-01	8.352e-01	6.317e-01	8.621e-01
5.000e+02	8.929e-01	8.347e-01	8.930e-01	8.642e-01	8.318e-01	8.660e-01	1.612e-01	3.408e-02	2.797e-01	3.638e-01	2.026e-01	6.980e-01	7.954e-01	5.401e-01	8.352e-01
6.000e+02	8.930e-01	8.785e-01	8.930e-01	8.608e-01	7.765e-01	8.658e-01	8.346e-02	2.028e-02	1.981e-01	2.862e-01	1.525e-01	4.037e-01	7.954e-01	5.061e-01	8.352e-01
7.000e+02	8.929e-01	8.864e-01	8.930e-01	8.658e-01	8.119e-01	8.660e-01	7.358e-02	1.102e-02	1.536e-01	2.901e-01	2.026e-01	3.648e-01	7.599e-01	5.061e-01	8.352e-01
8.000e+02	8.930e-01	8.913e-01	8.930e-01	8.653e-01	8.297e-01	8.660e-01	5.232e-02	4.714e-03	1.474e-01	2.407e-01	1.165e-01	3.310e-01	7.599e-01	5.061e-01	8.310e-01
9.000e+02	8.926e-01	8.573e-01	8.930e-01	8.625e-01	7.980e-01	8.660e-01	4.927e-02	1.162e-02	1.753e-01	2.809e-01	1.240e-01	3.471e-01	7.599e-01	5.061e-01	8.310e-01
1.000e+03	8.930e-01	8.911e-01	8.930e-01	8.650e-01	8.424e-01	8.660e-01	5.842e-02	1.998e-02	2.362e-01	2.634e-01	1.295e-01	3.191e-01	7.599e-01	5.877e-01	8.310e-01
1.100e+03	8.930e-01	8.593e-01	8.930e-01	8.660e-01	8.591e-01	8.660e-01	3.464e-02	2.888e-03	6.103e-02	2.144e-01	1.151e-01	3.638e-01	7.599e-01	5.877e-01	8.206e-01
1.200e+03	8.930e-01	8.899e-01	8.930e-01	8.658e-01	8.345e-01	8.660e-01	8.819e-02	1.327e-02	1.382e-01	2.204e-01	1.138e-01	3.191e-01	7.597e-01	5.877e-01	8.000e-01
1.300e+03	8.930e-01	8.915e-01	8.930e-01	8.656e-01	8.595e-01	8.660e-01	9.749e-02	6.068e-03	2.087e-01	2.007e-01	7.407e-02	3.103e-01	7.597e-01	5.877e-01	8.000e-01
1.400e+03	8.930e-01	8.541e-01	8.930e-01	8.660e-01	8.505e-01	8.660e-01	1.050e-01	1.443e-02	2.037e-01	1.960e-01	6.989e-02	2.673e-01	7.597e-01	5.877e-01	8.000e-01
1.500e+03	8.930e-01	8.427e-01	8.930e-01	8.660e-01	8.647e-01	8.660e-01	4.650e-02	3.233e-03	1.260e-01	2.324e-01	1.165e-01	2.814e-01	7.597e-01	5.149e-01	8.000e-01
1.600e+03	8.930e-01	7.633e-01	8.930e-01	8.660e-01	8.658e-01	8.660e-01	2.926e-02	9.030e-03	6.026e-02	1.196e-01	5.087e-02	2.383e-01	7.597e-01	5.820e-01	8.000e-01
1.700e+03	8.930e-01	8.748e-01	8.930e-01	8.660e-01	8.653e-01	8.660e-01	6.543e-02	1.397e-03	2.076e-01	1.865e-01	9.143e-02	2.406e-01	7.597e-01	5.820e-01	8.000e-01
1.800e+03	8.930e-01	8.919e-01	8.930e-01	8.660e-01	8.638e-01	8.660e-01	1.549e-02	1.486e-04	5.238e-02	1.761e-01	5.300e-02	3.090e-01	7.141e-01	5.820e-01	8.000e-01
1.900e+03	8.930e-01	8.896e-01	8.930e-01	8.660e-01	8.541e-01	8.660e-01	1.258e-02	9.770e-04	1.498e-01	1.165e-01	3.645e-02	2.458e-01	7.138e-01	5.913e-01	7.599e-01
2.000e+03	8.930e-01	8.288e-01	8.930e-01	8.660e-01	8.656e-01	8.660e-01	5.390e-02	4.531e-04	1.692e-01	7.068e-02	1.704e-02	2.036e-01	7.138e-01	5.831e-01	7.599e-01
2.100e+03	8.930e-01	8.479e-01	8.930e-01	8.660e-01	8.647e-01	8.660e-01	1.472e-02	1.668e-03	4.173e-02	1.322e-01	1.730e-02	2.567e-01	7.129e-01	5.930e-01	7.599e-01
2.200e+03	8.930e-01	8.820e-01	8.930e-01	8.660e-01	8.645e-01	8.660e-01	1.738e-02	4.354e-04	1.096e-01	1.834e-01	3.690e-02	2.487e-01	7.138e-01	5.930e-01	7.599e-01
2.300e+03	8.930e-01	8.927e-01	8.930e-01	8.660e-01	8.636e-01	8.660e-01	1.150e-02	1.499e-03	7.739e-02	1.014e-01	1.277e-02	2.469e-01	7.100e-01	5.930e-01	7.599e-01
2.400e+03	8.930e-01	8.916e-01	8.930e-01	8.660e-01	8.655e-01	8.660e-01	1.652e-02	4.878e-04	7.178e-02	4.971e-02	4.651e-03	2.169e-01	7.115e-01	5.268e-01	7.599e-01
2.500e+03	8.930e-01	8.506e-01	8.930e-01	8.660e-01	8.630e-01	8.660e-01	3.052e-03	1.613e-04	1.175e-01	1.277e-01	3.983e-02	2.051e-01	7.100e-01	5.268e-01	7.599e-01
2.600e+03	8.930e-01	8.928e-01	8.930e-01	8.660e-01	8.592e-01	8.660e-01	3.588e-03	1.242e-05	5.342e-02	1.184e-01	8.299e-03	2.442e-01	7.100e-01	5.119e-01	7.599e-01
2.700e+03	8.930e-01	8.929e-01	8.930e-01	8.660e-01	8.577e-01	8.660e-01	5.892e-03	7.693e-05	1.051e-01	1.184e-01	1.362e-03	1.870e-01	7.094e-01	1.732e-01	7.599e-01
2.800e+03	8.930e-01	8.930e-01	8.930e-01	8.660e-01	8.658e-01	8.660e-01	1.425e-02	8.785e-05	9.450e-02	4.566e-02	1.070e-02	2.041e-01	7.095e-01	1.732e-01	7.599e-01
2.900e+03	8.930e-01	8.929e-01	8.930e-01	8.660e-01	8.653e-01	8.660e-01	2.452e-02	2.439e-03	1.369e-01	5.135e-02	9.039e-03	1.476e-01	7.138e-01	1.732e-01	7.599e-01
3.000e+03	8.930e-01	8.890e-01	8.930e-01	8.660e-01	8.626e-01	8.660e-01	8.104e-03	9.890e-04	6.909e-02	5.970e-02	7.112e-04	2.401e-01	6.783e-01	1.732e-01	7.599e-01
3.100e+03	8.930e-01	8.930e-01	8.930e-01	8.660e-01	8.606e-01	8.660e-01	7.658e-03	4.171e-04	4.020e-02	6.049e-02	7.961e-03	1.820e-01	7.112e-01	1.732e-01	7.599e-01
3.200e+03	8.930e-01	8.930e-01	8.930e-01	8.660e-01	8.648e-01	8.660e-01	6.936e-03	1.142e-04	3.580e-02	9.257e-02	2.371e-02	2.080e-01	7.096e-01	7.798e-04	7.599e-01
3.300e+03	8.930e-01	8.854e-01	8.930e-01	8.660e-01	8.659e-01	8.660e-01	4.577e-03	3.571e-04	1.104e-01	4.076e-02	1.859e-03	1.870e-01	7.094e-01	7.798e-04	7.599e-01
3.400e+03	8.930e-01	8.914e-01	8.930e-01	8.660e-01	8.656e-01	8.660e-01	1.306e-03	8.671e-06	2.093e-02	1.037e-01	1.908e-02	1.853e-01	7.094e-01	1.425e-05	7.599e-01
3.500e+03	8.930e-01	8.928e-01	8.930e-01	8.660e-01	8.659e-01	8.660e-01	2.145e-02	4.984e-04	1.335e-01	6.900e-02	6.816e-04	1.014e-01	7.097e-01	7.800e-04	7.599e-01
3.600e+03	8.930e-01	8.930e-01	8.930e-01	8.660e-01	8.660e-01	8.660e-01	8.485e-03	1.059e-04	1.042e-01	2.213e-02	1.010e-03	1.480e-01	7.100e-01	1.461e-04	7.599e-01
3.700e+03	8.930e-01	8.926e-01	8.930e-01	8.660e-01	8.660e-01	8.660e-01	1.045e-03	5.863e-05	2.478e-02	3.439e-02	3.380e-04	2.168e-01	7.135e-01	7.798e-04	7.599e-01
3.800e+03	8.930e-01	8.734e-01	8.930e-01	8.660e-01	8.653e-01	8.660e-01	8.264e-04	7.272e-06	5.414e-02	4.430e-02	3.196e-03	1.441e-01	7.119e-01	2.408e-04	7.599e-01
3.900e+03	8.930e-01	8.929e-01	8.930e-01	8.660e-01	8.660e-01	8.660e-01	3.571e-03	9.192e-05	4.234e-02	5.433e-02	3.220e-03	1.637e-01	7.094e-01	4.120e-05	7.599e-01
4.000e+03	8.930e-01	8.623e-01	8.930e-01	8.660e-01	8.657e-01	8.660e-01	5.764e-03	1.689e-05	4.179e-02	2.654e-02	8.623e-04	7.756e-02	7.105e-01	1.051e-04	7.599e-01
4.100e+03	8.930e-01	8.929e-01	8.930e-01	8.660e-01	8.635e-01	8.660e-01	6.668e-03	8.181e-05	4.637e-02	1.127e-02	2.976e-05	5.424e-02	7.109e-01	1.051e-04	7.599e-01
4.200e+03	8.930e-01	8.930e-01	8.930e-01	8.660e-01	8.660e-01	8.660e-01	2.475e-03	1.640e-05	2.545e-02	4.227e-02	2.143e-03	1.870e-01	7.097e-01	1.462e-04	7.599e-01
4.300e+03	8.930e-01	8.930e-01	8.930e-01	8.660e-01	8.660e-01	8.660e-01	1.325e-02	1.159e-04	7.896e-02	2.570e-02	2.768e-04	9.470e-02	7.093e-01	7.792e-04	7.599e-01
4.400e+03	8.930e-01	8.929e-01	8.930e-01	8.660e-01	8.660e-01	8.660e-01	3.419e-03	3.709e-04	4.883e-02	2.755e-02	1.695e-03	6.793e-02	7.094e-01	2.627e-07	7.599e-01
4.500e+03	8.930e-01	8.930e-01	8.930e-01	8.660e-01	8.658e-01	8.660e-01	2.142e-03	8.414e-07	2.487e-02	1.447e-02	2.471e-04	1.296e-01	7.105e-01	2.653e-07	7.599e-01
4.600e+03	8.930e-01	8.930e-01	8.930e-01	8.660e-01	8.660e-01	8.660e-01	4.908e-04	7.359e-06	1.052e-01	3.247e-02	6.243e-03	1.265e-01	6.614e-01	1.927e-06	7.599e-01
4.700e+03	8.930e-01	8.930e-01	8.930e-01	8.660e-01	8.660e-01	8.660e-01	3.628e-03	1.983e-04	5.235e-02	5.104e-02	2.384e-03	2.055e-01	6.614e-01	1.933e-06	7.599e-01
4.800e+03	8.930e-01	8.859e-01	8.930e-01	8.660e-01	8.659e-01	8.660e-01	1.272e-03	5.512e-05	6.814e-02	2.963e-03	1.485e-05	2.556e-02	6.614e-01	5.673e-03	7.595e-01
4.900e+03	8.930e-01	8.930e-01	8.930e-01	8.660e-01	8.658e-01	8.660e-01	1.751e-03	6.800e-06	2.240e-02	7.527e-03	6.370e-05	5.221e-02	6.614e-01	1.460e-04	7.599e-01
5.000e+03	8.930e-01	8.930e-01	8.930e-01	8.660e-01	8.657e-01	8.660e-01	1.612e-03	1.023e-05	8.365e-02	1.438e-02	2.737e-05	1.022e-01	6.614e-01	1.461e-04	7.599e-01
5.100e+03	8.930e-01	8.898e-01	8.930e-01	8.660e-01	8.660e-01	8.660e-01	1.298e-03	1.535e-05	2.756e-02	1.212e-02	3.091e-04	1.423e-01	6.614e-01	1.459e-04	7.599e-01
5.200e+03	8.930e-01	8.910e-01	8.930e-01	8.660e-01	8.650e-01	8.660e-01	3.315e-03	1.669e-04	7.171e-02	1.012e-02	3.572e-05	1.053e-01	6.614e-01	1.046e-04	7.599e-01
5.300e+03	8.930e-01	8.930e-01	8.930e-01	8.660e-01	8.658e-01	8.660e-01	3.673e-04	6.897e-06	2.273e-02	1.704e-02	2.252e-04	6.878e-02	6.614e-01	2.387e-05	7.599e-01
5.400e+03	8.930e-01	8.930e-01	8.930e-01	8.660e-01	8.660e-01	8.660e-01	6.127e-04	3.643e-05	6.416e-02	2.985e-03	1.058e-04	2.909e-02	6.614e-01	7.798e-04	7.599e-01
5.500e+03	8.930e-01	8.930e-01	8.930e-01	8.660e-01	8.660e-01	8.660e-01	1.230e-02	2.339e-04	6.122e-02	7.750e-03	9.888e-05	1.090e-01	6.614e-01	1.046e-04	7.599e-01
5.600e+03	8.930e-01	8.930e-01	8.930e-01	8.660e-01	8.637e-01	8.660e-01	1.496e-03	7.902e-06	1.498e-02	4.110e-03	1.416e-04	1.058e-01	6.614e-01	5.941e-06	7.599e-01
5.700e+03	8.930e-01	8.930e-01	8.930e-01	8.660e-01	8.609e-01	8.660e-01	2.135e-02	8.638e-04	1.029e-01	7.076e-03	3.270e-05	6.390e-02	6.614e-01	1.933e-06	7.599e-01
5.800e+03	8.930e-01	8.930e-01	8.930e-01	8.660e-01	8.660e-01	8.660e-01	1.298e-03	1.164e-04	3.585e-02	1.345e-03	4.310e-05	6.826e-02	6.614e-01	7.571e-07	7.599e-01
5.900e+03	8.930e-01	8.929e-01	8.930e-01	8.660e-01	8.659e-01	8.660e-01	1.894e-03	2.708e-05	7.118e-03	2.414e-03	7.001e-05	3.665e-02	6.614e-01	1.046e-04	7.599e-01
6.000e+03	8.930e-01	8.930e-01	8.930e-01	8.660e-01	8.660e-01	8.660e-01	1.829e-03	8.447e-06	4.453e-02	2.986e-03	5.401e-06	4.225e-02	6.614e-01	7.798e-04	7.599e-01
6.100e+03	8.930e-01	8.926e-01	8.930e-01	8.660e-01	8.660e-01	8.660e-01	6.735e-03	2.284e-05	7.706e-02	2.629e-02	7.449e-04	1.421e-01	6.614e-01	1.460e-04	7.599e-01
6.200e+03	8.930e-01	8.930e-01	8.930e-01	8.660e-01	8.658e-01	8.660e-01	3.113e-03	2.338e-04	5.619e-02	1.066e-02	7.455e-04	1.447e-01	6.614e-01	2.528e-04	7.599e-01
6.300e+03	8.930e-01	8.930e-01	8.930e-01	8.660e-01	8.660e-01	8.660e-01	2.651e-03	1.604e-04	6.712e-02	6.576e-04	5.048e-06	7.220e-03	6.614e-01	5.819e-07	7.595e-01
6.400e+03	8.930e-01	8.930e-01	8.930e-01	8.660e-01	8.652e-01	8.660e-01	2.623e-03	2.941e-05	2.740e-02	1.285e-03	4.698e-05	1.291e-01	6.614e-01	2.694e-07	7.595e-01
6.500e+03	8.930e-01	8.929e-01	8.930e-01	8.660e-01	8.660e-01	8.660e-01	3.271e-03	2.495e-05	5.140e-02	4.624e-03	6.756e-05	4.058e-02	6.614e-01	1.927e-06	7.576e-01
6.600e+03	8.930e-01	8.930e-01	8.930e-01	8.660e-01	8.660e-01	8.660e-01	3.664e-03	7.073e-06	5.535e-02	3.324e-03	7.558e-06	3.196e-02	6.614e-01	1.439e-05	7.576e-01
6.700e+03	8.930e-01	8.930e-01	8.930e-01	8.660e-01	8.660e-01	8.660e-01	4.930e-04	3.642e-05	3.260e-02	8.348e-04	9.064e-06	3.459e-02	6.614e-01	7.796e-04	7.576e-01
6.800e+03	8.930e-01	8.930e-01	8.930e-01	8.660e-01	8.660e-01	8.660e-01	2.467e-04	4.719e-06	1.018e-02	4.129e-04	4.535e-06	4.279e-02	6.614e-01	7.798e-04	7.576e-01
6.900e+03	8.930e-01	8.903e-01	8.930e-01	8.660e-01	8.660e-01	8.660e-01	1.615e-03	1.497e-05	2.517e-02	1.748e-03	1.162e-05	7.204e-02	6.614e-01	1.046e-04	7.576e-01
7.000e+03	8.930e-01	8.921e-01	8.930e-01	8.660e-01	8.660e-01	8.660e-01	3.483e-04	6.023e-06	8.450e-03	6.127e-03	1.136e-04	6.871e-02	6.614e-01	4.901e-06	7.576e-01
7.100e+03	8.930e-01	8.930e-01	8.930e-01	8.660e-01	8.660e-01	8.660e-01	4.615e-04	1.704e-06	1.367e-02	8.912e-04	1.621e-05	6.665e-02	6.614e-01	2.673e-06	7.576e-01
7.200e+03	8.930e-01	8.930e-01	8.930e-01	8.660e-01	8.653e-01	8.660e-01	1.078e-03	4.371e-05	4.488e-02	2.474e-04	5.445e-06	1.287e-02	6.614e-01	7.800e-04	7.576e-01
7.300e+03	8.930e-01	8.930e-01	8.930e-01	8.660e-01	8.653e-01	8.660e-01	3.342e-04	5.907e-06	6.363e-03	4.051e-03	5.356e-05	1.776e-02	6.614e-01	5.673e-03	7.576e-01
7.400e+03	8.930e-01	8.930e-01	8.930e-01	8.660e-01	8.660e-01	8.660e-01	2.132e-03	2.069e-05	3.257e-02	1.386e-04	3.394e-05	7.501e-03	6.614e-01	1.911e-06	7.576e-01
7.500e+03	8.930e-01	8.930e-01	8.930e-01	8.660e-01	8.660e-01	8.660e-01	2.928e-03	4.158e-05	2.013e-02	1.786e-03	1.778e-05	2.139e-02	6.614e-01	5.673e-03	7.576e-01
7.600e+03	8.930e-01	8.903e-01	8.930e-01	8.660e-01	8.660e-01	8.660e-01	8.622e-03	6.417e-06	5.921e-02	6.100e-04	3.403e-05	2.668e-02	6.614e-01	1.932e-06	7.576e-01
7.700e+03	8.930e-01	8.930e-01	8.930e-01	8.660e-01	8.659e-01	8.660e-01	1.693e-04	1.469e-06	7.329e-03	8.474e-04	5.340e-06	8.052e-02	6.611e-01	1.927e-06	7.576e-01
7.800e+03	8.930e-01	8.930e-01	8.930e-01	8.660e-01	8.660e-01	8.660e-01	5.147e-04	1.085e-05	3.526e-02	1.587e-03	1.950e-05	2.356e-02	6.603e-01	7.798e-04	7.576e-01
7.900e+03	8.930e-01	8.928e-01	8.930e-01	8.660e-01	8.660e-01	8.660e-01	1.289e-04	7.633e-06	1.079e-02	4.961e-03	2.399e-05	5.568e-02	6.611e-01	1.057e-04	7.576e-01
8.000e+03	8.930e-01	7.675e-01	8.930e-01	8.660e-01	8.660e-01	8.660e-01	1.092e-04	2.548e-06	5.551e-03	1.183e-03	6.636e-06	8.049e-02	6.614e-01	2.624e-07	7.576e-01
8.100e+03	8.930e-01	8.929e-01	8.930e-01	8.660e-01	8.660e-01	8.660e-01	1.040e-03	4.502e-05	7.101e-03	2.759e-04	5.319e-07	7.730e-03	6.611e-01	1.927e-06	7.576e-01
8.200e+03	8.930e-01	8.929e-01	8.930e-01	8.660e-01	8.660e-01	8.660e-01	3.257e-04	3.534e-06	2.635e-02	4.993e-05	1.310e-06	5.563e-03	6.610e-01	2.666e-07	7.576e-01
8.300e+03	8.930e-01	8.732e-01	8.930e-01	8.660e-01	8.660e-01	8.660e-01	7.009e-04	2.101e-06	2.449e-02	3.734e-05	1.633e-06	7.722e-03	6.614e-01	1.057e-04	7.576e-01
8.400e+03	8.930e-01	8.928e-01	8.930e-01	8.660e-01	8.657e-01	8.660e-01	4.493e-04	9.126e-07	3.372e-03	1.009e-03	6.251e-06	1.678e-02	6.614e-01	1.051e-04	7.576e-01
8.500e+03	8.930e-01	8.929e-01	8.930e-01	8.660e-01	8.660e-01	8.660e-01	8.462e-04	1.992e-06	2.213e-02	1.591e-03	3.411e-05	1.151e-02	6.614e-01	7.636e-08	7.576e-01
8.600e+03	8.930e-01	8.930e-01	8.930e-01	8.660e-01	8.660e-01	8.660e-01	8.053e-04	2.223e-06	3.734e-02	1.793e-04	5.400e-06	9.205e-03	6.614e-01	1.439e-05	7.576e-01
8.700e+03	8.930e-01	8.499e-01	8.930e-01	8.660e-01	8.660e-01	8.660e-01	7.538e-04	1.451e-06	1.731e-02	3.344e-04	1.477e-07	6.047e-03	6.614e-01	2.409e-07	7.576e-01
8.800e+03	8.930e-01	8.338e-01	8.930e-01	8.660e-01	8.660e-01	8.660e-01	2.904e-04	2.348e-06	1.003e-02	2.296e-03	4.330e-06	1.929e-02	6.599e-01	2.666e-07	7.166e-01
8.900e+03	8.930e-01	8.754e-01	8.930e-01	8.660e-01	8.660e-01	8.660e-01	1.153e-02	4.101e-05	6.277e-02	5.977e-04	3.820e-06	3.529e-02	6.599e-01	2.693e-07	7.166e-01
9.000e+03	8.930e-01	8.512e-01	8.930e-01	8.660e-01	8.660e-01	8.660e-01	8.158e-04	1.878e-05	2.247e-02	2.549e-04	4.310e-06	2.372e-03	6.599e-01	2.502e-05	7.166e-01
9.100e+03	8.930e-01	8.930e-01	8.930e-01	8.660e-01	8.660e-01	8.660e-01	6.376e-05	5.976e-07	5.565e-02	1.437e-04	8.528e-06	4.257e-03	6.599e-01	1.091e-06	7.166e-01
9.200e+03	8.930e-01	8.930e-01	8.930e-01	8.660e-01	8.660e-01	8.660e-01	1.188e-03	1.529e-05	1.032e-02	5.790e-04	2.505e-06	2.698e-02	6.599e-01	1.092e-06	7.166e-01
9.300e+03	8.930e-01	8.930e-01	8.930e-01	8.660e-01	8.660e-01	8.660e-01	3.846e-03	2.358e-06	5.044e-02	6.520e-05	2.664e-06	5.858e-03	6.599e-01	1.927e-06	7.166e-01
9.400e+03	8.930e-01	8.930e-01	8.930e-01	8.660e-01	8.660e-01	8.660e-01	9.068e-04	6.750e-06	3.800e-02	2.669e-03	9.194e-07	2.991e-02	6.599e-01	2.502e-05	7.166e-01
9.500e+03	8.930e-01	8.926e-01	8.930e-01	8.660e-01	8.660e-01	8.660e-01	1.978e-04	6.443e-06	7.715e-03	5.390e-05	1.482e-07	1.329e-03	6.599e-01	1.541e-05	7.170e-01
9.600e+03	8.930e-01	8.151e-01	8.930e-01	8.660e-01	8.660e-01	8.660e-01	5.790e-04	1.030e-05	5.799e-03	4.893e-04	1.127e-06	1.268e-02	6.599e-01	7.299e-08	7.170e-01
9.700e+03	8.930e-01	8.930e-01	8.930e-01	8.660e-01	8.660e-01	8.660e-01	8.489e-05	2.673e-07	1.892e-02	1.831e-05	6.674e-07	3.891e-04	6.599e-01	2.666e-07	7.166e-01
9.800e+03	8.930e-01	8.930e-01	8.930e-01	8.660e-01	8.659e-01	8.660e-01	7.413e-04	1.127e-06	5.631e-02	1.583e-04	2.477e-06	6.580e-03	6.002e-01	1.046e-04	7.170e-01
9.900e+03	8.930e-01	8.930e-01	8.930e-01	8.660e-01	8.660e-01	8.660e-01	2.788e-04	1.855e-05	5.211e-03	1.967e-04	2.398e-06	1.443e-02	6.002e-01	8.422e-07	7.170e-01
1.000e+04	8.930e-01	8.930e-01	8.930e-01	8.660e-01	8.660e-01	8.660e-01	7.453e-05	3.610e-07	2.587e-03	1.676e-04	7.314e-07	7.362e-03	6.002e-01	2.674e-06	7.166e-01
1.010e+04	8.930e-01	8.929e-01	8.930e-01	8.660e-01	8.659e-01	8.660e-01	2.354e-03	1.177e-06	5.893e-02	5.512e-04	1.308e-05	6.457e-03	6.002e-01	2.666e-07	7.170e-01
1.020e+04	8.930e-01	8.926e-01	8.930e-01	8.660e-01	8.660e-01	8.660e-01	4.902e-04	2.847e-06	2.560e-02	2.144e-05	8.690e-07	1.460e-02	6.002e-01	2.666e-07	7.166e-01
1.030e+04	8.930e-01	8.930e-01	8.930e-01	8.660e-01	8.660e-01	8.660e-01	2.354e-03	2.682e-05	2.678e-02	1.511e-04	8.497e-06	4.684e-04	6.002e-01	1.459e-04	7.166e-01
1.040e+04	8.930e-01	8.930e-01	8.930e-01	8.660e-01	8.660e-01	8.660e-01	1.598e-04	5.253e-07	1.137e-02	1.158e-05	3.164e-07	1.390e-03	6.002e-01	2.666e-07	7.166e-01
1.050e+04	8.930e-01	8.930e-01	8.930e-01	8.660e-01	8.660e-01	8.660e-01	2.731e-03	1.253e-05	5.040e-02	2.705e-04	2.758e-06	4.113e-03	6.002e-01	5.686e-06	7.170e-01
1.060e+04	8.930e-01	8.905e-01	8.930e-01	8.660e-01	8.660e-01	8.660e-01	5.852e-04	2.469e-05	2.545e-02	5.170e-04	8.934e-06	4.544e-02	6.002e-01	2.666e-07	7.170e-01
1.070e+04	8.930e-01	8.930e-01	8.930e-01	8.660e-01	8.660e-01	8.660e-01	8.041e-04	3.629e-06	1.090e-02	5.208e-05	1.204e-07	5.864e-04	6.002e-01	2.670e-07	7.166e-01
1.080e+04	8.930e-01	8.922e-01	8.930e-01	8.660e-01	8.660e-01	8.660e-01	2.552e-04	8.119e-07	1.084e-02	1.865e-04	4.537e-06	8.136e-03	6.002e-01	7.889e-08	7.170e-01
1.090e+04	8.930e-01	8.927e-01	8.930e-01	8.660e-01	8.660e-01	8.660e-01	2.255e-04	5.050e-06	7.918e-03	1.841e-04	1.301e-06	3.679e-03	6.002e-01	6.489e-08	7.166e-01
1.100e+04	8.930e-01	8.928e-01	8.930e-01	8.660e-01	8.660e-01	8.660e-01	2.026e-04	1.453e-07	1.088e-02	5.234e-05	4.341e-07	4.648e-03	6.002e-01	2.954e-05	7.170e-01
1.110e+04	8.930e-01	8.930e-01	8.930e-01	8.660e-01	8.660e-01	8.660e-01	8.524e-04	4.412e-06	1.607e-02	9.419e-06	2.130e-07	1.092e-04	6.002e-01	6.542e-08	7.170e-01
1.120e+04	8.930e-01	8.930e-01	8.930e-01	8.660e-01	8.660e-01	8.660e-01	2.054e-03	7.684e-06	3.513e-02	9.881e-04	2.809e-05	2.353e-02	6.002e-01	6.542e-08	7.170e-01
1.130e+04	8.930e-01	8.740e-01	8.930e-01	8.660e-01	8.660e-01	8.660e-01	3.390e-04	1.208e-06	5.179e-02	7.330e-05	3.900e-06	1.212e-03	6.002e-01	1.462e-04	7.170e-01
1.140e+04	8.930e-01	8.930e-01	8.930e-01	8.660e-01	8.660e-01	8.660e-01	8.698e-04	3.149e-06	5.626e-02	1.297e-04	7.825e-06	1.472e-03	6.002e-01	2.666e-07	7.170e-01
1.150e+04	8.930e-01	8.930e-01	8.930e-01	8.660e-01	8.660e-01	8.660e-01	1.617e-04	9.032e-06	2.436e-02	2.719e-05	1.317e-06	3.134e-03	6.002e-01	6.489e-08	7.166e-01
1.160e+04	8.930e-01	8.636e-01	8.930e-01	8.660e-01	8.660e-01	8.660e-01	9.166e-04	5.962e-06	7.950e-02	8.028e-06	1.271e-07	1.981e-04	6.002e-01	7.384e-07	7.170e-01
1.170e+04	8.930e-01	8.855e-01	8.930e-01	8.660e-01	8.660e-01	8.660e-01	2.808e-04	4.064e-06	6.149e-03	2.804e-05	4.090e-07	3.128e-04	6.002e-01	3.862e-09	7.166e-01
1.180e+04	8.930e-01	8.762e-01	8.930e-01	8.660e-01	8.660e-01	8.660e-01	4.850e-04	1.064e-06	5.254e-02	5.131e-05	1.420e-06	1.090e-03	6.002e-01	7.889e-08	7.170e-01
1.190e+04	8.930e-01	8.887e-01	8.930e-01	8.660e-01	8.660e-01	8.660e-01	2.647e-04	5.995e-06	1.128e-02	1.113e-05	6.278e-07	1.627e-03	6.002e-01	7.169e-08	7.166e-01
1.200e+04	8.930e-01	8.798e-01	8.930e-01	8.660e-01	8.660e-01	8.660e-01	1.486e-04	5.053e-07	2.290e-02	5.834e-05	3.196e-07	7.899e-03	6.002e-01	2.666e-07	7.166e-01
1.210e+04	8.930e-01	8.900e-01	8.930e-01	8.660e-01	8.660e-01	8.660e-01	3.561e-04	5.940e-06	7.929e-03	5.673e-04	1.078e-07	1.073e-02	6.002e-01	2.666e-07	7.170e-01
1.220e+04	8.930e-01	8.930e-01	8.930e-01	8.660e-01	8.660e-01	8.660e-01	9.246e-04	3.654e-06	2.407e-02	5.367e-05	1.624e-06	1.609e-03	6.002e-01	2.666e-07	7.166e-01
1.230e+04	8.930e-01	8.928e-01	8.930e-01	8.660e-01	8.660e-01	8.660e-01	1.984e-04	4.041e-07	8.858e-03	9.789e-05	7.869e-06	1.686e-02	6.002e-01	2.620e-07	7.166e-01
1.240e+04	8.930e-01	8.845e-01	8.930e-01	8.660e-01	8.660e-01	8.660e-01	6.567e-04	1.137e-06	9.238e-03	1.250e-05	1.280e-06	1.804e-04	6.002e-01	2.702e-07	7.166e-01
1.250e+04	8.930e-01	8.924e-01	8.930e-01	8.660e-01	8.660e-01	8.660e-01	7.732e-05	7.447e-07	8.144e-03	5.648e-05	8.565e-07	1.726e-02	6.002e-01	9.615e-08	7.166e-01
1.260e+04	8.930e-01	8.930e-01	8.930e-01	8.660e-01	8.659e-01	8.660e-01	3.594e-03	1.133e-06	3.335e-02	7.357e-05	1.240e-06	1.599e-03	6.002e-01	2.666e-07	7.141e-01
1.270e+04	8.930e-01	8.930e-01	8.930e-01	8.660e-01	8.660e-01	8.660e-01	8.519e-05	4.809e-07	9.384e-04	8.764e-07	9.141e-09	6.642e-05	6.002e-01	2.666e-07	7.141e-01
1.280e+04	8.930e-01	8.350e-01	8.930e-01	8.660e-01	8.660e-01	8.660e-01	2.023e-04	2.052e-06	8.444e-02	6.607e-04	5.077e-07	3.248e-03	6.002e-01	2.619e-07	7.141e-01
1.290e+04	8.930e-01	8.930e-01	8.930e-01	8.660e-01	8.660e-01	8.660e-01	1.923e-03	6.816e-05	5.788e-02	7.035e-05	2.771e-06	1.028e-03	6.002e-01	1.823e-07	7.141e-01
1.300e+04	8.930e-01	8.928e-01	8.930e-01	8.660e-01	8.660e-01	8.660e-01	1.792e-04	6.983e-06	4.542e-03	2.519e-05	2.083e-06	2.877e-03	6.002e-01	1.927e-06	7.141e-01
1.310e+04	8.930e-01	8.481e-01	8.930e-01	8.660e-01	8.660e-01	8.660e-01	1.961e-04	4.690e-06	5.736e-02	1.081e-05	1.150e-07	6.291e-04	6.002e-01	2.616e-07	7.141e-01
1.320e+04	8.930e-01	8.534e-01	8.930e-01	8.660e-01	8.660e-01	8.660e-01	6.484e-05	2.696e-07	2.598e-03	1.153e-05	3.582e-07	1.694e-03	6.002e-01	6.521e-08	7.141e-01
1.330e+04	8.930e-01	8.926e-01	8.930e-01	8.660e-01	8.660e-01	8.660e-01	3.379e-05	4.592e-07	1.376e-02	2.240e-05	3.800e-07	4.098e-03	6.002e-01	7.889e-08	7.141e-01
1.340e+04	8.930e-01	8.854e-01	8.930e-01	8.660e-01	8.660e-01	8.660e-01	7.623e-06	3.402e-07	3.257e-03	7.610e-06	3.492e-08	2.693e-04	6.002e-01	7.970e-08	7.141e-01
1.350e+04	8.930e-01	8.608e-01	8.930e-01	8.660e-01	8.660e-01	8.660e-01	1.207e-03	1.367e-06	2.738e-02	3.470e-05	1.062e-07	7.831e-04	6.002e-01	2.603e-07	7.141e-01
1.360e+04	8.930e-01	8.929e-01	8.930e-01	8.660e-01	8.660e-01	8.660e-01	7.559e-05	1.950e-06	2.098e-03	5.878e-06	4.900e-07	1.820e-04	6.002e-01	9.765e-08	7.141e-01
1.370e+04	8.930e-01	8.930e-01	8.930e-01	8.660e-01	8.660e-01	8.660e-01	8.759e-05	1.529e-07	4.523e-04	2.241e-05	2.676e-07	1.095e-03	6.002e-01	5.722e-08	7.141e-01
1.380e+04	8.930e-01	8.930e-01	8.930e-01	8.660e-01	8.660e-01	8.660e-01	1.872e-04	4.475e-07	2.449e-02	2.685e-05	3.398e-07	4.251e-04	6.002e-01	9.781e-08	7.141e-01
1.390e+04	8.930e-01	8.929e-01	8.930e-01	8.660e-01	8.660e-01	8.660e-01	4.744e-05	3.232e-07	3.321e-03	5.914e-05	2.503e-07	1.697e-03	6.002e-01	7.889e-08	7.141e-01
1.400e+04	8.930e-01	8.929e-01	8.930e-01	8.660e-01	8.660e-01	8.660e-01	1.304e-05	1.413e-07	1.378e-03	5.737e-05	6.117e-07	6.630e-04	6.002e-01	2.603e-07	7.141e-01
1.410e+04	8.930e-01	8.532e-01	8.930e-01	8.660e-01	8.660e-01	8.660e-01	2.690e-05	6.646e-07	5.425e-03	2.816e-05	1.025e-08	5.611e-04	6.002e-01	2.364e-07	7.141e-01
1.420e+04	8.930e-01	6.506e-01	8.930e-01	8.660e-01	8.660e-01	8.660e-01	2.811e-04	2.055e-06	4.972e-03	1.033e-05	3.842e-07	5.180e-03	6.002e-01	1.423e-05	7.141e-01
1.430e+04	8.930e-01	8.930e-01	8.930e-01	8.660e-01	8.660e-01	8.660e-01	3.884e-04	1.377e-07	9.621e-03	2.520e-05	4.602e-08	7.406e-04	6.002e-01	6.521e-08	7.141e-01
1.440e+04	8.930e-01	8.930e-01	8.930e-01	8.660e-01	8.660e-01	8.660e-01	1.791e-05	6.953e-07	5.835e-04	3.503e-06	2.647e-07	3.962e-04	6.002e-01	7.889e-08	7.141e-01
1.450e+04	8.930e-01	8.443e-01	8.930e-01	8.660e-01	8.660e-01	8.660e-01	1.256e-04	1.813e-06	7.011e-03	2.338e-05	1.632e-08	3.948e-04	6.002e-01	5.740e-09	7.141e-01
1.460e+04	8.930e-01	8.930e-01	8.930e-01	8.660e-01	8.660e-01	8.660e-01	9.324e-05	3.148e-06	6.023e-03	6.418e-06	2.210e-07	8.679e-05	6.002e-01	7.889e-08	7.141e-01
1.470e+04	8.930e-01	6.229e-01	8.930e-01	8.660e-01	8.660e-01	8.660e-01	3.068e-04	4.030e-06	1.179e-03	1.788e-05	2.233e-09	2.979e-04	6.002e-01	4.733e-08	7.141e-01
1.480e+04	8.930e-01	8.850e-01	8.930e-01	8.660e-01	8.660e-01	8.660e-01	6.522e-05	5.155e-08	2.089e-03	1.849e-06	1.011e-07	6.369e-04	6.000e-01	1.046e-04	7.141e-01
1.490e+04	8.930e-01	8.887e-01	8.930e-01	8.660e-01	8.660e-01	8.660e-01	3.902e-06	1.011e-07	5.512e-04	7.234e-07	1.026e-07	7.049e-05	6.000e-01	2.616e-07	7.141e-01
1.500e+04	8.930e-01	8.841e-01	8.930e-01	8.660e-01	8.660e-01	8.660e-01	5.159e-04	3.507e-06	2.119e-02	1.823e-04	5.437e-07	2.191e-03	6.000e-01	7.889e-08	7.141e-01
1.510e+04	8.930e-01	8.923e-01	8.930e-01	8.660e-01	8.660e-01	8.660e-01	4.057e-05	1.668e-06	5.832e-03	8.844e-06	3.080e-08	1.556e-03	6.000e-01	2.617e-07	7.141e-01
1.520e+04	8.930e-01	8.925e-01	8.930e-01	8.660e-01	8.660e-01	8.660e-01	1.767e-04	9.986e-09	5.153e-03	4.019e-06	1.797e-07	7.620e-05	6.000e-01	4.823e-08	7.141e-01
1.530e+04	8.930e-01	4.355e-01	8.930e-01	8.660e-01	8.660e-01	8.660e-01	9.462e-05	6.374e-07	1.984e-03	2.300e-06	2.877e-08	2.017e-04	6.000e-01	7.889e-08	7.141e-01
1.540e+04	8.930e-01	4.335e-01	8.930e-01	8.660e-01	8.660e-01	8.660e-01	4.163e-05	4.047e-07	3.496e-02	2.564e-06	3.430e-07	3.839e-03	6.000e-01	9.766e-08	7.141e-01
1.550e+04	8.930e-01	4.336e-01	8.930e-01	8.660e-01	8.660e-01	8.660e-01	4.110e-06	2.057e-08	4.856e-04	3.756e-05	3.008e-06	4.079e-04	6.000e-01	7.889e-08	7.141e-01
1.560e+04	8.930e-01	4.311e-01	8.930e-01	8.660e-01	8.660e-01	8.660e-01	1.786e-04	1.241e-07	8.350e-04	1.236e-05	3.491e-09	4.632e-04	6.000e-01	8.397e-08	7.141e-01
1.570e+04	8.930e-01	4.348e-01	8.930e-01	8.660e-01	8.660e-01	8.660e-01	4.205e-05	2.320e-07	2.423e-04	3.942e-05	4.220e-07	3.439e-03	6.000e-01	1.902e-07	7.141e-01
1.580e+04	8.930e-01	4.348e-01	8.930e-01	8.660e-01	8.660e-01	8.660e-01	7.616e-06	1.264e-07	4.911e-04	4.285e-06	2.139e-08	2.407e-04	6.000e-01	7.889e-08	7.141e-01
1.590e+04	8.930e-01	4.403e-01	8.930e-01	8.660e-01	8.660e-01	8.660e-01	2.723e-04	3.090e-07	8.411e-03	6.766e-05	8.566e-07	1.402e-03	6.000e-01	1.857e-07	7.141e-01
1.600e+04	8.930e-01	4.335e-01	8.930e-01	8.660e-01	8.660e-01	8.660e-01	2.287e-05	5.028e-08	3.052e-03	3.209e-06	9.731e-09	4.026e-03	6.000e-01	7.889e-08	7.141e-01
1.610e+04	8.930e-01	4.372e-01	8.930e-01	8.660e-01	8.660e-01	8.660e-01	6.655e-05	3.230e-07	5.832e-03	1.343e-05	1.828e-07	1.048e-04	6.000e-01	4.846e-07	7.141e-01
1.620e+04	8.930e-01	4.369e-01	8.930e-01	8.660e-01	8.660e-01	8.660e-01	4.310e-05	1.824e-06	1.622e-03	2.794e-06	6.718e-08	3.790e-04	6.000e-01	7.889e-08	7.141e-01
1.630e+04	8.930e-01	4.369e-01	8.930e-01	8.660e-01	8.660e-01	8.660e-01	9.311e-05	2.313e-06	2.790e-03	9.838e-06	6.918e-08	2.770e-04	6.000e-01	7.889e-08	7.141e-01
1.640e+04	8.930e-01	4.364e-01	8.930e-01	8.660e-01	8.660e-01	8.660e-01	6.414e-04	3.606e-07	1.088e-02	7.942e-06	5.171e-07	9.371e-05	6.000e-01	2.072e-08	7.141e-01
1.650e+04	8.930e-01	4.405e-01	8.930e-01	8.660e-01	8.660e-01	8.660e-01	3.237e-05	1.474e-07	1.269e-03	9.825e-06	1.092e-07	4.627e-05	6.000e-01	7.505e-08	7.141e-01
1.660e+04	8.930e-01	4.338e-01	8.930e-01	8.660e-01	8.659e-01	8.660e-01	2.173e-04	1.301e-06	2.302e-03	1.998e-05	6.391e-09	7.134e-03	6.000e-01	1.932e-06	7.141e-01
1.670e+04	8.930e-01	4.373e-01	8.930e-01	8.660e-01	8.660e-01	8.660e-01	3.851e-04	1.309e-07	4.082e-03	6.856e-05	2.283e-07	1.022e-03	6.000e-01	3.763e-08	7.141e-01
1.680e+04	8.930e-01	4.418e-01	8.930e-01	8.660e-01	8.660e-01	8.660e-01	4.534e-05	2.473e-08	1.039e-03	1.264e-05	2.448e-07	2.312e-04	6.000e-01	7.889e-08	7.141e-01
1.690e+04	8.930e-01	4.365e-01	8.930e-01	8.660e-01	8.660e-01	8.660e-01	8.475e-05	3.296e-08	8.904e-03	7.169e-06	4.419e-07	4.723e-04	6.000e-01	4.823e-08	7.141e-01
1.700e+04	8.930e-01	4.365e-01	8.930e-01	8.660e-01	8.660e-01	8.660e-01	5.924e-04	1.688e-06	1.754e-02	4.594e-07	2.401e-08	3.223e-05	6.000e-01	7.889e-08	7.141e-01
1.710e+04	8.930e-01	4.350e-01	8.930e-01	8.660e-01	8.660e-01	8.660e-01	1.477e-05	5.457e-07	2.251e-03	5.775e-07	1.002e-07	3.637e-05	6.000e-01	7.889e-08	7.141e-01
1.720e+04	8.930e-01	4.391e-01	8.930e-01	8.660e-01	8.660e-01	8.660e-01	3.057e-04	1.713e-08	2.693e-03	1.092e-06	1.131e-09	4.258e-05	6.000e-01	1.439e-05	7.141e-01
1.730e+04	8.930e-01	4.404e-01	8.930e-01	8.660e-01	8.660e-01	8.660e-01	1.138e-05	1.678e-07	2.258e-03	2.099e-06	2.298e-08	4.993e-04	6.000e-01	1.923e-06	7.141e-01
1.740e+04	8.930e-01	4.354e-01	8.930e-01	8.660e-01	8.660e-01	8.660e-01	4.370e-05	2.550e-07	1.621e-02	2.028e-06	1.212e-08	4.389e-05	6.000e-01	7.889e-08	7.141e-01
1.750e+04	8.930e-01	4.343e-01	8.930e-01	8.660e-01	8.660e-01	8.660e-01	1.112e-04	9.810e-07	5.364e-03	4.949e-06	1.443e-07	1.325e-03	6.000e-01	3.572e-08	7.141e-01
1.760e+04	8.930e-01	4.343e-01	8.930e-01	8.660e-01	8.660e-01	8.660e-01	2.713e-04	1.010e-06	7.338e-02	2.790e-06	7.243e-08	2.922e-05	6.000e-01	2.152e-08	7.141e-01
1.770e+04	8.930e-01	4.336e-01	8.930e-01	8.660e-01	8.660e-01	8.660e-01	3.330e-05	1.066e-07	2.228e-03	2.509e-06	2.868e-08	8.404e-05	6.000e-01	1.139e-09	7.141e-01
1.780e+04	8.930e-01	4.351e-01	8.930e-01	8.660e-01	8.659e-01	8.660e-01	2.380e-04	1.687e-07	1.057e-02	2.205e-06	1.614e-08	9.058e-05	6.000e-01	4.823e-08	7.141e-01
1.790e+04	8.930e-01	4.342e-01	8.930e-01	8.660e-01	8.660e-01	8.660e-01	1.634e-05	5.933e-08	4.937e-03	4.487e-06	5.586e-09	2.052e-04	6.000e-01	4.823e-08	7.141e-01
1.800e+04	8.930e-01	4.316e-01	8.930e-01	8.660e-01	8.660e-01	8.660e-01	3.913e-05	7.204e-07	2.787e-03	3.233e-05	2.024e-06	2.010e-03	6.000e-01	7.507e-08	7.141e-01
1.810e+04	8.930e-01	4.390e-01	8.930e-01	8.660e-01	8.660e-01	8.660e-01	5.386e-05	1.370e-06	2.493e-03	3.825e-06	2.430e-07	6.482e-05	6.000e-01	6.513e-08	7.141e-01
1.820e+04	8.930e-01	4.414e-01	8.930e-01	8.660e-01	8.659e-01	8.660e-01	1.653e-05	7.051e-07	8.524e-03	1.928e-06	2.839e-08	7.004e-05	6.000e-01	1.047e-04	7.141e-01
1.830e+04	8.930e-01	4.403e-01	8.930e-01	8.660e-01	8.660e-01	8.660e-01	3.160e-05	9.381e-09	4.660e-04	5.398e-06	6.583e-09	5.880e-05	6.000e-01	6.513e-08	7.141e-01
1.840e+04	8.930e-01	4.372e-01	8.930e-01	8.660e-01	8.660e-01	8.660e-01	2.033e-05	5.009e-08	1.628e-04	1.021e-05	4.403e-07	1.690e-04	6.000e-01	1.913e-09	7.141e-01
1.850e+04	8.930e-01	4.396e-01	8.930e-01	8.660e-01	8.660e-01	8.660e-01	5.069e-05	1.300e-07	6.566e-03	1.029e-05	5.563e-07	7.422e-05	6.000e-01	3.763e-08	7.141e-01
1.860e+04	8.930e-01	4.396e-01	8.930e-01	8.660e-01	8.660e-01	8.660e-01	4.347e-05	1.827e-07	1.668e-04	3.792e-06	4.266e-09	2.191e-04	6.000e-01	2.373e-07	7.141e-01
1.870e+04	8.930e-01	4.382e-01	8.930e-01	8.660e-01	8.660e-01	8.660e-01	3.621e-05	4.000e-08	6.560e-03	4.021e-06	2.739e-08	5.017e-04	6.000e-01	2.373e-07	7.141e-01
1.880e+04	8.930e-01	4.358e-01	8.930e-01	8.660e-01	8.660e-01	8.660e-01	2.584e-04	3.807e-08	6.240e-03	6.157e-06	1.599e-07	4.331e-04	6.000e-01	6.513e-08	7.141e-01
1.890e+04	8.930e-01	4.399e-01	8.930e-01	8.660e-01	8.660e-01	8.660e-01	2.775e-04	1.627e-07	1.104e-02	6.396e-07	2.507e-08	4.202e-05	6.000e-01	1.142e-09	7.141e-01
1.900e+04	8.930e-01	4.386e-01	8.930e-01	8.660e-01	8.660e-01	8.660e-01	4.242e-05	8.281e-09	1.506e-03	5.695e-07	9.990e-09	6.333e-05	6.000e-01	1.142e-09	7.141e-01
1.910e+04	8.930e-01	4.402e-01	8.930e-01	8.660e-01	8.660e-01	8.660e-01	4.567e-06	7.170e-08	7.212e-03	2.536e-06	4.313e-08	3.891e-04	6.000e-01	3.763e-08	7.141e-01
1.920e+04	8.930e-01	4.408e-01	8.930e-01	8.660e-01	8.660e-01	8.660e-01	4.418e-05	7.265e-09	6.286e-03	1.625e-06	4.248e-08	3.920e-05	6.000e-01	2.014e-08	7.141e-01
1.930e+04	8.930e-01	4.381e-01	8.930e-01	8.660e-01	8.660e-01	8.660e-01	1.557e-04	9.352e-08	7.806e-03	5.366e-06	5.058e-07	2.035e-03	6.000e-01	4.805e-08	7.141e-01
1.940e+04	8.930e-01	4.419e-01	8.930e-01	8.660e-01	8.660e-01	8.660e-01	5.270e-06	6.387e-08	2.479e-02	5.887e-07	8.884e-09	2.471e-05	6.000e-01	7.504e-08	7.141e-01
1.950e+04	8.930e-01	4.426e-01	8.930e-01	8.660e-01	8.660e-01	8.660e-01	1.454e-04	1.483e-06	8.122e-03	4.155e-07	7.114e-09	2.645e-05	6.000e-01	7.504e-08	7.141e-01
1.960e+04	8.930e-01	4.378e-01	8.930e-01	8.660e-01	8.660e-01	8.660e-01	2.327e-05	1.090e-07	1.976e-02	4.966e-06	1.303e-08	7.191e-04	6.000e-01	3.613e-08	7.141e-01
1.970e+04	8.930e-01	4.477e-01	8.930e-01	8.660e-01	8.660e-01	8.660e-01	1.798e-04	4.486e-08	1.343e-03	1.496e-07	1.059e-08	9.481e-05	6.002e-01	1.168e-09	7.141e-01
1.980e+04	8.930e-01	4.397e-01	8.930e-01	8.660e-01	8.660e-01	8.660e-01	5.630e-06	3.414e-08	1.021e-02	3.425e-05	1.121e-06	2.671e-04	6.000e-01	4.893e-08	7.141e-01
1.990e+04	8.930e-01	4.466e-01	8.930e-01	8.660e-01	8.660e-01	8.660e-01	1.126e-04	1.671e-08	5.767e-03	8.796e-07	2.943e-09	1.777e-04	6.000e-01	1.158e-09	7.141e-01
2.000e+04	8.930e-01	4.395e-01	8.930e-01	8.660e-01	8.660e-01	8.660e-01	8.081e-06	6.798e-09	3.029e-02	3.103e-06	1.042e-07	1.014e-04	6.000e-01	7.889e-08	7.141e-01
2.010e+04	8.930e-01	4.413e-01	8.930e-01	8.660e-01	8.660e-01	8.660e-01	2.845e-05	3.831e-07	8.045e-04	1.297e-06	5.959e-09	7.946e-04	6.000e-01	1.796e-08	7.141e-01
2.020e+04	8.930e-01	4.402e-01	8.930e-01	8.660e-01	8.660e-01	8.660e-01	4.710e-06	7.722e-08	3.997e-03	3.035e-07	5.206e-09	1.278e-05	6.000e-01	1.150e-09	7.141e-01
2.030e+04	8.930e-01	4.387e-01	8.930e-01	8.660e-01	8.660e-01	8.660e-01	2.854e-04	2.551e-06	5.058e-03	1.818e-06	3.438e-09	3.559e-04	6.000e-01	7.889e-08	7.141e-01
2.040e+04	8.930e-01	4.398e-01	8.930e-01	8.660e-01	8.660e-01	8.660e-01	1.003e-04	1.722e-07	1.194e-02	5.465e-06	2.624e-09	9.684e-05	6.000e-01	1.001e-08	7.141e-01
2.050e+04	8.930e-01	4.393e-01	8.930e-01	8.660e-01	8.660e-01	8.660e-01	5.283e-04	3.261e-07	4.311e-02	7.776e-07	5.109e-08	2.653e-04	6.000e-01	3.514e-08	7.141e-01
2.060e+04	8.930e-01	4.441e-01	8.930e-01	8.660e-01	8.660e-01	8.660e-01	2.063e-05	3.108e-09	6.494e-03	3.526e-05	7.741e-08	1.524e-03	6.000e-01	8.711e-09	7.141e-01
2.070e+04	8.930e-01	4.405e-01	8.930e-01	8.660e-01	8.660e-01	8.660e-01	5.377e-06	3.809e-08	8.944e-04	1.017e-06	2.162e-09	3.961e-04	6.000e-01	1.136e-11	7.141e-01
2.080e+04	8.930e-01	4.407e-01	8.930e-01	8.660e-01	8.660e-01	8.660e-01	2.411e-05	2.118e-07	3.582e-03	2.865e-06	4.059e-09	8.124e-04	6.000e-01	6.513e-08	7.141e-01
2.090e+04	8.930e-01	4.398e-01	8.930e-01	8.660e-01	8.660e-01	8.660e-01	3.408e-04	2.889e-07	1.391e-02	2.539e-06	1.091e-08	1.085e-04	6.000e-01	1.135e-09	7.141e-01
2.100e+04	8.930e-01	4.491e-01	8.930e-01	8.660e-01	8.660e-01	8.660e-01	8.137e-06	7.375e-08	2.160e-02	5.468e-07	7.018e-09	4.208e-05	6.000e-01	9.458e-10	7.141e-01
2.110e+04	8.930e-01	4.390e-01	8.930e-01	8.660e-01	8.660e-01	8.660e-01	1.261e-04	1.065e-08	3.074e-03	2.340e-06	1.685e-08	1.379e-05	6.000e-01	7.889e-08	7.141e-01
2.120e+04	8.930e-01	4.466e-01	8.930e-01	8.660e-01	8.660e-01	8.660e-01	2.536e-06	3.372e-09	4.465e-02	1.652e-05	5.309e-10	1.431e-03	6.000e-01	9.458e-10	7.141e-01
2.130e+04	8.930e-01	4.418e-01	8.930e-01	8.660e-01	8.660e-01	8.660e-01	1.104e-05	9.589e-09	1.095e-02	1.026e-06	7.151e-09	3.338e-04	6.000e-01	7.504e-08	7.141e-01
2.140e+04	8.930e-01	4.446e-01	8.930e-01	8.660e-01	8.660e-01	8.660e-01	2.983e-05	4.697e-08	4.510e-04	4.015e-06	1.190e-08	6.162e-05	6.002e-01	1.148e-09	7.141e-01
2.150e+04	8.930e-01	4.439e-01	8.930e-01	8.660e-01	8.660e-01	8.660e-01	6.011e-04	1.547e-08	3.611e-02	8.900e-07	2.130e-09	1.528e-04	6.002e-01	1.151e-09	7.141e-01
2.160e+04	8.930e-01	4.375e-01	8.930e-01	8.660e-01	8.660e-01	8.660e-01	4.745e-05	3.954e-08	2.957e-03	1.775e-06	9.820e-09	6.063e-05	6.000e-01	9.458e-10	7.141e-01
2.170e+04	8.930e-01	4.466e-01	8.930e-01	8.660e-01	8.660e-01	8.660e-01	5.969e-05	2.188e-08	1.383e-03	5.809e-07	1.636e-08	9.821e-05	6.000e-01	9.426e-09	7.141e-01
2.180e+04	8.930e-01	4.466e-01	8.930e-01	8.660e-01	8.660e-01	8.660e-01	6.689e-06	1.887e-08	1.722e-03	3.311e-05	1.589e-08	3.437e-04	6.000e-01	9.458e-10	7.141e-01
2.190e+04	8.930e-01	4.895e-01	8.930e-01	8.660e-01	8.660e-01	8.660e-01	3.167e-04	3.487e-07	1.066e-02	7.197e-07	7.097e-09	4.839e-04	6.000e-01	9.458e-10	7.141e-01
2.200e+04	8.930e-01	4.895e-01	8.930e-01	8.660e-01	8.660e-01	8.660e-01	7.223e-06	2.401e-08	6.977e-03	1.027e-05	2.636e-08	6.951e-04	6.000e-01	2.606e-09	7.141e-01
2.210e+04	8.930e-01	4.895e-01	8.930e-01	8.660e-01	8.660e-01	8.660e-01	9.197e-06	1.721e-07	6.797e-03	1.317e-06	1.514e-08	3.470e-05	6.000e-01	9.458e-10	7.141e-01
2.220e+04	8.930e-01	4.895e-01	8.930e-01	8.660e-01	8.660e-01	8.660e-01	9.248e-05	1.074e-08	4.581e-03	8.348e-07	1.910e-08	7.775e-05	6.000e-01	9.458e-10	7.141e-01
2.230e+04	8.930e-01	4.895e-01	8.930e-01	8.660e-01	8.660e-01	8.660e-01	7.219e-06	3.229e-09	3.041e-04	3.964e-06	7.922e-08	4.878e-05	6.000e-01	9.458e-10	7.141e-01
2.240e+04	8.930e-01	4.895e-01	8.930e-01	8.660e-01	8.660e-01	8.660e-01	1.180e-04	6.213e-07	1.234e-02	5.320e-07	2.323e-09	4.080e-04	6.000e-01	3.468e-08	7.141e-01
2.250e+04	8.930e-01	4.400e-01	8.930e-01	8.660e-01	8.660e-01	8.660e-01	1.102e-04	3.255e-09	4.995e-03	5.828e-06	1.001e-08	3.713e-04	6.000e-01	3.463e-08	7.141e-01
2.260e+04	8.930e-01	4.440e-01	8.930e-01	8.660e-01	8.660e-01	8.660e-01	5.365e-05	2.126e-07	5.627e-03	2.744e-06	2.684e-10	8.043e-05	6.000e-01	4.112e-09	7.141e-01
2.270e+04	8.930e-01	4.405e-01	8.930e-01	8.660e-01	8.660e-01	8.660e-01	8.273e-06	4.059e-09	1.701e-04	1.085e-06	2.614e-08	2.520e-04	6.000e-01	4.823e-08	7.141e-01
2.280e+04	8.930e-01	4.399e-01	8.930e-01	8.660e-01	8.660e-01	8.660e-01	1.991e-04	2.047e-06	1.020e-02	2.398e-07	1.930e-10	1.332e-05	6.000e-01	3.450e-08	7.141e-01
2.290e+04	8.930e-01	4.415e-01	8.930e-01	8.660e-01	8.660e-01	8.660e-01	2.828e-06	8.520e-10	5.266e-03	9.517e-07	8.545e-09	3.570e-05	6.000e-01	1.149e-09	7.141e-01
2.300e+04	8.930e-01	4.424e-01	8.930e-01	8.660e-01	8.660e-01	8.660e-01	6.125e-05	3.748e-08	5.855e-04	3.273e-06	1.609e-10	3.559e-04	6.000e-01	7.929e-09	7.141e-01
2.310e+04	8.930e-01	4.459e-01	8.930e-01	8.660e-01	8.652e-01	8.660e-01	1.744e-05	6.100e-09	1.441e-03	7.561e-07	3.449e-09	3.388e-04	6.000e-01	1.164e-09	7.141e-01
2.320e+04	8.930e-01	4.397e-01	8.930e-01	8.660e-01	8.660e-01	8.660e-01	3.476e-05	1.005e-08	5.920e-03	4.539e-07	2.827e-10	6.159e-06	6.000e-01	3.763e-08	7.141e-01
2.330e+04	8.930e-01	4.452e-01	8.930e-01	8.660e-01	8.660e-01	8.660e-01	5.421e-04	7.360e-08	2.061e-02	3.665e-06	3.041e-08	2.714e-04	6.000e-01	8.405e-10	7.141e-01
2.340e+04	8.930e-01	4.522e-01	8.930e-01	8.660e-01	8.660e-01	8.660e-01	4.781e-07	1.594e-08	5.322e-04	8.524e-07	1.223e-08	1.538e-04	6.000e-01	4.815e-08	7.141e-01
2.350e+04	8.930e-01	4.451e-01	8.930e-01	8.660e-01	8.660e-01	8.660e-01	1.424e-06	1.342e-08	3.174e-04	3.568e-08	2.405e-10	2.784e-04	6.000e-01	3.529e-08	7.141e-01
2.360e+04	8.930e-01	4.393e-01	8.930e-01	8.660e-01	8.660e-01	8.660e-01	1.590e-05	5.466e-09	1.268e-02	1.131e-06	3.486e-09	1.767e-05	6.000e-01	4.112e-09	7.141e-01
2.370e+04	8.930e-01	4.439e-01	8.930e-01	8.660e-01	8.660e-01	8.660e-01	6.534e-05	1.866e-08	2.935e-02	4.817e-06	1.122e-08	4.612e-04	6.000e-01	9.458e-10	7.141e-01
2.380e+04	8.930e-01	4.409e-01	8.930e-01	8.660e-01	8.660e-01	8.660e-01	1.702e-06	3.888e-08	2.954e-02	9.749e-07	1.075e-09	3.651e-05	6.000e-01	9.727e-08	7.141e-01
2.390e+04	8.930e-01	4.411e-01	8.930e-01	8.660e-01	8.660e-01	8.660e-01	2.835e-06	5.543e-09	4.556e-04	5.602e-06	3.453e-09	1.323e-03	6.000e-01	3.613e-08	7.141e-01
2.400e+04	8.930e-01	4.470e-01	8.930e-01	8.660e-01	8.659e-01	8.660e-01	2.533e-05	7.025e-09	6.222e-04	4.089e-07	5.425e-10	1.112e-05	6.000e-01	1.924e-06	7.141e-01
2.410e+04	8.930e-01	4.437e-01	8.930e-01	8.660e-01	8.660e-01	8.660e-01	1.010e-05	1.314e-07	5.067e-03	2.332e-07	4.554e-09	4.730e-05	6.000e-01	3.525e-08	7.141e-01
2.420e+04	8.930e-01	4.385e-01	8.930e-01	8.660e-01	8.660e-01	8.660e-01	4.764e-06	2.389e-08	5.100e-04	1.431e-07	1.458e-09	3.918e-05	6.000e-01	1.667e-08	7.141e-01
2.430e+04	8.930e-01	4.409e-01	8.930e-01	8.660e-01	8.660e-01	8.660e-01	2.736e-05	3.117e-08	9.670e-03	7.863e-06	1.928e-08	3.002e-04	6.000e-01	7.889e-08	7.141e-01
2.440e+04	8.930e-01	4.449e-01	8.930e-01	8.660e-01	8.660e-01	8.660e-01	4.761e-05	1.871e-09	2.670e-03	1.327e-06	1.043e-09	9.399e-04	6.000e-01	9.490e-09	7.141e-01
2.450e+04	8.930e-01	4.455e-01	8.930e-01	8.660e-01	8.660e-01	8.660e-01	1.147e-04	2.036e-08	2.381e-02	7.342e-06	2.108e-08	9.098e-05	6.000e-01	3.606e-07	7.141e-01
2.460e+04	8.930e-01	4.429e-01	8.930e-01	8.660e-01	8.660e-01	8.660e-01	6.787e-07	4.368e-08	8.121e-03	2.646e-06	1.001e-08	6.255e-04	6.000e-01	7.889e-08	7.141e-01
2.470e+04	8.930e-01	4.405e-01	8.930e-01	8.660e-01	8.660e-01	8.660e-01	6.911e-06	1.369e-07	2.544e-03	1.438e-06	2.309e-08	4.209e-04	6.000e-01	7.889e-08	7.141e-01
2.480e+04	8.930e-01	4.445e-01	8.930e-01	8.660e-01	8.660e-01	8.660e-01	2.508e-05	2.982e-08	3.713e-03	1.038e-05	1.843e-08	1.415e-04	6.000e-01	7.901e-09	7.141e-01
2.490e+04	8.930e-01	4.378e-01	8.930e-01	8.660e-01	8.660e-01	8.660e-01	6.737e-05	7.649e-07	1.182e-03	4.179e-07	1.494e-08	5.754e-04	6.000e-01	9.285e-09	7.141e-01
2.500e+04	8.930e-01	4.509e-01	8.930e-01	8.660e-01	8.659e-01	8.660e-01	1.625e-04	1.267e-08	1.266e-02	9.886e-06	8.301e-09	1.851e-04	6.000e-01	1.150e-09	7.141e-01
