n.evals.q.1.0.	train._.me.hebbian.synapse.best.quality.consistency	train._.me.hebbian.synapse.best.quality.consistency.min	train._.me.hebbian.synapse.best.quality.consistency.max	train._.me.freeForm.best.quality.consistency	train._.me.freeForm.best.quality.consistency.min	train._.me.freeForm.best.quality.consistency.max
1.000e+02	6.035e+00	3.210e-01	9.653e+01	0.000e+00	0.000e+00	8.342e-04
2.000e+02	1.453e+02	6.387e+01	1.758e+02	0.000e+00	0.000e+00	1.090e-09
3.000e+02	1.693e+02	4.482e+01	1.854e+02	4.441e-16	0.000e+00	7.026e-07
4.000e+02	1.693e+02	1.412e+02	1.854e+02	4.441e-16	0.000e+00	7.026e-07
5.000e+02	1.854e+02	1.453e+02	2.050e+02	0.000e+00	0.000e+00	7.026e-07
6.000e+02	1.854e+02	1.453e+02	2.050e+02	0.000e+00	0.000e+00	7.026e-07
7.000e+02	1.834e+02	1.607e+02	2.050e+02	4.441e-16	0.000e+00	1.437e-04
8.000e+02	1.854e+02	1.640e+02	2.050e+02	0.000e+00	0.000e+00	7.279e-02
9.000e+02	1.854e+02	1.640e+02	2.050e+02	4.441e-16	0.000e+00	7.279e-02
1.000e+03	1.834e+02	1.640e+02	1.982e+02	4.441e-16	0.000e+00	7.279e-02
1.100e+03	1.834e+02	1.639e+02	1.982e+02	4.441e-16	0.000e+00	7.279e-02
1.200e+03	1.807e+02	1.607e+02	1.854e+02	3.553e-15	0.000e+00	7.279e-02
1.300e+03	1.807e+02	1.607e+02	1.953e+02	2.071e-02	0.000e+00	1.009e+01
1.400e+03	1.807e+02	1.356e+02	1.953e+02	1.670e-02	0.000e+00	1.238e+01
1.500e+03	1.834e+02	1.005e+02	1.982e+02	1.670e-02	0.000e+00	1.238e+01
1.600e+03	1.834e+02	1.005e+02	1.953e+02	1.755e-02	0.000e+00	2.817e+01
1.700e+03	1.834e+02	1.005e+02	1.953e+02	1.970e-02	0.000e+00	3.201e+01
1.800e+03	1.834e+02	1.005e+02	1.953e+02	1.970e-02	0.000e+00	3.201e+01
1.900e+03	1.607e+02	3.269e+01	1.953e+02	1.970e-02	0.000e+00	3.201e+01
2.000e+03	1.607e+02	3.269e+01	1.953e+02	3.396e-02	0.000e+00	3.201e+01
2.100e+03	1.607e+02	3.269e+01	1.906e+02	3.396e-02	0.000e+00	3.201e+01
2.200e+03	1.607e+02	3.269e+01	1.906e+02	1.134e+01	0.000e+00	3.201e+01
2.300e+03	1.607e+02	3.269e+01	1.906e+02	1.134e+01	0.000e+00	3.201e+01
2.400e+03	1.607e+02	3.269e+01	1.906e+02	1.134e+01	0.000e+00	3.201e+01
2.500e+03	1.607e+02	3.269e+01	1.906e+02	1.134e+01	0.000e+00	3.201e+01
2.600e+03	1.607e+02	3.269e+01	1.906e+02	1.134e+01	0.000e+00	3.201e+01
2.700e+03	1.607e+02	3.269e+01	1.906e+02	0.000e+00	0.000e+00	1.536e+01
2.800e+03	1.356e+02	3.269e+01	1.906e+02	0.000e+00	0.000e+00	2.231e+01
2.900e+03	1.356e+02	3.269e+01	1.906e+02	0.000e+00	0.000e+00	2.231e+01
3.000e+03	1.130e+02	3.269e+01	1.834e+02	0.000e+00	0.000e+00	2.231e+01
3.100e+03	1.356e+02	3.269e+01	1.834e+02	1.536e+01	0.000e+00	5.278e+01
3.200e+03	1.356e+02	3.269e+01	1.834e+02	1.536e+01	0.000e+00	5.278e+01
3.300e+03	1.356e+02	3.269e+01	1.834e+02	1.209e+01	0.000e+00	5.278e+01
3.400e+03	1.356e+02	3.269e+01	1.834e+02	1.209e+01	0.000e+00	5.278e+01
3.500e+03	1.356e+02	3.269e+01	1.834e+02	1.209e+01	0.000e+00	5.278e+01
3.600e+03	6.509e+01	3.269e+01	1.834e+02	1.209e+01	0.000e+00	5.278e+01
3.700e+03	6.509e+01	3.269e+01	1.834e+02	7.493e-01	0.000e+00	5.278e+01
3.800e+03	6.509e+01	3.269e+01	1.834e+02	7.493e-01	0.000e+00	5.278e+01
3.900e+03	5.765e+01	1.827e+01	6.523e+01	7.493e-01	0.000e+00	5.278e+01
4.000e+03	4.971e+01	6.017e+00	6.509e+01	7.493e-01	0.000e+00	5.278e+01
4.100e+03	4.971e+01	6.017e+00	6.509e+01	7.493e-01	0.000e+00	5.278e+01
4.200e+03	4.971e+01	6.017e+00	6.509e+01	7.493e-01	0.000e+00	5.278e+01
4.300e+03	4.971e+01	4.299e+00	6.509e+01	7.493e-01	0.000e+00	5.278e+01
4.400e+03	4.971e+01	4.299e+00	6.509e+01	0.000e+00	0.000e+00	8.672e+00
4.500e+03	4.971e+01	4.130e+00	6.509e+01	0.000e+00	0.000e+00	8.672e+00
4.600e+03	4.971e+01	4.130e+00	6.509e+01	0.000e+00	0.000e+00	8.672e+00
4.700e+03	1.827e+01	4.130e+00	5.765e+01	0.000e+00	0.000e+00	8.672e+00
4.800e+03	1.827e+01	4.130e+00	5.765e+01	0.000e+00	0.000e+00	8.672e+00
4.900e+03	1.827e+01	4.130e+00	5.765e+01	0.000e+00	0.000e+00	8.672e+00
5.000e+03	1.827e+01	4.130e+00	5.765e+01	0.000e+00	0.000e+00	8.672e+00
5.100e+03	1.827e+01	4.130e+00	5.765e+01	0.000e+00	0.000e+00	8.672e+00
5.200e+03	1.827e+01	4.130e+00	5.765e+01	0.000e+00	0.000e+00	8.672e+00
5.300e+03	1.827e+01	4.130e+00	5.765e+01	0.000e+00	0.000e+00	8.672e+00
5.400e+03	1.827e+01	4.130e+00	5.765e+01	0.000e+00	0.000e+00	8.672e+00
5.500e+03	1.827e+01	4.130e+00	5.765e+01	0.000e+00	0.000e+00	8.672e+00
5.600e+03	1.827e+01	4.130e+00	5.765e+01	0.000e+00	0.000e+00	8.672e+00
5.700e+03	1.827e+01	4.130e+00	5.765e+01	0.000e+00	0.000e+00	8.672e+00
5.800e+03	1.827e+01	4.130e+00	5.765e+01	0.000e+00	0.000e+00	8.672e+00
5.900e+03	1.827e+01	4.130e+00	5.765e+01	0.000e+00	0.000e+00	8.672e+00
6.000e+03	1.827e+01	4.130e+00	5.765e+01	0.000e+00	0.000e+00	8.672e+00
6.100e+03	1.827e+01	4.130e+00	5.765e+01	5.684e-14	0.000e+00	8.672e+00
6.200e+03	1.827e+01	4.130e+00	5.765e+01	5.684e-14	0.000e+00	8.672e+00
6.300e+03	1.827e+01	4.130e+00	5.765e+01	5.684e-14	0.000e+00	8.672e+00
6.400e+03	1.827e+01	4.130e+00	5.765e+01	5.684e-14	0.000e+00	8.672e+00
6.500e+03	1.541e+01	4.041e+00	5.765e+01	5.684e-14	0.000e+00	8.672e+00
6.600e+03	1.541e+01	3.431e+00	5.765e+01	5.684e-14	0.000e+00	8.672e+00
6.700e+03	4.041e+00	2.332e+00	5.765e+01	5.684e-14	0.000e+00	8.672e+00
6.800e+03	1.390e+01	2.728e+00	5.765e+01	5.684e-14	0.000e+00	8.672e+00
6.900e+03	1.390e+01	2.728e+00	5.765e+01	5.684e-14	0.000e+00	8.672e+00
7.000e+03	1.390e+01	2.728e+00	5.765e+01	5.684e-14	0.000e+00	8.672e+00
7.100e+03	1.390e+01	2.728e+00	5.765e+01	5.684e-14	0.000e+00	8.672e+00
7.200e+03	1.390e+01	2.728e+00	5.765e+01	5.684e-14	0.000e+00	8.672e+00
7.300e+03	1.390e+01	2.728e+00	5.765e+01	5.684e-14	0.000e+00	8.672e+00
7.400e+03	1.390e+01	2.728e+00	5.765e+01	5.684e-14	0.000e+00	8.672e+00
7.500e+03	1.390e+01	2.728e+00	5.765e+01	5.684e-14	0.000e+00	8.672e+00
7.600e+03	1.390e+01	2.728e+00	5.765e+01	5.684e-14	0.000e+00	8.672e+00
7.700e+03	1.390e+01	2.728e+00	5.765e+01	5.684e-14	0.000e+00	8.672e+00
7.800e+03	1.390e+01	2.728e+00	5.765e+01	3.553e-15	0.000e+00	8.672e+00
7.900e+03	1.390e+01	2.728e+00	5.765e+01	3.553e-15	0.000e+00	8.672e+00
8.000e+03	1.390e+01	2.728e+00	5.765e+01	3.553e-15	0.000e+00	8.672e+00
8.100e+03	1.390e+01	2.728e+00	5.765e+01	0.000e+00	0.000e+00	8.672e+00
8.200e+03	1.390e+01	2.728e+00	5.765e+01	7.493e-01	0.000e+00	9.533e+00
8.300e+03	1.390e+01	2.728e+00	5.765e+01	7.493e-01	0.000e+00	5.278e+01
8.400e+03	1.390e+01	3.431e+00	5.765e+01	7.493e-01	0.000e+00	5.278e+01
8.500e+03	1.390e+01	3.431e+00	5.765e+01	7.493e-01	0.000e+00	5.278e+01
8.600e+03	1.390e+01	3.431e+00	5.765e+01	7.493e-01	0.000e+00	5.278e+01
8.700e+03	1.390e+01	2.728e+00	5.765e+01	7.493e-01	0.000e+00	5.278e+01
8.800e+03	1.390e+01	2.728e+00	5.765e+01	7.493e-01	0.000e+00	5.278e+01
8.900e+03	1.390e+01	2.728e+00	5.765e+01	7.493e-01	0.000e+00	5.278e+01
9.000e+03	7.755e+00	2.728e+00	1.541e+01	7.493e-01	0.000e+00	5.278e+01
9.100e+03	7.755e+00	1.545e+00	1.541e+01	7.493e-01	0.000e+00	3.641e+01
9.200e+03	7.755e+00	1.545e+00	1.541e+01	7.493e-01	0.000e+00	3.641e+01
9.300e+03	4.128e+00	1.545e+00	1.390e+01	7.493e-01	0.000e+00	3.641e+01
9.400e+03	4.128e+00	1.545e+00	1.390e+01	7.493e-01	0.000e+00	3.641e+01
9.500e+03	4.128e+00	1.545e+00	9.671e+00	7.493e-01	0.000e+00	3.641e+01
9.600e+03	4.128e+00	1.545e+00	9.671e+00	7.493e-01	0.000e+00	3.641e+01
9.700e+03	4.128e+00	1.545e+00	9.671e+00	7.493e-01	0.000e+00	3.641e+01
9.800e+03	4.128e+00	1.545e+00	9.671e+00	7.493e-01	0.000e+00	3.641e+01
9.900e+03	4.128e+00	1.545e+00	9.671e+00	7.493e-01	0.000e+00	3.641e+01
1.000e+04	4.128e+00	1.545e+00	9.671e+00	7.493e-01	0.000e+00	3.641e+01
1.010e+04	4.128e+00	1.545e+00	9.671e+00	7.493e-01	0.000e+00	3.641e+01
1.020e+04	4.128e+00	1.036e+00	9.671e+00	7.493e-01	0.000e+00	4.027e+01
1.030e+04	4.128e+00	1.036e+00	9.671e+00	7.493e-01	0.000e+00	4.027e+01
1.040e+04	3.431e+00	1.030e+00	9.671e+00	0.000e+00	0.000e+00	8.672e+00
1.050e+04	3.431e+00	1.030e+00	9.671e+00	0.000e+00	0.000e+00	8.672e+00
1.060e+04	3.431e+00	1.030e+00	9.671e+00	0.000e+00	0.000e+00	8.672e+00
1.070e+04	3.431e+00	1.272e+00	9.671e+00	0.000e+00	0.000e+00	8.672e+00
1.080e+04	3.431e+00	1.272e+00	9.671e+00	0.000e+00	0.000e+00	8.672e+00
1.090e+04	3.431e+00	1.272e+00	9.671e+00	0.000e+00	0.000e+00	8.672e+00
1.100e+04	3.431e+00	1.272e+00	9.671e+00	0.000e+00	0.000e+00	8.672e+00
1.110e+04	3.431e+00	1.272e+00	9.671e+00	0.000e+00	0.000e+00	8.672e+00
1.120e+04	3.470e+00	2.837e+00	9.671e+00	0.000e+00	0.000e+00	8.672e+00
1.130e+04	3.470e+00	2.837e+00	9.671e+00	0.000e+00	0.000e+00	2.160e+01
1.140e+04	3.470e+00	2.837e+00	9.671e+00	7.493e-01	0.000e+00	2.160e+01
1.150e+04	4.254e+00	2.934e+00	9.671e+00	7.493e-01	0.000e+00	2.160e+01
1.160e+04	4.254e+00	2.934e+00	9.671e+00	7.493e-01	0.000e+00	2.160e+01
1.170e+04	4.254e+00	2.934e+00	9.671e+00	7.493e-01	0.000e+00	2.160e+01
1.180e+04	4.254e+00	2.934e+00	9.671e+00	7.493e-01	0.000e+00	2.160e+01
1.190e+04	4.254e+00	2.934e+00	9.671e+00	7.493e-01	0.000e+00	2.160e+01
1.200e+04	4.254e+00	2.934e+00	9.671e+00	7.493e-01	0.000e+00	2.160e+01
1.210e+04	4.254e+00	2.934e+00	9.671e+00	7.493e-01	0.000e+00	2.160e+01
1.220e+04	4.254e+00	2.934e+00	9.671e+00	7.493e-01	0.000e+00	2.160e+01
1.230e+04	4.254e+00	2.837e+00	9.671e+00	2.160e+01	0.000e+00	6.559e+01
1.240e+04	3.431e+00	1.862e+00	9.671e+00	2.160e+01	0.000e+00	6.155e+01
1.250e+04	3.431e+00	1.752e+00	9.671e+00	7.185e+00	0.000e+00	6.155e+01
1.260e+04	3.431e+00	1.752e+00	9.671e+00	7.185e+00	0.000e+00	6.155e+01
1.270e+04	3.431e+00	1.752e+00	9.671e+00	7.185e+00	0.000e+00	6.155e+01
1.280e+04	3.431e+00	1.752e+00	9.671e+00	7.185e+00	0.000e+00	6.155e+01
1.290e+04	3.431e+00	1.752e+00	9.671e+00	7.185e+00	0.000e+00	6.155e+01
1.300e+04	3.431e+00	1.752e+00	9.671e+00	7.185e+00	0.000e+00	6.155e+01
1.310e+04	3.431e+00	1.752e+00	9.671e+00	7.185e+00	0.000e+00	6.155e+01
1.320e+04	3.431e+00	1.752e+00	9.671e+00	7.185e+00	0.000e+00	6.155e+01
1.330e+04	3.431e+00	1.752e+00	9.671e+00	7.185e+00	0.000e+00	6.155e+01
1.340e+04	3.431e+00	1.752e+00	9.671e+00	7.185e+00	0.000e+00	6.155e+01
1.350e+04	3.431e+00	1.677e+00	9.671e+00	7.185e+00	0.000e+00	6.155e+01
1.360e+04	3.431e+00	1.677e+00	9.671e+00	7.185e+00	0.000e+00	6.155e+01
1.370e+04	3.431e+00	1.677e+00	9.671e+00	7.185e+00	0.000e+00	6.155e+01
1.380e+04	3.431e+00	1.677e+00	9.671e+00	4.673e+00	0.000e+00	6.155e+01
1.390e+04	3.431e+00	1.677e+00	9.671e+00	4.673e+00	0.000e+00	6.155e+01
1.400e+04	3.431e+00	1.677e+00	9.671e+00	4.673e+00	0.000e+00	6.155e+01
1.410e+04	3.431e+00	1.677e+00	9.671e+00	4.673e+00	0.000e+00	6.155e+01
1.420e+04	3.431e+00	1.677e+00	9.671e+00	4.673e+00	0.000e+00	6.155e+01
1.430e+04	3.431e+00	1.677e+00	9.671e+00	4.673e+00	0.000e+00	6.155e+01
1.440e+04	3.431e+00	1.677e+00	9.671e+00	4.673e+00	0.000e+00	6.155e+01
1.450e+04	3.431e+00	1.677e+00	9.671e+00	4.673e+00	0.000e+00	6.559e+01
1.460e+04	3.431e+00	1.677e+00	9.671e+00	4.673e+00	0.000e+00	6.559e+01
1.470e+04	3.431e+00	1.677e+00	9.671e+00	4.673e+00	0.000e+00	6.559e+01
1.480e+04	1.862e+00	1.380e+00	9.671e+00	4.673e+00	0.000e+00	6.559e+01
1.490e+04	1.862e+00	1.380e+00	9.671e+00	4.673e+00	0.000e+00	6.559e+01
1.500e+04	1.862e+00	1.380e+00	9.671e+00	7.098e+00	0.000e+00	6.559e+01
1.510e+04	1.862e+00	1.380e+00	9.671e+00	7.098e+00	0.000e+00	6.559e+01
1.520e+04	1.862e+00	1.380e+00	9.671e+00	7.098e+00	0.000e+00	6.559e+01
1.530e+04	1.862e+00	1.380e+00	9.671e+00	7.098e+00	5.684e-14	6.559e+01
1.540e+04	1.862e+00	1.380e+00	9.671e+00	7.098e+00	0.000e+00	6.559e+01
1.550e+04	4.381e+00	1.677e+00	9.671e+00	7.098e+00	8.882e-16	6.559e+01
1.560e+04	4.381e+00	1.677e+00	9.671e+00	7.098e+00	1.776e-15	6.559e+01
1.570e+04	4.190e+00	1.677e+00	4.575e+00	7.098e+00	0.000e+00	6.559e+01
1.580e+04	4.190e+00	1.677e+00	5.867e+00	2.160e+01	5.684e-14	8.650e+01
1.590e+04	4.190e+00	1.677e+00	5.867e+00	7.098e+00	0.000e+00	6.559e+01
1.600e+04	4.190e+00	1.677e+00	5.867e+00	7.098e+00	0.000e+00	6.559e+01
1.610e+04	4.190e+00	1.677e+00	5.867e+00	7.098e+00	0.000e+00	6.559e+01
1.620e+04	4.190e+00	1.677e+00	5.867e+00	7.098e+00	0.000e+00	6.559e+01
1.630e+04	4.190e+00	1.677e+00	5.867e+00	7.098e+00	0.000e+00	6.559e+01
1.640e+04	4.381e+00	1.752e+00	1.283e+01	7.098e+00	0.000e+00	6.559e+01
1.650e+04	4.381e+00	1.752e+00	1.283e+01	7.098e+00	0.000e+00	6.559e+01
1.660e+04	4.381e+00	1.752e+00	1.283e+01	7.098e+00	0.000e+00	6.559e+01
1.670e+04	4.381e+00	1.752e+00	1.283e+01	7.098e+00	0.000e+00	6.559e+01
1.680e+04	4.381e+00	1.677e+00	1.283e+01	7.098e+00	0.000e+00	6.559e+01
1.690e+04	2.087e+00	1.428e+00	5.867e+00	7.098e+00	0.000e+00	6.559e+01
1.700e+04	2.087e+00	1.428e+00	5.867e+00	7.098e+00	0.000e+00	6.559e+01
1.710e+04	2.087e+00	1.428e+00	5.867e+00	7.098e+00	0.000e+00	6.559e+01
1.720e+04	2.087e+00	1.428e+00	5.867e+00	7.098e+00	0.000e+00	6.559e+01
1.730e+04	2.087e+00	1.428e+00	5.867e+00	7.098e+00	0.000e+00	6.559e+01
1.740e+04	2.087e+00	9.843e-01	5.867e+00	7.098e+00	0.000e+00	6.559e+01
1.750e+04	2.087e+00	9.843e-01	5.867e+00	7.098e+00	0.000e+00	6.559e+01
1.760e+04	2.087e+00	9.843e-01	5.867e+00	7.098e+00	5.684e-14	6.559e+01
1.770e+04	2.087e+00	9.843e-01	5.867e+00	7.098e+00	5.684e-14	6.559e+01
1.780e+04	2.087e+00	9.843e-01	5.867e+00	7.098e+00	5.684e-14	6.559e+01
1.790e+04	2.087e+00	9.843e-01	5.867e+00	7.098e+00	5.684e-14	6.559e+01
1.800e+04	2.087e+00	9.843e-01	5.867e+00	7.098e+00	5.684e-14	6.559e+01
1.810e+04	2.087e+00	9.843e-01	5.867e+00	7.098e+00	5.684e-14	6.559e+01
1.820e+04	2.087e+00	9.843e-01	5.867e+00	7.098e+00	5.684e-14	6.559e+01
1.830e+04	2.087e+00	9.843e-01	5.867e+00	7.098e+00	5.684e-14	6.559e+01
1.840e+04	2.087e+00	9.843e-01	5.867e+00	7.098e+00	5.684e-14	6.559e+01
1.850e+04	2.087e+00	9.843e-01	5.867e+00	7.098e+00	5.684e-14	6.559e+01
1.860e+04	2.087e+00	9.843e-01	5.867e+00	7.098e+00	5.684e-14	6.559e+01
1.870e+04	2.087e+00	9.843e-01	5.867e+00	7.098e+00	5.684e-14	6.559e+01
1.880e+04	2.087e+00	9.843e-01	5.867e+00	7.098e+00	5.684e-14	6.559e+01
1.890e+04	2.087e+00	9.843e-01	5.867e+00	7.098e+00	5.684e-14	6.559e+01
1.900e+04	4.190e+00	1.428e+00	1.541e+01	7.098e+00	5.684e-14	6.559e+01
1.910e+04	4.190e+00	1.428e+00	1.541e+01	7.098e+00	5.684e-14	6.559e+01
1.920e+04	4.190e+00	1.428e+00	1.541e+01	7.098e+00	5.684e-14	6.559e+01
1.930e+04	4.190e+00	1.428e+00	1.541e+01	7.098e+00	5.684e-14	6.559e+01
1.940e+04	2.426e+00	1.428e+00	1.541e+01	7.098e+00	5.684e-14	6.559e+01
1.950e+04	2.426e+00	1.428e+00	1.541e+01	7.098e+00	5.684e-14	6.559e+01
1.960e+04	2.426e+00	1.428e+00	1.541e+01	7.098e+00	5.684e-14	6.559e+01
1.970e+04	2.426e+00	1.428e+00	1.541e+01	7.098e+00	5.684e-14	6.559e+01
1.980e+04	2.426e+00	1.428e+00	1.541e+01	7.098e+00	5.684e-14	6.559e+01
1.990e+04	2.426e+00	1.428e+00	1.541e+01	7.098e+00	5.684e-14	6.559e+01
2.000e+04	2.426e+00	1.428e+00	1.541e+01	7.098e+00	5.684e-14	5.358e+01
2.010e+04	2.426e+00	1.428e+00	1.541e+01	7.098e+00	5.684e-14	5.358e+01
2.020e+04	2.426e+00	1.428e+00	1.541e+01	7.098e+00	0.000e+00	5.358e+01
2.030e+04	2.426e+00	1.428e+00	1.541e+01	7.098e+00	0.000e+00	5.358e+01
2.040e+04	2.087e+00	9.843e-01	5.867e+00	7.098e+00	0.000e+00	5.358e+01
2.050e+04	2.087e+00	9.843e-01	5.867e+00	7.098e+00	0.000e+00	5.358e+01
2.060e+04	2.087e+00	9.843e-01	5.867e+00	7.098e+00	5.684e-14	5.358e+01
2.070e+04	2.087e+00	9.843e-01	5.867e+00	7.098e+00	5.684e-14	5.358e+01
2.080e+04	2.087e+00	9.843e-01	4.631e+00	7.098e+00	5.684e-14	5.358e+01
2.090e+04	2.087e+00	9.843e-01	4.631e+00	1.013e+01	5.684e-14	5.358e+01
2.100e+04	2.087e+00	9.843e-01	4.631e+00	1.013e+01	5.684e-14	5.358e+01
2.110e+04	2.087e+00	9.843e-01	4.631e+00	1.013e+01	5.684e-14	5.358e+01
2.120e+04	2.087e+00	9.843e-01	4.631e+00	1.013e+01	5.684e-14	5.358e+01
2.130e+04	2.087e+00	9.843e-01	4.631e+00	1.013e+01	5.684e-14	5.358e+01
2.140e+04	2.087e+00	9.843e-01	4.631e+00	1.013e+01	5.684e-14	5.358e+01
2.150e+04	2.087e+00	9.843e-01	4.631e+00	1.013e+01	5.684e-14	5.358e+01
2.160e+04	2.087e+00	9.843e-01	4.631e+00	1.013e+01	0.000e+00	5.358e+01
2.170e+04	2.087e+00	9.843e-01	4.631e+00	1.013e+01	0.000e+00	5.358e+01
2.180e+04	2.087e+00	9.843e-01	4.631e+00	1.013e+01	0.000e+00	5.358e+01
2.190e+04	2.087e+00	9.843e-01	4.631e+00	1.013e+01	0.000e+00	5.358e+01
2.200e+04	2.087e+00	9.843e-01	4.631e+00	1.013e+01	0.000e+00	5.358e+01
2.210e+04	2.087e+00	9.843e-01	4.631e+00	1.013e+01	0.000e+00	5.358e+01
2.220e+04	2.087e+00	9.843e-01	4.631e+00	1.013e+01	0.000e+00	5.358e+01
2.230e+04	2.087e+00	9.843e-01	4.631e+00	4.295e+00	0.000e+00	5.358e+01
2.240e+04	2.087e+00	9.843e-01	4.631e+00	4.295e+00	0.000e+00	5.358e+01
2.250e+04	2.087e+00	9.843e-01	4.631e+00	4.295e+00	0.000e+00	5.358e+01
2.260e+04	2.087e+00	9.843e-01	4.631e+00	4.295e+00	0.000e+00	5.358e+01
2.270e+04	2.087e+00	9.843e-01	4.631e+00	4.295e+00	0.000e+00	5.358e+01
2.280e+04	2.087e+00	9.843e-01	4.631e+00	4.295e+00	0.000e+00	5.358e+01
2.290e+04	2.087e+00	9.843e-01	4.631e+00	4.295e+00	0.000e+00	5.358e+01
2.300e+04	2.087e+00	9.843e-01	4.631e+00	4.295e+00	0.000e+00	5.358e+01
2.310e+04	2.087e+00	9.843e-01	4.631e+00	4.295e+00	0.000e+00	5.358e+01
2.320e+04	2.087e+00	9.843e-01	4.631e+00	4.295e+00	0.000e+00	5.358e+01
2.330e+04	2.087e+00	9.843e-01	4.631e+00	4.295e+00	0.000e+00	5.358e+01
2.340e+04	2.087e+00	9.843e-01	4.631e+00	4.295e+00	0.000e+00	5.358e+01
2.350e+04	2.087e+00	9.843e-01	4.631e+00	4.295e+00	0.000e+00	5.358e+01
2.360e+04	2.087e+00	9.843e-01	4.631e+00	4.295e+00	0.000e+00	5.358e+01
2.370e+04	2.087e+00	9.843e-01	4.631e+00	4.295e+00	0.000e+00	5.358e+01
2.380e+04	2.087e+00	9.843e-01	4.631e+00	4.295e+00	0.000e+00	5.358e+01
2.390e+04	2.087e+00	9.843e-01	4.631e+00	4.295e+00	0.000e+00	5.358e+01
2.400e+04	2.426e+00	9.843e-01	5.867e+00	4.295e+00	0.000e+00	5.358e+01
2.410e+04	2.426e+00	9.843e-01	5.867e+00	4.295e+00	0.000e+00	5.358e+01
2.420e+04	2.426e+00	9.843e-01	5.867e+00	4.295e+00	0.000e+00	5.358e+01
2.430e+04	2.426e+00	9.843e-01	5.867e+00	4.295e+00	0.000e+00	5.358e+01
2.440e+04	2.426e+00	9.843e-01	5.867e+00	4.295e+00	0.000e+00	5.358e+01
2.450e+04	2.426e+00	9.843e-01	5.867e+00	4.295e+00	0.000e+00	5.358e+01
2.460e+04	2.426e+00	9.843e-01	5.867e+00	4.900e-01	0.000e+00	2.160e+01
2.470e+04	2.426e+00	9.843e-01	5.867e+00	4.900e-01	0.000e+00	2.160e+01
2.480e+04	2.426e+00	9.843e-01	5.867e+00	4.900e-01	0.000e+00	2.160e+01
2.490e+04	2.426e+00	9.843e-01	5.867e+00	4.900e-01	0.000e+00	2.160e+01
2.500e+04	2.426e+00	9.843e-01	5.867e+00	4.900e-01	0.000e+00	1.447e+01
2.510e+04	2.426e+00	9.843e-01	5.867e+00	4.900e-01	0.000e+00	1.447e+01
2.520e+04	2.447e+00	9.843e-01	5.867e+00	4.900e-01	0.000e+00	1.447e+01
2.530e+04	2.447e+00	9.843e-01	5.867e+00	4.900e-01	0.000e+00	1.447e+01
2.540e+04	2.447e+00	9.843e-01	5.867e+00	4.900e-01	0.000e+00	1.447e+01
2.550e+04	2.447e+00	9.843e-01	5.867e+00	4.900e-01	0.000e+00	1.447e+01
2.560e+04	2.447e+00	9.843e-01	5.867e+00	4.900e-01	0.000e+00	1.447e+01
2.570e+04	2.447e+00	9.843e-01	5.867e+00	4.900e-01	0.000e+00	1.447e+01
2.580e+04	2.447e+00	1.428e+00	5.867e+00	4.900e-01	0.000e+00	1.447e+01
2.590e+04	2.447e+00	1.428e+00	5.867e+00	4.900e-01	0.000e+00	1.447e+01
2.600e+04	2.426e+00	1.110e+00	4.631e+00	4.900e-01	0.000e+00	1.447e+01
2.610e+04	2.447e+00	1.110e+00	4.631e+00	4.900e-01	0.000e+00	3.386e+01
2.620e+04	2.447e+00	1.110e+00	4.631e+00	4.900e-01	0.000e+00	3.386e+01
2.630e+04	2.447e+00	1.110e+00	4.631e+00	4.900e-01	0.000e+00	3.386e+01
2.640e+04	2.419e+00	1.110e+00	3.742e+00	4.900e-01	0.000e+00	3.386e+01
2.650e+04	2.447e+00	1.110e+00	4.631e+00	4.900e-01	0.000e+00	3.386e+01
2.660e+04	2.447e+00	1.110e+00	4.631e+00	4.900e-01	0.000e+00	3.386e+01
2.670e+04	2.447e+00	1.110e+00	4.631e+00	4.900e-01	0.000e+00	3.386e+01
2.680e+04	2.447e+00	1.110e+00	4.631e+00	4.900e-01	0.000e+00	3.386e+01
2.690e+04	2.447e+00	1.110e+00	4.631e+00	4.900e-01	0.000e+00	3.386e+01
2.700e+04	2.447e+00	1.110e+00	4.631e+00	4.900e-01	0.000e+00	3.386e+01
2.710e+04	2.447e+00	1.110e+00	4.631e+00	4.900e-01	0.000e+00	3.386e+01
2.720e+04	2.447e+00	1.110e+00	4.631e+00	4.900e-01	0.000e+00	3.386e+01
2.730e+04	2.447e+00	1.110e+00	4.631e+00	4.900e-01	0.000e+00	3.386e+01
2.740e+04	2.447e+00	1.110e+00	4.631e+00	4.900e-01	0.000e+00	3.386e+01
2.750e+04	2.447e+00	1.110e+00	4.631e+00	4.900e-01	0.000e+00	3.386e+01
2.760e+04	2.447e+00	1.110e+00	4.631e+00	4.900e-01	0.000e+00	3.386e+01
2.770e+04	2.447e+00	1.110e+00	4.631e+00	4.900e-01	0.000e+00	3.386e+01
2.780e+04	2.447e+00	1.110e+00	4.631e+00	4.900e-01	0.000e+00	1.447e+01
2.790e+04	2.447e+00	1.110e+00	4.631e+00	4.900e-01	0.000e+00	1.447e+01
2.800e+04	2.447e+00	1.110e+00	4.631e+00	4.900e-01	0.000e+00	1.447e+01
2.810e+04	2.447e+00	1.110e+00	4.823e+00	4.900e-01	0.000e+00	1.447e+01
2.820e+04	1.428e+00	7.764e-01	4.823e+00	1.279e-03	0.000e+00	1.447e+01
2.830e+04	1.428e+00	7.764e-01	4.823e+00	1.279e-03	0.000e+00	1.344e+01
2.840e+04	1.428e+00	7.764e-01	4.823e+00	1.279e-03	0.000e+00	1.344e+01
2.850e+04	1.428e+00	7.764e-01	4.823e+00	1.279e-03	0.000e+00	1.344e+01
2.860e+04	1.428e+00	7.764e-01	4.823e+00	1.279e-03	0.000e+00	1.344e+01
2.870e+04	1.428e+00	7.764e-01	4.823e+00	1.279e-03	0.000e+00	1.344e+01
2.880e+04	1.428e+00	7.764e-01	4.823e+00	1.279e-03	0.000e+00	1.344e+01
2.890e+04	1.428e+00	7.764e-01	4.823e+00	1.279e-03	0.000e+00	1.344e+01
2.900e+04	1.428e+00	7.764e-01	4.823e+00	1.279e-03	0.000e+00	1.344e+01
2.910e+04	1.428e+00	7.688e-01	4.823e+00	1.279e-03	0.000e+00	1.344e+01
2.920e+04	1.428e+00	7.688e-01	4.823e+00	1.279e-03	0.000e+00	1.344e+01
2.930e+04	1.428e+00	7.688e-01	4.823e+00	1.279e-03	0.000e+00	1.344e+01
2.940e+04	1.428e+00	7.688e-01	4.823e+00	1.279e-03	0.000e+00	1.344e+01
2.950e+04	1.428e+00	7.688e-01	4.823e+00	1.279e-03	0.000e+00	1.344e+01
2.960e+04	1.428e+00	7.688e-01	4.823e+00	1.279e-03	0.000e+00	1.344e+01
2.970e+04	1.428e+00	7.688e-01	4.823e+00	1.279e-03	0.000e+00	1.344e+01
2.980e+04	1.428e+00	7.688e-01	4.823e+00	1.279e-03	0.000e+00	1.344e+01
2.990e+04	1.428e+00	7.688e-01	4.823e+00	1.279e-03	0.000e+00	1.344e+01
3.000e+04	1.428e+00	7.688e-01	4.823e+00	1.279e-03	0.000e+00	1.344e+01
3.010e+04	1.428e+00	7.688e-01	4.823e+00	1.279e-03	0.000e+00	1.344e+01
3.020e+04	1.428e+00	7.688e-01	4.823e+00	1.279e-03	0.000e+00	1.344e+01
3.030e+04	1.428e+00	7.688e-01	4.823e+00	1.279e-03	0.000e+00	1.344e+01
3.040e+04	1.428e+00	7.688e-01	4.823e+00	1.279e-03	0.000e+00	1.344e+01
3.050e+04	1.428e+00	7.688e-01	4.823e+00	1.279e-03	0.000e+00	1.344e+01
3.060e+04	1.428e+00	7.688e-01	4.823e+00	1.279e-03	0.000e+00	1.344e+01
3.070e+04	1.428e+00	7.688e-01	4.823e+00	1.279e-03	0.000e+00	1.344e+01
3.080e+04	1.428e+00	7.688e-01	4.823e+00	1.279e-03	0.000e+00	1.344e+01
3.090e+04	1.428e+00	7.688e-01	4.823e+00	1.279e-03	0.000e+00	1.344e+01
3.100e+04	1.428e+00	7.688e-01	4.823e+00	1.279e-03	0.000e+00	1.344e+01
3.110e+04	1.428e+00	7.688e-01	4.823e+00	1.279e-03	0.000e+00	1.344e+01
3.120e+04	1.428e+00	7.688e-01	4.823e+00	1.279e-03	0.000e+00	1.344e+01
3.130e+04	1.428e+00	7.688e-01	4.823e+00	1.279e-03	0.000e+00	1.344e+01
3.140e+04	1.428e+00	7.688e-01	4.823e+00	1.279e-03	0.000e+00	1.344e+01
3.150e+04	1.428e+00	7.688e-01	4.823e+00	1.279e-03	0.000e+00	1.344e+01
3.160e+04	1.428e+00	7.688e-01	4.823e+00	1.279e-03	0.000e+00	1.344e+01
3.170e+04	1.428e+00	7.688e-01	4.823e+00	1.279e-03	0.000e+00	1.344e+01
3.180e+04	1.428e+00	7.688e-01	4.823e+00	1.279e-03	0.000e+00	1.344e+01
3.190e+04	1.428e+00	7.688e-01	4.823e+00	1.279e-03	0.000e+00	1.344e+01
3.200e+04	1.428e+00	7.688e-01	4.823e+00	1.279e-03	0.000e+00	1.344e+01
3.210e+04	1.428e+00	7.688e-01	4.823e+00	1.279e-03	0.000e+00	1.344e+01
3.220e+04	1.428e+00	7.688e-01	4.823e+00	1.279e-03	0.000e+00	1.344e+01
3.230e+04	1.428e+00	7.688e-01	4.823e+00	1.279e-03	0.000e+00	1.344e+01
3.240e+04	1.428e+00	7.688e-01	4.823e+00	1.279e-03	0.000e+00	1.344e+01
3.250e+04	1.428e+00	7.688e-01	4.823e+00	1.279e-03	0.000e+00	1.344e+01
3.260e+04	1.428e+00	7.688e-01	4.823e+00	1.279e-03	0.000e+00	1.344e+01
3.270e+04	1.428e+00	7.688e-01	4.823e+00	1.279e-03	0.000e+00	1.344e+01
3.280e+04	1.428e+00	7.688e-01	4.823e+00	1.279e-03	0.000e+00	1.344e+01
3.290e+04	1.428e+00	7.688e-01	4.823e+00	1.279e-03	0.000e+00	1.344e+01
3.300e+04	1.428e+00	7.688e-01	4.823e+00	1.279e-03	0.000e+00	1.344e+01
3.310e+04	1.428e+00	7.688e-01	4.823e+00	1.279e-03	0.000e+00	1.344e+01
3.320e+04	1.428e+00	7.688e-01	4.823e+00	1.279e-03	0.000e+00	1.344e+01
3.330e+04	4.430e+00	7.688e-01	5.434e+00	1.279e-03	0.000e+00	1.344e+01
3.340e+04	4.430e+00	7.688e-01	5.434e+00	1.279e-03	0.000e+00	1.344e+01
3.350e+04	4.430e+00	7.688e-01	5.434e+00	1.279e-03	0.000e+00	1.344e+01
3.360e+04	4.430e+00	7.688e-01	5.434e+00	1.279e-03	0.000e+00	1.344e+01
3.370e+04	4.430e+00	7.688e-01	5.434e+00	1.279e-03	0.000e+00	1.344e+01
3.380e+04	4.430e+00	7.688e-01	5.434e+00	1.279e-03	0.000e+00	1.344e+01
3.390e+04	4.430e+00	7.688e-01	5.434e+00	1.279e-03	0.000e+00	1.344e+01
3.400e+04	3.550e+00	1.372e+00	5.434e+00	1.279e-03	0.000e+00	1.344e+01
3.410e+04	3.550e+00	1.372e+00	5.434e+00	1.279e-03	0.000e+00	1.344e+01
3.420e+04	3.550e+00	1.372e+00	5.434e+00	1.279e-03	0.000e+00	1.344e+01
3.430e+04	3.550e+00	1.372e+00	5.434e+00	1.279e-03	0.000e+00	1.344e+01
3.440e+04	3.550e+00	1.428e+00	5.434e+00	1.279e-03	0.000e+00	1.344e+01
3.450e+04	3.550e+00	1.428e+00	5.434e+00	1.279e-03	0.000e+00	1.344e+01
3.460e+04	3.550e+00	1.428e+00	5.434e+00	1.279e-03	0.000e+00	1.344e+01
3.470e+04	3.550e+00	1.428e+00	5.434e+00	1.279e-03	0.000e+00	1.344e+01
3.480e+04	3.550e+00	1.428e+00	5.434e+00	1.279e-03	0.000e+00	1.344e+01
3.490e+04	3.550e+00	1.428e+00	5.434e+00	1.279e-03	0.000e+00	1.344e+01
3.500e+04	3.550e+00	1.428e+00	5.434e+00	1.279e-03	0.000e+00	1.344e+01
3.510e+04	3.550e+00	1.428e+00	5.434e+00	1.279e-03	0.000e+00	1.344e+01
3.520e+04	3.550e+00	1.428e+00	5.434e+00	1.279e-03	0.000e+00	1.344e+01
3.530e+04	3.550e+00	1.428e+00	5.434e+00	1.279e-03	0.000e+00	1.344e+01
3.540e+04	3.550e+00	1.428e+00	5.434e+00	1.279e-03	0.000e+00	1.344e+01
3.550e+04	3.550e+00	1.428e+00	5.434e+00	1.279e-03	0.000e+00	1.344e+01
3.560e+04	3.550e+00	1.428e+00	5.434e+00	1.279e-03	0.000e+00	1.344e+01
3.570e+04	3.550e+00	1.428e+00	5.434e+00	1.279e-03	0.000e+00	1.344e+01
3.580e+04	3.550e+00	1.428e+00	5.434e+00	1.279e-03	0.000e+00	1.344e+01
3.590e+04	3.550e+00	1.428e+00	5.434e+00	1.279e-03	0.000e+00	1.344e+01
3.600e+04	3.550e+00	1.428e+00	5.434e+00	1.279e-03	0.000e+00	1.344e+01
3.610e+04	3.550e+00	1.428e+00	5.434e+00	1.279e-03	0.000e+00	1.344e+01
3.620e+04	3.550e+00	1.428e+00	5.434e+00	1.279e-03	0.000e+00	1.344e+01
3.630e+04	3.550e+00	1.428e+00	5.434e+00	1.279e-03	0.000e+00	1.344e+01
3.640e+04	3.550e+00	1.428e+00	5.434e+00	1.279e-03	0.000e+00	1.344e+01
3.650e+04	3.550e+00	1.428e+00	5.434e+00	1.279e-03	0.000e+00	1.344e+01
3.660e+04	3.550e+00	1.428e+00	5.434e+00	1.279e-03	0.000e+00	1.344e+01
3.670e+04	3.550e+00	1.428e+00	5.434e+00	1.279e-03	0.000e+00	1.344e+01
3.680e+04	3.550e+00	1.428e+00	5.434e+00	1.279e-03	0.000e+00	4.700e+01
3.690e+04	3.550e+00	1.428e+00	5.434e+00	1.279e-03	0.000e+00	4.700e+01
3.700e+04	3.550e+00	1.428e+00	5.434e+00	1.279e-03	0.000e+00	4.700e+01
3.710e+04	3.550e+00	1.428e+00	5.434e+00	1.279e-03	0.000e+00	4.700e+01
3.720e+04	3.550e+00	1.428e+00	5.434e+00	1.279e-03	0.000e+00	4.700e+01
3.730e+04	3.550e+00	1.428e+00	5.434e+00	1.279e-03	0.000e+00	4.700e+01
3.740e+04	3.550e+00	1.428e+00	5.434e+00	1.279e-03	0.000e+00	4.700e+01
3.750e+04	3.550e+00	1.428e+00	5.434e+00	1.279e-03	0.000e+00	4.700e+01
3.760e+04	3.550e+00	1.428e+00	5.434e+00	1.279e-03	0.000e+00	4.700e+01
3.770e+04	3.550e+00	1.428e+00	5.434e+00	1.279e-03	0.000e+00	4.700e+01
3.780e+04	3.550e+00	1.428e+00	5.434e+00	1.279e-03	0.000e+00	4.700e+01
3.790e+04	3.550e+00	1.428e+00	5.434e+00	1.279e-03	0.000e+00	4.700e+01
3.800e+04	3.550e+00	1.428e+00	5.434e+00	1.279e-03	0.000e+00	4.700e+01
3.810e+04	3.550e+00	1.428e+00	5.434e+00	1.279e-03	0.000e+00	4.700e+01
3.820e+04	3.550e+00	1.428e+00	5.434e+00	1.279e-03	0.000e+00	4.700e+01
3.830e+04	3.550e+00	1.428e+00	5.434e+00	1.279e-03	0.000e+00	4.700e+01
3.840e+04	3.550e+00	1.428e+00	5.434e+00	1.279e-03	0.000e+00	4.700e+01
3.850e+04	3.550e+00	1.428e+00	5.434e+00	1.279e-03	0.000e+00	4.700e+01
3.860e+04	3.550e+00	1.428e+00	5.434e+00	1.279e-03	0.000e+00	4.700e+01
3.870e+04	3.550e+00	1.428e+00	5.434e+00	1.279e-03	0.000e+00	4.700e+01
3.880e+04	3.550e+00	1.480e+00	5.434e+00	1.279e-03	0.000e+00	4.700e+01
3.890e+04	3.550e+00	1.480e+00	5.434e+00	1.279e-03	0.000e+00	4.700e+01
3.900e+04	3.550e+00	1.970e+00	5.434e+00	1.279e-03	0.000e+00	4.700e+01
3.910e+04	3.550e+00	1.970e+00	5.434e+00	1.279e-03	0.000e+00	4.700e+01
3.920e+04	3.550e+00	1.970e+00	5.434e+00	1.279e-03	0.000e+00	4.700e+01
3.930e+04	3.550e+00	1.970e+00	5.434e+00	1.279e-03	0.000e+00	4.700e+01
3.940e+04	3.550e+00	1.970e+00	5.434e+00	1.279e-03	0.000e+00	4.700e+01
3.950e+04	3.550e+00	1.970e+00	5.434e+00	1.279e-03	0.000e+00	4.700e+01
3.960e+04	3.550e+00	1.970e+00	5.434e+00	1.279e-03	0.000e+00	4.700e+01
3.970e+04	3.550e+00	1.970e+00	5.434e+00	1.279e-03	0.000e+00	4.700e+01
3.980e+04	3.550e+00	1.970e+00	5.434e+00	1.279e-03	0.000e+00	4.700e+01
3.990e+04	3.550e+00	1.970e+00	5.434e+00	1.279e-03	0.000e+00	4.700e+01
4.000e+04	3.550e+00	1.970e+00	5.434e+00	1.279e-03	0.000e+00	4.700e+01
4.010e+04	3.550e+00	1.970e+00	5.434e+00	1.279e-03	0.000e+00	4.700e+01
4.020e+04	3.550e+00	1.970e+00	5.434e+00	1.279e-03	0.000e+00	4.700e+01
4.030e+04	3.550e+00	1.970e+00	5.434e+00	1.279e-03	0.000e+00	4.700e+01
4.040e+04	3.550e+00	1.970e+00	5.434e+00	1.279e-03	0.000e+00	4.700e+01
4.050e+04	3.550e+00	1.970e+00	5.434e+00	1.279e-03	0.000e+00	4.700e+01
4.060e+04	3.550e+00	1.970e+00	5.434e+00	1.279e-03	0.000e+00	4.700e+01
4.070e+04	3.550e+00	1.970e+00	5.434e+00	1.279e-03	0.000e+00	4.700e+01
4.080e+04	3.550e+00	1.970e+00	5.434e+00	1.279e-03	0.000e+00	4.700e+01
4.090e+04	3.550e+00	1.970e+00	5.434e+00	1.279e-03	0.000e+00	4.700e+01
4.100e+04	3.550e+00	1.970e+00	5.434e+00	1.279e-03	0.000e+00	4.700e+01
4.110e+04	3.550e+00	1.970e+00	5.434e+00	1.279e-03	0.000e+00	4.700e+01
4.120e+04	3.550e+00	1.970e+00	5.434e+00	1.279e-03	0.000e+00	4.700e+01
4.130e+04	3.550e+00	1.970e+00	5.434e+00	1.279e-03	0.000e+00	4.700e+01
4.140e+04	3.550e+00	1.970e+00	5.434e+00	1.279e-03	0.000e+00	4.700e+01
4.150e+04	3.550e+00	1.970e+00	5.434e+00	1.279e-03	0.000e+00	4.700e+01
4.160e+04	3.550e+00	1.970e+00	5.434e+00	1.279e-03	0.000e+00	4.700e+01
4.170e+04	3.550e+00	1.970e+00	5.434e+00	1.279e-03	0.000e+00	4.700e+01
4.180e+04	3.550e+00	1.970e+00	5.434e+00	1.279e-03	0.000e+00	4.700e+01
4.190e+04	3.550e+00	1.970e+00	5.434e+00	1.279e-03	0.000e+00	4.700e+01
4.200e+04	3.550e+00	1.970e+00	5.434e+00	1.279e-03	0.000e+00	4.700e+01
4.210e+04	3.550e+00	1.970e+00	5.434e+00	1.279e-03	0.000e+00	4.700e+01
4.220e+04	3.550e+00	1.970e+00	5.434e+00	1.279e-03	0.000e+00	4.700e+01
4.230e+04	3.550e+00	1.970e+00	5.434e+00	1.279e-03	0.000e+00	4.700e+01
4.240e+04	3.550e+00	1.970e+00	5.434e+00	1.279e-03	0.000e+00	4.700e+01
4.250e+04	3.550e+00	1.970e+00	5.434e+00	1.279e-03	0.000e+00	4.700e+01
4.260e+04	3.550e+00	1.970e+00	5.434e+00	1.279e-03	0.000e+00	4.700e+01
4.270e+04	3.550e+00	1.970e+00	5.434e+00	1.279e-03	0.000e+00	4.700e+01
4.280e+04	3.550e+00	1.970e+00	5.434e+00	1.279e-03	0.000e+00	4.700e+01
4.290e+04	3.550e+00	1.970e+00	5.434e+00	1.279e-03	0.000e+00	4.700e+01
4.300e+04	3.550e+00	1.970e+00	5.434e+00	1.279e-03	0.000e+00	4.700e+01
4.310e+04	3.550e+00	1.970e+00	5.434e+00	1.279e-03	0.000e+00	4.700e+01
4.320e+04	3.550e+00	1.970e+00	5.434e+00	1.279e-03	0.000e+00	4.700e+01
4.330e+04	3.550e+00	1.970e+00	5.434e+00	1.279e-03	0.000e+00	4.700e+01
4.340e+04	3.550e+00	1.970e+00	5.434e+00	1.279e-03	0.000e+00	4.700e+01
4.350e+04	3.550e+00	1.970e+00	5.434e+00	1.279e-03	0.000e+00	4.700e+01
4.360e+04	3.550e+00	1.970e+00	5.434e+00	1.279e-03	0.000e+00	4.700e+01
4.370e+04	3.550e+00	1.970e+00	5.434e+00	1.279e-03	0.000e+00	4.700e+01
4.380e+04	3.550e+00	1.970e+00	5.434e+00	1.279e-03	0.000e+00	4.700e+01
4.390e+04	3.550e+00	1.970e+00	5.434e+00	1.279e-03	0.000e+00	4.700e+01
4.400e+04	3.550e+00	1.970e+00	5.434e+00	1.279e-03	0.000e+00	4.700e+01
4.410e+04	3.550e+00	1.970e+00	5.434e+00	1.279e-03	0.000e+00	4.700e+01
4.420e+04	3.550e+00	1.970e+00	5.434e+00	1.279e-03	0.000e+00	4.700e+01
4.430e+04	3.550e+00	1.970e+00	5.434e+00	1.279e-03	0.000e+00	4.700e+01
4.440e+04	3.550e+00	1.970e+00	5.434e+00	1.279e-03	0.000e+00	4.700e+01
4.450e+04	3.550e+00	1.970e+00	5.434e+00	1.279e-03	0.000e+00	4.700e+01
4.460e+04	3.550e+00	1.970e+00	5.434e+00	1.279e-03	0.000e+00	4.700e+01
4.470e+04	3.550e+00	1.970e+00	5.434e+00	1.279e-03	0.000e+00	4.700e+01
4.480e+04	3.550e+00	1.970e+00	5.296e+00	1.279e-03	0.000e+00	4.700e+01
4.490e+04	3.550e+00	1.970e+00	5.296e+00	1.279e-03	0.000e+00	4.700e+01
4.500e+04	3.550e+00	1.970e+00	5.296e+00	1.279e-03	0.000e+00	4.700e+01
4.510e+04	3.550e+00	1.970e+00	5.296e+00	1.279e-03	0.000e+00	4.700e+01
4.520e+04	3.550e+00	1.970e+00	5.296e+00	1.158e+01	0.000e+00	5.358e+01
4.530e+04	3.550e+00	1.970e+00	5.296e+00	1.158e+01	0.000e+00	5.358e+01
4.540e+04	3.550e+00	1.970e+00	5.296e+00	1.158e+01	0.000e+00	5.358e+01
4.550e+04	3.550e+00	1.970e+00	5.296e+00	1.158e+01	0.000e+00	5.358e+01
4.560e+04	3.550e+00	1.970e+00	5.296e+00	1.158e+01	0.000e+00	5.358e+01
4.570e+04	3.550e+00	1.970e+00	5.296e+00	1.158e+01	0.000e+00	5.358e+01
4.580e+04	3.550e+00	1.970e+00	5.296e+00	1.158e+01	0.000e+00	5.358e+01
4.590e+04	3.550e+00	1.970e+00	5.296e+00	1.158e+01	0.000e+00	5.358e+01
4.600e+04	3.550e+00	1.970e+00	5.296e+00	1.158e+01	0.000e+00	5.358e+01
4.610e+04	4.823e+00	1.970e+00	9.287e+00	1.158e+01	0.000e+00	5.358e+01
4.620e+04	4.823e+00	1.970e+00	9.287e+00	1.158e+01	0.000e+00	5.358e+01
4.630e+04	4.823e+00	1.970e+00	9.287e+00	1.158e+01	0.000e+00	5.358e+01
4.640e+04	4.823e+00	1.970e+00	9.287e+00	1.158e+01	0.000e+00	5.358e+01
4.650e+04	4.823e+00	1.970e+00	9.287e+00	1.158e+01	0.000e+00	5.358e+01
4.660e+04	4.823e+00	1.970e+00	9.287e+00	1.158e+01	0.000e+00	5.358e+01
4.670e+04	2.649e+00	1.970e+00	9.287e+00	1.158e+01	0.000e+00	5.358e+01
4.680e+04	2.649e+00	1.970e+00	9.287e+00	1.158e+01	0.000e+00	5.358e+01
4.690e+04	2.649e+00	1.970e+00	9.287e+00	1.158e+01	0.000e+00	5.358e+01
4.700e+04	2.237e+00	1.428e+00	5.296e+00	1.158e+01	0.000e+00	5.358e+01
4.710e+04	2.237e+00	1.428e+00	5.296e+00	1.158e+01	0.000e+00	5.358e+01
4.720e+04	2.237e+00	1.428e+00	5.296e+00	1.158e+01	0.000e+00	5.358e+01
4.730e+04	2.237e+00	1.428e+00	5.296e+00	1.158e+01	0.000e+00	5.358e+01
4.740e+04	2.237e+00	1.428e+00	5.296e+00	1.158e+01	0.000e+00	5.358e+01
4.750e+04	2.237e+00	1.428e+00	5.296e+00	1.158e+01	0.000e+00	5.358e+01
4.760e+04	2.237e+00	1.428e+00	5.296e+00	1.158e+01	0.000e+00	5.358e+01
4.770e+04	2.237e+00	1.428e+00	5.296e+00	1.158e+01	0.000e+00	5.358e+01
4.780e+04	2.237e+00	1.428e+00	5.296e+00	1.158e+01	0.000e+00	5.358e+01
4.790e+04	2.084e+00	1.324e+00	5.296e+00	1.158e+01	0.000e+00	5.358e+01
4.800e+04	1.970e+00	1.324e+00	5.296e+00	1.158e+01	0.000e+00	5.358e+01
4.810e+04	1.970e+00	1.324e+00	5.296e+00	1.158e+01	0.000e+00	5.358e+01
4.820e+04	1.970e+00	1.324e+00	5.296e+00	1.158e+01	0.000e+00	5.358e+01
4.830e+04	1.970e+00	1.324e+00	5.296e+00	1.158e+01	0.000e+00	5.358e+01
4.840e+04	1.970e+00	1.324e+00	5.296e+00	1.158e+01	0.000e+00	5.358e+01
4.850e+04	1.970e+00	1.324e+00	5.296e+00	1.158e+01	0.000e+00	5.358e+01
4.860e+04	2.649e+00	1.324e+00	5.296e+00	1.158e+01	0.000e+00	5.358e+01
4.870e+04	2.649e+00	1.324e+00	5.296e+00	1.158e+01	0.000e+00	5.358e+01
4.880e+04	2.649e+00	1.324e+00	5.296e+00	1.158e+01	0.000e+00	5.358e+01
4.890e+04	2.649e+00	1.324e+00	5.296e+00	1.158e+01	0.000e+00	5.358e+01
4.900e+04	2.649e+00	1.324e+00	5.296e+00	1.158e+01	0.000e+00	5.358e+01
4.910e+04	1.970e+00	1.019e+00	2.666e+00	1.158e+01	0.000e+00	5.358e+01
4.920e+04	1.970e+00	1.324e+00	2.666e+00	1.158e+01	0.000e+00	5.358e+01
4.930e+04	1.970e+00	1.324e+00	2.666e+00	1.158e+01	0.000e+00	5.358e+01
4.940e+04	1.970e+00	1.324e+00	2.666e+00	1.158e+01	0.000e+00	5.358e+01
4.950e+04	1.970e+00	1.324e+00	2.666e+00	1.158e+01	0.000e+00	5.358e+01
4.960e+04	1.970e+00	1.324e+00	2.666e+00	1.158e+01	0.000e+00	5.358e+01
4.970e+04	1.970e+00	1.324e+00	2.666e+00	1.158e+01	0.000e+00	5.358e+01
4.980e+04	1.970e+00	1.324e+00	2.666e+00	1.158e+01	0.000e+00	5.358e+01
4.990e+04	1.970e+00	1.324e+00	2.666e+00	1.158e+01	0.000e+00	5.358e+01
5.000e+04	1.970e+00	1.324e+00	2.666e+00	1.158e+01	0.000e+00	5.358e+01
5.010e+04	1.970e+00	1.324e+00	2.666e+00	1.158e+01	0.000e+00	5.358e+01
5.020e+04	1.448e+00	1.019e+00	2.666e+00	1.158e+01	0.000e+00	5.358e+01
5.030e+04	1.448e+00	1.019e+00	2.666e+00	1.158e+01	0.000e+00	5.358e+01
5.040e+04	1.448e+00	1.019e+00	2.666e+00	4.700e+01	0.000e+00	1.276e+02
5.050e+04	1.448e+00	1.019e+00	2.666e+00	4.700e+01	0.000e+00	1.276e+02
5.060e+04	1.448e+00	1.019e+00	2.666e+00	4.700e+01	0.000e+00	1.276e+02
5.070e+04	1.448e+00	1.019e+00	2.666e+00	4.700e+01	0.000e+00	1.276e+02
5.080e+04	1.448e+00	1.019e+00	2.666e+00	4.700e+01	0.000e+00	1.276e+02
5.090e+04	1.448e+00	1.019e+00	2.666e+00	4.700e+01	0.000e+00	1.276e+02
5.100e+04	1.448e+00	1.019e+00	2.666e+00	4.700e+01	0.000e+00	1.485e+02
5.110e+04	1.448e+00	1.019e+00	2.666e+00	4.700e+01	0.000e+00	1.492e+02
5.120e+04	1.448e+00	1.019e+00	2.666e+00	4.700e+01	0.000e+00	1.492e+02
5.130e+04	1.448e+00	1.019e+00	2.666e+00	4.700e+01	0.000e+00	1.492e+02
5.140e+04	1.448e+00	1.019e+00	2.666e+00	4.700e+01	0.000e+00	1.492e+02
5.150e+04	1.448e+00	1.019e+00	2.666e+00	4.700e+01	0.000e+00	1.492e+02
5.160e+04	1.448e+00	1.019e+00	2.666e+00	4.700e+01	0.000e+00	1.492e+02
5.170e+04	1.448e+00	1.019e+00	2.666e+00	4.700e+01	0.000e+00	1.492e+02
5.180e+04	1.448e+00	1.019e+00	2.666e+00	4.700e+01	0.000e+00	1.492e+02
5.190e+04	1.448e+00	1.019e+00	2.666e+00	4.700e+01	0.000e+00	1.492e+02
5.200e+04	1.448e+00	1.019e+00	2.666e+00	4.700e+01	0.000e+00	1.492e+02
5.210e+04	1.448e+00	1.019e+00	2.666e+00	4.700e+01	0.000e+00	1.492e+02
5.220e+04	1.448e+00	1.019e+00	2.666e+00	4.700e+01	0.000e+00	1.492e+02
5.230e+04	1.448e+00	1.019e+00	2.666e+00	4.700e+01	0.000e+00	1.492e+02
5.240e+04	1.448e+00	1.019e+00	2.666e+00	4.700e+01	0.000e+00	1.492e+02
5.250e+04	1.448e+00	1.019e+00	2.666e+00	4.700e+01	0.000e+00	1.492e+02
5.260e+04	1.448e+00	1.019e+00	2.666e+00	4.700e+01	0.000e+00	1.492e+02
5.270e+04	1.448e+00	1.019e+00	2.666e+00	4.700e+01	0.000e+00	1.492e+02
5.280e+04	1.448e+00	1.019e+00	2.666e+00	4.700e+01	0.000e+00	1.492e+02
5.290e+04	1.448e+00	1.019e+00	2.666e+00	4.700e+01	0.000e+00	1.492e+02
5.300e+04	1.448e+00	1.019e+00	2.666e+00	4.700e+01	0.000e+00	1.492e+02
5.310e+04	1.448e+00	9.918e-01	2.666e+00	4.700e+01	0.000e+00	1.492e+02
5.320e+04	1.448e+00	9.918e-01	2.666e+00	4.700e+01	0.000e+00	1.492e+02
5.330e+04	1.448e+00	9.918e-01	2.666e+00	4.700e+01	0.000e+00	1.492e+02
5.340e+04	1.448e+00	9.918e-01	2.666e+00	4.700e+01	0.000e+00	1.492e+02
5.350e+04	1.448e+00	9.918e-01	2.666e+00	4.700e+01	0.000e+00	1.492e+02
5.360e+04	2.649e+00	9.918e-01	3.051e+00	4.700e+01	0.000e+00	1.492e+02
5.370e+04	2.649e+00	9.918e-01	3.051e+00	4.700e+01	0.000e+00	1.492e+02
5.380e+04	2.649e+00	9.918e-01	3.051e+00	4.700e+01	0.000e+00	1.492e+02
5.390e+04	2.649e+00	9.918e-01	3.051e+00	4.700e+01	0.000e+00	1.492e+02
5.400e+04	2.649e+00	9.918e-01	3.051e+00	4.700e+01	0.000e+00	1.492e+02
5.410e+04	2.649e+00	9.918e-01	3.051e+00	4.700e+01	0.000e+00	1.492e+02
5.420e+04	2.649e+00	9.918e-01	3.051e+00	4.700e+01	0.000e+00	1.492e+02
5.430e+04	2.649e+00	9.918e-01	3.051e+00	4.700e+01	0.000e+00	1.492e+02
5.440e+04	2.649e+00	9.918e-01	3.051e+00	4.700e+01	0.000e+00	1.492e+02
5.450e+04	2.649e+00	9.918e-01	3.051e+00	4.700e+01	0.000e+00	1.492e+02
5.460e+04	2.649e+00	9.918e-01	3.051e+00	4.700e+01	0.000e+00	1.492e+02
5.470e+04	2.649e+00	9.918e-01	3.051e+00	4.700e+01	0.000e+00	1.492e+02
5.480e+04	2.649e+00	9.918e-01	3.051e+00	4.700e+01	0.000e+00	1.492e+02
5.490e+04	2.649e+00	9.918e-01	3.051e+00	4.700e+01	0.000e+00	1.492e+02
5.500e+04	2.649e+00	9.918e-01	3.051e+00	4.700e+01	0.000e+00	1.492e+02
5.510e+04	2.649e+00	9.918e-01	3.051e+00	4.700e+01	0.000e+00	1.492e+02
5.520e+04	2.649e+00	9.918e-01	3.051e+00	4.700e+01	0.000e+00	1.492e+02
5.530e+04	2.649e+00	9.918e-01	3.051e+00	4.700e+01	0.000e+00	1.492e+02
5.540e+04	2.649e+00	9.918e-01	3.051e+00	4.700e+01	0.000e+00	1.492e+02
5.550e+04	2.649e+00	9.918e-01	3.051e+00	4.700e+01	0.000e+00	1.492e+02
5.560e+04	2.649e+00	9.918e-01	3.051e+00	4.700e+01	0.000e+00	1.492e+02
5.570e+04	2.649e+00	9.918e-01	3.051e+00	4.700e+01	0.000e+00	1.492e+02
5.580e+04	2.649e+00	9.918e-01	3.051e+00	4.700e+01	0.000e+00	1.492e+02
5.590e+04	2.649e+00	9.918e-01	3.051e+00	4.700e+01	0.000e+00	1.492e+02
5.600e+04	2.649e+00	9.918e-01	3.051e+00	4.700e+01	0.000e+00	1.492e+02
5.610e+04	2.649e+00	1.327e+00	3.051e+00	4.700e+01	0.000e+00	1.492e+02
5.620e+04	2.649e+00	1.327e+00	3.051e+00	4.700e+01	0.000e+00	1.492e+02
5.630e+04	2.649e+00	1.327e+00	3.051e+00	4.700e+01	0.000e+00	1.492e+02
5.640e+04	2.649e+00	1.327e+00	3.051e+00	4.700e+01	0.000e+00	1.492e+02
5.650e+04	2.649e+00	1.327e+00	3.051e+00	4.700e+01	0.000e+00	1.492e+02
5.660e+04	2.649e+00	1.327e+00	3.051e+00	4.700e+01	0.000e+00	1.492e+02
5.670e+04	2.649e+00	1.327e+00	3.051e+00	4.700e+01	0.000e+00	1.492e+02
5.680e+04	2.649e+00	1.327e+00	3.051e+00	4.700e+01	0.000e+00	1.492e+02
5.690e+04	2.649e+00	1.327e+00	3.051e+00	4.700e+01	0.000e+00	1.492e+02
5.700e+04	2.649e+00	1.327e+00	3.051e+00	4.700e+01	0.000e+00	1.492e+02
5.710e+04	2.649e+00	1.327e+00	3.051e+00	4.700e+01	0.000e+00	1.492e+02
5.720e+04	2.666e+00	1.428e+00	3.170e+00	4.700e+01	0.000e+00	1.492e+02
5.730e+04	2.666e+00	1.428e+00	3.170e+00	4.700e+01	0.000e+00	1.492e+02
5.740e+04	2.666e+00	1.428e+00	3.170e+00	4.700e+01	0.000e+00	1.393e+02
5.750e+04	2.666e+00	1.428e+00	3.170e+00	4.700e+01	0.000e+00	1.393e+02
5.760e+04	2.666e+00	1.428e+00	3.170e+00	4.700e+01	0.000e+00	1.393e+02
5.770e+04	2.666e+00	1.428e+00	3.170e+00	4.700e+01	0.000e+00	1.393e+02
5.780e+04	2.666e+00	1.428e+00	3.170e+00	1.279e-03	0.000e+00	5.358e+01
5.790e+04	2.666e+00	1.428e+00	3.170e+00	1.279e-03	0.000e+00	5.358e+01
5.800e+04	3.051e+00	1.469e+00	3.944e+00	1.279e-03	0.000e+00	5.358e+01
5.810e+04	3.051e+00	1.469e+00	3.944e+00	1.279e-03	0.000e+00	5.358e+01
5.820e+04	3.051e+00	1.469e+00	3.944e+00	1.279e-03	0.000e+00	5.358e+01
5.830e+04	3.051e+00	1.469e+00	3.944e+00	1.279e-03	0.000e+00	5.358e+01
5.840e+04	3.051e+00	1.469e+00	3.944e+00	1.279e-03	0.000e+00	5.358e+01
5.850e+04	3.051e+00	1.469e+00	3.944e+00	1.279e-03	0.000e+00	5.358e+01
5.860e+04	3.051e+00	1.469e+00	3.944e+00	1.279e-03	0.000e+00	5.358e+01
5.870e+04	3.051e+00	1.469e+00	3.944e+00	1.279e-03	0.000e+00	5.358e+01
5.880e+04	3.051e+00	1.469e+00	3.944e+00	1.279e-03	0.000e+00	5.358e+01
5.890e+04	3.051e+00	1.469e+00	3.944e+00	1.279e-03	0.000e+00	5.358e+01
5.900e+04	3.051e+00	1.469e+00	3.944e+00	1.279e-03	0.000e+00	5.358e+01
5.910e+04	3.051e+00	1.469e+00	3.944e+00	1.279e-03	0.000e+00	5.358e+01
5.920e+04	3.051e+00	1.469e+00	3.944e+00	1.279e-03	0.000e+00	5.358e+01
5.930e+04	3.051e+00	1.469e+00	3.944e+00	1.279e-03	0.000e+00	5.358e+01
5.940e+04	3.051e+00	1.469e+00	3.944e+00	1.279e-03	0.000e+00	5.358e+01
5.950e+04	3.051e+00	1.469e+00	3.944e+00	1.279e-03	0.000e+00	5.358e+01
5.960e+04	3.051e+00	1.469e+00	3.944e+00	1.279e-03	0.000e+00	5.358e+01
5.970e+04	3.051e+00	1.469e+00	3.944e+00	1.279e-03	0.000e+00	5.358e+01
5.980e+04	3.051e+00	1.469e+00	3.944e+00	1.279e-03	0.000e+00	5.358e+01
5.990e+04	3.051e+00	1.469e+00	3.944e+00	1.279e-03	0.000e+00	5.358e+01
6.000e+04	3.051e+00	1.469e+00	3.944e+00	1.279e-03	0.000e+00	5.358e+01
6.010e+04	3.051e+00	1.469e+00	3.944e+00	1.279e-03	0.000e+00	5.358e+01
6.020e+04	3.051e+00	1.469e+00	3.944e+00	1.279e-03	0.000e+00	5.358e+01
6.030e+04	3.051e+00	1.469e+00	3.944e+00	1.279e-03	0.000e+00	5.358e+01
6.040e+04	3.051e+00	1.469e+00	3.944e+00	1.279e-03	0.000e+00	5.358e+01
6.050e+04	3.051e+00	1.469e+00	3.944e+00	1.279e-03	0.000e+00	5.358e+01
6.060e+04	3.051e+00	1.469e+00	3.944e+00	1.279e-03	0.000e+00	5.358e+01
6.070e+04	2.666e+00	1.469e+00	3.170e+00	1.279e-03	0.000e+00	5.358e+01
6.080e+04	2.666e+00	1.469e+00	3.170e+00	1.279e-03	0.000e+00	5.358e+01
6.090e+04	2.666e+00	1.469e+00	3.170e+00	1.279e-03	0.000e+00	5.358e+01
6.100e+04	2.666e+00	1.469e+00	3.170e+00	1.279e-03	0.000e+00	5.358e+01
6.110e+04	2.666e+00	1.469e+00	3.170e+00	1.279e-03	0.000e+00	5.358e+01
6.120e+04	2.666e+00	1.469e+00	3.170e+00	1.279e-03	0.000e+00	5.358e+01
6.130e+04	2.666e+00	1.469e+00	3.170e+00	1.279e-03	0.000e+00	5.358e+01
6.140e+04	2.666e+00	1.469e+00	3.170e+00	1.279e-03	0.000e+00	5.358e+01
6.150e+04	3.051e+00	1.469e+00	3.637e+00	1.279e-03	0.000e+00	5.358e+01
6.160e+04	2.666e+00	9.686e-01	3.170e+00	1.279e-03	0.000e+00	5.358e+01
6.170e+04	2.666e+00	9.686e-01	3.170e+00	1.279e-03	0.000e+00	5.358e+01
6.180e+04	2.666e+00	9.686e-01	3.170e+00	1.279e-03	0.000e+00	5.358e+01
6.190e+04	2.666e+00	9.686e-01	3.170e+00	1.279e-03	0.000e+00	5.358e+01
6.200e+04	2.666e+00	9.686e-01	3.170e+00	1.279e-03	0.000e+00	5.358e+01
6.210e+04	2.666e+00	9.686e-01	3.170e+00	1.279e-03	0.000e+00	5.358e+01
6.220e+04	2.666e+00	9.686e-01	3.170e+00	0.000e+00	0.000e+00	4.700e+01
6.230e+04	2.666e+00	9.686e-01	3.170e+00	0.000e+00	0.000e+00	4.700e+01
6.240e+04	2.666e+00	9.686e-01	3.170e+00	0.000e+00	0.000e+00	4.700e+01
6.250e+04	2.666e+00	9.686e-01	3.170e+00	0.000e+00	0.000e+00	4.700e+01
6.260e+04	2.666e+00	9.686e-01	3.170e+00	0.000e+00	0.000e+00	4.700e+01
6.270e+04	2.666e+00	9.686e-01	3.170e+00	0.000e+00	0.000e+00	4.700e+01
6.280e+04	2.666e+00	9.686e-01	3.170e+00	0.000e+00	0.000e+00	4.700e+01
6.290e+04	2.666e+00	9.686e-01	3.170e+00	0.000e+00	0.000e+00	4.700e+01
6.300e+04	2.666e+00	9.686e-01	3.170e+00	0.000e+00	0.000e+00	4.700e+01
6.310e+04	2.666e+00	9.686e-01	3.170e+00	0.000e+00	0.000e+00	4.700e+01
6.320e+04	2.666e+00	7.482e-01	3.170e+00	0.000e+00	0.000e+00	4.700e+01
6.330e+04	2.666e+00	7.482e-01	3.170e+00	0.000e+00	0.000e+00	4.700e+01
6.340e+04	2.666e+00	7.482e-01	3.170e+00	0.000e+00	0.000e+00	4.700e+01
6.350e+04	2.666e+00	7.482e-01	3.170e+00	0.000e+00	0.000e+00	4.700e+01
6.360e+04	2.666e+00	7.482e-01	3.170e+00	0.000e+00	0.000e+00	4.700e+01
6.370e+04	2.666e+00	7.482e-01	3.170e+00	0.000e+00	0.000e+00	4.700e+01
6.380e+04	2.666e+00	7.482e-01	3.170e+00	0.000e+00	0.000e+00	4.700e+01
6.390e+04	2.666e+00	7.482e-01	3.170e+00	0.000e+00	0.000e+00	4.700e+01
6.400e+04	2.666e+00	7.482e-01	3.170e+00	0.000e+00	0.000e+00	4.700e+01
6.410e+04	2.666e+00	7.482e-01	3.170e+00	0.000e+00	0.000e+00	4.700e+01
6.420e+04	2.666e+00	7.482e-01	3.170e+00	0.000e+00	0.000e+00	4.700e+01
6.430e+04	2.666e+00	7.482e-01	3.170e+00	0.000e+00	0.000e+00	1.279e-03
6.440e+04	2.666e+00	7.482e-01	3.170e+00	0.000e+00	0.000e+00	1.279e-03
6.450e+04	2.666e+00	7.482e-01	3.170e+00	0.000e+00	0.000e+00	1.279e-03
6.460e+04	2.666e+00	7.482e-01	3.170e+00	0.000e+00	0.000e+00	1.279e-03
6.470e+04	2.666e+00	6.183e-01	3.170e+00	0.000e+00	0.000e+00	1.279e-03
6.480e+04	2.666e+00	6.183e-01	3.170e+00	0.000e+00	0.000e+00	9.701e-06
6.490e+04	2.666e+00	6.183e-01	3.170e+00	0.000e+00	0.000e+00	9.701e-06
6.500e+04	2.666e+00	6.183e-01	3.170e+00	0.000e+00	0.000e+00	9.701e-06
6.510e+04	2.666e+00	6.183e-01	3.170e+00	0.000e+00	0.000e+00	9.701e-06
6.520e+04	2.666e+00	6.183e-01	3.170e+00	2.842e-14	0.000e+00	9.701e-06
6.530e+04	2.666e+00	6.183e-01	3.170e+00	2.842e-14	0.000e+00	9.701e-06
6.540e+04	2.666e+00	6.183e-01	3.170e+00	2.842e-14	0.000e+00	9.701e-06
6.550e+04	2.666e+00	6.183e-01	3.170e+00	2.842e-14	0.000e+00	9.701e-06
6.560e+04	2.666e+00	6.183e-01	3.170e+00	2.842e-14	0.000e+00	9.701e-06
6.570e+04	2.666e+00	6.183e-01	3.170e+00	2.842e-14	0.000e+00	9.701e-06
6.580e+04	2.666e+00	6.183e-01	3.170e+00	2.842e-14	0.000e+00	9.701e-06
6.590e+04	2.666e+00	6.183e-01	3.170e+00	2.842e-14	0.000e+00	9.701e-06
6.600e+04	2.666e+00	6.183e-01	3.170e+00	2.842e-14	0.000e+00	9.701e-06
6.610e+04	2.666e+00	6.183e-01	3.170e+00	2.842e-14	0.000e+00	9.701e-06
6.620e+04	2.666e+00	6.183e-01	3.170e+00	2.842e-14	0.000e+00	9.701e-06
6.630e+04	2.666e+00	6.183e-01	3.170e+00	2.842e-14	0.000e+00	9.701e-06
6.640e+04	2.666e+00	6.183e-01	3.170e+00	2.842e-14	0.000e+00	9.701e-06
6.650e+04	2.666e+00	6.183e-01	3.170e+00	2.842e-14	0.000e+00	9.701e-06
6.660e+04	2.666e+00	6.183e-01	3.170e+00	0.000e+00	0.000e+00	9.701e-06
6.670e+04	2.666e+00	6.183e-01	3.170e+00	0.000e+00	0.000e+00	9.701e-06
6.680e+04	2.666e+00	6.183e-01	3.170e+00	0.000e+00	0.000e+00	9.701e-06
6.690e+04	2.666e+00	6.183e-01	3.170e+00	0.000e+00	0.000e+00	9.701e-06
6.700e+04	2.666e+00	6.183e-01	3.170e+00	0.000e+00	0.000e+00	9.701e-06
6.710e+04	2.666e+00	6.183e-01	3.170e+00	0.000e+00	0.000e+00	9.701e-06
6.720e+04	2.666e+00	6.183e-01	3.170e+00	0.000e+00	0.000e+00	9.701e-06
6.730e+04	2.666e+00	6.183e-01	3.170e+00	0.000e+00	0.000e+00	9.701e-06
6.740e+04	2.666e+00	6.183e-01	3.170e+00	0.000e+00	0.000e+00	9.701e-06
6.750e+04	2.666e+00	6.183e-01	3.170e+00	0.000e+00	0.000e+00	9.701e-06
6.760e+04	2.666e+00	6.183e-01	3.170e+00	0.000e+00	0.000e+00	9.701e-06
6.770e+04	2.666e+00	6.183e-01	3.170e+00	0.000e+00	0.000e+00	9.701e-06
6.780e+04	2.666e+00	6.183e-01	3.170e+00	0.000e+00	0.000e+00	9.701e-06
6.790e+04	2.666e+00	6.183e-01	3.170e+00	0.000e+00	0.000e+00	9.701e-06
6.800e+04	2.666e+00	6.183e-01	3.170e+00	0.000e+00	0.000e+00	9.701e-06
6.810e+04	2.666e+00	6.183e-01	3.170e+00	0.000e+00	0.000e+00	9.701e-06
6.820e+04	2.666e+00	6.183e-01	3.170e+00	0.000e+00	0.000e+00	9.701e-06
6.830e+04	2.649e+00	6.183e-01	3.170e+00	0.000e+00	0.000e+00	9.701e-06
6.840e+04	2.649e+00	6.183e-01	3.170e+00	0.000e+00	0.000e+00	9.701e-06
6.850e+04	2.649e+00	6.183e-01	3.170e+00	0.000e+00	0.000e+00	9.701e-06
6.860e+04	2.649e+00	6.183e-01	3.170e+00	0.000e+00	0.000e+00	9.701e-06
6.870e+04	2.649e+00	6.183e-01	3.170e+00	0.000e+00	0.000e+00	9.701e-06
6.880e+04	2.649e+00	6.183e-01	3.170e+00	0.000e+00	0.000e+00	9.701e-06
6.890e+04	2.649e+00	6.183e-01	3.170e+00	0.000e+00	0.000e+00	9.701e-06
6.900e+04	2.649e+00	6.183e-01	3.170e+00	0.000e+00	0.000e+00	9.701e-06
6.910e+04	2.649e+00	6.183e-01	3.170e+00	0.000e+00	0.000e+00	9.701e-06
6.920e+04	2.649e+00	6.183e-01	3.170e+00	0.000e+00	0.000e+00	9.701e-06
6.930e+04	2.649e+00	6.183e-01	3.170e+00	0.000e+00	0.000e+00	9.701e-06
6.940e+04	2.649e+00	6.183e-01	3.170e+00	0.000e+00	0.000e+00	9.701e-06
6.950e+04	2.649e+00	6.183e-01	3.170e+00	0.000e+00	0.000e+00	9.701e-06
6.960e+04	2.649e+00	6.183e-01	3.170e+00	0.000e+00	0.000e+00	9.701e-06
6.970e+04	2.649e+00	6.183e-01	3.170e+00	0.000e+00	0.000e+00	9.701e-06
6.980e+04	2.649e+00	6.183e-01	3.170e+00	0.000e+00	0.000e+00	9.701e-06
6.990e+04	2.649e+00	6.183e-01	3.170e+00	0.000e+00	0.000e+00	9.701e-06
7.000e+04	2.649e+00	6.183e-01	3.170e+00	0.000e+00	0.000e+00	9.701e-06
7.010e+04	2.649e+00	6.183e-01	3.170e+00	0.000e+00	0.000e+00	9.701e-06
7.020e+04	2.649e+00	6.183e-01	3.170e+00	0.000e+00	0.000e+00	9.701e-06
7.030e+04	2.649e+00	6.183e-01	3.170e+00	0.000e+00	0.000e+00	9.701e-06
7.040e+04	2.649e+00	6.183e-01	3.170e+00	0.000e+00	0.000e+00	9.701e-06
7.050e+04	2.649e+00	6.183e-01	3.170e+00	0.000e+00	0.000e+00	9.701e-06
7.060e+04	2.649e+00	6.183e-01	3.170e+00	0.000e+00	0.000e+00	9.701e-06
7.070e+04	2.649e+00	6.183e-01	3.170e+00	0.000e+00	0.000e+00	9.701e-06
7.080e+04	2.649e+00	6.183e-01	3.170e+00	0.000e+00	0.000e+00	9.701e-06
7.090e+04	2.649e+00	6.183e-01	3.170e+00	0.000e+00	0.000e+00	9.701e-06
7.100e+04	2.649e+00	6.183e-01	3.170e+00	0.000e+00	0.000e+00	9.701e-06
7.110e+04	2.649e+00	6.183e-01	3.170e+00	0.000e+00	0.000e+00	9.701e-06
7.120e+04	2.649e+00	6.183e-01	3.170e+00	0.000e+00	0.000e+00	9.701e-06
7.130e+04	2.649e+00	6.183e-01	3.170e+00	0.000e+00	0.000e+00	9.701e-06
7.140e+04	2.649e+00	6.183e-01	3.170e+00	0.000e+00	0.000e+00	9.701e-06
7.150e+04	2.649e+00	6.183e-01	3.170e+00	0.000e+00	0.000e+00	9.701e-06
7.160e+04	2.649e+00	6.183e-01	3.170e+00	0.000e+00	0.000e+00	9.701e-06
7.170e+04	2.649e+00	6.183e-01	3.170e+00	0.000e+00	0.000e+00	9.701e-06
7.180e+04	2.649e+00	6.183e-01	3.170e+00	0.000e+00	0.000e+00	9.701e-06
7.190e+04	2.649e+00	6.183e-01	3.170e+00	0.000e+00	0.000e+00	9.701e-06
7.200e+04	2.649e+00	6.183e-01	3.170e+00	0.000e+00	0.000e+00	9.701e-06
7.210e+04	2.649e+00	6.183e-01	3.170e+00	0.000e+00	0.000e+00	9.701e-06
7.220e+04	2.649e+00	6.183e-01	3.170e+00	0.000e+00	0.000e+00	9.701e-06
7.230e+04	2.649e+00	6.183e-01	3.170e+00	0.000e+00	0.000e+00	9.701e-06
7.240e+04	2.649e+00	6.183e-01	3.170e+00	0.000e+00	0.000e+00	9.701e-06
7.250e+04	2.649e+00	6.183e-01	3.170e+00	0.000e+00	0.000e+00	9.701e-06
7.260e+04	2.649e+00	6.183e-01	3.170e+00	0.000e+00	0.000e+00	9.701e-06
7.270e+04	2.649e+00	6.183e-01	3.170e+00	0.000e+00	0.000e+00	9.701e-06
7.280e+04	1.671e+00	5.023e-01	2.875e+00	0.000e+00	0.000e+00	9.701e-06
7.290e+04	1.671e+00	5.023e-01	2.875e+00	0.000e+00	0.000e+00	9.701e-06
7.300e+04	1.671e+00	5.023e-01	2.875e+00	0.000e+00	0.000e+00	9.701e-06
7.310e+04	1.671e+00	5.023e-01	2.875e+00	0.000e+00	0.000e+00	9.701e-06
7.320e+04	1.671e+00	5.023e-01	2.875e+00	0.000e+00	0.000e+00	9.701e-06
7.330e+04	1.671e+00	5.023e-01	2.875e+00	0.000e+00	0.000e+00	9.701e-06
7.340e+04	1.671e+00	5.023e-01	2.875e+00	0.000e+00	0.000e+00	9.701e-06
7.350e+04	1.671e+00	5.023e-01	2.875e+00	0.000e+00	0.000e+00	9.701e-06
7.360e+04	1.671e+00	5.023e-01	2.875e+00	0.000e+00	0.000e+00	9.701e-06
7.370e+04	7.482e-01	5.023e-01	2.649e+00	0.000e+00	0.000e+00	9.701e-06
7.380e+04	7.482e-01	5.023e-01	2.649e+00	0.000e+00	0.000e+00	9.701e-06
7.390e+04	7.482e-01	5.023e-01	2.649e+00	0.000e+00	0.000e+00	9.701e-06
7.400e+04	7.482e-01	5.023e-01	2.649e+00	0.000e+00	0.000e+00	9.701e-06
7.410e+04	7.482e-01	5.023e-01	2.649e+00	0.000e+00	0.000e+00	9.701e-06
7.420e+04	7.482e-01	5.023e-01	2.649e+00	0.000e+00	0.000e+00	9.701e-06
7.430e+04	7.482e-01	5.023e-01	2.649e+00	0.000e+00	0.000e+00	9.701e-06
7.440e+04	7.482e-01	5.023e-01	2.649e+00	0.000e+00	0.000e+00	9.701e-06
7.450e+04	7.482e-01	5.023e-01	2.649e+00	0.000e+00	0.000e+00	9.701e-06
7.460e+04	7.482e-01	5.023e-01	2.649e+00	0.000e+00	0.000e+00	9.701e-06
7.470e+04	7.482e-01	5.023e-01	2.649e+00	0.000e+00	0.000e+00	9.701e-06
7.480e+04	7.482e-01	5.023e-01	2.649e+00	0.000e+00	0.000e+00	9.701e-06
7.490e+04	7.482e-01	5.023e-01	2.649e+00	0.000e+00	0.000e+00	9.701e-06
7.500e+04	7.482e-01	5.023e-01	2.649e+00	5.684e-14	0.000e+00	9.701e-06
7.510e+04	7.482e-01	5.023e-01	2.649e+00	5.684e-14	0.000e+00	9.701e-06
7.520e+04	7.482e-01	5.023e-01	2.649e+00	5.684e-14	0.000e+00	9.701e-06
7.530e+04	7.482e-01	5.023e-01	2.649e+00	5.684e-14	0.000e+00	9.701e-06
7.540e+04	7.482e-01	5.023e-01	2.649e+00	5.684e-14	0.000e+00	9.701e-06
7.550e+04	7.482e-01	5.023e-01	2.649e+00	5.684e-14	0.000e+00	9.701e-06
7.560e+04	7.482e-01	5.023e-01	2.649e+00	5.684e-14	0.000e+00	9.701e-06
7.570e+04	7.482e-01	5.023e-01	2.649e+00	5.684e-14	0.000e+00	9.701e-06
7.580e+04	7.482e-01	5.023e-01	2.649e+00	5.684e-14	0.000e+00	9.701e-06
7.590e+04	7.482e-01	5.023e-01	2.649e+00	5.684e-14	0.000e+00	9.701e-06
7.600e+04	7.482e-01	5.023e-01	2.649e+00	5.684e-14	0.000e+00	9.701e-06
7.610e+04	7.482e-01	5.023e-01	2.649e+00	5.684e-14	0.000e+00	9.701e-06
7.620e+04	7.482e-01	5.023e-01	2.649e+00	5.684e-14	0.000e+00	9.701e-06
7.630e+04	7.482e-01	5.023e-01	2.649e+00	5.684e-14	0.000e+00	9.701e-06
7.640e+04	7.482e-01	5.023e-01	2.649e+00	5.684e-14	0.000e+00	9.701e-06
7.650e+04	7.482e-01	5.023e-01	2.649e+00	5.684e-14	0.000e+00	9.701e-06
7.660e+04	7.482e-01	5.023e-01	2.649e+00	5.684e-14	0.000e+00	9.701e-06
7.670e+04	7.482e-01	5.023e-01	2.649e+00	5.684e-14	0.000e+00	9.701e-06
7.680e+04	7.482e-01	5.023e-01	2.649e+00	5.684e-14	0.000e+00	9.701e-06
7.690e+04	7.482e-01	5.023e-01	2.649e+00	5.684e-14	0.000e+00	9.701e-06
7.700e+04	7.482e-01	5.023e-01	2.649e+00	5.684e-14	0.000e+00	9.701e-06
7.710e+04	7.482e-01	5.023e-01	2.649e+00	5.684e-14	0.000e+00	9.701e-06
7.720e+04	7.482e-01	5.023e-01	2.649e+00	5.684e-14	0.000e+00	9.701e-06
7.730e+04	7.482e-01	5.023e-01	2.649e+00	5.684e-14	0.000e+00	9.701e-06
7.740e+04	7.482e-01	5.023e-01	2.649e+00	5.684e-14	0.000e+00	9.701e-06
7.750e+04	7.482e-01	5.023e-01	2.649e+00	5.684e-14	0.000e+00	9.701e-06
7.760e+04	7.482e-01	5.023e-01	2.649e+00	5.684e-14	0.000e+00	9.701e-06
7.770e+04	7.482e-01	5.023e-01	2.649e+00	5.684e-14	0.000e+00	9.701e-06
7.780e+04	7.482e-01	5.023e-01	1.788e+00	5.684e-14	0.000e+00	9.701e-06
7.790e+04	7.482e-01	5.023e-01	1.788e+00	5.684e-14	0.000e+00	9.701e-06
7.800e+04	7.482e-01	5.023e-01	1.788e+00	5.684e-14	0.000e+00	9.701e-06
7.810e+04	7.482e-01	5.023e-01	1.788e+00	5.684e-14	0.000e+00	9.701e-06
7.820e+04	7.482e-01	5.023e-01	1.788e+00	5.684e-14	0.000e+00	9.701e-06
7.830e+04	7.482e-01	5.023e-01	1.788e+00	5.684e-14	0.000e+00	9.701e-06
7.840e+04	7.482e-01	5.023e-01	1.788e+00	5.684e-14	0.000e+00	9.701e-06
7.850e+04	7.482e-01	5.023e-01	1.788e+00	5.684e-14	0.000e+00	9.701e-06
7.860e+04	7.482e-01	5.023e-01	1.788e+00	5.684e-14	0.000e+00	9.701e-06
7.870e+04	7.482e-01	5.023e-01	1.788e+00	5.684e-14	0.000e+00	9.701e-06
7.880e+04	7.482e-01	5.023e-01	1.788e+00	5.684e-14	0.000e+00	9.701e-06
7.890e+04	7.482e-01	5.023e-01	1.788e+00	5.684e-14	0.000e+00	9.701e-06
7.900e+04	7.482e-01	5.023e-01	1.788e+00	5.684e-14	0.000e+00	9.701e-06
7.910e+04	7.482e-01	5.023e-01	1.788e+00	5.684e-14	0.000e+00	9.701e-06
7.920e+04	7.482e-01	5.023e-01	1.788e+00	5.684e-14	0.000e+00	9.701e-06
7.930e+04	7.482e-01	5.023e-01	1.788e+00	5.684e-14	0.000e+00	9.701e-06
7.940e+04	7.482e-01	5.023e-01	1.788e+00	5.684e-14	0.000e+00	9.701e-06
7.950e+04	7.482e-01	5.023e-01	1.788e+00	5.684e-14	0.000e+00	9.701e-06
7.960e+04	7.482e-01	5.023e-01	1.788e+00	5.684e-14	0.000e+00	9.701e-06
7.970e+04	7.482e-01	5.023e-01	1.788e+00	5.684e-14	0.000e+00	9.701e-06
7.980e+04	7.482e-01	5.023e-01	1.788e+00	5.684e-14	0.000e+00	9.701e-06
7.990e+04	7.482e-01	5.023e-01	1.788e+00	5.684e-14	0.000e+00	9.701e-06
8.000e+04	7.482e-01	5.023e-01	1.788e+00	5.684e-14	0.000e+00	9.701e-06
8.010e+04	7.482e-01	5.023e-01	1.788e+00	5.684e-14	0.000e+00	9.701e-06
8.020e+04	7.482e-01	5.023e-01	1.788e+00	5.684e-14	0.000e+00	9.701e-06
8.030e+04	7.482e-01	5.023e-01	1.788e+00	5.684e-14	0.000e+00	9.701e-06
8.040e+04	7.482e-01	5.023e-01	1.788e+00	5.684e-14	0.000e+00	9.701e-06
8.050e+04	8.807e-01	6.183e-01	1.788e+00	5.684e-14	0.000e+00	9.701e-06
8.060e+04	8.807e-01	6.183e-01	1.788e+00	5.684e-14	0.000e+00	9.701e-06
8.070e+04	8.807e-01	6.183e-01	1.788e+00	5.684e-14	0.000e+00	9.701e-06
8.080e+04	8.807e-01	6.183e-01	1.788e+00	5.684e-14	0.000e+00	9.701e-06
8.090e+04	8.807e-01	6.183e-01	1.788e+00	5.684e-14	0.000e+00	9.701e-06
8.100e+04	8.807e-01	6.183e-01	1.788e+00	5.684e-14	0.000e+00	9.701e-06
8.110e+04	8.807e-01	6.183e-01	1.788e+00	5.684e-14	0.000e+00	9.701e-06
8.120e+04	8.807e-01	6.183e-01	1.788e+00	5.684e-14	0.000e+00	9.701e-06
8.130e+04	8.807e-01	6.183e-01	1.788e+00	5.684e-14	0.000e+00	9.701e-06
8.140e+04	8.807e-01	6.183e-01	1.788e+00	5.684e-14	0.000e+00	9.701e-06
8.150e+04	8.807e-01	6.183e-01	1.788e+00	5.684e-14	0.000e+00	9.701e-06
8.160e+04	8.807e-01	6.183e-01	1.788e+00	5.684e-14	0.000e+00	9.701e-06
8.170e+04	8.807e-01	6.183e-01	1.788e+00	5.684e-14	0.000e+00	9.701e-06
8.180e+04	8.807e-01	6.183e-01	1.788e+00	5.684e-14	0.000e+00	9.701e-06
8.190e+04	8.807e-01	6.183e-01	1.788e+00	5.684e-14	0.000e+00	9.701e-06
8.200e+04	8.807e-01	6.183e-01	1.788e+00	5.684e-14	0.000e+00	9.701e-06
8.210e+04	8.807e-01	6.183e-01	1.788e+00	5.684e-14	0.000e+00	9.701e-06
8.220e+04	8.807e-01	6.183e-01	1.788e+00	5.684e-14	0.000e+00	9.701e-06
8.230e+04	8.807e-01	6.183e-01	1.788e+00	5.684e-14	0.000e+00	9.701e-06
8.240e+04	8.807e-01	6.183e-01	1.788e+00	5.684e-14	0.000e+00	9.701e-06
8.250e+04	8.807e-01	6.183e-01	1.788e+00	5.684e-14	0.000e+00	9.701e-06
8.260e+04	8.807e-01	6.183e-01	1.788e+00	5.684e-14	0.000e+00	9.701e-06
8.270e+04	8.807e-01	6.183e-01	1.788e+00	5.684e-14	0.000e+00	9.701e-06
8.280e+04	8.807e-01	6.183e-01	1.788e+00	5.684e-14	0.000e+00	9.701e-06
8.290e+04	8.807e-01	6.183e-01	1.788e+00	5.684e-14	0.000e+00	9.701e-06
8.300e+04	8.807e-01	6.183e-01	1.788e+00	0.000e+00	0.000e+00	9.701e-06
8.310e+04	8.807e-01	6.183e-01	1.788e+00	0.000e+00	0.000e+00	9.701e-06
8.320e+04	8.807e-01	6.183e-01	1.788e+00	0.000e+00	0.000e+00	9.701e-06
8.330e+04	8.807e-01	6.183e-01	1.788e+00	0.000e+00	0.000e+00	9.701e-06
8.340e+04	8.807e-01	6.183e-01	1.788e+00	0.000e+00	0.000e+00	9.701e-06
8.350e+04	8.807e-01	6.183e-01	1.788e+00	0.000e+00	0.000e+00	9.701e-06
8.360e+04	8.807e-01	6.183e-01	1.788e+00	0.000e+00	0.000e+00	9.701e-06
8.370e+04	8.807e-01	6.183e-01	1.788e+00	0.000e+00	0.000e+00	9.701e-06
8.380e+04	8.807e-01	6.183e-01	1.788e+00	0.000e+00	0.000e+00	9.701e-06
8.390e+04	8.807e-01	6.183e-01	1.788e+00	0.000e+00	0.000e+00	9.701e-06
8.400e+04	8.807e-01	6.183e-01	1.788e+00	0.000e+00	0.000e+00	9.701e-06
8.410e+04	8.807e-01	6.183e-01	1.788e+00	0.000e+00	0.000e+00	9.701e-06
8.420e+04	8.807e-01	6.183e-01	1.788e+00	0.000e+00	0.000e+00	9.701e-06
8.430e+04	8.807e-01	6.183e-01	1.788e+00	0.000e+00	0.000e+00	9.701e-06
8.440e+04	8.807e-01	6.183e-01	1.788e+00	0.000e+00	0.000e+00	9.701e-06
8.450e+04	8.807e-01	6.183e-01	1.788e+00	0.000e+00	0.000e+00	9.701e-06
8.460e+04	8.807e-01	6.183e-01	1.788e+00	0.000e+00	0.000e+00	9.701e-06
8.470e+04	8.807e-01	6.183e-01	1.788e+00	0.000e+00	0.000e+00	9.701e-06
8.480e+04	8.807e-01	6.183e-01	1.788e+00	0.000e+00	0.000e+00	9.701e-06
8.490e+04	8.807e-01	6.183e-01	1.788e+00	0.000e+00	0.000e+00	9.701e-06
8.500e+04	1.671e+00	6.183e-01	2.766e+00	0.000e+00	0.000e+00	9.701e-06
8.510e+04	1.671e+00	6.183e-01	2.766e+00	0.000e+00	0.000e+00	9.701e-06
8.520e+04	1.671e+00	6.183e-01	2.766e+00	0.000e+00	0.000e+00	9.701e-06
8.530e+04	1.671e+00	6.183e-01	2.766e+00	0.000e+00	0.000e+00	9.701e-06
8.540e+04	1.671e+00	6.552e-01	2.766e+00	0.000e+00	0.000e+00	9.701e-06
8.550e+04	1.671e+00	6.552e-01	2.766e+00	0.000e+00	0.000e+00	9.701e-06
8.560e+04	1.671e+00	6.552e-01	2.766e+00	0.000e+00	0.000e+00	9.701e-06
8.570e+04	1.671e+00	6.552e-01	2.766e+00	0.000e+00	0.000e+00	9.701e-06
8.580e+04	1.671e+00	6.552e-01	2.766e+00	0.000e+00	0.000e+00	9.701e-06
8.590e+04	1.671e+00	6.552e-01	2.766e+00	0.000e+00	0.000e+00	9.701e-06
8.600e+04	1.671e+00	6.552e-01	2.766e+00	0.000e+00	0.000e+00	9.701e-06
8.610e+04	1.671e+00	6.552e-01	2.766e+00	0.000e+00	0.000e+00	9.701e-06
8.620e+04	1.671e+00	6.552e-01	2.766e+00	0.000e+00	0.000e+00	9.701e-06
8.630e+04	1.671e+00	6.552e-01	2.766e+00	0.000e+00	0.000e+00	9.701e-06
8.640e+04	1.671e+00	6.552e-01	2.766e+00	0.000e+00	0.000e+00	9.701e-06
8.650e+04	1.671e+00	6.552e-01	2.766e+00	0.000e+00	0.000e+00	9.701e-06
8.660e+04	1.384e+00	6.552e-01	2.766e+00	0.000e+00	0.000e+00	9.701e-06
8.670e+04	1.384e+00	6.552e-01	2.766e+00	0.000e+00	0.000e+00	9.701e-06
8.680e+04	1.384e+00	6.552e-01	2.766e+00	0.000e+00	0.000e+00	9.701e-06
8.690e+04	1.384e+00	6.552e-01	2.766e+00	0.000e+00	0.000e+00	9.701e-06
8.700e+04	1.384e+00	6.552e-01	2.766e+00	0.000e+00	0.000e+00	9.701e-06
8.710e+04	1.384e+00	6.552e-01	2.766e+00	0.000e+00	0.000e+00	9.701e-06
8.720e+04	1.384e+00	6.552e-01	2.766e+00	0.000e+00	0.000e+00	9.701e-06
8.730e+04	1.384e+00	6.552e-01	2.766e+00	0.000e+00	0.000e+00	9.701e-06
8.740e+04	1.384e+00	6.552e-01	2.766e+00	0.000e+00	0.000e+00	9.701e-06
8.750e+04	1.384e+00	6.552e-01	2.766e+00	0.000e+00	0.000e+00	9.701e-06
8.760e+04	1.384e+00	6.552e-01	2.766e+00	0.000e+00	0.000e+00	9.701e-06
8.770e+04	1.384e+00	6.552e-01	2.766e+00	0.000e+00	0.000e+00	9.701e-06
8.780e+04	1.384e+00	6.552e-01	2.766e+00	0.000e+00	0.000e+00	9.701e-06
8.790e+04	1.384e+00	6.552e-01	2.766e+00	0.000e+00	0.000e+00	9.701e-06
8.800e+04	1.384e+00	6.552e-01	2.766e+00	0.000e+00	0.000e+00	9.701e-06
8.810e+04	1.384e+00	6.552e-01	2.766e+00	0.000e+00	0.000e+00	9.701e-06
8.820e+04	1.384e+00	6.552e-01	2.766e+00	0.000e+00	0.000e+00	9.701e-06
8.830e+04	1.384e+00	6.552e-01	2.766e+00	0.000e+00	0.000e+00	9.701e-06
8.840e+04	1.384e+00	6.552e-01	2.766e+00	0.000e+00	0.000e+00	9.701e-06
8.850e+04	1.384e+00	6.183e-01	2.766e+00	0.000e+00	0.000e+00	9.701e-06
8.860e+04	1.384e+00	6.183e-01	2.766e+00	0.000e+00	0.000e+00	9.701e-06
8.870e+04	1.384e+00	6.183e-01	2.766e+00	0.000e+00	0.000e+00	9.701e-06
8.880e+04	1.384e+00	6.183e-01	2.766e+00	0.000e+00	0.000e+00	9.701e-06
8.890e+04	1.384e+00	6.183e-01	2.766e+00	0.000e+00	0.000e+00	9.701e-06
8.900e+04	1.384e+00	6.183e-01	2.766e+00	0.000e+00	0.000e+00	9.701e-06
8.910e+04	1.384e+00	6.183e-01	2.766e+00	0.000e+00	0.000e+00	9.701e-06
8.920e+04	1.384e+00	6.183e-01	2.766e+00	0.000e+00	0.000e+00	9.701e-06
8.930e+04	1.384e+00	6.183e-01	2.766e+00	0.000e+00	0.000e+00	9.701e-06
8.940e+04	1.384e+00	6.183e-01	2.766e+00	0.000e+00	0.000e+00	9.701e-06
8.950e+04	1.384e+00	6.183e-01	2.766e+00	0.000e+00	0.000e+00	9.701e-06
8.960e+04	1.384e+00	6.183e-01	2.766e+00	0.000e+00	0.000e+00	9.701e-06
8.970e+04	1.384e+00	6.183e-01	2.766e+00	0.000e+00	0.000e+00	9.701e-06
8.980e+04	1.384e+00	6.183e-01	2.766e+00	0.000e+00	0.000e+00	9.701e-06
8.990e+04	1.384e+00	6.183e-01	2.766e+00	0.000e+00	0.000e+00	9.701e-06
9.000e+04	1.384e+00	6.183e-01	2.766e+00	0.000e+00	0.000e+00	9.701e-06
9.010e+04	1.384e+00	6.183e-01	2.766e+00	0.000e+00	0.000e+00	9.701e-06
9.020e+04	1.384e+00	6.183e-01	2.006e+00	0.000e+00	0.000e+00	9.701e-06
9.030e+04	1.384e+00	6.183e-01	2.006e+00	0.000e+00	0.000e+00	9.701e-06
9.040e+04	1.384e+00	6.183e-01	2.006e+00	0.000e+00	0.000e+00	9.701e-06
9.050e+04	1.384e+00	6.183e-01	2.006e+00	0.000e+00	0.000e+00	9.701e-06
9.060e+04	1.384e+00	6.183e-01	2.006e+00	0.000e+00	0.000e+00	9.701e-06
9.070e+04	1.384e+00	6.183e-01	2.006e+00	0.000e+00	0.000e+00	9.701e-06
9.080e+04	1.384e+00	6.183e-01	2.006e+00	0.000e+00	0.000e+00	9.701e-06
9.090e+04	1.384e+00	6.183e-01	2.006e+00	0.000e+00	0.000e+00	9.701e-06
9.100e+04	1.384e+00	6.183e-01	2.006e+00	0.000e+00	0.000e+00	9.701e-06
9.110e+04	1.384e+00	6.183e-01	2.006e+00	0.000e+00	0.000e+00	9.701e-06
9.120e+04	1.384e+00	6.183e-01	2.006e+00	0.000e+00	0.000e+00	9.701e-06
9.130e+04	1.384e+00	6.183e-01	2.006e+00	0.000e+00	0.000e+00	9.701e-06
9.140e+04	1.384e+00	6.183e-01	2.006e+00	0.000e+00	0.000e+00	9.701e-06
9.150e+04	1.384e+00	6.183e-01	2.006e+00	0.000e+00	0.000e+00	9.701e-06
9.160e+04	1.384e+00	6.183e-01	2.006e+00	0.000e+00	0.000e+00	9.701e-06
9.170e+04	1.384e+00	6.183e-01	2.006e+00	0.000e+00	0.000e+00	9.701e-06
9.180e+04	1.384e+00	6.183e-01	2.006e+00	0.000e+00	0.000e+00	9.701e-06
9.190e+04	1.384e+00	6.183e-01	2.006e+00	0.000e+00	0.000e+00	9.701e-06
9.200e+04	1.384e+00	6.183e-01	2.006e+00	0.000e+00	0.000e+00	9.701e-06
9.210e+04	1.384e+00	6.183e-01	2.006e+00	0.000e+00	0.000e+00	9.701e-06
9.220e+04	1.384e+00	6.183e-01	2.006e+00	0.000e+00	0.000e+00	9.701e-06
9.230e+04	1.384e+00	6.183e-01	2.006e+00	0.000e+00	0.000e+00	9.701e-06
9.240e+04	1.384e+00	6.183e-01	2.006e+00	0.000e+00	0.000e+00	9.701e-06
9.250e+04	1.384e+00	6.183e-01	2.006e+00	0.000e+00	0.000e+00	9.701e-06
9.260e+04	1.384e+00	6.183e-01	2.006e+00	0.000e+00	0.000e+00	9.701e-06
9.270e+04	1.384e+00	6.183e-01	2.006e+00	0.000e+00	0.000e+00	9.701e-06
9.280e+04	1.384e+00	6.183e-01	2.006e+00	0.000e+00	0.000e+00	9.701e-06
9.290e+04	1.384e+00	6.183e-01	2.006e+00	0.000e+00	0.000e+00	9.701e-06
9.300e+04	1.384e+00	6.183e-01	2.006e+00	0.000e+00	0.000e+00	9.701e-06
9.310e+04	1.384e+00	6.183e-01	2.006e+00	0.000e+00	0.000e+00	9.701e-06
9.320e+04	1.384e+00	6.183e-01	2.006e+00	0.000e+00	0.000e+00	9.701e-06
9.330e+04	1.384e+00	6.183e-01	2.006e+00	0.000e+00	0.000e+00	9.701e-06
9.340e+04	1.384e+00	6.183e-01	2.006e+00	0.000e+00	0.000e+00	9.701e-06
9.350e+04	1.384e+00	6.183e-01	2.006e+00	0.000e+00	0.000e+00	9.701e-06
9.360e+04	1.384e+00	6.183e-01	2.006e+00	0.000e+00	0.000e+00	9.701e-06
9.370e+04	1.384e+00	6.183e-01	2.006e+00	0.000e+00	0.000e+00	9.701e-06
9.380e+04	1.384e+00	6.183e-01	2.006e+00	0.000e+00	0.000e+00	9.701e-06
9.390e+04	1.384e+00	6.183e-01	2.006e+00	0.000e+00	0.000e+00	9.701e-06
9.400e+04	1.384e+00	6.183e-01	2.006e+00	0.000e+00	0.000e+00	9.701e-06
9.410e+04	1.384e+00	6.183e-01	2.006e+00	0.000e+00	0.000e+00	9.701e-06
9.420e+04	1.384e+00	6.183e-01	2.006e+00	0.000e+00	0.000e+00	9.701e-06
9.430e+04	1.384e+00	6.183e-01	2.006e+00	0.000e+00	0.000e+00	9.701e-06
9.440e+04	1.384e+00	6.183e-01	2.006e+00	0.000e+00	0.000e+00	9.701e-06
9.450e+04	1.384e+00	6.183e-01	2.006e+00	0.000e+00	0.000e+00	9.701e-06
9.460e+04	1.384e+00	6.183e-01	2.006e+00	0.000e+00	0.000e+00	9.701e-06
9.470e+04	1.384e+00	6.183e-01	2.006e+00	0.000e+00	0.000e+00	9.701e-06
9.480e+04	1.384e+00	6.183e-01	2.006e+00	0.000e+00	0.000e+00	9.701e-06
9.490e+04	1.384e+00	6.183e-01	2.006e+00	0.000e+00	0.000e+00	9.701e-06
9.500e+04	1.384e+00	6.183e-01	2.006e+00	0.000e+00	0.000e+00	9.701e-06
9.510e+04	1.384e+00	6.183e-01	2.006e+00	0.000e+00	0.000e+00	9.701e-06
9.520e+04	1.384e+00	6.183e-01	2.006e+00	0.000e+00	0.000e+00	9.701e-06
9.530e+04	1.384e+00	6.183e-01	2.006e+00	0.000e+00	0.000e+00	9.701e-06
9.540e+04	1.384e+00	6.183e-01	2.006e+00	0.000e+00	0.000e+00	9.701e-06
9.550e+04	1.384e+00	6.183e-01	2.006e+00	0.000e+00	0.000e+00	9.701e-06
9.560e+04	1.384e+00	6.183e-01	2.006e+00	0.000e+00	0.000e+00	9.701e-06
9.570e+04	1.384e+00	6.183e-01	2.006e+00	0.000e+00	0.000e+00	9.701e-06
9.580e+04	1.384e+00	6.183e-01	2.006e+00	0.000e+00	0.000e+00	9.701e-06
9.590e+04	1.384e+00	6.183e-01	2.006e+00	0.000e+00	0.000e+00	9.701e-06
9.600e+04	1.384e+00	6.183e-01	2.006e+00	0.000e+00	0.000e+00	9.701e-06
9.610e+04	1.384e+00	6.183e-01	2.006e+00	0.000e+00	0.000e+00	9.701e-06
9.620e+04	1.384e+00	6.183e-01	2.006e+00	0.000e+00	0.000e+00	9.701e-06
9.630e+04	1.384e+00	6.183e-01	2.006e+00	0.000e+00	0.000e+00	9.701e-06
9.640e+04	1.384e+00	6.183e-01	2.006e+00	0.000e+00	0.000e+00	9.701e-06
9.650e+04	1.384e+00	6.183e-01	2.006e+00	0.000e+00	0.000e+00	9.701e-06
9.660e+04	1.384e+00	6.183e-01	2.006e+00	0.000e+00	0.000e+00	9.701e-06
9.670e+04	1.384e+00	6.183e-01	2.006e+00	0.000e+00	0.000e+00	9.701e-06
9.680e+04	1.384e+00	6.183e-01	2.006e+00	0.000e+00	0.000e+00	9.701e-06
9.690e+04	1.384e+00	6.183e-01	2.006e+00	0.000e+00	0.000e+00	9.701e-06
9.700e+04	1.384e+00	6.183e-01	2.006e+00	0.000e+00	0.000e+00	9.701e-06
9.710e+04	1.384e+00	6.183e-01	2.006e+00	0.000e+00	0.000e+00	9.701e-06
9.720e+04	1.384e+00	6.183e-01	2.006e+00	0.000e+00	0.000e+00	9.701e-06
9.730e+04	1.384e+00	6.183e-01	2.006e+00	0.000e+00	0.000e+00	9.701e-06
9.740e+04	1.384e+00	6.183e-01	2.006e+00	0.000e+00	0.000e+00	9.701e-06
9.750e+04	1.384e+00	6.183e-01	2.006e+00	0.000e+00	0.000e+00	9.701e-06
9.760e+04	1.384e+00	6.183e-01	2.006e+00	0.000e+00	0.000e+00	9.701e-06
9.770e+04	1.384e+00	6.552e-01	2.006e+00	0.000e+00	0.000e+00	9.701e-06
9.780e+04	1.384e+00	6.552e-01	2.006e+00	0.000e+00	0.000e+00	9.701e-06
9.790e+04	1.384e+00	6.552e-01	2.006e+00	0.000e+00	0.000e+00	9.701e-06
9.800e+04	1.384e+00	6.552e-01	2.006e+00	0.000e+00	0.000e+00	9.701e-06
9.810e+04	1.384e+00	6.552e-01	2.006e+00	0.000e+00	0.000e+00	9.701e-06
9.820e+04	1.384e+00	6.552e-01	2.006e+00	0.000e+00	0.000e+00	9.701e-06
9.830e+04	1.384e+00	6.552e-01	2.006e+00	0.000e+00	0.000e+00	9.701e-06
9.840e+04	1.384e+00	6.552e-01	2.006e+00	0.000e+00	0.000e+00	9.701e-06
9.850e+04	1.384e+00	6.552e-01	2.006e+00	0.000e+00	0.000e+00	9.701e-06
9.860e+04	1.384e+00	6.552e-01	2.006e+00	0.000e+00	0.000e+00	9.701e-06
9.870e+04	1.384e+00	6.552e-01	2.006e+00	0.000e+00	0.000e+00	9.701e-06
9.880e+04	1.384e+00	6.552e-01	2.006e+00	0.000e+00	0.000e+00	9.701e-06
9.890e+04	1.384e+00	6.183e-01	2.006e+00	0.000e+00	0.000e+00	9.701e-06
9.900e+04	1.384e+00	6.183e-01	2.006e+00	0.000e+00	0.000e+00	9.701e-06
9.910e+04	1.384e+00	6.183e-01	2.006e+00	0.000e+00	0.000e+00	9.701e-06
9.920e+04	1.384e+00	6.183e-01	2.006e+00	0.000e+00	0.000e+00	9.701e-06
9.930e+04	1.384e+00	6.183e-01	2.006e+00	0.000e+00	0.000e+00	9.701e-06
9.940e+04	1.384e+00	6.183e-01	2.006e+00	0.000e+00	0.000e+00	9.701e-06
9.950e+04	1.384e+00	6.183e-01	2.006e+00	0.000e+00	0.000e+00	9.701e-06
9.960e+04	1.384e+00	6.183e-01	2.006e+00	0.000e+00	0.000e+00	9.701e-06
9.970e+04	1.384e+00	6.183e-01	2.006e+00	0.000e+00	0.000e+00	9.701e-06
9.980e+04	1.384e+00	6.183e-01	2.006e+00	0.000e+00	0.000e+00	9.701e-06
9.990e+04	1.384e+00	6.183e-01	2.006e+00	0.000e+00	0.000e+00	9.701e-06
1.000e+05	1.384e+00	6.183e-01	2.006e+00	0.000e+00	0.000e+00	9.701e-06
