n.evals.q.1.0.	mopm._.me.hebbian.network.best.solution.non.learning.stateless.as.numrl.agent.sim.sequentialBf.avg.UNLIMITED.	mopm._.me.hebbian.network.best.solution.non.learning.stateless.as.numrl.agent.sim.sequentialBf.avg.UNLIMITED.min	mopm._.me.hebbian.network.best.solution.non.learning.stateless.as.numrl.agent.sim.sequentialBf.avg.UNLIMITED.max	mopm._.me.hebbian.layer.best.solution.non.learning.stateless.as.numrl.agent.sim.sequentialBf.avg.UNLIMITED.	mopm._.me.hebbian.layer.best.solution.non.learning.stateless.as.numrl.agent.sim.sequentialBf.avg.UNLIMITED.min	mopm._.me.hebbian.layer.best.solution.non.learning.stateless.as.numrl.agent.sim.sequentialBf.avg.UNLIMITED.max	mopm._.me.hebbian.neuron.best.solution.non.learning.stateless.as.numrl.agent.sim.sequentialBf.avg.UNLIMITED.	mopm._.me.hebbian.neuron.best.solution.non.learning.stateless.as.numrl.agent.sim.sequentialBf.avg.UNLIMITED.min	mopm._.me.hebbian.neuron.best.solution.non.learning.stateless.as.numrl.agent.sim.sequentialBf.avg.UNLIMITED.max	mopm._.me.hebbian.synapse.best.solution.non.learning.stateless.as.numrl.agent.sim.sequentialBf.avg.UNLIMITED.	mopm._.me.hebbian.synapse.best.solution.non.learning.stateless.as.numrl.agent.sim.sequentialBf.avg.UNLIMITED.min	mopm._.me.hebbian.synapse.best.solution.non.learning.stateless.as.numrl.agent.sim.sequentialBf.avg.UNLIMITED.max	mopm._.me.freeForm.best.solution.non.learning.stateless.as.numrl.agent.sim.sequentialBf.avg.UNLIMITED.	mopm._.me.freeForm.best.solution.non.learning.stateless.as.numrl.agent.sim.sequentialBf.avg.UNLIMITED.min	mopm._.me.freeForm.best.solution.non.learning.stateless.as.numrl.agent.sim.sequentialBf.avg.UNLIMITED.max
1.000e+02	4.219e-01	3.880e-01	4.219e-01	4.219e-01	4.219e-01	4.221e-01	3.582e-01	3.202e-01	3.907e-01	3.044e-01	2.573e-01	3.390e-01	4.219e-01	4.219e-01	4.219e-01
2.000e+02	4.219e-01	4.219e-01	4.412e-01	4.219e-01	4.218e-01	4.322e-01	4.174e-01	3.876e-01	4.322e-01	3.717e-01	3.383e-01	3.800e-01	4.219e-01	4.219e-01	4.219e-01
3.000e+02	4.323e-01	4.219e-01	4.427e-01	4.231e-01	4.218e-01	4.362e-01	4.272e-01	3.964e-01	4.663e-01	3.780e-01	3.481e-01	4.015e-01	4.219e-01	4.219e-01	4.219e-01
4.000e+02	4.343e-01	4.219e-01	4.430e-01	4.326e-01	4.208e-01	4.414e-01	4.288e-01	4.036e-01	4.663e-01	3.742e-01	3.544e-01	4.032e-01	4.219e-01	4.219e-01	4.219e-01
5.000e+02	4.343e-01	4.219e-01	4.430e-01	4.356e-01	4.087e-01	4.511e-01	4.289e-01	4.163e-01	4.676e-01	4.164e-01	3.814e-01	4.414e-01	4.219e-01	4.219e-01	4.219e-01
6.000e+02	4.361e-01	4.219e-01	4.455e-01	4.363e-01	3.787e-01	4.463e-01	4.365e-01	4.140e-01	4.729e-01	4.344e-01	3.866e-01	4.610e-01	4.219e-01	4.219e-01	4.219e-01
7.000e+02	4.382e-01	4.277e-01	4.468e-01	4.384e-01	4.050e-01	4.463e-01	4.599e-01	3.925e-01	4.766e-01	4.330e-01	3.873e-01	4.689e-01	4.219e-01	4.219e-01	4.219e-01
8.000e+02	4.382e-01	4.299e-01	4.482e-01	4.326e-01	4.050e-01	4.452e-01	4.463e-01	3.879e-01	4.773e-01	4.535e-01	4.047e-01	4.703e-01	4.219e-01	4.219e-01	4.219e-01
9.000e+02	4.427e-01	4.323e-01	4.532e-01	4.384e-01	4.050e-01	4.531e-01	4.599e-01	3.879e-01	4.806e-01	4.594e-01	4.106e-01	4.741e-01	4.219e-01	4.219e-01	4.219e-01
1.000e+03	4.427e-01	4.323e-01	4.533e-01	4.384e-01	4.050e-01	4.531e-01	4.550e-01	3.879e-01	4.792e-01	4.647e-01	4.328e-01	4.769e-01	4.219e-01	4.219e-01	4.219e-01
1.100e+03	4.428e-01	4.323e-01	4.533e-01	4.427e-01	3.285e-01	4.552e-01	4.663e-01	3.879e-01	4.839e-01	4.647e-01	4.310e-01	4.741e-01	4.219e-01	4.219e-01	4.219e-01
1.200e+03	4.455e-01	4.366e-01	4.533e-01	4.452e-01	4.230e-01	4.558e-01	4.773e-01	3.879e-01	4.929e-01	4.668e-01	4.328e-01	4.850e-01	4.219e-01	4.219e-01	4.219e-01
1.300e+03	4.482e-01	4.425e-01	4.533e-01	4.452e-01	4.230e-01	4.558e-01	4.742e-01	4.134e-01	4.929e-01	4.681e-01	4.360e-01	4.872e-01	4.219e-01	4.219e-01	4.219e-01
1.400e+03	4.482e-01	4.425e-01	4.533e-01	4.471e-01	4.231e-01	4.558e-01	4.742e-01	4.073e-01	4.929e-01	4.666e-01	4.481e-01	4.884e-01	4.219e-01	4.218e-01	4.219e-01
1.500e+03	4.506e-01	4.427e-01	4.533e-01	4.531e-01	4.384e-01	4.566e-01	4.742e-01	4.069e-01	4.929e-01	4.675e-01	4.517e-01	4.884e-01	4.219e-01	4.218e-01	4.219e-01
1.600e+03	4.531e-01	4.427e-01	4.559e-01	4.531e-01	4.230e-01	4.566e-01	4.582e-01	4.069e-01	4.865e-01	4.701e-01	4.517e-01	5.011e-01	4.219e-01	4.218e-01	4.219e-01
1.700e+03	4.522e-01	4.427e-01	4.543e-01	4.531e-01	4.384e-01	4.575e-01	4.582e-01	4.069e-01	4.865e-01	4.835e-01	4.517e-01	5.011e-01	4.219e-01	4.218e-01	4.219e-01
1.800e+03	4.531e-01	4.427e-01	4.634e-01	4.531e-01	4.427e-01	4.575e-01	4.651e-01	4.069e-01	4.923e-01	4.847e-01	4.605e-01	5.021e-01	4.219e-01	4.218e-01	4.219e-01
1.900e+03	4.531e-01	4.427e-01	4.634e-01	4.531e-01	4.427e-01	4.575e-01	4.775e-01	4.069e-01	4.929e-01	4.906e-01	4.605e-01	5.055e-01	4.219e-01	4.096e-01	4.219e-01
2.000e+03	4.531e-01	4.430e-01	4.635e-01	4.533e-01	4.427e-01	4.597e-01	4.681e-01	4.187e-01	4.929e-01	4.906e-01	4.605e-01	5.074e-01	4.219e-01	4.096e-01	4.219e-01
2.100e+03	4.531e-01	4.432e-01	4.635e-01	4.535e-01	4.427e-01	4.635e-01	4.660e-01	4.187e-01	5.002e-01	4.906e-01	4.605e-01	5.092e-01	4.219e-01	3.445e-01	4.219e-01
2.200e+03	4.531e-01	4.432e-01	4.635e-01	4.535e-01	4.427e-01	4.635e-01	4.681e-01	4.187e-01	5.039e-01	4.906e-01	4.605e-01	5.096e-01	4.219e-01	3.445e-01	4.219e-01
2.300e+03	4.531e-01	4.433e-01	4.635e-01	4.531e-01	4.384e-01	4.607e-01	4.681e-01	4.187e-01	5.039e-01	4.821e-01	4.612e-01	5.146e-01	4.219e-01	3.445e-01	4.219e-01
2.400e+03	4.531e-01	4.433e-01	4.635e-01	4.552e-01	4.427e-01	4.635e-01	4.681e-01	4.187e-01	5.039e-01	4.906e-01	4.612e-01	5.154e-01	4.219e-01	3.445e-01	4.219e-01
2.500e+03	4.531e-01	4.433e-01	4.635e-01	4.552e-01	4.427e-01	4.635e-01	4.651e-01	4.207e-01	5.017e-01	4.950e-01	4.612e-01	5.154e-01	4.219e-01	3.445e-01	4.219e-01
2.600e+03	4.531e-01	4.443e-01	4.635e-01	4.552e-01	4.427e-01	4.625e-01	4.651e-01	4.207e-01	4.929e-01	4.950e-01	4.605e-01	5.154e-01	4.219e-01	3.107e-01	4.219e-01
2.700e+03	4.533e-01	4.472e-01	4.635e-01	4.552e-01	4.427e-01	4.635e-01	4.632e-01	4.207e-01	4.929e-01	4.900e-01	4.605e-01	5.154e-01	4.219e-01	3.107e-01	4.219e-01
2.800e+03	4.533e-01	4.472e-01	4.635e-01	4.531e-01	4.427e-01	4.625e-01	4.632e-01	4.207e-01	4.916e-01	4.900e-01	4.634e-01	5.154e-01	4.219e-01	3.169e-01	4.219e-01
2.900e+03	4.541e-01	4.472e-01	4.635e-01	4.531e-01	4.427e-01	4.625e-01	4.660e-01	4.207e-01	4.916e-01	4.774e-01	4.574e-01	5.154e-01	4.219e-01	3.169e-01	4.219e-01
3.000e+03	4.631e-01	4.530e-01	4.635e-01	4.531e-01	4.427e-01	4.625e-01	4.660e-01	4.187e-01	4.916e-01	4.774e-01	4.584e-01	5.154e-01	4.219e-01	3.169e-01	4.219e-01
3.100e+03	4.631e-01	4.530e-01	4.635e-01	4.531e-01	4.427e-01	4.635e-01	4.660e-01	4.187e-01	4.916e-01	4.809e-01	4.605e-01	5.154e-01	4.219e-01	3.107e-01	4.219e-01
3.200e+03	4.635e-01	4.531e-01	4.635e-01	4.531e-01	4.427e-01	4.635e-01	4.642e-01	4.187e-01	4.916e-01	4.862e-01	4.605e-01	5.125e-01	4.219e-01	1.948e-01	4.219e-01
3.300e+03	4.631e-01	4.531e-01	4.635e-01	4.552e-01	4.427e-01	4.635e-01	4.660e-01	4.187e-01	4.916e-01	4.976e-01	4.605e-01	5.154e-01	4.219e-01	1.948e-01	4.219e-01
3.400e+03	4.631e-01	4.531e-01	4.635e-01	4.552e-01	4.427e-01	4.635e-01	4.660e-01	4.187e-01	4.916e-01	4.862e-01	4.605e-01	5.154e-01	4.219e-01	1.948e-01	4.219e-01
3.500e+03	4.631e-01	4.531e-01	4.635e-01	4.555e-01	4.427e-01	4.635e-01	4.645e-01	4.187e-01	4.916e-01	4.862e-01	4.605e-01	5.141e-01	4.219e-01	1.948e-01	4.219e-01
3.600e+03	4.632e-01	4.531e-01	4.635e-01	4.574e-01	4.432e-01	4.635e-01	4.660e-01	4.174e-01	4.916e-01	4.862e-01	4.605e-01	5.141e-01	4.212e-01	1.802e-01	4.219e-01
3.700e+03	4.632e-01	4.531e-01	4.635e-01	4.555e-01	4.432e-01	4.635e-01	4.660e-01	4.174e-01	4.916e-01	4.862e-01	4.605e-01	5.154e-01	4.212e-01	1.802e-01	4.219e-01
3.800e+03	4.635e-01	4.531e-01	4.635e-01	4.555e-01	4.432e-01	4.635e-01	4.660e-01	4.187e-01	4.916e-01	4.863e-01	4.621e-01	5.154e-01	4.219e-01	1.802e-01	4.219e-01
3.900e+03	4.635e-01	4.531e-01	4.635e-01	4.552e-01	4.427e-01	4.632e-01	4.660e-01	4.187e-01	4.929e-01	4.889e-01	4.687e-01	5.154e-01	4.212e-01	1.411e-01	4.219e-01
4.000e+03	4.635e-01	4.531e-01	4.635e-01	4.552e-01	4.427e-01	4.632e-01	4.737e-01	4.187e-01	4.945e-01	4.933e-01	4.621e-01	5.170e-01	4.212e-01	1.411e-01	4.219e-01
4.100e+03	4.635e-01	4.531e-01	4.635e-01	4.552e-01	4.427e-01	4.625e-01	4.737e-01	4.187e-01	4.945e-01	4.952e-01	4.605e-01	5.154e-01	4.212e-01	1.245e-01	4.219e-01
4.200e+03	4.635e-01	4.531e-01	4.635e-01	4.533e-01	4.427e-01	4.625e-01	4.737e-01	4.187e-01	4.945e-01	4.974e-01	4.687e-01	5.170e-01	4.219e-01	1.297e-01	4.219e-01
4.300e+03	4.635e-01	4.531e-01	4.635e-01	4.533e-01	4.427e-01	4.625e-01	4.737e-01	4.207e-01	4.945e-01	4.974e-01	4.687e-01	5.170e-01	4.212e-01	1.293e-01	4.219e-01
4.400e+03	4.635e-01	4.531e-01	4.635e-01	4.533e-01	4.427e-01	4.625e-01	4.737e-01	4.207e-01	4.945e-01	4.974e-01	4.687e-01	5.170e-01	4.212e-01	1.155e-01	4.219e-01
4.500e+03	4.635e-01	4.531e-01	4.635e-01	4.533e-01	3.923e-01	4.625e-01	4.803e-01	4.207e-01	5.020e-01	4.974e-01	4.687e-01	5.170e-01	4.212e-01	1.150e-01	4.219e-01
4.600e+03	4.635e-01	4.531e-01	4.635e-01	4.552e-01	3.923e-01	4.635e-01	4.803e-01	4.207e-01	5.020e-01	5.004e-01	4.687e-01	5.170e-01	4.212e-01	1.150e-01	4.219e-01
4.700e+03	4.635e-01	4.531e-01	4.635e-01	4.533e-01	3.923e-01	4.635e-01	4.803e-01	4.207e-01	5.020e-01	5.000e-01	4.687e-01	5.260e-01	4.212e-01	1.150e-01	4.219e-01
4.800e+03	4.635e-01	4.531e-01	4.635e-01	4.552e-01	4.432e-01	4.635e-01	4.790e-01	4.207e-01	5.020e-01	5.004e-01	4.744e-01	5.170e-01	4.212e-01	1.150e-01	4.219e-01
4.900e+03	4.635e-01	4.531e-01	4.635e-01	4.532e-01	4.427e-01	4.618e-01	4.790e-01	4.207e-01	5.025e-01	5.004e-01	4.813e-01	5.337e-01	4.212e-01	1.150e-01	4.219e-01
5.000e+03	4.635e-01	4.531e-01	4.635e-01	4.532e-01	4.427e-01	4.635e-01	4.790e-01	4.207e-01	5.025e-01	5.059e-01	4.813e-01	5.343e-01	4.212e-01	1.118e-01	4.219e-01
5.100e+03	4.635e-01	4.531e-01	4.635e-01	4.532e-01	4.427e-01	4.618e-01	4.790e-01	4.207e-01	5.025e-01	5.059e-01	4.866e-01	5.337e-01	4.212e-01	1.118e-01	4.219e-01
5.200e+03	4.635e-01	4.531e-01	4.635e-01	4.531e-01	4.427e-01	4.616e-01	4.737e-01	4.207e-01	5.025e-01	5.059e-01	4.866e-01	5.337e-01	4.212e-01	1.150e-01	4.219e-01
5.300e+03	4.635e-01	4.531e-01	4.635e-01	4.531e-01	4.427e-01	4.618e-01	4.737e-01	4.207e-01	5.025e-01	5.036e-01	4.885e-01	5.337e-01	4.212e-01	1.150e-01	4.219e-01
5.400e+03	4.635e-01	4.531e-01	4.635e-01	4.531e-01	4.427e-01	4.618e-01	4.790e-01	4.207e-01	5.025e-01	5.055e-01	4.933e-01	5.337e-01	4.212e-01	1.150e-01	4.219e-01
5.500e+03	4.635e-01	4.531e-01	4.635e-01	4.531e-01	4.427e-01	4.618e-01	4.790e-01	4.201e-01	5.025e-01	5.063e-01	4.957e-01	5.367e-01	4.096e-01	1.198e-01	4.219e-01
5.600e+03	4.635e-01	4.531e-01	4.635e-01	4.531e-01	4.427e-01	4.618e-01	4.790e-01	4.201e-01	5.025e-01	5.063e-01	4.940e-01	5.382e-01	4.096e-01	1.249e-01	4.219e-01
5.700e+03	4.635e-01	4.531e-01	4.635e-01	4.531e-01	4.427e-01	4.618e-01	4.790e-01	4.201e-01	5.043e-01	5.063e-01	4.936e-01	5.367e-01	4.096e-01	1.249e-01	4.219e-01
5.800e+03	4.635e-01	4.531e-01	4.635e-01	4.531e-01	4.427e-01	4.618e-01	4.790e-01	4.187e-01	5.043e-01	5.063e-01	4.936e-01	5.391e-01	4.096e-01	1.118e-01	4.219e-01
5.900e+03	4.635e-01	4.531e-01	4.635e-01	4.531e-01	4.427e-01	4.618e-01	4.757e-01	4.187e-01	5.025e-01	5.063e-01	4.940e-01	5.391e-01	4.096e-01	1.118e-01	4.219e-01
6.000e+03	4.635e-01	4.531e-01	4.635e-01	4.531e-01	4.427e-01	4.635e-01	4.757e-01	4.187e-01	5.043e-01	5.105e-01	4.957e-01	5.391e-01	4.096e-01	1.118e-01	4.219e-01
6.100e+03	4.635e-01	4.531e-01	4.635e-01	4.531e-01	4.427e-01	4.635e-01	4.737e-01	4.201e-01	5.043e-01	5.106e-01	4.957e-01	5.376e-01	4.096e-01	1.118e-01	4.219e-01
6.200e+03	4.635e-01	4.531e-01	4.635e-01	4.531e-01	4.427e-01	4.635e-01	4.757e-01	4.201e-01	5.043e-01	5.151e-01	4.940e-01	5.376e-01	4.096e-01	1.118e-01	4.219e-01
6.300e+03	4.635e-01	4.531e-01	4.635e-01	4.531e-01	3.051e-01	4.632e-01	4.757e-01	4.201e-01	5.043e-01	5.151e-01	4.940e-01	5.346e-01	4.096e-01	1.118e-01	4.219e-01
6.400e+03	4.635e-01	4.531e-01	4.635e-01	4.531e-01	3.051e-01	4.632e-01	4.757e-01	4.201e-01	5.043e-01	5.151e-01	4.936e-01	5.379e-01	4.096e-01	1.118e-01	4.219e-01
6.500e+03	4.635e-01	4.531e-01	4.635e-01	4.531e-01	4.427e-01	4.632e-01	4.757e-01	4.201e-01	5.043e-01	5.106e-01	4.936e-01	5.346e-01	4.096e-01	1.098e-01	4.219e-01
6.600e+03	4.635e-01	4.531e-01	4.635e-01	4.531e-01	4.427e-01	4.632e-01	4.757e-01	4.379e-01	5.043e-01	5.100e-01	4.969e-01	5.337e-01	4.096e-01	1.098e-01	4.219e-01
6.700e+03	4.635e-01	4.531e-01	4.635e-01	4.531e-01	4.427e-01	4.632e-01	4.757e-01	4.379e-01	5.043e-01	5.063e-01	4.936e-01	5.360e-01	4.096e-01	1.098e-01	4.219e-01
6.800e+03	4.635e-01	4.531e-01	4.635e-01	4.531e-01	3.051e-01	4.632e-01	4.790e-01	4.379e-01	5.048e-01	5.063e-01	4.936e-01	5.299e-01	4.096e-01	1.098e-01	4.219e-01
6.900e+03	4.635e-01	4.531e-01	4.635e-01	4.531e-01	2.891e-01	4.632e-01	4.790e-01	4.379e-01	5.043e-01	5.100e-01	4.936e-01	5.308e-01	4.016e-01	1.098e-01	4.219e-01
7.000e+03	4.635e-01	4.531e-01	4.635e-01	4.531e-01	2.891e-01	4.632e-01	4.790e-01	4.379e-01	5.043e-01	5.100e-01	4.936e-01	5.299e-01	4.016e-01	1.118e-01	4.219e-01
7.100e+03	4.635e-01	4.531e-01	4.635e-01	4.531e-01	3.051e-01	4.632e-01	4.790e-01	4.379e-01	5.043e-01	5.100e-01	4.895e-01	5.299e-01	4.016e-01	1.118e-01	4.219e-01
7.200e+03	4.635e-01	4.531e-01	4.635e-01	4.531e-01	3.180e-01	4.632e-01	4.803e-01	4.498e-01	5.043e-01	5.106e-01	4.895e-01	5.299e-01	4.016e-01	1.098e-01	4.219e-01
7.300e+03	4.635e-01	4.531e-01	4.635e-01	4.531e-01	3.180e-01	4.616e-01	4.796e-01	4.379e-01	5.048e-01	5.143e-01	4.895e-01	5.308e-01	4.096e-01	1.079e-01	4.219e-01
7.400e+03	4.635e-01	4.531e-01	4.635e-01	4.531e-01	3.180e-01	4.616e-01	4.796e-01	4.379e-01	5.048e-01	5.143e-01	4.900e-01	5.308e-01	4.096e-01	9.619e-02	4.219e-01
7.500e+03	4.635e-01	4.531e-01	4.635e-01	4.531e-01	3.051e-01	4.616e-01	4.796e-01	4.379e-01	5.048e-01	5.126e-01	4.895e-01	5.308e-01	4.096e-01	9.619e-02	4.219e-01
7.600e+03	4.635e-01	4.531e-01	4.635e-01	4.531e-01	3.051e-01	4.616e-01	4.806e-01	4.379e-01	5.048e-01	5.126e-01	4.895e-01	5.313e-01	4.096e-01	9.619e-02	4.219e-01
7.700e+03	4.635e-01	4.531e-01	4.635e-01	4.531e-01	3.051e-01	4.616e-01	4.806e-01	4.379e-01	5.048e-01	5.126e-01	4.895e-01	5.422e-01	4.096e-01	9.619e-02	4.219e-01
7.800e+03	4.635e-01	4.531e-01	4.635e-01	4.518e-01	3.051e-01	4.616e-01	4.806e-01	4.379e-01	5.048e-01	5.151e-01	4.900e-01	5.428e-01	4.096e-01	9.619e-02	4.219e-01
7.900e+03	4.635e-01	4.531e-01	4.635e-01	4.518e-01	3.051e-01	4.616e-01	4.806e-01	4.498e-01	5.048e-01	5.179e-01	4.900e-01	5.428e-01	4.016e-01	7.769e-02	4.219e-01
8.000e+03	4.635e-01	4.531e-01	4.635e-01	4.518e-01	3.051e-01	4.616e-01	4.806e-01	4.498e-01	5.048e-01	5.187e-01	4.900e-01	5.428e-01	4.016e-01	7.769e-02	4.219e-01
8.100e+03	4.635e-01	4.531e-01	4.635e-01	4.531e-01	2.891e-01	4.632e-01	4.806e-01	4.498e-01	5.048e-01	5.187e-01	4.936e-01	5.428e-01	4.016e-01	7.769e-02	4.219e-01
8.200e+03	4.635e-01	4.531e-01	4.635e-01	4.531e-01	2.891e-01	4.632e-01	4.806e-01	4.498e-01	5.048e-01	5.191e-01	4.936e-01	5.428e-01	4.016e-01	8.092e-02	4.219e-01
8.300e+03	4.635e-01	4.531e-01	4.635e-01	4.531e-01	3.051e-01	4.632e-01	4.806e-01	4.498e-01	5.048e-01	5.217e-01	4.936e-01	5.422e-01	4.016e-01	8.092e-02	4.219e-01
8.400e+03	4.635e-01	4.531e-01	4.635e-01	4.531e-01	3.051e-01	4.632e-01	4.806e-01	4.498e-01	5.048e-01	5.217e-01	4.936e-01	5.422e-01	4.016e-01	8.092e-02	4.219e-01
8.500e+03	4.635e-01	4.531e-01	4.635e-01	4.531e-01	3.051e-01	4.632e-01	4.806e-01	4.498e-01	5.048e-01	5.222e-01	4.881e-01	5.422e-01	4.016e-01	8.092e-02	4.219e-01
8.600e+03	4.635e-01	4.531e-01	4.635e-01	4.531e-01	3.051e-01	4.632e-01	4.806e-01	4.498e-01	5.048e-01	5.222e-01	4.881e-01	5.428e-01	4.016e-01	8.092e-02	4.219e-01
8.700e+03	4.635e-01	4.531e-01	4.635e-01	4.531e-01	3.051e-01	4.632e-01	4.806e-01	4.498e-01	5.048e-01	5.191e-01	4.877e-01	5.428e-01	4.016e-01	8.259e-02	4.219e-01
8.800e+03	4.635e-01	4.531e-01	4.635e-01	4.531e-01	3.051e-01	4.632e-01	4.806e-01	4.498e-01	5.048e-01	5.191e-01	4.881e-01	5.428e-01	4.016e-01	8.259e-02	4.219e-01
8.900e+03	4.635e-01	4.531e-01	4.635e-01	4.531e-01	3.051e-01	4.632e-01	4.806e-01	4.498e-01	5.048e-01	5.187e-01	4.881e-01	5.428e-01	3.107e-01	8.092e-02	4.219e-01
9.000e+03	4.635e-01	4.531e-01	4.635e-01	4.531e-01	3.051e-01	4.632e-01	4.806e-01	4.498e-01	5.048e-01	5.187e-01	4.881e-01	5.428e-01	3.107e-01	8.092e-02	4.219e-01
9.100e+03	4.635e-01	4.531e-01	4.635e-01	4.531e-01	3.051e-01	4.632e-01	4.806e-01	4.498e-01	5.048e-01	5.187e-01	4.930e-01	5.428e-01	2.631e-01	8.092e-02	4.219e-01
9.200e+03	4.635e-01	4.531e-01	4.635e-01	4.531e-01	3.051e-01	4.632e-01	4.806e-01	4.498e-01	5.048e-01	5.187e-01	4.930e-01	5.428e-01	2.631e-01	8.092e-02	4.323e-01
9.300e+03	4.635e-01	4.531e-01	4.635e-01	4.531e-01	3.051e-01	4.632e-01	4.806e-01	4.498e-01	5.048e-01	5.187e-01	4.930e-01	5.428e-01	2.631e-01	8.092e-02	4.323e-01
9.400e+03	4.635e-01	4.531e-01	4.635e-01	4.531e-01	2.891e-01	4.632e-01	4.806e-01	4.498e-01	5.048e-01	5.180e-01	4.930e-01	5.428e-01	2.631e-01	8.092e-02	4.323e-01
9.500e+03	4.635e-01	4.531e-01	4.635e-01	4.531e-01	2.585e-01	4.632e-01	4.834e-01	4.498e-01	5.071e-01	5.180e-01	4.930e-01	5.428e-01	2.631e-01	6.993e-02	4.323e-01
9.600e+03	4.635e-01	4.531e-01	4.635e-01	4.531e-01	2.585e-01	4.632e-01	4.834e-01	4.498e-01	5.071e-01	5.180e-01	4.930e-01	5.433e-01	2.631e-01	6.993e-02	4.323e-01
9.700e+03	4.635e-01	4.531e-01	4.635e-01	4.531e-01	2.585e-01	4.635e-01	4.834e-01	4.498e-01	5.071e-01	5.180e-01	4.930e-01	5.433e-01	2.772e-01	8.092e-02	4.323e-01
9.800e+03	4.635e-01	4.531e-01	4.635e-01	4.531e-01	2.585e-01	4.635e-01	4.834e-01	4.498e-01	5.071e-01	5.187e-01	4.930e-01	5.433e-01	2.772e-01	8.092e-02	4.323e-01
9.900e+03	4.635e-01	4.531e-01	4.635e-01	4.531e-01	2.585e-01	4.635e-01	4.834e-01	4.498e-01	5.071e-01	5.224e-01	4.931e-01	5.481e-01	2.772e-01	8.092e-02	4.323e-01
1.000e+04	4.635e-01	4.531e-01	4.635e-01	4.518e-01	2.537e-01	4.635e-01	4.834e-01	4.498e-01	5.071e-01	5.224e-01	4.931e-01	5.481e-01	2.772e-01	8.092e-02	4.323e-01
1.010e+04	4.635e-01	4.531e-01	4.635e-01	4.518e-01	2.537e-01	4.635e-01	4.834e-01	4.498e-01	5.071e-01	5.224e-01	4.930e-01	5.481e-01	2.772e-01	8.092e-02	4.323e-01
1.020e+04	4.635e-01	4.531e-01	4.635e-01	4.518e-01	2.537e-01	4.635e-01	4.834e-01	4.498e-01	5.071e-01	5.224e-01	4.930e-01	5.481e-01	2.772e-01	8.092e-02	4.323e-01
1.030e+04	4.626e-01	4.531e-01	4.635e-01	4.531e-01	2.537e-01	4.635e-01	4.834e-01	4.498e-01	5.071e-01	5.224e-01	4.930e-01	5.481e-01	2.772e-01	8.092e-02	4.323e-01
1.040e+04	4.626e-01	4.531e-01	4.635e-01	4.531e-01	2.537e-01	4.635e-01	4.834e-01	4.498e-01	5.071e-01	5.224e-01	4.930e-01	5.525e-01	2.772e-01	8.092e-02	4.323e-01
1.050e+04	4.626e-01	4.531e-01	4.635e-01	4.531e-01	2.537e-01	4.635e-01	4.834e-01	4.498e-01	5.071e-01	5.224e-01	4.930e-01	5.525e-01	2.772e-01	8.092e-02	4.323e-01
1.060e+04	4.626e-01	4.531e-01	4.635e-01	4.531e-01	2.537e-01	4.635e-01	4.834e-01	4.498e-01	5.071e-01	5.224e-01	4.930e-01	5.483e-01	2.772e-01	8.092e-02	4.323e-01
1.070e+04	4.626e-01	4.531e-01	4.635e-01	4.531e-01	2.537e-01	4.635e-01	4.834e-01	4.498e-01	5.071e-01	5.224e-01	4.930e-01	5.483e-01	2.772e-01	8.092e-02	4.323e-01
1.080e+04	4.626e-01	4.531e-01	4.635e-01	4.447e-01	2.256e-01	4.635e-01	4.834e-01	4.498e-01	5.071e-01	5.224e-01	4.928e-01	5.483e-01	2.772e-01	8.092e-02	4.323e-01
1.090e+04	4.626e-01	4.531e-01	4.635e-01	4.447e-01	2.256e-01	4.635e-01	4.806e-01	4.388e-01	5.071e-01	5.224e-01	4.930e-01	5.483e-01	2.772e-01	8.092e-02	4.323e-01
1.100e+04	4.626e-01	4.531e-01	4.635e-01	4.447e-01	2.256e-01	4.635e-01	4.806e-01	4.388e-01	5.071e-01	5.224e-01	4.930e-01	5.483e-01	2.772e-01	8.092e-02	4.323e-01
1.110e+04	4.587e-01	4.531e-01	4.635e-01	4.447e-01	2.125e-01	4.635e-01	4.806e-01	4.388e-01	5.071e-01	5.201e-01	4.930e-01	5.525e-01	2.772e-01	8.435e-02	4.323e-01
1.120e+04	4.587e-01	4.531e-01	4.635e-01	4.447e-01	1.915e-01	4.635e-01	4.806e-01	4.388e-01	5.071e-01	5.201e-01	4.930e-01	5.525e-01	2.009e-01	8.435e-02	4.323e-01
1.130e+04	4.587e-01	4.531e-01	4.635e-01	4.447e-01	2.125e-01	4.635e-01	4.806e-01	4.388e-01	5.071e-01	5.201e-01	5.010e-01	5.525e-01	2.009e-01	8.435e-02	4.323e-01
1.140e+04	4.587e-01	4.531e-01	4.635e-01	4.447e-01	2.125e-01	4.635e-01	4.834e-01	4.388e-01	5.071e-01	5.201e-01	5.010e-01	5.525e-01	2.009e-01	8.435e-02	4.323e-01
1.150e+04	4.587e-01	4.531e-01	4.635e-01	4.447e-01	2.125e-01	4.635e-01	4.834e-01	4.388e-01	5.071e-01	5.201e-01	5.010e-01	5.525e-01	2.009e-01	8.092e-02	4.323e-01
1.160e+04	4.587e-01	4.531e-01	4.635e-01	4.447e-01	2.125e-01	4.635e-01	4.834e-01	4.388e-01	5.071e-01	5.201e-01	5.010e-01	5.529e-01	2.009e-01	8.435e-02	4.323e-01
1.170e+04	4.587e-01	4.531e-01	4.635e-01	4.447e-01	2.125e-01	4.635e-01	4.834e-01	4.388e-01	5.071e-01	5.201e-01	5.010e-01	5.529e-01	2.009e-01	8.519e-02	4.323e-01
1.180e+04	4.587e-01	4.531e-01	4.635e-01	4.447e-01	2.125e-01	4.635e-01	4.806e-01	4.309e-01	5.071e-01	5.201e-01	5.010e-01	5.525e-01	2.009e-01	8.435e-02	4.323e-01
1.190e+04	4.587e-01	4.531e-01	4.635e-01	4.447e-01	2.125e-01	4.635e-01	4.806e-01	4.309e-01	5.071e-01	5.201e-01	5.010e-01	5.525e-01	2.009e-01	8.435e-02	4.323e-01
1.200e+04	4.587e-01	4.531e-01	4.635e-01	4.447e-01	2.125e-01	4.635e-01	4.806e-01	4.309e-01	5.061e-01	5.201e-01	4.928e-01	5.525e-01	2.009e-01	8.435e-02	4.323e-01
1.210e+04	4.587e-01	4.531e-01	4.635e-01	4.447e-01	2.125e-01	4.635e-01	4.806e-01	4.309e-01	5.061e-01	5.240e-01	4.928e-01	5.525e-01	1.619e-01	8.092e-02	4.323e-01
1.220e+04	4.593e-01	4.531e-01	4.635e-01	4.447e-01	1.843e-01	4.635e-01	4.806e-01	4.309e-01	5.061e-01	5.240e-01	4.983e-01	5.525e-01	1.619e-01	8.092e-02	4.323e-01
1.230e+04	4.593e-01	4.531e-01	4.635e-01	4.447e-01	1.843e-01	4.635e-01	4.834e-01	4.309e-01	5.061e-01	5.240e-01	5.068e-01	5.525e-01	1.619e-01	8.092e-02	4.323e-01
1.240e+04	4.593e-01	4.531e-01	4.635e-01	4.447e-01	1.843e-01	4.635e-01	4.834e-01	4.309e-01	5.071e-01	5.283e-01	4.994e-01	5.525e-01	1.619e-01	8.092e-02	4.427e-01
1.250e+04	4.593e-01	4.531e-01	4.635e-01	4.447e-01	1.843e-01	4.635e-01	4.834e-01	4.309e-01	5.071e-01	5.283e-01	4.994e-01	5.525e-01	1.619e-01	8.092e-02	4.427e-01
1.260e+04	4.593e-01	4.531e-01	4.635e-01	4.447e-01	2.125e-01	4.635e-01	4.834e-01	4.309e-01	5.071e-01	5.283e-01	4.994e-01	5.525e-01	1.619e-01	7.229e-02	4.427e-01
1.270e+04	4.593e-01	4.531e-01	4.635e-01	4.447e-01	2.125e-01	4.632e-01	4.834e-01	3.969e-01	5.071e-01	5.283e-01	4.994e-01	5.525e-01	1.619e-01	7.229e-02	4.427e-01
1.280e+04	4.593e-01	4.531e-01	4.635e-01	4.447e-01	2.125e-01	4.632e-01	4.806e-01	3.969e-01	5.071e-01	5.283e-01	4.994e-01	5.525e-01	1.619e-01	7.229e-02	4.441e-01
1.290e+04	4.593e-01	4.531e-01	4.635e-01	4.447e-01	2.125e-01	4.635e-01	4.806e-01	3.969e-01	5.071e-01	5.240e-01	4.928e-01	5.481e-01	1.619e-01	8.092e-02	4.441e-01
1.300e+04	4.593e-01	4.531e-01	4.635e-01	3.187e-01	2.125e-01	4.635e-01	4.806e-01	3.969e-01	5.071e-01	5.240e-01	4.928e-01	5.481e-01	2.009e-01	8.435e-02	4.427e-01
1.310e+04	4.593e-01	4.531e-01	4.635e-01	3.187e-01	1.989e-01	4.635e-01	4.806e-01	3.969e-01	5.071e-01	5.283e-01	4.928e-01	5.481e-01	4.219e-01	9.049e-02	4.441e-01
1.320e+04	4.593e-01	4.531e-01	4.635e-01	3.187e-01	1.989e-01	4.635e-01	4.806e-01	3.969e-01	5.071e-01	5.283e-01	4.928e-01	5.481e-01	4.219e-01	9.049e-02	4.441e-01
1.330e+04	4.593e-01	4.531e-01	4.635e-01	3.180e-01	1.888e-01	4.632e-01	4.806e-01	3.969e-01	5.071e-01	5.341e-01	4.928e-01	5.525e-01	4.219e-01	9.049e-02	4.441e-01
1.340e+04	4.593e-01	4.531e-01	4.635e-01	3.180e-01	1.888e-01	4.575e-01	4.806e-01	3.969e-01	5.071e-01	5.341e-01	4.928e-01	5.525e-01	2.009e-01	8.435e-02	4.441e-01
1.350e+04	4.593e-01	4.531e-01	4.635e-01	3.180e-01	1.888e-01	4.575e-01	4.806e-01	3.969e-01	5.071e-01	5.341e-01	4.928e-01	5.525e-01	2.096e-01	9.049e-02	4.441e-01
1.360e+04	4.593e-01	4.531e-01	4.635e-01	3.180e-01	1.989e-01	4.575e-01	4.806e-01	3.969e-01	5.071e-01	5.341e-01	4.928e-01	5.525e-01	2.096e-01	9.049e-02	4.441e-01
1.370e+04	4.593e-01	4.531e-01	4.635e-01	3.180e-01	1.989e-01	4.575e-01	4.806e-01	3.969e-01	5.071e-01	5.341e-01	4.928e-01	5.525e-01	2.096e-01	9.049e-02	4.441e-01
1.380e+04	4.593e-01	4.531e-01	4.635e-01	3.187e-01	1.989e-01	4.632e-01	4.821e-01	3.969e-01	5.071e-01	5.341e-01	4.928e-01	5.525e-01	2.096e-01	9.049e-02	4.427e-01
1.390e+04	4.593e-01	4.531e-01	4.635e-01	3.187e-01	2.125e-01	4.632e-01	4.821e-01	3.969e-01	5.071e-01	5.341e-01	4.928e-01	5.525e-01	2.096e-01	9.049e-02	4.427e-01
1.400e+04	4.593e-01	4.531e-01	4.635e-01	3.187e-01	2.125e-01	4.632e-01	4.821e-01	4.244e-01	5.071e-01	5.341e-01	4.928e-01	5.525e-01	4.219e-01	9.579e-02	4.572e-01
1.410e+04	4.593e-01	4.531e-01	4.635e-01	3.187e-01	2.125e-01	4.632e-01	4.834e-01	4.309e-01	5.071e-01	5.341e-01	4.928e-01	5.481e-01	4.219e-01	9.579e-02	4.572e-01
1.420e+04	4.593e-01	4.531e-01	4.635e-01	3.187e-01	2.125e-01	4.632e-01	4.834e-01	4.309e-01	5.071e-01	5.341e-01	4.928e-01	5.481e-01	4.219e-01	9.579e-02	4.572e-01
1.430e+04	4.593e-01	4.531e-01	4.635e-01	3.187e-01	2.125e-01	4.632e-01	4.834e-01	4.309e-01	5.071e-01	5.341e-01	4.928e-01	5.481e-01	4.219e-01	1.034e-01	4.572e-01
1.440e+04	4.593e-01	4.531e-01	4.635e-01	3.187e-01	2.125e-01	4.632e-01	4.846e-01	4.309e-01	5.078e-01	5.283e-01	4.928e-01	5.479e-01	4.219e-01	1.034e-01	4.572e-01
1.450e+04	4.593e-01	4.531e-01	4.635e-01	3.187e-01	2.125e-01	4.632e-01	4.916e-01	4.309e-01	5.118e-01	5.283e-01	4.928e-01	5.479e-01	4.219e-01	1.034e-01	4.572e-01
1.460e+04	4.593e-01	4.531e-01	4.635e-01	3.187e-01	2.125e-01	4.632e-01	4.846e-01	4.309e-01	5.114e-01	5.283e-01	4.928e-01	5.479e-01	4.219e-01	1.034e-01	4.572e-01
1.470e+04	4.593e-01	4.531e-01	4.635e-01	3.187e-01	2.125e-01	4.632e-01	4.846e-01	4.309e-01	5.114e-01	5.283e-01	4.928e-01	5.479e-01	4.219e-01	9.579e-02	4.572e-01
1.480e+04	4.635e-01	4.531e-01	4.635e-01	3.187e-01	2.125e-01	4.632e-01	4.846e-01	4.309e-01	5.114e-01	5.283e-01	4.928e-01	5.479e-01	4.219e-01	9.579e-02	4.572e-01
1.490e+04	4.635e-01	4.531e-01	4.635e-01	3.187e-01	2.125e-01	4.632e-01	4.846e-01	4.309e-01	5.114e-01	5.283e-01	4.928e-01	5.479e-01	4.219e-01	9.579e-02	4.572e-01
1.500e+04	4.635e-01	4.531e-01	4.635e-01	3.180e-01	1.989e-01	4.575e-01	4.846e-01	4.309e-01	5.114e-01	5.283e-01	4.928e-01	5.479e-01	4.219e-01	9.579e-02	4.572e-01
1.510e+04	4.635e-01	4.531e-01	4.635e-01	3.180e-01	1.989e-01	4.575e-01	4.846e-01	4.309e-01	5.114e-01	5.283e-01	4.928e-01	5.479e-01	4.219e-01	9.579e-02	4.572e-01
1.520e+04	4.635e-01	4.531e-01	4.635e-01	3.180e-01	1.989e-01	4.575e-01	4.846e-01	4.309e-01	5.114e-01	5.283e-01	4.928e-01	5.479e-01	4.219e-01	9.049e-02	4.572e-01
1.530e+04	4.635e-01	4.531e-01	4.635e-01	3.180e-01	1.989e-01	4.575e-01	4.846e-01	4.309e-01	5.114e-01	5.283e-01	4.928e-01	5.479e-01	4.219e-01	9.049e-02	4.572e-01
1.540e+04	4.635e-01	4.531e-01	4.635e-01	3.180e-01	1.989e-01	4.575e-01	4.834e-01	4.309e-01	5.114e-01	5.283e-01	4.928e-01	5.479e-01	4.219e-01	9.049e-02	4.622e-01
1.550e+04	4.635e-01	4.531e-01	4.635e-01	3.180e-01	1.989e-01	4.575e-01	4.834e-01	4.309e-01	5.114e-01	5.283e-01	4.928e-01	5.479e-01	4.219e-01	9.049e-02	4.572e-01
1.560e+04	4.635e-01	4.531e-01	4.635e-01	3.187e-01	1.989e-01	4.635e-01	4.834e-01	4.309e-01	5.114e-01	5.283e-01	4.928e-01	5.479e-01	4.219e-01	9.049e-02	4.572e-01
1.570e+04	4.635e-01	4.531e-01	4.635e-01	3.187e-01	1.989e-01	4.635e-01	4.834e-01	4.309e-01	5.114e-01	5.283e-01	4.928e-01	5.479e-01	4.219e-01	8.227e-02	4.572e-01
1.580e+04	4.635e-01	4.531e-01	4.635e-01	3.187e-01	1.989e-01	4.635e-01	4.834e-01	4.309e-01	5.114e-01	5.283e-01	4.928e-01	5.451e-01	4.219e-01	8.227e-02	4.572e-01
1.590e+04	4.635e-01	4.531e-01	4.635e-01	3.187e-01	1.989e-01	4.635e-01	4.834e-01	4.309e-01	5.118e-01	5.283e-01	4.928e-01	5.451e-01	4.219e-01	8.227e-02	4.572e-01
1.600e+04	4.599e-01	4.531e-01	4.635e-01	3.180e-01	1.843e-01	4.575e-01	4.834e-01	4.309e-01	5.118e-01	5.283e-01	4.928e-01	5.451e-01	4.219e-01	8.227e-02	4.572e-01
1.610e+04	4.599e-01	4.531e-01	4.635e-01	3.180e-01	1.843e-01	4.575e-01	4.846e-01	4.496e-01	5.122e-01	5.283e-01	4.928e-01	5.451e-01	4.219e-01	8.227e-02	4.572e-01
1.620e+04	4.599e-01	4.531e-01	4.635e-01	3.187e-01	1.989e-01	4.635e-01	4.846e-01	4.496e-01	5.122e-01	5.283e-01	4.928e-01	5.451e-01	4.219e-01	9.049e-02	4.471e-01
1.630e+04	4.599e-01	4.531e-01	4.635e-01	3.187e-01	1.989e-01	4.635e-01	4.846e-01	4.496e-01	5.122e-01	5.283e-01	4.928e-01	5.451e-01	4.219e-01	9.049e-02	4.471e-01
1.640e+04	4.599e-01	4.531e-01	4.635e-01	3.187e-01	1.989e-01	4.635e-01	4.846e-01	4.496e-01	5.122e-01	5.283e-01	4.928e-01	5.451e-01	4.219e-01	8.092e-02	4.471e-01
1.650e+04	4.599e-01	4.531e-01	4.635e-01	3.187e-01	1.989e-01	4.635e-01	4.846e-01	4.496e-01	5.122e-01	5.283e-01	4.928e-01	5.451e-01	4.219e-01	7.912e-02	4.471e-01
1.660e+04	4.599e-01	4.531e-01	4.635e-01	3.187e-01	1.989e-01	4.635e-01	4.846e-01	4.309e-01	5.122e-01	5.283e-01	4.928e-01	5.451e-01	4.219e-01	7.811e-02	4.471e-01
1.670e+04	4.599e-01	4.531e-01	4.635e-01	3.187e-01	1.989e-01	4.635e-01	4.846e-01	4.309e-01	5.122e-01	5.283e-01	4.928e-01	5.451e-01	4.219e-01	7.811e-02	4.471e-01
1.680e+04	4.599e-01	4.531e-01	4.635e-01	3.187e-01	1.989e-01	4.635e-01	4.846e-01	4.309e-01	5.122e-01	5.283e-01	5.002e-01	5.451e-01	4.219e-01	7.811e-02	4.471e-01
1.690e+04	4.599e-01	4.531e-01	4.635e-01	3.187e-01	2.125e-01	4.635e-01	4.846e-01	4.309e-01	5.122e-01	5.283e-01	5.002e-01	5.451e-01	4.219e-01	7.811e-02	4.471e-01
1.700e+04	4.599e-01	4.531e-01	4.635e-01	3.187e-01	2.125e-01	4.635e-01	4.846e-01	4.309e-01	5.122e-01	5.283e-01	5.002e-01	5.451e-01	4.219e-01	7.811e-02	4.471e-01
1.710e+04	4.599e-01	4.531e-01	4.635e-01	3.187e-01	2.125e-01	4.635e-01	4.846e-01	4.309e-01	5.122e-01	5.283e-01	5.002e-01	5.451e-01	4.219e-01	7.811e-02	4.471e-01
1.720e+04	4.599e-01	4.531e-01	4.635e-01	3.180e-01	1.843e-01	4.635e-01	4.846e-01	4.309e-01	5.122e-01	5.283e-01	5.002e-01	5.451e-01	4.219e-01	7.811e-02	4.471e-01
1.730e+04	4.599e-01	4.531e-01	4.635e-01	3.180e-01	1.843e-01	4.635e-01	4.834e-01	4.309e-01	5.122e-01	5.283e-01	5.002e-01	5.451e-01	4.219e-01	7.811e-02	4.471e-01
1.740e+04	4.599e-01	4.531e-01	4.635e-01	3.061e-01	1.843e-01	4.575e-01	4.834e-01	4.309e-01	5.122e-01	5.283e-01	5.002e-01	5.451e-01	4.219e-01	8.092e-02	4.471e-01
1.750e+04	4.599e-01	4.531e-01	4.635e-01	3.061e-01	1.843e-01	4.575e-01	4.834e-01	4.309e-01	5.122e-01	5.283e-01	5.002e-01	5.451e-01	4.219e-01	8.092e-02	4.471e-01
1.760e+04	4.599e-01	4.531e-01	4.635e-01	3.061e-01	1.843e-01	4.575e-01	4.834e-01	4.309e-01	5.122e-01	5.283e-01	5.002e-01	5.451e-01	4.219e-01	8.092e-02	4.471e-01
1.770e+04	4.599e-01	4.531e-01	4.635e-01	3.061e-01	1.843e-01	4.575e-01	4.834e-01	4.309e-01	5.122e-01	5.283e-01	5.002e-01	5.451e-01	4.219e-01	8.092e-02	4.471e-01
1.780e+04	4.599e-01	4.531e-01	4.635e-01	3.061e-01	1.843e-01	4.575e-01	4.834e-01	4.309e-01	5.122e-01	5.283e-01	5.002e-01	5.451e-01	4.219e-01	8.092e-02	4.471e-01
1.790e+04	4.599e-01	4.531e-01	4.635e-01	3.061e-01	1.843e-01	4.575e-01	4.834e-01	4.309e-01	5.122e-01	5.283e-01	5.002e-01	5.451e-01	4.219e-01	8.332e-02	4.471e-01
1.800e+04	4.599e-01	4.531e-01	4.635e-01	3.061e-01	1.843e-01	4.575e-01	4.834e-01	4.309e-01	5.122e-01	5.283e-01	5.002e-01	5.451e-01	4.219e-01	8.092e-02	4.471e-01
1.810e+04	4.599e-01	4.531e-01	4.635e-01	3.061e-01	1.843e-01	4.575e-01	4.834e-01	4.309e-01	5.122e-01	5.283e-01	5.002e-01	5.451e-01	4.219e-01	8.092e-02	4.471e-01
1.820e+04	4.599e-01	4.531e-01	4.635e-01	3.061e-01	1.843e-01	4.575e-01	4.834e-01	4.309e-01	5.122e-01	5.283e-01	5.002e-01	5.451e-01	4.219e-01	8.092e-02	4.471e-01
1.830e+04	4.599e-01	4.531e-01	4.635e-01	3.051e-01	1.843e-01	4.566e-01	4.834e-01	4.309e-01	5.122e-01	5.283e-01	5.002e-01	5.451e-01	4.219e-01	8.092e-02	4.471e-01
1.840e+04	4.599e-01	4.531e-01	4.635e-01	3.051e-01	1.843e-01	4.566e-01	4.834e-01	4.309e-01	5.122e-01	5.283e-01	5.002e-01	5.451e-01	3.383e-01	7.485e-02	4.471e-01
1.850e+04	4.599e-01	4.531e-01	4.635e-01	3.051e-01	1.843e-01	4.566e-01	4.834e-01	4.309e-01	5.122e-01	5.283e-01	5.002e-01	5.451e-01	3.383e-01	7.485e-02	4.471e-01
1.860e+04	4.599e-01	4.531e-01	4.635e-01	3.051e-01	1.843e-01	4.566e-01	4.834e-01	4.309e-01	5.122e-01	5.283e-01	5.002e-01	5.451e-01	3.383e-01	7.485e-02	4.471e-01
1.870e+04	4.599e-01	4.531e-01	4.635e-01	3.051e-01	1.843e-01	4.566e-01	4.834e-01	4.309e-01	5.122e-01	5.283e-01	5.002e-01	5.479e-01	3.383e-01	7.485e-02	4.471e-01
1.880e+04	4.599e-01	4.531e-01	4.635e-01	3.061e-01	1.843e-01	4.566e-01	4.834e-01	4.309e-01	5.122e-01	5.283e-01	5.002e-01	5.481e-01	4.219e-01	7.485e-02	4.588e-01
1.890e+04	4.599e-01	4.531e-01	4.635e-01	3.061e-01	1.843e-01	4.566e-01	4.834e-01	4.309e-01	5.122e-01	5.283e-01	5.002e-01	5.481e-01	4.219e-01	7.485e-02	4.588e-01
1.900e+04	4.599e-01	4.531e-01	4.635e-01	3.061e-01	1.843e-01	4.566e-01	4.834e-01	4.309e-01	5.122e-01	5.201e-01	4.928e-01	5.481e-01	4.219e-01	7.485e-02	4.588e-01
1.910e+04	4.599e-01	4.531e-01	4.635e-01	3.061e-01	1.843e-01	4.566e-01	4.834e-01	4.309e-01	5.122e-01	5.201e-01	4.928e-01	5.481e-01	4.219e-01	7.485e-02	4.588e-01
1.920e+04	4.599e-01	4.531e-01	4.635e-01	3.061e-01	1.843e-01	4.566e-01	4.834e-01	4.380e-01	5.122e-01	5.201e-01	4.928e-01	5.481e-01	4.219e-01	7.485e-02	4.588e-01
1.930e+04	4.599e-01	4.531e-01	4.635e-01	3.061e-01	1.843e-01	4.566e-01	4.968e-01	4.380e-01	5.122e-01	5.201e-01	4.928e-01	5.481e-01	4.219e-01	7.485e-02	4.596e-01
1.940e+04	4.599e-01	4.531e-01	4.635e-01	3.061e-01	1.843e-01	4.566e-01	4.968e-01	4.380e-01	5.122e-01	5.201e-01	4.928e-01	5.481e-01	4.219e-01	7.485e-02	4.596e-01
1.950e+04	4.599e-01	4.531e-01	4.635e-01	3.061e-01	1.843e-01	4.566e-01	4.968e-01	4.380e-01	5.122e-01	5.199e-01	4.928e-01	5.481e-01	4.219e-01	7.485e-02	4.596e-01
1.960e+04	4.599e-01	4.531e-01	4.635e-01	3.061e-01	1.843e-01	4.566e-01	4.968e-01	4.380e-01	5.122e-01	5.199e-01	4.928e-01	5.481e-01	4.219e-01	7.485e-02	4.596e-01
1.970e+04	4.599e-01	4.531e-01	4.635e-01	3.061e-01	1.843e-01	4.566e-01	4.845e-01	4.380e-01	5.122e-01	5.199e-01	4.928e-01	5.481e-01	4.219e-01	7.485e-02	4.596e-01
1.980e+04	4.599e-01	4.531e-01	4.635e-01	3.061e-01	1.843e-01	4.566e-01	4.968e-01	4.380e-01	5.122e-01	5.199e-01	4.928e-01	5.481e-01	4.219e-01	7.485e-02	4.596e-01
1.990e+04	4.599e-01	4.531e-01	4.635e-01	3.061e-01	1.843e-01	4.566e-01	4.968e-01	4.380e-01	5.122e-01	5.199e-01	4.928e-01	5.481e-01	4.219e-01	8.092e-02	4.596e-01
2.000e+04	4.599e-01	4.531e-01	4.635e-01	3.061e-01	1.843e-01	4.566e-01	4.968e-01	4.380e-01	5.122e-01	5.199e-01	4.928e-01	5.481e-01	4.219e-01	8.092e-02	4.596e-01
2.010e+04	4.599e-01	4.531e-01	4.635e-01	3.061e-01	1.843e-01	4.566e-01	4.968e-01	4.380e-01	5.118e-01	5.199e-01	4.928e-01	5.481e-01	4.219e-01	8.092e-02	4.596e-01
2.020e+04	4.599e-01	4.531e-01	4.635e-01	3.061e-01	1.843e-01	4.566e-01	4.968e-01	4.380e-01	5.118e-01	5.199e-01	4.928e-01	5.481e-01	4.219e-01	8.092e-02	4.596e-01
2.030e+04	4.599e-01	4.531e-01	4.635e-01	3.061e-01	1.843e-01	4.566e-01	4.968e-01	4.380e-01	5.122e-01	5.199e-01	4.928e-01	5.481e-01	4.219e-01	8.092e-02	4.596e-01
2.040e+04	4.599e-01	4.531e-01	4.635e-01	3.061e-01	1.843e-01	4.566e-01	4.968e-01	4.380e-01	5.122e-01	5.199e-01	4.928e-01	5.481e-01	4.219e-01	8.092e-02	4.596e-01
2.050e+04	4.599e-01	4.531e-01	4.635e-01	3.051e-01	1.843e-01	4.535e-01	4.968e-01	4.380e-01	5.122e-01	5.199e-01	4.928e-01	5.481e-01	4.219e-01	8.092e-02	4.597e-01
2.060e+04	4.630e-01	4.531e-01	4.635e-01	3.045e-01	1.843e-01	4.535e-01	4.968e-01	4.380e-01	5.122e-01	5.199e-01	4.928e-01	5.481e-01	4.219e-01	8.092e-02	4.597e-01
2.070e+04	4.630e-01	4.531e-01	4.635e-01	3.045e-01	1.843e-01	4.535e-01	4.968e-01	4.380e-01	5.122e-01	5.199e-01	4.928e-01	5.481e-01	4.219e-01	8.092e-02	4.597e-01
2.080e+04	4.630e-01	4.531e-01	4.635e-01	3.045e-01	1.843e-01	4.535e-01	4.845e-01	4.380e-01	5.118e-01	5.201e-01	4.928e-01	5.481e-01	4.219e-01	8.092e-02	4.597e-01
2.090e+04	4.635e-01	4.531e-01	4.635e-01	3.045e-01	1.843e-01	4.535e-01	4.845e-01	4.380e-01	5.118e-01	5.201e-01	4.928e-01	5.481e-01	4.219e-01	8.092e-02	4.597e-01
2.100e+04	4.635e-01	4.531e-01	4.635e-01	3.045e-01	1.843e-01	4.535e-01	4.845e-01	4.380e-01	5.118e-01	5.201e-01	4.928e-01	5.481e-01	4.219e-01	8.332e-02	4.597e-01
2.110e+04	4.635e-01	4.531e-01	4.635e-01	3.013e-01	1.401e-01	4.535e-01	4.845e-01	4.380e-01	5.118e-01	5.268e-01	5.002e-01	5.481e-01	4.219e-01	8.332e-02	4.598e-01
2.120e+04	4.635e-01	4.531e-01	4.635e-01	3.045e-01	1.589e-01	4.535e-01	4.845e-01	4.380e-01	5.118e-01	5.268e-01	5.002e-01	5.479e-01	4.219e-01	8.332e-02	4.598e-01
2.130e+04	4.635e-01	4.531e-01	4.635e-01	3.045e-01	1.589e-01	4.535e-01	4.845e-01	4.380e-01	5.118e-01	5.268e-01	5.002e-01	5.479e-01	4.219e-01	8.332e-02	4.598e-01
2.140e+04	4.635e-01	4.531e-01	4.635e-01	3.045e-01	1.589e-01	4.532e-01	4.845e-01	4.380e-01	5.118e-01	5.268e-01	5.002e-01	5.476e-01	4.219e-01	8.332e-02	4.598e-01
2.150e+04	4.635e-01	4.531e-01	4.635e-01	3.045e-01	1.589e-01	4.532e-01	4.820e-01	4.380e-01	5.118e-01	5.268e-01	5.041e-01	5.476e-01	4.219e-01	8.332e-02	4.598e-01
2.160e+04	4.635e-01	4.531e-01	4.635e-01	3.045e-01	1.401e-01	4.532e-01	4.820e-01	4.380e-01	5.118e-01	5.268e-01	5.041e-01	5.476e-01	4.219e-01	8.092e-02	4.598e-01
2.170e+04	4.635e-01	4.531e-01	4.635e-01	3.045e-01	1.401e-01	4.532e-01	4.820e-01	4.380e-01	5.118e-01	5.268e-01	5.041e-01	5.476e-01	4.219e-01	8.092e-02	4.598e-01
2.180e+04	4.635e-01	4.531e-01	4.635e-01	3.013e-01	1.401e-01	4.532e-01	4.820e-01	4.380e-01	5.118e-01	5.268e-01	5.041e-01	5.479e-01	4.219e-01	8.092e-02	4.598e-01
2.190e+04	4.635e-01	4.531e-01	4.635e-01	3.013e-01	1.401e-01	4.532e-01	4.820e-01	4.380e-01	5.118e-01	5.268e-01	5.041e-01	5.479e-01	4.219e-01	8.092e-02	4.598e-01
2.200e+04	4.635e-01	4.532e-01	4.635e-01	3.013e-01	1.401e-01	4.532e-01	4.820e-01	4.330e-01	5.118e-01	5.268e-01	5.041e-01	5.479e-01	4.219e-01	8.092e-02	4.598e-01
2.210e+04	4.635e-01	4.532e-01	4.635e-01	3.013e-01	1.401e-01	4.532e-01	4.820e-01	4.330e-01	5.122e-01	5.268e-01	5.041e-01	5.479e-01	4.219e-01	8.092e-02	4.598e-01
2.220e+04	4.635e-01	4.532e-01	4.635e-01	3.013e-01	1.401e-01	4.532e-01	4.820e-01	4.337e-01	5.122e-01	5.268e-01	5.041e-01	5.479e-01	4.219e-01	8.092e-02	4.598e-01
2.230e+04	4.635e-01	4.532e-01	4.635e-01	3.013e-01	1.401e-01	4.532e-01	4.820e-01	4.337e-01	5.122e-01	5.268e-01	5.041e-01	5.479e-01	4.219e-01	8.092e-02	4.598e-01
2.240e+04	4.635e-01	4.532e-01	4.635e-01	3.013e-01	1.401e-01	4.532e-01	4.820e-01	4.337e-01	5.118e-01	5.268e-01	5.041e-01	5.479e-01	4.219e-01	8.092e-02	4.598e-01
2.250e+04	4.635e-01	4.532e-01	4.635e-01	3.013e-01	1.401e-01	4.532e-01	4.820e-01	4.337e-01	5.118e-01	5.268e-01	5.041e-01	5.479e-01	4.219e-01	8.092e-02	4.598e-01
2.260e+04	4.635e-01	4.532e-01	4.635e-01	3.013e-01	1.401e-01	4.532e-01	4.820e-01	4.337e-01	5.118e-01	5.268e-01	5.058e-01	5.479e-01	4.219e-01	8.092e-02	4.598e-01
2.270e+04	4.635e-01	4.532e-01	4.635e-01	3.013e-01	1.401e-01	4.532e-01	4.820e-01	4.337e-01	5.118e-01	5.268e-01	5.058e-01	5.479e-01	4.219e-01	8.092e-02	4.598e-01
2.280e+04	4.635e-01	4.532e-01	4.635e-01	3.013e-01	1.401e-01	4.532e-01	4.820e-01	4.337e-01	5.118e-01	5.268e-01	5.058e-01	5.479e-01	4.219e-01	8.092e-02	4.598e-01
2.290e+04	4.635e-01	4.532e-01	4.635e-01	3.013e-01	1.401e-01	4.532e-01	4.820e-01	4.337e-01	5.118e-01	5.268e-01	5.058e-01	5.479e-01	4.219e-01	8.092e-02	4.598e-01
2.300e+04	4.635e-01	4.532e-01	4.635e-01	3.013e-01	1.401e-01	4.532e-01	4.820e-01	4.337e-01	5.118e-01	5.268e-01	5.058e-01	5.479e-01	4.219e-01	8.092e-02	4.598e-01
2.310e+04	4.635e-01	4.532e-01	4.635e-01	3.013e-01	1.401e-01	4.532e-01	4.820e-01	4.337e-01	5.118e-01	5.268e-01	5.058e-01	5.479e-01	4.219e-01	9.034e-02	4.598e-01
2.320e+04	4.635e-01	4.532e-01	4.635e-01	3.013e-01	1.401e-01	4.532e-01	4.820e-01	4.337e-01	5.118e-01	5.268e-01	5.058e-01	5.479e-01	4.219e-01	9.034e-02	4.598e-01
2.330e+04	4.635e-01	4.532e-01	4.635e-01	3.013e-01	1.401e-01	4.532e-01	4.820e-01	4.337e-01	5.118e-01	5.268e-01	5.058e-01	5.479e-01	4.219e-01	9.034e-02	4.598e-01
2.340e+04	4.635e-01	4.532e-01	4.635e-01	3.013e-01	1.401e-01	4.532e-01	4.893e-01	4.505e-01	5.118e-01	5.268e-01	5.058e-01	5.479e-01	4.219e-01	9.034e-02	4.598e-01
2.350e+04	4.635e-01	4.532e-01	4.635e-01	3.013e-01	1.401e-01	4.532e-01	4.861e-01	4.505e-01	5.118e-01	5.268e-01	5.058e-01	5.479e-01	4.219e-01	9.034e-02	4.598e-01
2.360e+04	4.635e-01	4.532e-01	4.635e-01	3.013e-01	1.401e-01	4.532e-01	4.861e-01	4.505e-01	5.118e-01	5.268e-01	5.058e-01	5.479e-01	4.219e-01	9.034e-02	4.598e-01
2.370e+04	4.635e-01	4.532e-01	4.635e-01	3.013e-01	1.401e-01	4.532e-01	4.861e-01	4.505e-01	5.122e-01	5.268e-01	5.058e-01	5.479e-01	4.219e-01	9.034e-02	4.598e-01
2.380e+04	4.635e-01	4.532e-01	4.635e-01	2.559e-01	1.401e-01	4.531e-01	4.799e-01	4.505e-01	5.122e-01	5.268e-01	5.058e-01	5.479e-01	4.219e-01	9.034e-02	4.598e-01
2.390e+04	4.635e-01	4.532e-01	4.635e-01	2.559e-01	1.401e-01	4.531e-01	4.799e-01	4.505e-01	5.122e-01	5.268e-01	5.058e-01	5.479e-01	4.219e-01	8.092e-02	4.598e-01
2.400e+04	4.635e-01	4.532e-01	4.635e-01	2.559e-01	1.401e-01	4.531e-01	4.799e-01	4.505e-01	5.118e-01	5.268e-01	5.058e-01	5.479e-01	4.219e-01	8.092e-02	4.598e-01
2.410e+04	4.635e-01	4.532e-01	4.635e-01	2.559e-01	1.401e-01	4.532e-01	4.799e-01	4.505e-01	5.118e-01	5.268e-01	5.058e-01	5.479e-01	4.219e-01	8.092e-02	4.598e-01
2.420e+04	4.635e-01	4.532e-01	4.635e-01	2.559e-01	1.401e-01	4.532e-01	4.799e-01	4.505e-01	5.118e-01	5.268e-01	5.058e-01	5.479e-01	4.219e-01	8.092e-02	4.598e-01
2.430e+04	4.635e-01	4.532e-01	4.635e-01	2.559e-01	1.401e-01	4.532e-01	4.799e-01	4.505e-01	5.118e-01	5.268e-01	5.058e-01	5.479e-01	4.219e-01	8.092e-02	4.598e-01
2.440e+04	4.635e-01	4.532e-01	4.635e-01	2.559e-01	1.401e-01	4.532e-01	4.799e-01	4.505e-01	5.118e-01	5.268e-01	5.058e-01	5.487e-01	4.219e-01	9.034e-02	4.598e-01
2.450e+04	4.635e-01	4.532e-01	4.635e-01	2.559e-01	1.401e-01	4.532e-01	4.799e-01	4.505e-01	5.118e-01	5.268e-01	5.058e-01	5.476e-01	4.219e-01	9.034e-02	4.598e-01
2.460e+04	4.635e-01	4.532e-01	4.635e-01	2.559e-01	1.401e-01	4.532e-01	4.799e-01	4.505e-01	5.118e-01	5.268e-01	5.058e-01	5.431e-01	4.219e-01	9.034e-02	4.598e-01
2.470e+04	4.635e-01	4.533e-01	4.635e-01	2.537e-01	1.401e-01	4.037e-01	4.799e-01	4.505e-01	5.118e-01	5.268e-01	5.058e-01	5.431e-01	4.219e-01	9.034e-02	4.598e-01
2.480e+04	4.635e-01	4.533e-01	4.635e-01	2.537e-01	1.401e-01	4.037e-01	4.799e-01	4.382e-01	5.118e-01	5.268e-01	5.058e-01	5.431e-01	4.219e-01	9.034e-02	4.598e-01
2.490e+04	4.635e-01	4.533e-01	4.635e-01	2.125e-01	1.401e-01	3.187e-01	4.799e-01	4.382e-01	5.118e-01	5.268e-01	5.034e-01	5.431e-01	4.219e-01	9.034e-02	4.598e-01
2.500e+04	4.635e-01	4.533e-01	4.635e-01	2.125e-01	1.401e-01	3.187e-01	4.799e-01	4.382e-01	5.118e-01	5.268e-01	5.034e-01	5.431e-01	4.219e-01	9.034e-02	4.598e-01
2.510e+04	4.635e-01	4.533e-01	4.635e-01	2.125e-01	1.401e-01	3.187e-01	4.799e-01	4.382e-01	5.118e-01	5.268e-01	5.034e-01	5.431e-01	4.219e-01	9.034e-02	4.598e-01
2.520e+04	4.635e-01	4.533e-01	4.635e-01	2.125e-01	1.401e-01	3.187e-01	4.815e-01	4.382e-01	5.118e-01	5.268e-01	5.034e-01	5.431e-01	4.219e-01	9.034e-02	4.598e-01
2.530e+04	4.635e-01	4.533e-01	4.635e-01	2.125e-01	1.401e-01	3.187e-01	4.815e-01	4.382e-01	5.118e-01	5.268e-01	5.034e-01	5.431e-01	4.219e-01	9.034e-02	4.598e-01
2.540e+04	4.635e-01	4.533e-01	4.635e-01	2.125e-01	1.401e-01	3.138e-01	4.815e-01	4.382e-01	5.118e-01	5.268e-01	5.034e-01	5.431e-01	4.219e-01	9.034e-02	4.598e-01
2.550e+04	4.635e-01	4.533e-01	4.635e-01	2.125e-01	1.401e-01	3.138e-01	4.815e-01	4.382e-01	5.118e-01	5.268e-01	5.034e-01	5.431e-01	4.219e-01	9.034e-02	4.598e-01
2.560e+04	4.635e-01	4.533e-01	4.635e-01	2.125e-01	1.401e-01	3.138e-01	4.815e-01	4.382e-01	5.118e-01	5.268e-01	5.034e-01	5.431e-01	4.219e-01	9.034e-02	4.598e-01
2.570e+04	4.635e-01	4.533e-01	4.635e-01	2.125e-01	1.401e-01	3.138e-01	4.820e-01	4.382e-01	5.122e-01	5.268e-01	5.034e-01	5.431e-01	4.219e-01	9.034e-02	4.598e-01
2.580e+04	4.635e-01	4.533e-01	4.635e-01	2.125e-01	1.401e-01	3.138e-01	4.820e-01	4.382e-01	5.122e-01	5.268e-01	5.034e-01	5.431e-01	4.219e-01	9.034e-02	4.598e-01
2.590e+04	4.635e-01	4.533e-01	4.635e-01	2.125e-01	1.401e-01	3.138e-01	4.820e-01	4.382e-01	5.122e-01	5.268e-01	5.034e-01	5.431e-01	4.219e-01	9.034e-02	4.598e-01
2.600e+04	4.635e-01	4.533e-01	4.635e-01	2.125e-01	1.401e-01	3.138e-01	4.820e-01	4.382e-01	5.122e-01	5.268e-01	5.034e-01	5.431e-01	4.219e-01	9.034e-02	4.598e-01
2.610e+04	4.635e-01	4.533e-01	4.635e-01	2.125e-01	1.401e-01	3.138e-01	4.820e-01	4.382e-01	5.122e-01	5.268e-01	5.034e-01	5.431e-01	4.219e-01	9.034e-02	4.598e-01
2.620e+04	4.635e-01	4.533e-01	4.635e-01	2.125e-01	1.401e-01	3.138e-01	4.820e-01	4.382e-01	5.122e-01	5.268e-01	5.034e-01	5.431e-01	4.219e-01	9.034e-02	4.598e-01
2.630e+04	4.635e-01	4.533e-01	4.635e-01	2.125e-01	1.401e-01	3.138e-01	4.820e-01	4.382e-01	5.122e-01	5.268e-01	5.034e-01	5.431e-01	4.219e-01	9.034e-02	4.598e-01
2.640e+04	4.635e-01	4.533e-01	4.635e-01	2.125e-01	1.401e-01	3.138e-01	4.820e-01	4.382e-01	5.122e-01	5.268e-01	5.034e-01	5.469e-01	4.219e-01	9.034e-02	4.598e-01
2.650e+04	4.635e-01	4.533e-01	4.635e-01	2.125e-01	1.401e-01	3.138e-01	4.820e-01	4.382e-01	5.122e-01	5.268e-01	5.034e-01	5.469e-01	4.219e-01	9.034e-02	4.598e-01
2.660e+04	4.635e-01	4.533e-01	4.635e-01	2.125e-01	1.401e-01	3.138e-01	4.820e-01	4.382e-01	5.122e-01	5.268e-01	5.034e-01	5.469e-01	4.219e-01	9.034e-02	4.598e-01
2.670e+04	4.635e-01	4.533e-01	4.635e-01	2.125e-01	1.401e-01	3.138e-01	4.820e-01	4.382e-01	5.122e-01	5.268e-01	5.034e-01	5.431e-01	4.219e-01	9.034e-02	4.598e-01
2.680e+04	4.635e-01	4.533e-01	4.635e-01	2.125e-01	1.401e-01	3.138e-01	4.838e-01	4.382e-01	5.122e-01	5.268e-01	5.034e-01	5.431e-01	4.219e-01	8.092e-02	4.598e-01
2.690e+04	4.635e-01	4.533e-01	4.635e-01	2.125e-01	1.350e-01	3.138e-01	4.908e-01	4.382e-01	5.122e-01	5.268e-01	5.034e-01	5.431e-01	4.219e-01	8.092e-02	4.598e-01
2.700e+04	4.635e-01	4.533e-01	4.635e-01	2.125e-01	1.350e-01	3.138e-01	4.836e-01	4.382e-01	5.122e-01	5.268e-01	5.034e-01	5.431e-01	4.219e-01	8.092e-02	4.598e-01
2.710e+04	4.635e-01	4.533e-01	4.635e-01	2.125e-01	1.350e-01	3.138e-01	4.836e-01	4.382e-01	5.122e-01	5.268e-01	5.034e-01	5.431e-01	4.219e-01	8.092e-02	4.598e-01
2.720e+04	4.635e-01	4.533e-01	4.635e-01	2.125e-01	1.350e-01	3.138e-01	4.836e-01	4.382e-01	5.122e-01	5.268e-01	5.034e-01	5.431e-01	4.219e-01	8.092e-02	4.598e-01
2.730e+04	4.635e-01	4.533e-01	4.635e-01	2.125e-01	1.350e-01	3.138e-01	4.836e-01	4.382e-01	5.122e-01	5.268e-01	5.034e-01	5.431e-01	4.219e-01	8.092e-02	4.598e-01
2.740e+04	4.635e-01	4.533e-01	4.635e-01	2.125e-01	1.350e-01	3.138e-01	4.836e-01	4.382e-01	5.122e-01	5.268e-01	5.034e-01	5.431e-01	4.219e-01	8.092e-02	4.598e-01
2.750e+04	4.635e-01	4.533e-01	4.635e-01	2.125e-01	1.350e-01	3.138e-01	4.836e-01	4.382e-01	5.122e-01	5.268e-01	5.034e-01	5.431e-01	4.219e-01	8.092e-02	4.598e-01
2.760e+04	4.635e-01	4.533e-01	4.635e-01	2.125e-01	1.350e-01	3.138e-01	4.836e-01	4.382e-01	5.122e-01	5.268e-01	5.034e-01	5.431e-01	4.219e-01	8.092e-02	4.598e-01
2.770e+04	4.635e-01	4.533e-01	4.635e-01	2.125e-01	1.350e-01	3.138e-01	4.908e-01	4.382e-01	5.122e-01	5.268e-01	5.034e-01	5.431e-01	4.219e-01	8.092e-02	4.598e-01
2.780e+04	4.635e-01	4.533e-01	4.635e-01	2.125e-01	1.350e-01	3.138e-01	4.908e-01	4.382e-01	5.122e-01	5.268e-01	5.034e-01	5.431e-01	4.219e-01	8.092e-02	4.598e-01
2.790e+04	4.635e-01	4.533e-01	4.635e-01	2.125e-01	1.350e-01	3.138e-01	4.908e-01	4.382e-01	5.122e-01	5.268e-01	5.034e-01	5.431e-01	4.219e-01	8.092e-02	4.598e-01
2.800e+04	4.635e-01	4.533e-01	4.635e-01	2.125e-01	1.350e-01	3.138e-01	4.908e-01	4.382e-01	5.122e-01	5.268e-01	5.034e-01	5.431e-01	4.219e-01	8.092e-02	4.598e-01
2.810e+04	4.635e-01	4.533e-01	4.635e-01	2.125e-01	1.350e-01	3.138e-01	4.908e-01	4.382e-01	5.122e-01	5.268e-01	5.034e-01	5.431e-01	4.219e-01	8.092e-02	4.598e-01
2.820e+04	4.635e-01	4.533e-01	4.635e-01	2.125e-01	1.350e-01	3.138e-01	4.908e-01	4.382e-01	5.122e-01	5.268e-01	5.034e-01	5.431e-01	4.219e-01	8.092e-02	4.598e-01
2.830e+04	4.635e-01	4.533e-01	4.635e-01	2.125e-01	1.350e-01	3.138e-01	4.908e-01	4.382e-01	5.122e-01	5.268e-01	5.034e-01	5.431e-01	4.219e-01	8.092e-02	4.598e-01
2.840e+04	4.635e-01	4.533e-01	4.635e-01	2.125e-01	1.350e-01	3.138e-01	4.908e-01	4.382e-01	5.122e-01	5.268e-01	5.034e-01	5.431e-01	3.383e-01	8.092e-02	4.472e-01
2.850e+04	4.635e-01	4.533e-01	4.635e-01	2.125e-01	1.350e-01	3.138e-01	4.908e-01	4.382e-01	5.122e-01	5.268e-01	5.034e-01	5.431e-01	3.383e-01	8.092e-02	4.472e-01
2.860e+04	4.635e-01	4.533e-01	4.635e-01	2.065e-01	1.216e-01	3.045e-01	4.908e-01	4.382e-01	5.122e-01	5.268e-01	5.034e-01	5.431e-01	3.383e-01	8.092e-02	4.472e-01
2.870e+04	4.635e-01	4.533e-01	4.635e-01	2.052e-01	1.216e-01	3.013e-01	4.908e-01	4.382e-01	5.122e-01	5.268e-01	5.034e-01	5.431e-01	2.882e-01	7.038e-02	4.472e-01
2.880e+04	4.635e-01	4.533e-01	4.635e-01	2.052e-01	1.216e-01	3.013e-01	4.908e-01	4.382e-01	5.122e-01	5.268e-01	5.034e-01	5.431e-01	2.882e-01	7.038e-02	4.472e-01
2.890e+04	4.635e-01	4.533e-01	4.635e-01	2.052e-01	1.216e-01	3.013e-01	4.908e-01	4.382e-01	5.122e-01	5.268e-01	5.034e-01	5.431e-01	2.882e-01	7.038e-02	4.472e-01
2.900e+04	4.635e-01	4.533e-01	4.635e-01	2.052e-01	1.216e-01	3.013e-01	4.908e-01	4.382e-01	5.122e-01	5.268e-01	5.034e-01	5.431e-01	2.882e-01	7.038e-02	4.472e-01
2.910e+04	4.635e-01	4.533e-01	4.635e-01	2.052e-01	1.216e-01	3.013e-01	4.908e-01	4.382e-01	5.122e-01	5.268e-01	5.023e-01	5.431e-01	2.882e-01	7.038e-02	4.472e-01
2.920e+04	4.635e-01	4.533e-01	4.635e-01	2.052e-01	1.216e-01	3.013e-01	4.908e-01	4.382e-01	5.122e-01	5.268e-01	5.023e-01	5.431e-01	2.882e-01	7.038e-02	4.472e-01
2.930e+04	4.635e-01	4.533e-01	4.635e-01	2.052e-01	1.216e-01	3.013e-01	4.908e-01	4.382e-01	5.122e-01	5.268e-01	5.023e-01	5.431e-01	2.882e-01	7.038e-02	4.472e-01
2.940e+04	4.635e-01	4.533e-01	4.635e-01	2.052e-01	1.216e-01	3.013e-01	4.908e-01	4.382e-01	5.122e-01	5.268e-01	5.023e-01	5.431e-01	2.882e-01	7.038e-02	4.472e-01
2.950e+04	4.635e-01	4.533e-01	4.635e-01	1.954e-01	1.138e-01	3.013e-01	4.908e-01	4.382e-01	5.122e-01	5.268e-01	5.023e-01	5.431e-01	2.882e-01	7.038e-02	4.472e-01
2.960e+04	4.635e-01	4.533e-01	4.635e-01	1.954e-01	1.138e-01	3.013e-01	4.908e-01	4.382e-01	5.122e-01	5.268e-01	5.023e-01	5.431e-01	3.332e-01	7.038e-02	4.472e-01
2.970e+04	4.635e-01	4.533e-01	4.635e-01	1.954e-01	1.138e-01	3.013e-01	4.908e-01	4.382e-01	5.122e-01	5.268e-01	5.002e-01	5.431e-01	3.332e-01	7.038e-02	4.472e-01
2.980e+04	4.635e-01	4.533e-01	4.635e-01	1.954e-01	1.138e-01	3.013e-01	4.908e-01	4.382e-01	5.122e-01	5.268e-01	5.002e-01	5.431e-01	3.332e-01	7.038e-02	4.472e-01
2.990e+04	4.635e-01	4.533e-01	4.635e-01	1.954e-01	1.138e-01	3.013e-01	4.908e-01	4.382e-01	5.122e-01	5.268e-01	5.002e-01	5.431e-01	3.383e-01	8.092e-02	4.598e-01
3.000e+04	4.635e-01	4.533e-01	4.635e-01	1.954e-01	1.138e-01	3.013e-01	4.908e-01	4.382e-01	5.122e-01	5.268e-01	5.002e-01	5.431e-01	3.383e-01	8.092e-02	4.598e-01
3.010e+04	4.635e-01	4.533e-01	4.635e-01	1.954e-01	1.138e-01	3.013e-01	4.908e-01	4.382e-01	5.122e-01	5.268e-01	5.002e-01	5.431e-01	3.383e-01	8.092e-02	4.598e-01
3.020e+04	4.635e-01	4.532e-01	4.635e-01	1.954e-01	1.138e-01	3.013e-01	4.908e-01	4.382e-01	5.122e-01	5.268e-01	5.002e-01	5.431e-01	3.383e-01	8.092e-02	4.598e-01
3.030e+04	4.635e-01	4.532e-01	4.635e-01	1.954e-01	1.138e-01	3.013e-01	4.908e-01	4.382e-01	5.122e-01	5.288e-01	5.002e-01	5.456e-01	3.383e-01	8.092e-02	4.598e-01
3.040e+04	4.635e-01	4.532e-01	4.635e-01	1.891e-01	1.036e-01	2.860e-01	4.908e-01	4.382e-01	5.122e-01	5.288e-01	5.002e-01	5.456e-01	3.383e-01	8.092e-02	4.598e-01
3.050e+04	4.635e-01	4.532e-01	4.635e-01	1.605e-01	9.890e-02	2.537e-01	4.908e-01	4.382e-01	5.122e-01	5.288e-01	5.002e-01	5.456e-01	3.896e-01	8.092e-02	4.598e-01
3.060e+04	4.635e-01	4.532e-01	4.635e-01	1.605e-01	9.890e-02	2.537e-01	4.908e-01	4.382e-01	5.122e-01	5.288e-01	5.002e-01	5.456e-01	3.896e-01	8.092e-02	4.598e-01
3.070e+04	4.635e-01	4.532e-01	4.635e-01	1.605e-01	9.890e-02	2.537e-01	4.908e-01	4.382e-01	5.122e-01	5.288e-01	5.002e-01	5.456e-01	3.896e-01	8.092e-02	4.598e-01
3.080e+04	4.635e-01	4.532e-01	4.635e-01	1.605e-01	9.890e-02	2.537e-01	4.908e-01	4.382e-01	5.122e-01	5.288e-01	5.002e-01	5.456e-01	3.896e-01	8.092e-02	4.598e-01
3.090e+04	4.635e-01	4.532e-01	4.635e-01	1.605e-01	9.890e-02	2.537e-01	4.908e-01	4.382e-01	5.122e-01	5.288e-01	5.002e-01	5.456e-01	3.896e-01	8.092e-02	4.598e-01
3.100e+04	4.635e-01	4.532e-01	4.635e-01	1.605e-01	9.887e-02	2.537e-01	4.908e-01	4.382e-01	5.122e-01	5.288e-01	5.002e-01	5.456e-01	3.851e-01	8.092e-02	4.598e-01
3.110e+04	4.635e-01	4.532e-01	4.635e-01	1.605e-01	9.887e-02	2.537e-01	4.908e-01	4.382e-01	5.122e-01	5.288e-01	5.002e-01	5.456e-01	3.851e-01	8.092e-02	4.598e-01
3.120e+04	4.635e-01	4.532e-01	4.635e-01	1.605e-01	9.887e-02	2.156e-01	4.908e-01	4.382e-01	5.122e-01	5.288e-01	5.002e-01	5.431e-01	3.851e-01	8.092e-02	4.598e-01
3.130e+04	4.635e-01	4.532e-01	4.635e-01	1.605e-01	9.887e-02	2.156e-01	4.908e-01	4.382e-01	5.122e-01	5.288e-01	5.002e-01	5.431e-01	3.851e-01	8.092e-02	4.598e-01
3.140e+04	4.635e-01	4.532e-01	4.635e-01	1.605e-01	9.887e-02	2.156e-01	4.908e-01	4.382e-01	5.122e-01	5.288e-01	5.002e-01	5.431e-01	3.851e-01	8.092e-02	4.598e-01
3.150e+04	4.635e-01	4.532e-01	4.635e-01	1.605e-01	9.887e-02	2.156e-01	4.908e-01	4.382e-01	5.122e-01	5.288e-01	5.002e-01	5.431e-01	3.851e-01	8.092e-02	4.598e-01
3.160e+04	4.635e-01	4.532e-01	4.635e-01	1.605e-01	9.887e-02	2.156e-01	4.908e-01	4.382e-01	5.122e-01	5.288e-01	5.002e-01	5.431e-01	3.851e-01	8.092e-02	4.598e-01
3.170e+04	4.635e-01	4.532e-01	4.635e-01	1.605e-01	9.887e-02	2.156e-01	4.908e-01	4.382e-01	5.122e-01	5.288e-01	5.002e-01	5.431e-01	3.851e-01	8.092e-02	4.472e-01
3.180e+04	4.635e-01	4.532e-01	4.635e-01	1.540e-01	9.887e-02	2.156e-01	4.908e-01	4.382e-01	5.122e-01	5.288e-01	5.002e-01	5.431e-01	3.851e-01	8.092e-02	4.472e-01
3.190e+04	4.635e-01	4.532e-01	4.635e-01	1.540e-01	9.887e-02	2.156e-01	4.908e-01	4.382e-01	5.122e-01	5.288e-01	5.002e-01	5.431e-01	3.851e-01	8.092e-02	4.472e-01
3.200e+04	4.635e-01	4.532e-01	4.635e-01	1.540e-01	9.887e-02	2.156e-01	4.836e-01	4.382e-01	5.122e-01	5.288e-01	5.002e-01	5.431e-01	3.851e-01	8.092e-02	4.472e-01
3.210e+04	4.635e-01	4.532e-01	4.635e-01	1.540e-01	9.887e-02	2.156e-01	4.836e-01	4.382e-01	5.122e-01	5.288e-01	5.002e-01	5.431e-01	3.851e-01	8.092e-02	4.472e-01
3.220e+04	4.635e-01	4.532e-01	4.635e-01	1.540e-01	9.887e-02	2.156e-01	4.908e-01	4.505e-01	5.122e-01	5.288e-01	5.002e-01	5.431e-01	3.851e-01	8.092e-02	4.472e-01
3.230e+04	4.635e-01	4.532e-01	4.635e-01	1.540e-01	9.887e-02	2.156e-01	4.908e-01	4.505e-01	5.122e-01	5.288e-01	5.002e-01	5.431e-01	3.851e-01	8.092e-02	4.472e-01
3.240e+04	4.635e-01	4.532e-01	4.635e-01	1.540e-01	9.887e-02	2.156e-01	4.908e-01	4.505e-01	5.122e-01	5.321e-01	5.002e-01	5.435e-01	3.851e-01	8.092e-02	4.472e-01
3.250e+04	4.635e-01	4.532e-01	4.635e-01	1.540e-01	9.887e-02	2.537e-01	4.908e-01	4.505e-01	5.122e-01	5.321e-01	5.002e-01	5.431e-01	3.851e-01	8.092e-02	4.472e-01
3.260e+04	4.635e-01	4.532e-01	4.635e-01	1.540e-01	9.887e-02	2.537e-01	4.908e-01	4.505e-01	5.122e-01	5.321e-01	5.002e-01	5.431e-01	3.851e-01	8.092e-02	4.472e-01
3.270e+04	4.635e-01	4.532e-01	4.635e-01	1.540e-01	8.612e-02	2.537e-01	4.908e-01	4.505e-01	5.122e-01	5.321e-01	5.002e-01	5.431e-01	3.851e-01	8.092e-02	4.472e-01
3.280e+04	4.635e-01	4.532e-01	4.635e-01	1.540e-01	8.612e-02	2.537e-01	4.908e-01	4.505e-01	5.122e-01	5.321e-01	5.002e-01	5.431e-01	3.851e-01	8.092e-02	4.472e-01
3.290e+04	4.635e-01	4.532e-01	4.635e-01	1.540e-01	8.612e-02	2.537e-01	4.929e-01	4.505e-01	5.122e-01	5.321e-01	5.002e-01	5.431e-01	3.851e-01	8.092e-02	4.472e-01
3.300e+04	4.635e-01	4.532e-01	4.635e-01	1.540e-01	8.612e-02	2.537e-01	4.929e-01	4.505e-01	5.122e-01	5.321e-01	5.002e-01	5.431e-01	3.851e-01	8.092e-02	4.472e-01
3.310e+04	4.635e-01	4.532e-01	4.635e-01	1.540e-01	8.612e-02	2.537e-01	4.929e-01	4.505e-01	5.122e-01	5.321e-01	5.002e-01	5.431e-01	3.851e-01	8.092e-02	4.472e-01
3.320e+04	4.635e-01	4.532e-01	4.635e-01	1.540e-01	8.612e-02	2.537e-01	4.929e-01	4.505e-01	5.122e-01	5.321e-01	5.002e-01	5.461e-01	3.851e-01	8.092e-02	4.472e-01
3.330e+04	4.635e-01	4.532e-01	4.635e-01	1.540e-01	8.612e-02	2.537e-01	4.929e-01	4.505e-01	5.141e-01	5.321e-01	5.002e-01	5.461e-01	3.851e-01	8.092e-02	4.472e-01
3.340e+04	4.635e-01	4.532e-01	4.635e-01	1.540e-01	8.612e-02	2.537e-01	4.929e-01	4.505e-01	5.141e-01	5.321e-01	5.002e-01	5.431e-01	3.851e-01	8.092e-02	4.472e-01
3.350e+04	4.635e-01	4.532e-01	4.635e-01	1.540e-01	8.612e-02	2.537e-01	4.929e-01	4.505e-01	5.141e-01	5.321e-01	5.002e-01	5.431e-01	3.851e-01	8.092e-02	4.472e-01
3.360e+04	4.635e-01	4.532e-01	4.635e-01	1.540e-01	8.612e-02	2.537e-01	4.929e-01	4.505e-01	5.141e-01	5.321e-01	5.002e-01	5.431e-01	3.851e-01	8.092e-02	4.472e-01
3.370e+04	4.635e-01	4.532e-01	4.635e-01	1.540e-01	8.612e-02	2.537e-01	4.929e-01	4.505e-01	5.141e-01	5.321e-01	5.002e-01	5.431e-01	3.851e-01	8.092e-02	4.472e-01
3.380e+04	4.635e-01	4.532e-01	4.635e-01	1.540e-01	8.612e-02	2.537e-01	4.929e-01	4.505e-01	5.141e-01	5.321e-01	5.002e-01	5.431e-01	3.851e-01	8.092e-02	4.472e-01
3.390e+04	4.635e-01	4.532e-01	4.635e-01	1.540e-01	8.612e-02	2.537e-01	4.929e-01	4.505e-01	5.141e-01	5.321e-01	5.002e-01	5.431e-01	3.851e-01	8.092e-02	4.472e-01
3.400e+04	4.635e-01	4.532e-01	4.635e-01	1.540e-01	8.612e-02	2.537e-01	4.929e-01	4.505e-01	5.153e-01	5.321e-01	5.002e-01	5.431e-01	3.851e-01	8.092e-02	4.472e-01
3.410e+04	4.635e-01	4.532e-01	4.635e-01	1.540e-01	8.612e-02	2.537e-01	4.929e-01	4.505e-01	5.153e-01	5.321e-01	5.002e-01	5.431e-01	3.851e-01	8.092e-02	4.472e-01
3.420e+04	4.635e-01	4.532e-01	4.635e-01	1.540e-01	8.612e-02	2.537e-01	4.929e-01	4.505e-01	5.153e-01	5.321e-01	5.002e-01	5.431e-01	3.851e-01	8.092e-02	4.472e-01
3.430e+04	4.635e-01	4.532e-01	4.635e-01	1.540e-01	8.612e-02	2.537e-01	4.929e-01	4.505e-01	5.153e-01	5.321e-01	5.002e-01	5.431e-01	3.851e-01	8.092e-02	4.472e-01
3.440e+04	4.635e-01	4.532e-01	4.635e-01	1.605e-01	8.612e-02	2.915e-01	4.929e-01	4.505e-01	5.153e-01	5.321e-01	5.002e-01	5.431e-01	3.851e-01	8.092e-02	4.427e-01
3.450e+04	4.635e-01	4.532e-01	4.635e-01	1.540e-01	7.066e-02	2.915e-01	4.929e-01	4.505e-01	5.153e-01	5.321e-01	5.023e-01	5.431e-01	3.851e-01	8.092e-02	4.427e-01
3.460e+04	4.635e-01	4.532e-01	4.635e-01	1.540e-01	7.066e-02	2.915e-01	4.929e-01	4.505e-01	5.153e-01	5.321e-01	5.023e-01	5.431e-01	3.851e-01	8.092e-02	4.427e-01
3.470e+04	4.635e-01	4.532e-01	4.635e-01	1.540e-01	7.066e-02	2.915e-01	4.929e-01	4.505e-01	5.153e-01	5.321e-01	5.023e-01	5.431e-01	3.901e-01	8.092e-02	4.472e-01
3.480e+04	4.635e-01	4.532e-01	4.635e-01	1.484e-01	8.612e-02	2.537e-01	4.929e-01	4.505e-01	5.153e-01	5.321e-01	5.023e-01	5.431e-01	3.901e-01	8.092e-02	4.472e-01
3.490e+04	4.635e-01	4.532e-01	4.635e-01	1.484e-01	8.612e-02	2.537e-01	4.929e-01	4.505e-01	5.153e-01	5.321e-01	5.023e-01	5.431e-01	3.901e-01	8.092e-02	4.472e-01
3.500e+04	4.635e-01	4.532e-01	4.635e-01	1.484e-01	8.612e-02	2.537e-01	4.929e-01	4.505e-01	5.153e-01	5.312e-01	5.023e-01	5.431e-01	3.901e-01	8.092e-02	4.472e-01
3.510e+04	4.635e-01	4.532e-01	4.635e-01	1.484e-01	8.612e-02	2.537e-01	4.929e-01	4.505e-01	5.153e-01	5.268e-01	5.023e-01	5.431e-01	3.901e-01	8.092e-02	4.472e-01
3.520e+04	4.635e-01	4.532e-01	4.635e-01	1.484e-01	8.612e-02	2.537e-01	4.929e-01	4.505e-01	5.153e-01	5.268e-01	5.023e-01	5.431e-01	3.851e-01	7.038e-02	4.427e-01
3.530e+04	4.635e-01	4.532e-01	4.635e-01	1.484e-01	8.612e-02	2.537e-01	4.929e-01	4.505e-01	5.153e-01	5.255e-01	5.023e-01	5.431e-01	3.851e-01	7.038e-02	4.427e-01
3.540e+04	4.635e-01	4.532e-01	4.635e-01	1.484e-01	8.612e-02	2.537e-01	4.929e-01	4.505e-01	5.153e-01	5.255e-01	5.023e-01	5.431e-01	3.851e-01	7.038e-02	4.427e-01
3.550e+04	4.635e-01	4.532e-01	4.635e-01	1.484e-01	8.612e-02	2.537e-01	4.929e-01	4.505e-01	5.153e-01	5.255e-01	5.023e-01	5.431e-01	3.851e-01	7.038e-02	4.427e-01
3.560e+04	4.635e-01	4.532e-01	4.635e-01	1.484e-01	8.612e-02	2.537e-01	4.929e-01	4.505e-01	5.153e-01	5.268e-01	5.023e-01	5.431e-01	3.901e-01	7.038e-02	4.472e-01
3.570e+04	4.635e-01	4.532e-01	4.635e-01	1.484e-01	8.612e-02	2.537e-01	4.978e-01	4.620e-01	5.225e-01	5.268e-01	5.023e-01	5.431e-01	3.901e-01	7.807e-02	4.472e-01
3.580e+04	4.635e-01	4.532e-01	4.635e-01	1.467e-01	6.521e-02	2.215e-01	4.978e-01	4.620e-01	5.225e-01	5.268e-01	5.023e-01	5.431e-01	3.901e-01	7.807e-02	4.472e-01
3.590e+04	4.635e-01	4.532e-01	4.635e-01	1.467e-01	6.521e-02	2.215e-01	4.978e-01	4.620e-01	5.225e-01	5.268e-01	5.023e-01	5.431e-01	3.901e-01	7.807e-02	4.472e-01
3.600e+04	4.635e-01	4.532e-01	4.635e-01	1.467e-01	6.521e-02	2.215e-01	4.978e-01	4.620e-01	5.225e-01	5.268e-01	5.023e-01	5.431e-01	3.901e-01	7.807e-02	4.472e-01
3.610e+04	4.635e-01	4.532e-01	4.635e-01	1.467e-01	6.521e-02	2.215e-01	4.978e-01	4.620e-01	5.225e-01	5.268e-01	5.023e-01	5.431e-01	3.901e-01	7.807e-02	4.472e-01
3.620e+04	4.635e-01	4.532e-01	4.635e-01	1.467e-01	6.521e-02	2.215e-01	4.978e-01	4.620e-01	5.225e-01	5.268e-01	5.023e-01	5.431e-01	3.901e-01	7.807e-02	4.472e-01
3.630e+04	4.635e-01	4.532e-01	4.635e-01	1.467e-01	6.521e-02	2.215e-01	4.978e-01	4.620e-01	5.153e-01	5.268e-01	5.023e-01	5.476e-01	3.901e-01	7.807e-02	4.472e-01
3.640e+04	4.635e-01	4.532e-01	4.635e-01	1.467e-01	6.521e-02	2.215e-01	4.978e-01	4.620e-01	5.153e-01	5.268e-01	5.023e-01	5.476e-01	3.901e-01	7.807e-02	4.472e-01
3.650e+04	4.635e-01	4.532e-01	4.635e-01	1.467e-01	6.521e-02	2.215e-01	4.978e-01	4.620e-01	5.153e-01	5.268e-01	5.023e-01	5.476e-01	3.901e-01	7.807e-02	4.598e-01
3.660e+04	4.635e-01	4.532e-01	4.635e-01	1.467e-01	6.521e-02	2.215e-01	4.978e-01	4.620e-01	5.153e-01	5.268e-01	5.023e-01	5.476e-01	3.901e-01	7.807e-02	4.598e-01
3.670e+04	4.635e-01	4.532e-01	4.635e-01	1.467e-01	6.521e-02	2.215e-01	4.978e-01	4.620e-01	5.153e-01	5.268e-01	5.023e-01	5.476e-01	3.901e-01	7.807e-02	4.598e-01
3.680e+04	4.635e-01	4.532e-01	4.635e-01	1.467e-01	6.521e-02	2.215e-01	4.978e-01	4.620e-01	5.153e-01	5.268e-01	5.023e-01	5.476e-01	3.901e-01	7.807e-02	4.598e-01
3.690e+04	4.635e-01	4.532e-01	4.635e-01	1.467e-01	6.521e-02	2.215e-01	4.978e-01	4.620e-01	5.153e-01	5.268e-01	5.023e-01	5.476e-01	3.901e-01	7.807e-02	4.598e-01
3.700e+04	4.635e-01	4.532e-01	4.635e-01	1.467e-01	6.521e-02	2.215e-01	4.978e-01	4.620e-01	5.153e-01	5.268e-01	5.023e-01	5.476e-01	3.901e-01	7.807e-02	4.598e-01
3.710e+04	4.635e-01	4.532e-01	4.635e-01	1.467e-01	6.521e-02	2.215e-01	5.017e-01	4.620e-01	5.153e-01	5.268e-01	5.023e-01	5.476e-01	3.901e-01	7.807e-02	4.472e-01
3.720e+04	4.635e-01	4.532e-01	4.635e-01	1.467e-01	6.521e-02	2.537e-01	4.929e-01	4.620e-01	5.153e-01	5.268e-01	5.023e-01	5.476e-01	3.901e-01	8.092e-02	4.472e-01
3.730e+04	4.635e-01	4.532e-01	4.635e-01	1.467e-01	6.521e-02	2.537e-01	4.929e-01	4.620e-01	5.153e-01	5.268e-01	5.023e-01	5.476e-01	3.901e-01	8.092e-02	4.472e-01
3.740e+04	4.635e-01	4.532e-01	4.635e-01	1.467e-01	6.521e-02	2.537e-01	4.929e-01	4.620e-01	5.153e-01	5.268e-01	5.023e-01	5.476e-01	3.901e-01	8.092e-02	4.472e-01
3.750e+04	4.635e-01	4.532e-01	4.635e-01	1.467e-01	6.521e-02	2.537e-01	4.929e-01	4.620e-01	5.153e-01	5.242e-01	5.023e-01	5.431e-01	3.901e-01	8.092e-02	4.598e-01
3.760e+04	4.635e-01	4.532e-01	4.635e-01	1.467e-01	6.521e-02	2.537e-01	4.929e-01	4.620e-01	5.153e-01	5.242e-01	5.023e-01	5.431e-01	3.901e-01	8.092e-02	4.598e-01
3.770e+04	4.635e-01	4.532e-01	4.635e-01	1.467e-01	6.521e-02	2.537e-01	5.017e-01	4.620e-01	5.153e-01	5.242e-01	5.023e-01	5.431e-01	3.901e-01	8.092e-02	4.598e-01
3.780e+04	4.635e-01	4.532e-01	4.635e-01	1.467e-01	6.521e-02	2.537e-01	5.031e-01	4.620e-01	5.153e-01	5.242e-01	5.023e-01	5.431e-01	3.901e-01	8.092e-02	4.598e-01
3.790e+04	4.635e-01	4.532e-01	4.635e-01	1.467e-01	6.521e-02	2.537e-01	5.037e-01	4.620e-01	5.225e-01	5.242e-01	5.023e-01	5.476e-01	3.901e-01	8.092e-02	4.598e-01
3.800e+04	4.635e-01	4.532e-01	4.635e-01	1.467e-01	6.521e-02	2.537e-01	5.037e-01	4.620e-01	5.225e-01	5.242e-01	5.023e-01	5.476e-01	3.901e-01	8.092e-02	4.598e-01
3.810e+04	4.635e-01	4.532e-01	4.635e-01	1.467e-01	6.521e-02	2.537e-01	5.037e-01	4.620e-01	5.225e-01	5.242e-01	5.023e-01	5.476e-01	3.851e-01	8.092e-02	4.598e-01
3.820e+04	4.635e-01	4.532e-01	4.635e-01	1.467e-01	6.521e-02	2.537e-01	5.037e-01	4.620e-01	5.225e-01	5.242e-01	5.023e-01	5.476e-01	3.851e-01	8.092e-02	4.598e-01
3.830e+04	4.635e-01	4.532e-01	4.635e-01	1.467e-01	6.521e-02	2.537e-01	5.031e-01	4.620e-01	5.225e-01	5.242e-01	5.023e-01	5.476e-01	3.851e-01	8.092e-02	4.598e-01
3.840e+04	4.635e-01	4.532e-01	4.635e-01	1.467e-01	6.521e-02	2.537e-01	5.031e-01	4.620e-01	5.225e-01	5.242e-01	5.023e-01	5.476e-01	3.851e-01	9.034e-02	4.598e-01
3.850e+04	4.635e-01	4.532e-01	4.635e-01	1.467e-01	6.521e-02	2.537e-01	5.031e-01	4.620e-01	5.225e-01	5.242e-01	5.052e-01	5.476e-01	3.851e-01	9.034e-02	4.598e-01
3.860e+04	4.635e-01	4.532e-01	4.635e-01	1.467e-01	6.521e-02	2.537e-01	5.031e-01	4.620e-01	5.225e-01	5.238e-01	5.023e-01	5.476e-01	3.851e-01	9.034e-02	4.598e-01
3.870e+04	4.635e-01	4.532e-01	4.635e-01	1.467e-01	6.521e-02	2.537e-01	5.031e-01	4.620e-01	5.225e-01	5.238e-01	5.023e-01	5.476e-01	3.851e-01	9.034e-02	4.598e-01
3.880e+04	4.635e-01	4.532e-01	4.635e-01	1.467e-01	6.521e-02	2.537e-01	5.031e-01	4.620e-01	5.225e-01	5.238e-01	5.023e-01	5.476e-01	3.851e-01	9.034e-02	4.598e-01
3.890e+04	4.635e-01	4.532e-01	4.635e-01	1.467e-01	6.521e-02	2.537e-01	5.031e-01	4.620e-01	5.225e-01	5.238e-01	5.031e-01	5.476e-01	3.851e-01	9.034e-02	4.598e-01
3.900e+04	4.635e-01	4.532e-01	4.635e-01	1.467e-01	6.521e-02	2.537e-01	5.031e-01	4.620e-01	5.225e-01	5.238e-01	5.031e-01	5.476e-01	3.851e-01	9.034e-02	4.598e-01
3.910e+04	4.635e-01	4.532e-01	4.635e-01	1.467e-01	6.521e-02	2.537e-01	5.031e-01	4.620e-01	5.225e-01	5.238e-01	5.031e-01	5.476e-01	3.851e-01	9.034e-02	4.598e-01
3.920e+04	4.635e-01	4.533e-01	4.635e-01	1.467e-01	6.521e-02	2.537e-01	5.031e-01	4.620e-01	5.225e-01	5.238e-01	5.054e-01	5.476e-01	3.851e-01	9.034e-02	4.598e-01
3.930e+04	4.635e-01	4.533e-01	4.635e-01	1.467e-01	6.521e-02	2.537e-01	5.031e-01	4.620e-01	5.225e-01	5.238e-01	5.087e-01	5.476e-01	3.851e-01	9.034e-02	4.598e-01
3.940e+04	4.635e-01	4.539e-01	4.635e-01	1.467e-01	6.521e-02	2.537e-01	5.037e-01	4.620e-01	5.228e-01	5.238e-01	5.087e-01	5.476e-01	3.851e-01	8.687e-02	4.598e-01
3.950e+04	4.635e-01	4.539e-01	4.635e-01	1.467e-01	6.521e-02	2.537e-01	5.037e-01	4.620e-01	5.228e-01	5.238e-01	5.087e-01	5.476e-01	3.851e-01	8.687e-02	4.598e-01
3.960e+04	4.635e-01	4.539e-01	4.635e-01	1.467e-01	6.521e-02	2.537e-01	5.037e-01	4.620e-01	5.225e-01	5.238e-01	5.087e-01	5.476e-01	3.851e-01	8.687e-02	4.598e-01
3.970e+04	4.635e-01	4.539e-01	4.635e-01	1.467e-01	6.521e-02	2.537e-01	5.037e-01	4.620e-01	5.225e-01	5.242e-01	5.091e-01	5.476e-01	3.851e-01	8.687e-02	4.598e-01
3.980e+04	4.635e-01	4.539e-01	4.635e-01	1.467e-01	6.521e-02	2.537e-01	5.037e-01	4.620e-01	5.225e-01	5.238e-01	5.091e-01	5.476e-01	3.851e-01	9.026e-02	4.598e-01
3.990e+04	4.635e-01	4.539e-01	4.635e-01	1.467e-01	6.521e-02	2.537e-01	5.037e-01	4.620e-01	5.225e-01	5.238e-01	5.091e-01	5.476e-01	3.851e-01	9.026e-02	4.598e-01
4.000e+04	4.635e-01	4.539e-01	4.635e-01	1.467e-01	6.521e-02	2.537e-01	5.037e-01	4.620e-01	5.225e-01	5.238e-01	5.091e-01	5.476e-01	3.851e-01	9.026e-02	4.598e-01
4.010e+04	4.635e-01	4.539e-01	4.635e-01	1.467e-01	6.521e-02	2.537e-01	5.037e-01	4.620e-01	5.225e-01	5.238e-01	5.091e-01	5.476e-01	3.851e-01	9.026e-02	4.598e-01
4.020e+04	4.635e-01	4.539e-01	4.635e-01	1.467e-01	6.521e-02	2.537e-01	5.037e-01	4.620e-01	5.225e-01	5.238e-01	5.091e-01	5.476e-01	3.851e-01	9.026e-02	4.598e-01
4.030e+04	4.635e-01	4.539e-01	4.635e-01	1.467e-01	6.521e-02	2.537e-01	5.037e-01	4.620e-01	5.225e-01	5.238e-01	5.091e-01	5.476e-01	3.851e-01	9.026e-02	4.598e-01
4.040e+04	4.635e-01	4.539e-01	4.635e-01	1.467e-01	6.521e-02	2.537e-01	5.037e-01	4.620e-01	5.225e-01	5.238e-01	5.091e-01	5.476e-01	3.851e-01	9.026e-02	4.598e-01
4.050e+04	4.635e-01	4.539e-01	4.635e-01	1.467e-01	6.521e-02	2.537e-01	5.037e-01	4.620e-01	5.225e-01	5.238e-01	5.091e-01	5.476e-01	3.851e-01	9.026e-02	4.598e-01
4.060e+04	4.635e-01	4.539e-01	4.635e-01	1.467e-01	6.521e-02	2.537e-01	5.037e-01	4.620e-01	5.225e-01	5.242e-01	5.091e-01	5.476e-01	3.851e-01	9.026e-02	4.598e-01
4.070e+04	4.635e-01	4.539e-01	4.635e-01	1.467e-01	6.521e-02	2.537e-01	5.037e-01	4.620e-01	5.225e-01	5.242e-01	5.091e-01	5.476e-01	3.851e-01	9.034e-02	4.598e-01
4.080e+04	4.635e-01	4.539e-01	4.635e-01	1.467e-01	6.521e-02	2.537e-01	5.037e-01	4.620e-01	5.225e-01	5.242e-01	5.091e-01	5.476e-01	3.851e-01	9.034e-02	4.598e-01
4.090e+04	4.635e-01	4.539e-01	4.635e-01	1.401e-01	6.521e-02	2.537e-01	5.037e-01	4.620e-01	5.225e-01	5.242e-01	5.091e-01	5.476e-01	3.851e-01	9.034e-02	4.598e-01
4.100e+04	4.635e-01	4.539e-01	4.635e-01	1.401e-01	6.521e-02	2.537e-01	5.037e-01	4.620e-01	5.228e-01	5.242e-01	5.091e-01	5.476e-01	3.851e-01	9.034e-02	4.598e-01
4.110e+04	4.635e-01	4.539e-01	4.635e-01	1.401e-01	6.521e-02	2.537e-01	5.037e-01	4.620e-01	5.228e-01	5.242e-01	5.091e-01	5.476e-01	3.851e-01	9.034e-02	4.598e-01
4.120e+04	4.635e-01	4.539e-01	4.635e-01	1.401e-01	6.521e-02	2.537e-01	5.037e-01	4.620e-01	5.228e-01	5.242e-01	5.091e-01	5.476e-01	3.851e-01	9.034e-02	4.598e-01
4.130e+04	4.635e-01	4.539e-01	4.635e-01	1.401e-01	6.521e-02	2.537e-01	5.037e-01	4.620e-01	5.228e-01	5.242e-01	5.091e-01	5.476e-01	3.851e-01	9.034e-02	4.598e-01
4.140e+04	4.635e-01	4.539e-01	4.635e-01	1.401e-01	6.521e-02	2.537e-01	5.037e-01	4.620e-01	5.228e-01	5.242e-01	5.091e-01	5.476e-01	3.851e-01	9.034e-02	4.598e-01
4.150e+04	4.635e-01	4.539e-01	4.635e-01	1.401e-01	6.521e-02	2.537e-01	5.037e-01	4.620e-01	5.228e-01	5.242e-01	5.091e-01	5.476e-01	3.851e-01	9.034e-02	4.598e-01
4.160e+04	4.635e-01	4.539e-01	4.635e-01	1.401e-01	8.612e-02	2.537e-01	5.037e-01	4.620e-01	5.228e-01	5.242e-01	5.091e-01	5.476e-01	3.851e-01	9.034e-02	4.598e-01
4.170e+04	4.635e-01	4.539e-01	4.635e-01	1.401e-01	8.612e-02	2.537e-01	5.037e-01	4.620e-01	5.228e-01	5.242e-01	5.091e-01	5.476e-01	3.851e-01	9.034e-02	4.598e-01
4.180e+04	4.635e-01	4.539e-01	4.635e-01	1.401e-01	8.612e-02	2.537e-01	5.037e-01	4.620e-01	5.228e-01	5.242e-01	5.091e-01	5.476e-01	3.851e-01	9.034e-02	4.598e-01
4.190e+04	4.635e-01	4.539e-01	4.635e-01	1.401e-01	8.612e-02	2.537e-01	5.037e-01	4.620e-01	5.228e-01	5.242e-01	5.091e-01	5.476e-01	3.851e-01	9.034e-02	4.598e-01
4.200e+04	4.635e-01	4.539e-01	4.635e-01	1.401e-01	6.518e-02	2.125e-01	5.037e-01	4.620e-01	5.228e-01	5.242e-01	5.091e-01	5.476e-01	3.851e-01	9.034e-02	4.598e-01
4.210e+04	4.635e-01	4.539e-01	4.635e-01	1.401e-01	6.518e-02	2.125e-01	5.031e-01	4.620e-01	5.228e-01	5.242e-01	5.091e-01	5.476e-01	3.851e-01	9.034e-02	4.598e-01
4.220e+04	4.635e-01	4.539e-01	4.635e-01	1.401e-01	6.518e-02	2.125e-01	5.031e-01	4.620e-01	5.228e-01	5.242e-01	5.091e-01	5.476e-01	3.851e-01	9.034e-02	4.598e-01
4.230e+04	4.635e-01	4.539e-01	4.635e-01	1.401e-01	6.518e-02	2.125e-01	5.031e-01	4.620e-01	5.228e-01	5.242e-01	5.091e-01	5.476e-01	3.851e-01	9.034e-02	4.598e-01
4.240e+04	4.635e-01	4.539e-01	4.635e-01	1.401e-01	6.518e-02	2.125e-01	5.031e-01	4.620e-01	5.225e-01	5.242e-01	5.054e-01	5.476e-01	3.851e-01	9.034e-02	4.598e-01
4.250e+04	4.635e-01	4.539e-01	4.635e-01	1.401e-01	6.518e-02	2.125e-01	5.031e-01	4.620e-01	5.263e-01	5.242e-01	5.107e-01	5.476e-01	3.851e-01	9.034e-02	4.598e-01
4.260e+04	4.635e-01	4.539e-01	4.635e-01	1.401e-01	6.518e-02	2.125e-01	5.031e-01	4.620e-01	5.263e-01	5.242e-01	5.107e-01	5.476e-01	3.851e-01	9.034e-02	4.598e-01
4.270e+04	4.635e-01	4.539e-01	4.635e-01	1.401e-01	6.518e-02	2.125e-01	5.031e-01	4.620e-01	5.263e-01	5.242e-01	5.107e-01	5.476e-01	3.851e-01	9.034e-02	4.598e-01
4.280e+04	4.635e-01	4.539e-01	4.635e-01	1.401e-01	6.518e-02	2.125e-01	5.071e-01	4.620e-01	5.263e-01	5.242e-01	5.107e-01	5.476e-01	3.851e-01	9.034e-02	4.598e-01
4.290e+04	4.635e-01	4.539e-01	4.635e-01	1.401e-01	6.518e-02	2.125e-01	5.045e-01	4.620e-01	5.263e-01	5.265e-01	5.107e-01	5.476e-01	3.851e-01	9.034e-02	4.598e-01
4.300e+04	4.635e-01	4.539e-01	4.635e-01	1.401e-01	6.518e-02	2.125e-01	5.045e-01	4.620e-01	5.263e-01	5.268e-01	5.107e-01	5.567e-01	3.851e-01	9.034e-02	4.598e-01
4.310e+04	4.635e-01	4.539e-01	4.635e-01	1.401e-01	9.887e-02	2.125e-01	5.045e-01	4.620e-01	5.263e-01	5.268e-01	5.107e-01	5.567e-01	3.851e-01	9.032e-02	4.598e-01
4.320e+04	4.635e-01	4.539e-01	4.635e-01	1.401e-01	9.887e-02	2.125e-01	5.045e-01	4.620e-01	5.263e-01	5.268e-01	5.107e-01	5.567e-01	3.851e-01	9.032e-02	4.598e-01
4.330e+04	4.635e-01	4.539e-01	4.635e-01	1.401e-01	9.887e-02	2.125e-01	5.045e-01	4.620e-01	5.263e-01	5.268e-01	5.107e-01	5.567e-01	3.851e-01	9.032e-02	4.598e-01
4.340e+04	4.635e-01	4.539e-01	4.635e-01	1.401e-01	9.887e-02	2.125e-01	5.045e-01	4.620e-01	5.263e-01	5.268e-01	5.107e-01	5.567e-01	3.851e-01	9.032e-02	4.598e-01
4.350e+04	4.635e-01	4.539e-01	4.635e-01	1.401e-01	9.887e-02	2.125e-01	5.045e-01	4.620e-01	5.263e-01	5.268e-01	5.107e-01	5.567e-01	3.851e-01	9.032e-02	4.598e-01
4.360e+04	4.635e-01	4.539e-01	4.635e-01	1.401e-01	9.887e-02	2.125e-01	5.045e-01	4.620e-01	5.263e-01	5.268e-01	5.107e-01	5.567e-01	3.851e-01	9.032e-02	4.598e-01
4.370e+04	4.635e-01	4.539e-01	4.635e-01	1.401e-01	9.887e-02	2.125e-01	5.045e-01	4.620e-01	5.263e-01	5.268e-01	5.107e-01	5.567e-01	3.851e-01	9.032e-02	4.598e-01
4.380e+04	4.635e-01	4.539e-01	4.635e-01	1.401e-01	9.887e-02	2.125e-01	5.045e-01	4.620e-01	5.263e-01	5.268e-01	5.107e-01	5.524e-01	3.851e-01	9.032e-02	4.598e-01
4.390e+04	4.635e-01	4.539e-01	4.635e-01	1.401e-01	9.887e-02	2.125e-01	5.045e-01	4.620e-01	5.263e-01	5.268e-01	5.107e-01	5.524e-01	3.851e-01	9.032e-02	4.598e-01
4.400e+04	4.635e-01	4.539e-01	4.635e-01	1.401e-01	9.887e-02	2.125e-01	5.045e-01	4.620e-01	5.263e-01	5.265e-01	5.054e-01	5.524e-01	3.851e-01	9.032e-02	4.421e-01
4.410e+04	4.635e-01	4.539e-01	4.635e-01	1.401e-01	9.887e-02	2.125e-01	5.045e-01	4.620e-01	5.263e-01	5.265e-01	5.054e-01	5.524e-01	3.851e-01	9.032e-02	4.421e-01
4.420e+04	4.635e-01	4.539e-01	4.635e-01	1.401e-01	9.887e-02	2.125e-01	5.045e-01	4.620e-01	5.263e-01	5.265e-01	5.054e-01	5.524e-01	3.851e-01	9.032e-02	4.421e-01
4.430e+04	4.635e-01	4.539e-01	4.635e-01	1.467e-01	9.887e-02	2.258e-01	5.045e-01	4.620e-01	5.263e-01	5.265e-01	5.054e-01	5.524e-01	3.851e-01	9.032e-02	4.421e-01
4.440e+04	4.635e-01	4.539e-01	4.635e-01	1.467e-01	9.887e-02	2.258e-01	5.045e-01	4.620e-01	5.263e-01	5.265e-01	5.054e-01	5.524e-01	3.851e-01	9.032e-02	4.421e-01
4.450e+04	4.635e-01	4.539e-01	4.635e-01	1.467e-01	9.887e-02	2.258e-01	5.045e-01	4.620e-01	5.263e-01	5.265e-01	5.054e-01	5.524e-01	3.851e-01	9.032e-02	4.421e-01
4.460e+04	4.635e-01	4.539e-01	4.635e-01	1.467e-01	9.887e-02	2.258e-01	5.045e-01	4.620e-01	5.263e-01	5.265e-01	5.054e-01	5.524e-01	3.851e-01	9.032e-02	4.421e-01
4.470e+04	4.635e-01	4.539e-01	4.635e-01	1.467e-01	9.887e-02	2.258e-01	5.045e-01	4.620e-01	5.263e-01	5.265e-01	5.054e-01	5.524e-01	2.596e-01	9.032e-02	4.421e-01
4.480e+04	4.635e-01	4.539e-01	4.635e-01	1.467e-01	9.887e-02	2.258e-01	5.045e-01	4.620e-01	5.263e-01	5.265e-01	5.054e-01	5.524e-01	2.596e-01	9.032e-02	4.421e-01
4.490e+04	4.635e-01	4.539e-01	4.635e-01	1.467e-01	9.887e-02	2.258e-01	5.045e-01	4.620e-01	5.263e-01	5.265e-01	5.054e-01	5.524e-01	2.596e-01	9.032e-02	4.421e-01
4.500e+04	4.635e-01	4.539e-01	4.635e-01	1.467e-01	9.887e-02	2.258e-01	5.045e-01	4.620e-01	5.263e-01	5.234e-01	5.054e-01	5.524e-01	2.632e-01	9.032e-02	4.421e-01
4.510e+04	4.635e-01	4.539e-01	4.635e-01	1.467e-01	9.887e-02	2.258e-01	5.045e-01	4.620e-01	5.263e-01	5.234e-01	5.054e-01	5.524e-01	2.632e-01	9.032e-02	4.421e-01
4.520e+04	4.635e-01	4.539e-01	4.635e-01	1.467e-01	9.887e-02	2.258e-01	5.045e-01	4.620e-01	5.263e-01	5.234e-01	5.054e-01	5.524e-01	2.632e-01	9.032e-02	4.421e-01
4.530e+04	4.635e-01	4.539e-01	4.635e-01	1.467e-01	9.887e-02	2.258e-01	5.045e-01	4.620e-01	5.263e-01	5.234e-01	5.054e-01	5.524e-01	2.632e-01	9.032e-02	4.421e-01
4.540e+04	4.635e-01	4.539e-01	4.635e-01	1.467e-01	9.887e-02	2.258e-01	5.045e-01	4.620e-01	5.263e-01	5.234e-01	5.054e-01	5.524e-01	2.632e-01	9.032e-02	4.421e-01
4.550e+04	4.635e-01	4.539e-01	4.635e-01	1.467e-01	9.887e-02	2.258e-01	5.045e-01	4.620e-01	5.263e-01	5.234e-01	5.054e-01	5.524e-01	2.632e-01	9.032e-02	4.421e-01
4.560e+04	4.635e-01	4.539e-01	4.635e-01	1.467e-01	9.887e-02	2.258e-01	5.045e-01	4.620e-01	5.263e-01	5.234e-01	5.054e-01	5.524e-01	2.632e-01	9.032e-02	4.421e-01
4.570e+04	4.635e-01	4.539e-01	4.635e-01	1.467e-01	9.887e-02	2.258e-01	5.045e-01	4.620e-01	5.263e-01	5.234e-01	5.054e-01	5.524e-01	2.632e-01	9.032e-02	4.421e-01
4.580e+04	4.635e-01	4.539e-01	4.635e-01	1.467e-01	9.887e-02	2.258e-01	5.045e-01	4.620e-01	5.263e-01	5.234e-01	5.054e-01	5.524e-01	2.632e-01	9.032e-02	4.421e-01
4.590e+04	4.635e-01	4.539e-01	4.635e-01	1.467e-01	9.887e-02	2.258e-01	5.045e-01	4.620e-01	5.263e-01	5.234e-01	5.054e-01	5.524e-01	2.632e-01	9.032e-02	4.421e-01
4.600e+04	4.635e-01	4.539e-01	4.635e-01	1.467e-01	9.887e-02	2.258e-01	5.045e-01	4.620e-01	5.266e-01	5.234e-01	5.054e-01	5.524e-01	2.632e-01	9.032e-02	4.421e-01
4.610e+04	4.635e-01	4.539e-01	4.635e-01	1.467e-01	9.887e-02	2.258e-01	5.045e-01	4.620e-01	5.266e-01	5.234e-01	5.054e-01	5.524e-01	2.632e-01	9.032e-02	4.421e-01
4.620e+04	4.635e-01	4.539e-01	4.635e-01	1.467e-01	9.887e-02	2.258e-01	5.045e-01	4.620e-01	5.266e-01	5.234e-01	5.054e-01	5.524e-01	2.632e-01	9.032e-02	4.421e-01
4.630e+04	4.635e-01	4.539e-01	4.635e-01	1.467e-01	9.887e-02	2.258e-01	5.045e-01	4.620e-01	5.266e-01	5.234e-01	5.054e-01	5.524e-01	2.632e-01	9.032e-02	4.421e-01
4.640e+04	4.635e-01	4.539e-01	4.635e-01	1.467e-01	9.887e-02	2.258e-01	5.045e-01	4.620e-01	5.266e-01	5.234e-01	5.054e-01	5.564e-01	2.632e-01	9.032e-02	4.421e-01
4.650e+04	4.635e-01	4.539e-01	4.635e-01	1.467e-01	9.887e-02	2.258e-01	5.045e-01	4.620e-01	5.266e-01	5.234e-01	5.054e-01	5.564e-01	2.632e-01	9.032e-02	4.421e-01
4.660e+04	4.635e-01	4.539e-01	4.635e-01	1.467e-01	9.887e-02	2.258e-01	5.045e-01	4.620e-01	5.266e-01	5.249e-01	5.054e-01	5.564e-01	2.632e-01	9.032e-02	4.421e-01
4.670e+04	4.635e-01	4.539e-01	4.635e-01	1.467e-01	9.887e-02	2.258e-01	5.045e-01	4.620e-01	5.266e-01	5.249e-01	5.054e-01	5.564e-01	2.632e-01	9.032e-02	4.421e-01
4.680e+04	4.635e-01	4.539e-01	4.635e-01	1.467e-01	9.887e-02	2.258e-01	5.045e-01	4.620e-01	5.266e-01	5.249e-01	5.054e-01	5.564e-01	2.632e-01	9.032e-02	4.421e-01
4.690e+04	4.635e-01	4.539e-01	4.635e-01	1.467e-01	9.887e-02	2.258e-01	5.045e-01	4.620e-01	5.266e-01	5.249e-01	5.054e-01	5.564e-01	2.632e-01	9.032e-02	4.421e-01
4.700e+04	4.635e-01	4.539e-01	4.635e-01	1.467e-01	9.887e-02	2.258e-01	5.045e-01	4.620e-01	5.266e-01	5.249e-01	5.054e-01	5.564e-01	2.632e-01	9.032e-02	4.421e-01
4.710e+04	4.635e-01	4.539e-01	4.635e-01	1.467e-01	9.887e-02	2.258e-01	5.045e-01	4.620e-01	5.266e-01	5.249e-01	5.054e-01	5.564e-01	2.632e-01	9.032e-02	4.421e-01
4.720e+04	4.635e-01	4.539e-01	4.635e-01	1.467e-01	9.887e-02	2.258e-01	5.045e-01	4.620e-01	5.266e-01	5.249e-01	5.054e-01	5.564e-01	2.632e-01	9.032e-02	4.421e-01
4.730e+04	4.635e-01	4.539e-01	4.635e-01	1.467e-01	9.887e-02	2.258e-01	5.045e-01	4.620e-01	5.266e-01	5.249e-01	5.054e-01	5.564e-01	3.851e-01	9.032e-02	4.598e-01
4.740e+04	4.635e-01	4.539e-01	4.635e-01	1.467e-01	9.887e-02	2.258e-01	5.045e-01	4.620e-01	5.266e-01	5.249e-01	5.107e-01	5.564e-01	3.851e-01	9.032e-02	4.598e-01
4.750e+04	4.635e-01	4.539e-01	4.635e-01	1.467e-01	9.887e-02	2.258e-01	5.045e-01	4.620e-01	5.266e-01	5.249e-01	5.107e-01	5.564e-01	3.580e-01	9.032e-02	4.598e-01
4.760e+04	4.635e-01	4.539e-01	4.635e-01	1.467e-01	9.887e-02	2.258e-01	5.045e-01	4.620e-01	5.266e-01	5.249e-01	5.107e-01	5.564e-01	3.580e-01	9.032e-02	4.598e-01
4.770e+04	4.635e-01	4.539e-01	4.635e-01	1.467e-01	9.887e-02	2.258e-01	5.045e-01	4.620e-01	5.266e-01	5.249e-01	5.107e-01	5.567e-01	3.580e-01	9.032e-02	4.598e-01
4.780e+04	4.635e-01	4.539e-01	4.635e-01	1.467e-01	9.887e-02	2.258e-01	5.045e-01	4.723e-01	5.266e-01	5.249e-01	5.107e-01	5.567e-01	3.580e-01	9.032e-02	4.598e-01
4.790e+04	4.635e-01	4.539e-01	4.635e-01	1.467e-01	9.887e-02	2.258e-01	5.045e-01	4.723e-01	5.266e-01	5.249e-01	5.107e-01	5.567e-01	3.580e-01	9.032e-02	4.598e-01
4.800e+04	4.635e-01	4.539e-01	4.635e-01	1.467e-01	9.887e-02	2.258e-01	5.045e-01	4.723e-01	5.266e-01	5.249e-01	5.107e-01	5.567e-01	3.580e-01	9.032e-02	4.598e-01
4.810e+04	4.635e-01	4.539e-01	4.635e-01	1.467e-01	9.887e-02	2.258e-01	5.045e-01	4.723e-01	5.266e-01	5.249e-01	5.107e-01	5.567e-01	3.580e-01	9.032e-02	4.598e-01
4.820e+04	4.635e-01	4.539e-01	4.635e-01	1.467e-01	9.887e-02	2.258e-01	5.045e-01	4.723e-01	5.266e-01	5.265e-01	5.107e-01	5.567e-01	3.580e-01	9.032e-02	4.598e-01
4.830e+04	4.635e-01	4.539e-01	4.635e-01	1.467e-01	9.887e-02	2.258e-01	5.045e-01	4.723e-01	5.266e-01	5.265e-01	5.107e-01	5.567e-01	3.580e-01	9.032e-02	4.598e-01
4.840e+04	4.635e-01	4.539e-01	4.635e-01	1.467e-01	9.887e-02	2.258e-01	5.045e-01	4.723e-01	5.266e-01	5.265e-01	5.107e-01	5.567e-01	3.580e-01	9.032e-02	4.598e-01
4.850e+04	4.635e-01	4.539e-01	4.635e-01	1.467e-01	9.887e-02	2.258e-01	5.045e-01	4.723e-01	5.266e-01	5.265e-01	5.107e-01	5.567e-01	3.580e-01	9.032e-02	4.598e-01
4.860e+04	4.635e-01	4.539e-01	4.635e-01	1.467e-01	9.887e-02	2.258e-01	5.045e-01	4.723e-01	5.266e-01	5.265e-01	5.107e-01	5.567e-01	3.580e-01	9.032e-02	4.598e-01
4.870e+04	4.635e-01	4.539e-01	4.635e-01	1.467e-01	9.887e-02	2.258e-01	5.045e-01	4.723e-01	5.266e-01	5.265e-01	5.107e-01	5.567e-01	3.580e-01	9.032e-02	4.598e-01
4.880e+04	4.635e-01	4.539e-01	4.635e-01	1.423e-01	6.518e-02	2.212e-01	5.045e-01	4.723e-01	5.266e-01	5.265e-01	5.107e-01	5.567e-01	3.580e-01	9.032e-02	4.598e-01
4.890e+04	4.635e-01	4.539e-01	4.635e-01	1.423e-01	6.518e-02	2.212e-01	5.045e-01	4.723e-01	5.266e-01	5.265e-01	5.107e-01	5.567e-01	3.580e-01	9.032e-02	4.598e-01
4.900e+04	4.635e-01	4.539e-01	4.635e-01	1.423e-01	6.518e-02	2.212e-01	5.045e-01	4.723e-01	5.266e-01	5.265e-01	5.107e-01	5.567e-01	3.580e-01	9.032e-02	4.598e-01
4.910e+04	4.635e-01	4.539e-01	4.635e-01	1.423e-01	6.518e-02	2.212e-01	5.045e-01	4.779e-01	5.266e-01	5.265e-01	5.107e-01	5.567e-01	3.580e-01	9.032e-02	4.598e-01
4.920e+04	4.635e-01	4.539e-01	4.635e-01	1.423e-01	6.518e-02	2.212e-01	5.045e-01	4.779e-01	5.266e-01	5.265e-01	5.107e-01	5.567e-01	3.580e-01	9.032e-02	4.598e-01
4.930e+04	4.635e-01	4.539e-01	4.635e-01	1.423e-01	6.518e-02	2.212e-01	5.045e-01	4.779e-01	5.266e-01	5.265e-01	5.107e-01	5.567e-01	3.580e-01	9.032e-02	4.598e-01
4.940e+04	4.635e-01	4.539e-01	4.635e-01	1.423e-01	6.518e-02	2.212e-01	5.045e-01	4.779e-01	5.266e-01	5.265e-01	5.107e-01	5.567e-01	3.580e-01	9.032e-02	4.598e-01
4.950e+04	4.635e-01	4.539e-01	4.635e-01	1.401e-01	5.788e-02	2.125e-01	5.045e-01	4.779e-01	5.266e-01	5.265e-01	5.107e-01	5.567e-01	3.580e-01	9.032e-02	4.598e-01
4.960e+04	4.635e-01	4.539e-01	4.635e-01	1.387e-01	5.788e-02	2.125e-01	5.045e-01	4.779e-01	5.225e-01	5.265e-01	5.107e-01	5.567e-01	3.580e-01	9.032e-02	4.598e-01
4.970e+04	4.635e-01	4.539e-01	4.635e-01	1.387e-01	5.788e-02	2.125e-01	5.071e-01	4.779e-01	5.266e-01	5.265e-01	5.107e-01	5.567e-01	3.580e-01	9.032e-02	4.598e-01
4.980e+04	4.635e-01	4.539e-01	4.635e-01	1.387e-01	5.788e-02	2.125e-01	5.071e-01	4.779e-01	5.266e-01	5.265e-01	5.107e-01	5.567e-01	3.580e-01	9.032e-02	4.598e-01
4.990e+04	4.635e-01	4.539e-01	4.635e-01	1.387e-01	5.788e-02	2.125e-01	5.071e-01	4.779e-01	5.266e-01	5.265e-01	5.107e-01	5.567e-01	3.580e-01	9.032e-02	4.598e-01
5.000e+04	4.635e-01	4.539e-01	4.635e-01	1.387e-01	5.788e-02	2.125e-01	5.071e-01	4.779e-01	5.266e-01	5.265e-01	5.107e-01	5.567e-01	3.580e-01	9.032e-02	4.598e-01
