n.evals.q.1.0.	mopm._.me.hebbian.network.best.quality.inconsistency	mopm._.me.hebbian.network.best.quality.inconsistency.min	mopm._.me.hebbian.network.best.quality.inconsistency.max	mopm._.me.hebbian.layer.best.quality.inconsistency	mopm._.me.hebbian.layer.best.quality.inconsistency.min	mopm._.me.hebbian.layer.best.quality.inconsistency.max	mopm._.me.hebbian.neuron.best.quality.inconsistency	mopm._.me.hebbian.neuron.best.quality.inconsistency.min	mopm._.me.hebbian.neuron.best.quality.inconsistency.max	mopm._.me.hebbian.synapse.best.quality.inconsistency	mopm._.me.hebbian.synapse.best.quality.inconsistency.min	mopm._.me.hebbian.synapse.best.quality.inconsistency.max	mopm._.me.freeForm.best.quality.inconsistency	mopm._.me.freeForm.best.quality.inconsistency.min	mopm._.me.freeForm.best.quality.inconsistency.max
1.000e+02	3.821e-01	3.608e-01	3.971e-01	3.943e-01	3.744e-01	3.971e-01	3.595e-01	3.258e-01	3.986e-01	3.779e-01	3.453e-01	4.171e-01	3.971e-01	3.971e-01	3.971e-01
2.000e+02	3.700e-01	3.597e-01	3.845e-01	3.725e-01	3.592e-01	3.872e-01	3.787e-01	3.436e-01	4.119e-01	3.937e-01	3.690e-01	4.109e-01	3.971e-01	3.971e-01	3.971e-01
3.000e+02	3.601e-01	3.496e-01	3.713e-01	3.704e-01	3.542e-01	3.872e-01	3.610e-01	3.298e-01	3.820e-01	3.770e-01	3.667e-01	4.100e-01	3.971e-01	3.971e-01	3.971e-01
4.000e+02	3.597e-01	3.496e-01	3.682e-01	3.691e-01	3.528e-01	3.748e-01	3.763e-01	3.342e-01	3.988e-01	3.767e-01	3.580e-01	3.872e-01	3.971e-01	3.966e-01	3.971e-01
5.000e+02	3.587e-01	3.496e-01	3.635e-01	3.606e-01	3.496e-01	3.741e-01	3.745e-01	3.342e-01	3.934e-01	3.672e-01	3.525e-01	3.970e-01	3.971e-01	3.966e-01	3.971e-01
6.000e+02	3.584e-01	3.496e-01	3.652e-01	3.547e-01	3.142e-01	3.691e-01	3.707e-01	3.423e-01	3.843e-01	3.831e-01	3.586e-01	3.976e-01	3.971e-01	3.933e-01	3.971e-01
7.000e+02	3.574e-01	3.503e-01	3.652e-01	3.547e-01	3.467e-01	3.628e-01	3.639e-01	3.272e-01	3.810e-01	3.782e-01	3.605e-01	3.872e-01	3.971e-01	3.924e-01	3.971e-01
8.000e+02	3.574e-01	3.496e-01	3.652e-01	3.547e-01	3.461e-01	3.619e-01	3.645e-01	3.262e-01	3.810e-01	3.795e-01	3.538e-01	3.962e-01	3.971e-01	3.932e-01	3.971e-01
9.000e+02	3.573e-01	3.482e-01	3.624e-01	3.542e-01	3.461e-01	3.599e-01	3.622e-01	3.299e-01	3.801e-01	3.686e-01	3.449e-01	3.933e-01	3.971e-01	3.932e-01	3.971e-01
1.000e+03	3.569e-01	3.473e-01	3.612e-01	3.542e-01	3.461e-01	3.599e-01	3.642e-01	3.272e-01	3.810e-01	3.745e-01	3.499e-01	3.962e-01	3.971e-01	3.894e-01	3.971e-01
1.100e+03	3.517e-01	3.470e-01	3.592e-01	3.528e-01	2.814e-01	3.582e-01	3.642e-01	3.272e-01	3.778e-01	3.651e-01	3.433e-01	3.933e-01	3.933e-01	3.891e-01	3.971e-01
1.200e+03	3.517e-01	3.473e-01	3.597e-01	3.528e-01	3.463e-01	3.577e-01	3.671e-01	3.342e-01	3.810e-01	3.651e-01	3.489e-01	3.940e-01	3.933e-01	3.891e-01	3.971e-01
1.300e+03	3.517e-01	3.473e-01	3.574e-01	3.528e-01	3.463e-01	3.577e-01	3.671e-01	3.390e-01	3.810e-01	3.651e-01	3.477e-01	3.933e-01	3.933e-01	3.871e-01	3.971e-01
1.400e+03	3.517e-01	3.482e-01	3.597e-01	3.528e-01	3.465e-01	3.571e-01	3.671e-01	3.331e-01	3.810e-01	3.651e-01	3.516e-01	3.884e-01	3.933e-01	3.871e-01	3.971e-01
1.500e+03	3.517e-01	3.482e-01	3.574e-01	3.505e-01	3.465e-01	3.543e-01	3.671e-01	3.331e-01	3.810e-01	3.731e-01	3.518e-01	3.884e-01	3.933e-01	3.871e-01	3.971e-01
1.600e+03	3.517e-01	3.473e-01	3.573e-01	3.505e-01	3.465e-01	3.543e-01	3.671e-01	3.282e-01	3.802e-01	3.649e-01	3.419e-01	3.886e-01	3.933e-01	3.871e-01	3.971e-01
1.700e+03	3.515e-01	3.467e-01	3.552e-01	3.500e-01	3.461e-01	3.543e-01	3.671e-01	3.282e-01	3.766e-01	3.621e-01	3.284e-01	3.906e-01	3.918e-01	3.866e-01	3.971e-01
1.800e+03	3.497e-01	3.462e-01	3.544e-01	3.486e-01	3.461e-01	3.528e-01	3.671e-01	3.269e-01	3.766e-01	3.619e-01	3.274e-01	3.829e-01	3.895e-01	3.866e-01	3.971e-01
1.900e+03	3.497e-01	3.462e-01	3.544e-01	3.500e-01	3.461e-01	3.528e-01	3.700e-01	3.269e-01	3.766e-01	3.563e-01	3.274e-01	3.810e-01	3.894e-01	3.814e-01	3.971e-01
2.000e+03	3.487e-01	3.462e-01	3.527e-01	3.486e-01	3.461e-01	3.528e-01	3.574e-01	3.331e-01	3.766e-01	3.563e-01	3.231e-01	3.829e-01	3.894e-01	3.809e-01	3.971e-01
2.100e+03	3.487e-01	3.463e-01	3.527e-01	3.486e-01	3.461e-01	3.528e-01	3.618e-01	3.266e-01	3.766e-01	3.556e-01	3.231e-01	3.864e-01	3.894e-01	3.798e-01	3.971e-01
2.200e+03	3.482e-01	3.461e-01	3.527e-01	3.486e-01	3.461e-01	3.528e-01	3.618e-01	3.266e-01	3.802e-01	3.556e-01	3.231e-01	3.864e-01	3.894e-01	3.798e-01	3.971e-01
2.300e+03	3.482e-01	3.461e-01	3.516e-01	3.484e-01	3.461e-01	3.528e-01	3.612e-01	3.196e-01	3.802e-01	3.556e-01	3.170e-01	3.810e-01	3.891e-01	3.798e-01	3.971e-01
2.400e+03	3.482e-01	3.461e-01	3.516e-01	3.484e-01	3.461e-01	3.528e-01	3.612e-01	3.196e-01	3.802e-01	3.556e-01	3.181e-01	3.829e-01	3.883e-01	3.798e-01	3.971e-01
2.500e+03	3.482e-01	3.461e-01	3.516e-01	3.499e-01	3.461e-01	3.531e-01	3.618e-01	3.266e-01	3.822e-01	3.619e-01	3.231e-01	3.848e-01	3.883e-01	3.776e-01	3.971e-01
2.600e+03	3.482e-01	3.461e-01	3.516e-01	3.486e-01	3.461e-01	3.531e-01	3.612e-01	3.266e-01	3.796e-01	3.619e-01	3.181e-01	3.848e-01	3.871e-01	3.730e-01	3.971e-01
2.700e+03	3.473e-01	3.461e-01	3.515e-01	3.485e-01	3.461e-01	3.528e-01	3.609e-01	3.266e-01	3.730e-01	3.649e-01	3.181e-01	3.848e-01	3.871e-01	3.730e-01	3.971e-01
2.800e+03	3.473e-01	3.461e-01	3.515e-01	3.484e-01	3.461e-01	3.528e-01	3.609e-01	3.266e-01	3.730e-01	3.739e-01	3.168e-01	3.939e-01	3.871e-01	3.730e-01	3.971e-01
2.900e+03	3.471e-01	3.461e-01	3.515e-01	3.466e-01	3.461e-01	3.520e-01	3.577e-01	3.266e-01	3.730e-01	3.649e-01	3.168e-01	3.866e-01	3.870e-01	3.730e-01	3.971e-01
3.000e+03	3.471e-01	3.461e-01	3.509e-01	3.470e-01	3.461e-01	3.528e-01	3.577e-01	3.266e-01	3.757e-01	3.649e-01	3.168e-01	3.859e-01	3.870e-01	3.730e-01	3.971e-01
3.100e+03	3.471e-01	3.461e-01	3.509e-01	3.470e-01	3.461e-01	3.528e-01	3.577e-01	3.266e-01	3.730e-01	3.614e-01	3.168e-01	3.859e-01	3.853e-01	3.570e-01	3.971e-01
3.200e+03	3.471e-01	3.461e-01	3.497e-01	3.470e-01	3.461e-01	3.528e-01	3.577e-01	3.266e-01	3.730e-01	3.614e-01	3.151e-01	3.859e-01	3.853e-01	2.898e-01	3.971e-01
3.300e+03	3.467e-01	3.461e-01	3.497e-01	3.470e-01	3.461e-01	3.520e-01	3.609e-01	3.266e-01	3.730e-01	3.641e-01	3.181e-01	3.848e-01	3.853e-01	2.898e-01	3.971e-01
3.400e+03	3.467e-01	3.461e-01	3.497e-01	3.470e-01	3.461e-01	3.520e-01	3.609e-01	3.266e-01	3.730e-01	3.641e-01	3.181e-01	3.848e-01	3.853e-01	2.898e-01	3.971e-01
3.500e+03	3.467e-01	3.461e-01	3.497e-01	3.462e-01	3.461e-01	3.520e-01	3.621e-01	3.266e-01	3.722e-01	3.617e-01	3.231e-01	3.762e-01	3.853e-01	2.898e-01	3.971e-01
3.600e+03	3.462e-01	3.461e-01	3.487e-01	3.462e-01	3.461e-01	3.520e-01	3.572e-01	3.266e-01	3.714e-01	3.617e-01	3.231e-01	3.762e-01	3.806e-01	1.898e-01	3.954e-01
3.700e+03	3.462e-01	3.461e-01	3.487e-01	3.462e-01	3.461e-01	3.520e-01	3.572e-01	3.266e-01	3.714e-01	3.617e-01	3.259e-01	3.804e-01	3.806e-01	1.898e-01	3.954e-01
3.800e+03	3.462e-01	3.461e-01	3.487e-01	3.462e-01	3.461e-01	3.520e-01	3.572e-01	3.266e-01	3.714e-01	3.617e-01	3.231e-01	3.804e-01	3.814e-01	1.898e-01	3.937e-01
3.900e+03	3.463e-01	3.461e-01	3.497e-01	3.461e-01	3.461e-01	3.486e-01	3.553e-01	3.266e-01	3.714e-01	3.603e-01	3.231e-01	3.804e-01	3.808e-01	1.589e-01	3.937e-01
4.000e+03	3.463e-01	3.461e-01	3.497e-01	3.461e-01	3.461e-01	3.486e-01	3.572e-01	3.266e-01	3.714e-01	3.587e-01	3.231e-01	3.762e-01	3.801e-01	1.589e-01	3.937e-01
4.100e+03	3.463e-01	3.461e-01	3.497e-01	3.461e-01	3.460e-01	3.485e-01	3.572e-01	3.266e-01	3.714e-01	3.603e-01	3.231e-01	3.779e-01	3.797e-01	1.424e-01	3.937e-01
4.200e+03	3.463e-01	3.461e-01	3.497e-01	3.461e-01	3.460e-01	3.485e-01	3.572e-01	3.266e-01	3.714e-01	3.585e-01	3.231e-01	3.779e-01	3.797e-01	1.424e-01	3.937e-01
4.300e+03	3.463e-01	3.461e-01	3.497e-01	3.461e-01	3.460e-01	3.485e-01	3.572e-01	3.266e-01	3.714e-01	3.585e-01	3.119e-01	3.779e-01	3.797e-01	1.424e-01	3.933e-01
4.400e+03	3.463e-01	3.461e-01	3.497e-01	3.461e-01	3.460e-01	3.485e-01	3.572e-01	3.266e-01	3.714e-01	3.585e-01	3.119e-01	3.779e-01	3.797e-01	1.405e-01	3.933e-01
4.500e+03	3.463e-01	3.461e-01	3.497e-01	3.461e-01	3.273e-01	3.484e-01	3.572e-01	3.266e-01	3.746e-01	3.585e-01	3.119e-01	3.676e-01	3.797e-01	1.405e-01	3.933e-01
4.600e+03	3.463e-01	3.461e-01	3.497e-01	3.461e-01	3.273e-01	3.471e-01	3.572e-01	3.266e-01	3.746e-01	3.569e-01	3.119e-01	3.804e-01	3.797e-01	1.405e-01	3.933e-01
4.700e+03	3.463e-01	3.461e-01	3.497e-01	3.461e-01	3.273e-01	3.471e-01	3.572e-01	3.266e-01	3.746e-01	3.548e-01	3.180e-01	3.804e-01	3.787e-01	1.405e-01	3.933e-01
4.800e+03	3.463e-01	3.461e-01	3.487e-01	3.461e-01	3.461e-01	3.484e-01	3.611e-01	3.266e-01	3.746e-01	3.603e-01	3.180e-01	3.841e-01	3.787e-01	1.405e-01	3.933e-01
4.900e+03	3.463e-01	3.461e-01	3.487e-01	3.461e-01	3.460e-01	3.478e-01	3.553e-01	3.266e-01	3.746e-01	3.603e-01	3.243e-01	3.841e-01	3.785e-01	1.405e-01	3.933e-01
5.000e+03	3.463e-01	3.461e-01	3.487e-01	3.461e-01	3.460e-01	3.478e-01	3.553e-01	3.266e-01	3.746e-01	3.603e-01	3.243e-01	3.804e-01	3.785e-01	1.405e-01	3.933e-01
5.100e+03	3.463e-01	3.461e-01	3.487e-01	3.461e-01	3.460e-01	3.478e-01	3.553e-01	3.209e-01	3.760e-01	3.603e-01	3.106e-01	3.804e-01	3.785e-01	1.405e-01	3.933e-01
5.200e+03	3.463e-01	3.461e-01	3.487e-01	3.461e-01	3.450e-01	3.478e-01	3.553e-01	3.209e-01	3.746e-01	3.572e-01	3.106e-01	3.687e-01	3.785e-01	1.405e-01	3.933e-01
5.300e+03	3.463e-01	3.461e-01	3.487e-01	3.461e-01	3.460e-01	3.478e-01	3.553e-01	3.187e-01	3.746e-01	3.572e-01	3.180e-01	3.687e-01	3.785e-01	1.405e-01	3.933e-01
5.400e+03	3.463e-01	3.461e-01	3.487e-01	3.461e-01	3.460e-01	3.478e-01	3.543e-01	3.266e-01	3.746e-01	3.572e-01	3.243e-01	3.687e-01	3.785e-01	1.405e-01	3.933e-01
5.500e+03	3.463e-01	3.461e-01	3.487e-01	3.461e-01	3.460e-01	3.478e-01	3.553e-01	3.266e-01	3.760e-01	3.538e-01	3.272e-01	3.676e-01	3.770e-01	1.414e-01	3.903e-01
5.600e+03	3.463e-01	3.461e-01	3.487e-01	3.461e-01	3.460e-01	3.478e-01	3.645e-01	3.346e-01	3.781e-01	3.554e-01	3.272e-01	3.676e-01	3.770e-01	1.414e-01	3.903e-01
5.700e+03	3.463e-01	3.461e-01	3.487e-01	3.461e-01	3.460e-01	3.478e-01	3.645e-01	3.346e-01	3.804e-01	3.554e-01	3.243e-01	3.687e-01	3.769e-01	1.414e-01	3.903e-01
5.800e+03	3.463e-01	3.461e-01	3.487e-01	3.461e-01	3.460e-01	3.478e-01	3.628e-01	3.346e-01	3.804e-01	3.554e-01	3.243e-01	3.687e-01	3.769e-01	1.414e-01	3.903e-01
5.900e+03	3.463e-01	3.461e-01	3.487e-01	3.461e-01	3.460e-01	3.478e-01	3.581e-01	3.346e-01	3.804e-01	3.554e-01	3.243e-01	3.771e-01	3.739e-01	1.414e-01	3.903e-01
6.000e+03	3.463e-01	3.461e-01	3.487e-01	3.461e-01	3.460e-01	3.478e-01	3.581e-01	3.265e-01	3.804e-01	3.554e-01	3.243e-01	3.771e-01	3.739e-01	1.414e-01	3.903e-01
6.100e+03	3.463e-01	3.461e-01	3.487e-01	3.461e-01	3.460e-01	3.478e-01	3.628e-01	3.265e-01	3.804e-01	3.541e-01	3.212e-01	3.717e-01	3.739e-01	1.414e-01	3.903e-01
6.200e+03	3.463e-01	3.461e-01	3.487e-01	3.461e-01	3.460e-01	3.478e-01	3.628e-01	3.265e-01	3.760e-01	3.541e-01	3.212e-01	3.717e-01	3.739e-01	1.414e-01	3.903e-01
6.300e+03	3.462e-01	3.461e-01	3.482e-01	3.461e-01	2.282e-01	3.478e-01	3.628e-01	3.265e-01	3.760e-01	3.486e-01	3.212e-01	3.717e-01	3.739e-01	1.414e-01	3.903e-01
6.400e+03	3.463e-01	3.461e-01	3.482e-01	3.461e-01	2.343e-01	3.478e-01	3.628e-01	3.346e-01	3.760e-01	3.541e-01	3.221e-01	3.717e-01	3.731e-01	1.414e-01	3.903e-01
6.500e+03	3.463e-01	3.461e-01	3.482e-01	3.461e-01	3.461e-01	3.478e-01	3.628e-01	3.346e-01	3.760e-01	3.494e-01	3.221e-01	3.771e-01	3.730e-01	1.414e-01	3.903e-01
6.600e+03	3.463e-01	3.461e-01	3.473e-01	3.461e-01	3.461e-01	3.478e-01	3.645e-01	3.364e-01	3.760e-01	3.483e-01	3.212e-01	3.687e-01	3.730e-01	1.414e-01	3.903e-01
6.700e+03	3.463e-01	3.461e-01	3.473e-01	3.461e-01	3.461e-01	3.478e-01	3.645e-01	3.376e-01	3.760e-01	3.494e-01	3.212e-01	3.687e-01	3.730e-01	1.414e-01	3.903e-01
6.800e+03	3.463e-01	3.461e-01	3.473e-01	3.461e-01	2.343e-01	3.478e-01	3.645e-01	3.376e-01	3.766e-01	3.483e-01	3.177e-01	3.687e-01	3.730e-01	1.414e-01	3.903e-01
6.900e+03	3.463e-01	3.461e-01	3.473e-01	3.461e-01	2.282e-01	3.463e-01	3.645e-01	3.376e-01	3.766e-01	3.402e-01	3.174e-01	3.687e-01	3.730e-01	1.414e-01	3.903e-01
7.000e+03	3.462e-01	3.461e-01	3.473e-01	3.461e-01	2.282e-01	3.462e-01	3.645e-01	3.376e-01	3.766e-01	3.312e-01	3.174e-01	3.677e-01	3.730e-01	1.414e-01	3.903e-01
7.100e+03	3.462e-01	3.461e-01	3.473e-01	3.461e-01	2.343e-01	3.462e-01	3.645e-01	3.376e-01	3.766e-01	3.312e-01	3.174e-01	3.677e-01	3.730e-01	1.414e-01	3.903e-01
7.200e+03	3.462e-01	3.461e-01	3.473e-01	3.461e-01	2.665e-01	3.462e-01	3.645e-01	3.376e-01	3.766e-01	3.312e-01	3.174e-01	3.669e-01	3.655e-01	1.148e-01	3.876e-01
7.300e+03	3.462e-01	3.461e-01	3.473e-01	3.461e-01	2.665e-01	3.462e-01	3.645e-01	3.376e-01	3.746e-01	3.346e-01	3.177e-01	3.687e-01	3.693e-01	1.148e-01	3.903e-01
7.400e+03	3.462e-01	3.461e-01	3.473e-01	3.461e-01	2.665e-01	3.462e-01	3.640e-01	3.376e-01	3.711e-01	3.312e-01	3.177e-01	3.687e-01	3.693e-01	1.144e-01	3.903e-01
7.500e+03	3.462e-01	3.461e-01	3.473e-01	3.461e-01	2.343e-01	3.461e-01	3.640e-01	3.376e-01	3.711e-01	3.293e-01	3.174e-01	3.687e-01	3.693e-01	1.144e-01	3.903e-01
7.600e+03	3.462e-01	3.461e-01	3.473e-01	3.461e-01	2.343e-01	3.461e-01	3.640e-01	3.376e-01	3.711e-01	3.293e-01	3.174e-01	3.687e-01	3.693e-01	1.144e-01	3.937e-01
7.700e+03	3.462e-01	3.461e-01	3.473e-01	3.461e-01	2.343e-01	3.461e-01	3.640e-01	3.376e-01	3.711e-01	3.293e-01	3.174e-01	3.669e-01	3.693e-01	1.144e-01	3.937e-01
7.800e+03	3.462e-01	3.461e-01	3.473e-01	3.461e-01	2.343e-01	3.461e-01	3.640e-01	3.376e-01	3.711e-01	3.293e-01	3.174e-01	3.687e-01	3.693e-01	1.144e-01	3.937e-01
7.900e+03	3.462e-01	3.461e-01	3.473e-01	3.461e-01	2.343e-01	3.461e-01	3.640e-01	3.376e-01	3.711e-01	3.293e-01	3.174e-01	3.687e-01	3.655e-01	1.144e-01	3.903e-01
8.000e+03	3.462e-01	3.461e-01	3.473e-01	3.461e-01	2.343e-01	3.461e-01	3.640e-01	3.376e-01	3.711e-01	3.293e-01	3.167e-01	3.687e-01	3.655e-01	1.144e-01	3.903e-01
8.100e+03	3.462e-01	3.461e-01	3.473e-01	3.461e-01	2.282e-01	3.461e-01	3.640e-01	3.376e-01	3.711e-01	3.293e-01	3.167e-01	3.687e-01	3.655e-01	1.144e-01	3.903e-01
8.200e+03	3.462e-01	3.461e-01	3.473e-01	3.461e-01	2.282e-01	3.461e-01	3.628e-01	3.376e-01	3.711e-01	3.293e-01	3.167e-01	3.687e-01	3.693e-01	1.144e-01	3.903e-01
8.300e+03	3.462e-01	3.461e-01	3.473e-01	3.461e-01	2.282e-01	3.461e-01	3.628e-01	3.376e-01	3.711e-01	3.293e-01	3.167e-01	3.687e-01	3.693e-01	1.144e-01	3.903e-01
8.400e+03	3.462e-01	3.461e-01	3.473e-01	3.461e-01	2.282e-01	3.461e-01	3.628e-01	3.376e-01	3.711e-01	3.293e-01	3.167e-01	3.687e-01	3.693e-01	1.141e-01	3.903e-01
8.500e+03	3.462e-01	3.461e-01	3.473e-01	3.461e-01	2.282e-01	3.461e-01	3.640e-01	3.299e-01	3.716e-01	3.293e-01	3.167e-01	3.687e-01	3.693e-01	1.141e-01	3.903e-01
8.600e+03	3.462e-01	3.461e-01	3.473e-01	3.461e-01	2.282e-01	3.461e-01	3.640e-01	3.299e-01	3.716e-01	3.293e-01	3.167e-01	3.676e-01	3.693e-01	1.141e-01	3.903e-01
8.700e+03	3.462e-01	3.461e-01	3.473e-01	3.461e-01	2.282e-01	3.461e-01	3.640e-01	3.299e-01	3.716e-01	3.293e-01	3.167e-01	3.687e-01	3.693e-01	1.141e-01	3.903e-01
8.800e+03	3.462e-01	3.461e-01	3.473e-01	3.461e-01	2.282e-01	3.461e-01	3.640e-01	3.299e-01	3.716e-01	3.293e-01	3.167e-01	3.687e-01	3.693e-01	1.141e-01	3.903e-01
8.900e+03	3.462e-01	3.461e-01	3.473e-01	3.461e-01	2.282e-01	3.461e-01	3.645e-01	3.299e-01	3.716e-01	3.293e-01	3.158e-01	3.687e-01	3.644e-01	1.141e-01	3.876e-01
9.000e+03	3.462e-01	3.461e-01	3.473e-01	3.461e-01	2.282e-01	3.461e-01	3.645e-01	3.299e-01	3.716e-01	3.293e-01	3.158e-01	3.676e-01	3.644e-01	1.141e-01	3.876e-01
9.100e+03	3.462e-01	3.461e-01	3.473e-01	3.461e-01	2.282e-01	3.461e-01	3.645e-01	3.299e-01	3.716e-01	3.279e-01	3.158e-01	3.676e-01	3.052e-01	1.141e-01	3.856e-01
9.200e+03	3.462e-01	3.461e-01	3.473e-01	3.461e-01	2.282e-01	3.461e-01	3.645e-01	3.299e-01	3.716e-01	3.279e-01	3.158e-01	3.676e-01	3.052e-01	1.141e-01	3.814e-01
9.300e+03	3.462e-01	3.461e-01	3.473e-01	3.461e-01	2.282e-01	3.461e-01	3.645e-01	3.299e-01	3.716e-01	3.279e-01	3.158e-01	3.676e-01	3.052e-01	1.165e-01	3.814e-01
9.400e+03	3.462e-01	3.461e-01	3.473e-01	3.461e-01	2.218e-01	3.461e-01	3.645e-01	3.299e-01	3.716e-01	3.293e-01	3.158e-01	3.701e-01	3.052e-01	1.165e-01	3.814e-01
9.500e+03	3.462e-01	3.461e-01	3.473e-01	3.461e-01	1.969e-01	3.461e-01	3.645e-01	3.299e-01	3.716e-01	3.293e-01	3.158e-01	3.701e-01	3.052e-01	9.556e-02	3.814e-01
9.600e+03	3.462e-01	3.461e-01	3.473e-01	3.461e-01	1.969e-01	3.461e-01	3.645e-01	3.299e-01	3.746e-01	3.342e-01	3.158e-01	3.701e-01	3.052e-01	9.556e-02	3.814e-01
9.700e+03	3.462e-01	3.461e-01	3.473e-01	3.461e-01	1.969e-01	3.461e-01	3.645e-01	3.299e-01	3.746e-01	3.342e-01	3.158e-01	3.701e-01	3.403e-01	9.556e-02	3.814e-01
9.800e+03	3.462e-01	3.461e-01	3.473e-01	3.461e-01	1.969e-01	3.461e-01	3.645e-01	3.299e-01	3.746e-01	3.334e-01	3.158e-01	3.701e-01	3.403e-01	9.740e-02	3.814e-01
9.900e+03	3.462e-01	3.461e-01	3.473e-01	3.461e-01	1.969e-01	3.461e-01	3.645e-01	3.299e-01	3.746e-01	3.377e-01	3.167e-01	3.719e-01	3.403e-01	9.740e-02	3.814e-01
1.000e+04	3.462e-01	3.461e-01	3.473e-01	3.461e-01	1.666e-01	3.461e-01	3.645e-01	3.299e-01	3.746e-01	3.377e-01	3.167e-01	3.719e-01	3.403e-01	9.740e-02	3.814e-01
1.010e+04	3.462e-01	3.461e-01	3.473e-01	3.461e-01	1.666e-01	3.461e-01	3.645e-01	3.299e-01	3.746e-01	3.377e-01	3.167e-01	3.701e-01	3.403e-01	9.740e-02	3.814e-01
1.020e+04	3.462e-01	3.461e-01	3.473e-01	3.461e-01	1.666e-01	3.461e-01	3.645e-01	3.299e-01	3.746e-01	3.377e-01	3.167e-01	3.701e-01	3.403e-01	1.155e-01	3.814e-01
1.030e+04	3.462e-01	3.461e-01	3.473e-01	3.461e-01	1.666e-01	3.461e-01	3.645e-01	3.299e-01	3.746e-01	3.377e-01	3.167e-01	3.719e-01	3.403e-01	1.155e-01	3.814e-01
1.040e+04	3.462e-01	3.461e-01	3.473e-01	3.461e-01	1.666e-01	3.461e-01	3.645e-01	3.299e-01	3.746e-01	3.376e-01	3.167e-01	3.719e-01	3.403e-01	1.155e-01	3.847e-01
1.050e+04	3.462e-01	3.461e-01	3.473e-01	3.461e-01	1.666e-01	3.461e-01	3.645e-01	3.299e-01	3.746e-01	3.376e-01	3.167e-01	3.719e-01	3.403e-01	1.155e-01	3.847e-01
1.060e+04	3.462e-01	3.461e-01	3.473e-01	3.461e-01	1.666e-01	3.461e-01	3.645e-01	3.299e-01	3.746e-01	3.342e-01	3.167e-01	3.719e-01	3.403e-01	1.155e-01	3.847e-01
1.070e+04	3.462e-01	3.461e-01	3.473e-01	3.461e-01	1.666e-01	3.461e-01	3.645e-01	3.299e-01	3.746e-01	3.342e-01	3.167e-01	3.719e-01	3.403e-01	1.155e-01	3.847e-01
1.080e+04	3.462e-01	3.461e-01	3.473e-01	3.461e-01	1.447e-01	3.461e-01	3.645e-01	3.299e-01	3.746e-01	3.342e-01	3.232e-01	3.719e-01	3.403e-01	1.131e-01	3.831e-01
1.090e+04	3.462e-01	3.461e-01	3.473e-01	3.461e-01	1.447e-01	3.461e-01	3.645e-01	3.299e-01	3.746e-01	3.342e-01	3.232e-01	3.701e-01	3.403e-01	1.131e-01	3.831e-01
1.100e+04	3.462e-01	3.461e-01	3.473e-01	3.461e-01	1.447e-01	3.461e-01	3.645e-01	3.299e-01	3.746e-01	3.342e-01	3.232e-01	3.701e-01	3.403e-01	1.131e-01	3.831e-01
1.110e+04	3.462e-01	3.461e-01	3.472e-01	3.461e-01	1.445e-01	3.461e-01	3.645e-01	3.299e-01	3.746e-01	3.334e-01	3.236e-01	3.676e-01	3.403e-01	1.131e-01	3.831e-01
1.120e+04	3.462e-01	3.461e-01	3.472e-01	3.461e-01	1.444e-01	3.461e-01	3.645e-01	3.299e-01	3.746e-01	3.334e-01	3.236e-01	3.676e-01	3.198e-01	1.131e-01	3.831e-01
1.130e+04	3.462e-01	3.461e-01	3.472e-01	3.461e-01	1.445e-01	3.461e-01	3.645e-01	3.299e-01	3.746e-01	3.334e-01	3.236e-01	3.583e-01	3.198e-01	1.016e-01	3.831e-01
1.140e+04	3.462e-01	3.461e-01	3.472e-01	3.461e-01	1.445e-01	3.461e-01	3.663e-01	3.299e-01	3.747e-01	3.334e-01	3.236e-01	3.583e-01	3.198e-01	1.016e-01	3.831e-01
1.150e+04	3.462e-01	3.461e-01	3.472e-01	3.461e-01	1.445e-01	3.461e-01	3.663e-01	3.299e-01	3.747e-01	3.334e-01	3.236e-01	3.583e-01	3.198e-01	1.016e-01	3.831e-01
1.160e+04	3.462e-01	3.461e-01	3.472e-01	3.461e-01	1.445e-01	3.461e-01	3.663e-01	3.299e-01	3.747e-01	3.343e-01	3.242e-01	3.583e-01	3.198e-01	1.131e-01	3.831e-01
1.170e+04	3.462e-01	3.461e-01	3.472e-01	3.461e-01	1.445e-01	3.461e-01	3.663e-01	3.299e-01	3.747e-01	3.343e-01	3.242e-01	3.583e-01	3.198e-01	1.140e-01	3.831e-01
1.180e+04	3.462e-01	3.461e-01	3.472e-01	3.461e-01	1.445e-01	3.461e-01	3.663e-01	3.233e-01	3.747e-01	3.343e-01	3.242e-01	3.583e-01	3.198e-01	1.131e-01	3.831e-01
1.190e+04	3.462e-01	3.461e-01	3.472e-01	3.461e-01	1.445e-01	3.461e-01	3.663e-01	3.233e-01	3.747e-01	3.343e-01	3.242e-01	3.583e-01	3.198e-01	1.131e-01	3.831e-01
1.200e+04	3.462e-01	3.461e-01	3.472e-01	3.461e-01	1.445e-01	3.461e-01	3.663e-01	3.233e-01	3.747e-01	3.343e-01	3.242e-01	3.583e-01	3.198e-01	1.131e-01	3.831e-01
1.210e+04	3.462e-01	3.461e-01	3.472e-01	3.461e-01	1.445e-01	3.461e-01	3.663e-01	3.233e-01	3.747e-01	3.343e-01	3.242e-01	3.583e-01	1.950e-01	1.087e-01	3.814e-01
1.220e+04	3.462e-01	3.461e-01	3.465e-01	3.461e-01	1.444e-01	3.461e-01	3.663e-01	3.233e-01	3.747e-01	3.343e-01	3.242e-01	3.634e-01	1.950e-01	1.087e-01	3.814e-01
1.230e+04	3.462e-01	3.461e-01	3.465e-01	3.461e-01	1.444e-01	3.461e-01	3.663e-01	3.233e-01	3.747e-01	3.343e-01	3.242e-01	3.583e-01	1.950e-01	1.087e-01	3.814e-01
1.240e+04	3.462e-01	3.461e-01	3.465e-01	3.461e-01	1.444e-01	3.461e-01	3.663e-01	3.233e-01	3.746e-01	3.343e-01	3.256e-01	3.548e-01	1.950e-01	1.016e-01	3.814e-01
1.250e+04	3.462e-01	3.461e-01	3.465e-01	3.461e-01	1.444e-01	3.461e-01	3.663e-01	3.233e-01	3.746e-01	3.343e-01	3.256e-01	3.548e-01	1.950e-01	1.016e-01	3.814e-01
1.260e+04	3.462e-01	3.461e-01	3.465e-01	3.461e-01	1.445e-01	3.461e-01	3.663e-01	3.233e-01	3.746e-01	3.343e-01	3.256e-01	3.548e-01	1.950e-01	8.435e-02	3.814e-01
1.270e+04	3.462e-01	3.461e-01	3.465e-01	3.461e-01	1.445e-01	3.461e-01	3.645e-01	3.165e-01	3.746e-01	3.343e-01	3.256e-01	3.548e-01	1.950e-01	8.435e-02	3.814e-01
1.280e+04	3.462e-01	3.461e-01	3.465e-01	3.461e-01	1.445e-01	3.461e-01	3.581e-01	3.165e-01	3.717e-01	3.343e-01	3.256e-01	3.548e-01	1.950e-01	8.435e-02	3.814e-01
1.290e+04	3.462e-01	3.461e-01	3.465e-01	3.461e-01	1.445e-01	3.461e-01	3.581e-01	3.165e-01	3.717e-01	3.313e-01	3.242e-01	3.583e-01	1.950e-01	9.556e-02	3.814e-01
1.300e+04	3.462e-01	3.461e-01	3.465e-01	2.665e-01	1.445e-01	3.461e-01	3.581e-01	3.165e-01	3.717e-01	3.313e-01	3.242e-01	3.583e-01	3.198e-01	1.016e-01	3.814e-01
1.310e+04	3.462e-01	3.461e-01	3.465e-01	2.665e-01	1.444e-01	3.461e-01	3.581e-01	3.165e-01	3.717e-01	3.323e-01	3.242e-01	3.583e-01	3.561e-01	1.087e-01	3.848e-01
1.320e+04	3.462e-01	3.461e-01	3.465e-01	2.665e-01	1.444e-01	3.461e-01	3.581e-01	3.165e-01	3.717e-01	3.323e-01	3.242e-01	3.583e-01	3.561e-01	1.087e-01	3.848e-01
1.330e+04	3.462e-01	3.461e-01	3.465e-01	2.343e-01	1.444e-01	3.461e-01	3.510e-01	3.165e-01	3.717e-01	3.323e-01	3.242e-01	3.583e-01	3.561e-01	1.087e-01	3.848e-01
1.340e+04	3.462e-01	3.461e-01	3.465e-01	2.343e-01	1.444e-01	3.461e-01	3.510e-01	3.165e-01	3.717e-01	3.323e-01	3.242e-01	3.583e-01	3.198e-01	9.743e-02	3.848e-01
1.350e+04	3.462e-01	3.461e-01	3.465e-01	2.343e-01	1.444e-01	3.461e-01	3.510e-01	3.165e-01	3.717e-01	3.323e-01	3.242e-01	3.583e-01	3.198e-01	9.743e-02	3.844e-01
1.360e+04	3.462e-01	3.461e-01	3.465e-01	2.343e-01	1.444e-01	3.461e-01	3.510e-01	3.165e-01	3.717e-01	3.323e-01	3.242e-01	3.583e-01	3.198e-01	9.743e-02	3.844e-01
1.370e+04	3.462e-01	3.461e-01	3.465e-01	2.343e-01	1.444e-01	3.461e-01	3.510e-01	3.165e-01	3.717e-01	3.323e-01	3.242e-01	3.583e-01	3.198e-01	9.743e-02	3.844e-01
1.380e+04	3.462e-01	3.461e-01	3.465e-01	2.665e-01	1.444e-01	3.461e-01	3.487e-01	3.118e-01	3.711e-01	3.323e-01	3.242e-01	3.583e-01	3.198e-01	9.743e-02	3.803e-01
1.390e+04	3.462e-01	3.461e-01	3.465e-01	2.665e-01	1.445e-01	3.461e-01	3.487e-01	3.118e-01	3.711e-01	3.323e-01	3.242e-01	3.583e-01	3.198e-01	9.743e-02	3.803e-01
1.400e+04	3.462e-01	3.461e-01	3.465e-01	2.665e-01	1.445e-01	3.461e-01	3.510e-01	3.118e-01	3.711e-01	3.323e-01	3.242e-01	3.583e-01	3.561e-01	1.087e-01	3.844e-01
1.410e+04	3.462e-01	3.461e-01	3.465e-01	2.665e-01	1.445e-01	3.461e-01	3.541e-01	3.118e-01	3.711e-01	3.323e-01	3.242e-01	3.583e-01	3.561e-01	1.087e-01	3.844e-01
1.420e+04	3.462e-01	3.461e-01	3.465e-01	2.665e-01	1.445e-01	3.461e-01	3.544e-01	3.118e-01	3.711e-01	3.323e-01	3.242e-01	3.583e-01	3.587e-01	1.087e-01	3.844e-01
1.430e+04	3.462e-01	3.461e-01	3.465e-01	2.665e-01	1.444e-01	3.461e-01	3.544e-01	3.118e-01	3.711e-01	3.323e-01	3.242e-01	3.583e-01	3.567e-01	1.131e-01	3.844e-01
1.440e+04	3.462e-01	3.461e-01	3.465e-01	2.665e-01	1.444e-01	3.461e-01	3.544e-01	3.233e-01	3.711e-01	3.313e-01	3.236e-01	3.583e-01	3.567e-01	1.131e-01	3.844e-01
1.450e+04	3.462e-01	3.461e-01	3.465e-01	2.665e-01	1.444e-01	3.461e-01	3.544e-01	3.233e-01	3.717e-01	3.313e-01	3.236e-01	3.583e-01	3.567e-01	1.131e-01	3.844e-01
1.460e+04	3.462e-01	3.461e-01	3.465e-01	2.665e-01	1.444e-01	3.461e-01	3.544e-01	3.233e-01	3.711e-01	3.313e-01	3.236e-01	3.583e-01	3.587e-01	1.131e-01	3.844e-01
1.470e+04	3.462e-01	3.461e-01	3.465e-01	2.665e-01	1.444e-01	3.461e-01	3.544e-01	3.233e-01	3.711e-01	3.314e-01	3.242e-01	3.583e-01	3.587e-01	1.087e-01	3.844e-01
1.480e+04	3.462e-01	3.461e-01	3.465e-01	2.665e-01	1.444e-01	3.461e-01	3.544e-01	3.233e-01	3.711e-01	3.314e-01	3.242e-01	3.583e-01	3.587e-01	1.087e-01	3.844e-01
1.490e+04	3.462e-01	3.461e-01	3.465e-01	2.665e-01	1.444e-01	3.461e-01	3.544e-01	3.233e-01	3.711e-01	3.314e-01	3.242e-01	3.548e-01	3.579e-01	1.087e-01	3.844e-01
1.500e+04	3.462e-01	3.461e-01	3.465e-01	2.343e-01	1.392e-01	3.461e-01	3.544e-01	3.233e-01	3.711e-01	3.314e-01	3.242e-01	3.548e-01	3.579e-01	1.087e-01	3.844e-01
1.510e+04	3.462e-01	3.461e-01	3.465e-01	2.343e-01	1.392e-01	3.461e-01	3.544e-01	3.233e-01	3.711e-01	3.314e-01	3.242e-01	3.548e-01	3.579e-01	1.087e-01	3.844e-01
1.520e+04	3.462e-01	3.461e-01	3.465e-01	2.343e-01	1.392e-01	3.461e-01	3.544e-01	3.233e-01	3.711e-01	3.314e-01	3.242e-01	3.548e-01	3.579e-01	9.743e-02	3.844e-01
1.530e+04	3.462e-01	3.461e-01	3.465e-01	2.343e-01	1.392e-01	3.461e-01	3.544e-01	3.233e-01	3.711e-01	3.314e-01	3.242e-01	3.548e-01	3.579e-01	9.743e-02	3.844e-01
1.540e+04	3.462e-01	3.461e-01	3.465e-01	2.343e-01	1.392e-01	3.461e-01	3.541e-01	3.233e-01	3.701e-01	3.314e-01	3.242e-01	3.548e-01	3.579e-01	9.743e-02	3.844e-01
1.550e+04	3.462e-01	3.461e-01	3.465e-01	2.343e-01	1.392e-01	3.461e-01	3.541e-01	3.233e-01	3.701e-01	3.314e-01	3.242e-01	3.548e-01	3.579e-01	9.743e-02	3.844e-01
1.560e+04	3.462e-01	3.461e-01	3.465e-01	2.665e-01	1.349e-01	3.461e-01	3.541e-01	3.233e-01	3.701e-01	3.314e-01	3.242e-01	3.548e-01	3.562e-01	9.743e-02	3.844e-01
1.570e+04	3.462e-01	3.461e-01	3.465e-01	2.665e-01	1.349e-01	3.461e-01	3.541e-01	3.233e-01	3.701e-01	3.314e-01	3.242e-01	3.548e-01	3.562e-01	9.556e-02	3.844e-01
1.580e+04	3.462e-01	3.461e-01	3.465e-01	2.665e-01	1.349e-01	3.461e-01	3.544e-01	3.242e-01	3.701e-01	3.315e-01	3.242e-01	3.548e-01	3.562e-01	9.556e-02	3.844e-01
1.590e+04	3.462e-01	3.461e-01	3.465e-01	2.665e-01	1.349e-01	3.461e-01	3.544e-01	3.242e-01	3.701e-01	3.315e-01	3.242e-01	3.548e-01	3.562e-01	9.556e-02	3.844e-01
1.600e+04	3.461e-01	3.461e-01	3.464e-01	2.323e-01	1.310e-01	3.461e-01	3.544e-01	3.242e-01	3.701e-01	3.315e-01	3.242e-01	3.548e-01	3.562e-01	9.556e-02	3.844e-01
1.610e+04	3.461e-01	3.461e-01	3.464e-01	2.323e-01	1.310e-01	3.461e-01	3.544e-01	3.302e-01	3.701e-01	3.315e-01	3.242e-01	3.582e-01	3.562e-01	9.556e-02	3.844e-01
1.620e+04	3.461e-01	3.461e-01	3.464e-01	2.665e-01	1.349e-01	3.461e-01	3.544e-01	3.302e-01	3.701e-01	3.315e-01	3.242e-01	3.582e-01	3.562e-01	9.556e-02	3.844e-01
1.630e+04	3.461e-01	3.461e-01	3.464e-01	2.665e-01	1.349e-01	3.461e-01	3.544e-01	3.302e-01	3.701e-01	3.315e-01	3.242e-01	3.582e-01	3.562e-01	9.556e-02	3.844e-01
1.640e+04	3.461e-01	3.461e-01	3.464e-01	2.665e-01	1.349e-01	3.461e-01	3.544e-01	3.302e-01	3.701e-01	3.315e-01	3.242e-01	3.582e-01	3.562e-01	9.556e-02	3.844e-01
1.650e+04	3.461e-01	3.461e-01	3.464e-01	2.665e-01	1.349e-01	3.461e-01	3.544e-01	3.302e-01	3.701e-01	3.315e-01	3.242e-01	3.582e-01	3.562e-01	9.556e-02	3.844e-01
1.660e+04	3.461e-01	3.461e-01	3.464e-01	2.665e-01	1.349e-01	3.461e-01	3.541e-01	3.302e-01	3.701e-01	3.315e-01	3.242e-01	3.582e-01	3.562e-01	9.556e-02	3.844e-01
1.670e+04	3.461e-01	3.461e-01	3.464e-01	2.665e-01	1.349e-01	3.461e-01	3.541e-01	3.302e-01	3.701e-01	3.315e-01	3.242e-01	3.582e-01	3.562e-01	9.556e-02	3.844e-01
1.680e+04	3.461e-01	3.461e-01	3.464e-01	2.665e-01	1.349e-01	3.461e-01	3.541e-01	3.302e-01	3.701e-01	3.314e-01	3.190e-01	3.509e-01	3.562e-01	9.556e-02	3.844e-01
1.690e+04	3.461e-01	3.461e-01	3.464e-01	2.665e-01	1.444e-01	3.461e-01	3.541e-01	3.302e-01	3.701e-01	3.314e-01	3.190e-01	3.509e-01	3.562e-01	9.556e-02	3.844e-01
1.700e+04	3.461e-01	3.461e-01	3.464e-01	2.665e-01	1.444e-01	3.461e-01	3.541e-01	3.302e-01	3.701e-01	3.314e-01	3.190e-01	3.509e-01	3.562e-01	9.556e-02	3.844e-01
1.710e+04	3.461e-01	3.461e-01	3.464e-01	2.665e-01	1.444e-01	3.461e-01	3.541e-01	3.302e-01	3.701e-01	3.314e-01	3.190e-01	3.509e-01	3.562e-01	9.556e-02	3.844e-01
1.720e+04	3.461e-01	3.461e-01	3.464e-01	2.323e-01	1.349e-01	3.461e-01	3.541e-01	3.302e-01	3.701e-01	3.314e-01	3.190e-01	3.509e-01	3.562e-01	9.556e-02	3.844e-01
1.730e+04	3.461e-01	3.461e-01	3.464e-01	2.323e-01	1.349e-01	3.461e-01	3.541e-01	3.246e-01	3.701e-01	3.314e-01	3.190e-01	3.509e-01	3.562e-01	9.556e-02	3.844e-01
1.740e+04	3.461e-01	3.461e-01	3.464e-01	2.282e-01	1.349e-01	3.461e-01	3.541e-01	3.246e-01	3.701e-01	3.314e-01	3.190e-01	3.509e-01	3.562e-01	9.285e-02	3.844e-01
1.750e+04	3.461e-01	3.461e-01	3.464e-01	2.282e-01	1.349e-01	3.461e-01	3.541e-01	3.246e-01	3.701e-01	3.314e-01	3.190e-01	3.509e-01	3.562e-01	9.285e-02	3.844e-01
1.760e+04	3.461e-01	3.461e-01	3.464e-01	2.282e-01	1.349e-01	3.461e-01	3.541e-01	3.246e-01	3.691e-01	3.314e-01	3.190e-01	3.509e-01	3.562e-01	9.285e-02	3.844e-01
1.770e+04	3.461e-01	3.461e-01	3.464e-01	2.282e-01	1.349e-01	3.461e-01	3.541e-01	3.246e-01	3.691e-01	3.314e-01	3.190e-01	3.509e-01	3.562e-01	9.285e-02	3.844e-01
1.780e+04	3.461e-01	3.461e-01	3.464e-01	2.282e-01	1.349e-01	3.461e-01	3.541e-01	3.246e-01	3.691e-01	3.314e-01	3.190e-01	3.509e-01	3.562e-01	9.285e-02	3.844e-01
1.790e+04	3.461e-01	3.461e-01	3.464e-01	2.282e-01	1.349e-01	3.461e-01	3.541e-01	3.246e-01	3.691e-01	3.314e-01	3.190e-01	3.509e-01	3.562e-01	9.285e-02	3.844e-01
1.800e+04	3.461e-01	3.461e-01	3.464e-01	2.282e-01	1.349e-01	3.461e-01	3.541e-01	3.246e-01	3.691e-01	3.314e-01	3.190e-01	3.509e-01	3.562e-01	7.594e-02	3.844e-01
1.810e+04	3.461e-01	3.461e-01	3.464e-01	2.282e-01	1.349e-01	3.461e-01	3.541e-01	3.246e-01	3.691e-01	3.314e-01	3.190e-01	3.509e-01	3.562e-01	7.594e-02	3.844e-01
1.820e+04	3.461e-01	3.461e-01	3.464e-01	2.282e-01	1.349e-01	3.461e-01	3.541e-01	3.233e-01	3.691e-01	3.314e-01	3.190e-01	3.509e-01	3.562e-01	7.594e-02	3.844e-01
1.830e+04	3.461e-01	3.461e-01	3.464e-01	2.197e-01	1.349e-01	3.461e-01	3.541e-01	3.233e-01	3.691e-01	3.314e-01	3.190e-01	3.509e-01	3.562e-01	7.594e-02	3.844e-01
1.840e+04	3.461e-01	3.461e-01	3.464e-01	2.197e-01	1.349e-01	3.461e-01	3.541e-01	3.233e-01	3.691e-01	3.314e-01	3.190e-01	3.583e-01	3.449e-01	7.594e-02	3.844e-01
1.850e+04	3.461e-01	3.461e-01	3.464e-01	2.197e-01	1.349e-01	3.461e-01	3.541e-01	3.233e-01	3.691e-01	3.314e-01	3.190e-01	3.583e-01	3.449e-01	7.594e-02	3.844e-01
1.860e+04	3.461e-01	3.461e-01	3.464e-01	2.197e-01	1.349e-01	3.461e-01	3.541e-01	3.233e-01	3.691e-01	3.314e-01	3.190e-01	3.583e-01	3.449e-01	7.594e-02	3.844e-01
1.870e+04	3.461e-01	3.461e-01	3.464e-01	2.197e-01	1.349e-01	3.461e-01	3.511e-01	3.226e-01	3.691e-01	3.314e-01	3.190e-01	3.583e-01	3.449e-01	7.594e-02	3.844e-01
1.880e+04	3.461e-01	3.461e-01	3.464e-01	2.282e-01	1.349e-01	3.461e-01	3.511e-01	3.226e-01	3.691e-01	3.314e-01	3.190e-01	3.583e-01	3.562e-01	7.594e-02	3.844e-01
1.890e+04	3.461e-01	3.461e-01	3.464e-01	2.282e-01	1.310e-01	3.461e-01	3.510e-01	3.226e-01	3.691e-01	3.314e-01	3.190e-01	3.583e-01	3.562e-01	7.594e-02	3.844e-01
1.900e+04	3.461e-01	3.461e-01	3.464e-01	2.282e-01	1.310e-01	3.461e-01	3.510e-01	3.226e-01	3.691e-01	3.313e-01	3.189e-01	3.583e-01	3.562e-01	7.594e-02	3.844e-01
1.910e+04	3.461e-01	3.461e-01	3.464e-01	2.282e-01	1.310e-01	3.461e-01	3.510e-01	3.226e-01	3.691e-01	3.313e-01	3.189e-01	3.583e-01	3.562e-01	7.594e-02	3.844e-01
1.920e+04	3.461e-01	3.461e-01	3.464e-01	2.282e-01	1.310e-01	3.461e-01	3.511e-01	3.233e-01	3.701e-01	3.313e-01	3.189e-01	3.583e-01	3.562e-01	7.594e-02	3.844e-01
1.930e+04	3.461e-01	3.461e-01	3.464e-01	2.282e-01	1.310e-01	3.461e-01	3.581e-01	3.303e-01	3.711e-01	3.308e-01	3.189e-01	3.583e-01	3.562e-01	7.594e-02	3.844e-01
1.940e+04	3.461e-01	3.461e-01	3.464e-01	2.282e-01	1.310e-01	3.461e-01	3.581e-01	3.303e-01	3.711e-01	3.308e-01	3.189e-01	3.583e-01	3.562e-01	7.594e-02	3.844e-01
1.950e+04	3.461e-01	3.461e-01	3.464e-01	2.282e-01	1.310e-01	3.461e-01	3.581e-01	3.303e-01	3.701e-01	3.308e-01	3.189e-01	3.583e-01	3.562e-01	7.594e-02	3.844e-01
1.960e+04	3.461e-01	3.461e-01	3.464e-01	2.282e-01	1.310e-01	3.461e-01	3.581e-01	3.303e-01	3.701e-01	3.308e-01	3.189e-01	3.583e-01	3.562e-01	7.594e-02	3.844e-01
1.970e+04	3.461e-01	3.461e-01	3.464e-01	2.282e-01	1.310e-01	3.461e-01	3.581e-01	3.233e-01	3.701e-01	3.308e-01	3.189e-01	3.583e-01	3.562e-01	7.594e-02	3.844e-01
1.980e+04	3.461e-01	3.461e-01	3.464e-01	2.282e-01	1.310e-01	3.461e-01	3.511e-01	3.317e-01	3.701e-01	3.308e-01	3.189e-01	3.583e-01	3.562e-01	7.594e-02	3.844e-01
1.990e+04	3.461e-01	3.461e-01	3.464e-01	2.282e-01	1.310e-01	3.461e-01	3.511e-01	3.317e-01	3.701e-01	3.308e-01	3.189e-01	3.583e-01	3.611e-01	9.285e-02	3.907e-01
2.000e+04	3.461e-01	3.461e-01	3.464e-01	2.282e-01	1.310e-01	3.461e-01	3.511e-01	3.317e-01	3.701e-01	3.308e-01	3.189e-01	3.583e-01	3.611e-01	9.285e-02	3.907e-01
2.010e+04	3.461e-01	3.461e-01	3.464e-01	2.282e-01	1.310e-01	3.461e-01	3.511e-01	3.317e-01	3.701e-01	3.308e-01	3.189e-01	3.583e-01	3.611e-01	9.285e-02	3.907e-01
2.020e+04	3.461e-01	3.461e-01	3.464e-01	2.282e-01	1.310e-01	3.461e-01	3.511e-01	3.317e-01	3.701e-01	3.308e-01	3.189e-01	3.583e-01	3.611e-01	9.285e-02	3.907e-01
2.030e+04	3.461e-01	3.461e-01	3.464e-01	2.282e-01	1.310e-01	3.461e-01	3.581e-01	3.317e-01	3.705e-01	3.308e-01	3.189e-01	3.583e-01	3.611e-01	9.285e-02	3.915e-01
2.040e+04	3.461e-01	3.461e-01	3.464e-01	2.282e-01	1.310e-01	3.461e-01	3.581e-01	3.317e-01	3.705e-01	3.308e-01	3.189e-01	3.583e-01	3.611e-01	9.285e-02	3.915e-01
2.050e+04	3.461e-01	3.461e-01	3.464e-01	2.197e-01	1.310e-01	3.461e-01	3.581e-01	3.317e-01	3.705e-01	3.308e-01	3.189e-01	3.583e-01	3.611e-01	9.285e-02	3.912e-01
2.060e+04	3.461e-01	3.461e-01	3.464e-01	2.124e-01	1.310e-01	3.461e-01	3.581e-01	3.317e-01	3.705e-01	3.308e-01	3.189e-01	3.583e-01	3.611e-01	9.285e-02	3.912e-01
2.070e+04	3.461e-01	3.461e-01	3.464e-01	2.124e-01	1.310e-01	3.461e-01	3.581e-01	3.317e-01	3.705e-01	3.308e-01	3.189e-01	3.583e-01	3.611e-01	9.285e-02	3.912e-01
2.080e+04	3.461e-01	3.461e-01	3.464e-01	2.124e-01	1.310e-01	3.461e-01	3.539e-01	3.233e-01	3.701e-01	3.308e-01	3.189e-01	3.582e-01	3.611e-01	9.285e-02	3.912e-01
2.090e+04	3.461e-01	3.461e-01	3.464e-01	2.124e-01	1.310e-01	3.461e-01	3.539e-01	3.233e-01	3.701e-01	3.308e-01	3.189e-01	3.582e-01	3.611e-01	9.285e-02	3.912e-01
2.100e+04	3.461e-01	3.461e-01	3.464e-01	2.124e-01	1.310e-01	3.461e-01	3.539e-01	3.233e-01	3.701e-01	3.308e-01	3.189e-01	3.582e-01	3.611e-01	9.285e-02	3.912e-01
2.110e+04	3.461e-01	3.461e-01	3.464e-01	2.081e-01	1.076e-01	3.461e-01	3.581e-01	3.233e-01	3.691e-01	3.302e-01	3.167e-01	3.582e-01	3.611e-01	9.285e-02	3.911e-01
2.120e+04	3.461e-01	3.461e-01	3.464e-01	2.124e-01	1.231e-01	3.461e-01	3.581e-01	3.233e-01	3.691e-01	3.302e-01	3.139e-01	3.582e-01	3.611e-01	9.285e-02	3.911e-01
2.130e+04	3.461e-01	3.461e-01	3.464e-01	2.124e-01	1.231e-01	3.461e-01	3.581e-01	3.233e-01	3.691e-01	3.302e-01	3.189e-01	3.582e-01	3.611e-01	9.125e-02	3.911e-01
2.140e+04	3.461e-01	3.461e-01	3.464e-01	2.124e-01	1.231e-01	3.461e-01	3.581e-01	3.233e-01	3.691e-01	3.302e-01	3.103e-01	3.582e-01	3.611e-01	9.125e-02	3.911e-01
2.150e+04	3.461e-01	3.461e-01	3.464e-01	2.124e-01	1.231e-01	3.461e-01	3.554e-01	3.233e-01	3.691e-01	3.308e-01	3.103e-01	3.627e-01	3.611e-01	9.125e-02	3.911e-01
2.160e+04	3.461e-01	3.461e-01	3.464e-01	2.124e-01	1.076e-01	3.461e-01	3.554e-01	3.233e-01	3.691e-01	3.308e-01	3.103e-01	3.627e-01	3.611e-01	9.125e-02	3.911e-01
2.170e+04	3.461e-01	3.461e-01	3.464e-01	2.124e-01	1.076e-01	3.461e-01	3.554e-01	3.233e-01	3.691e-01	3.308e-01	3.103e-01	3.627e-01	3.614e-01	9.125e-02	3.911e-01
2.180e+04	3.461e-01	3.461e-01	3.464e-01	2.124e-01	1.076e-01	3.461e-01	3.554e-01	3.233e-01	3.691e-01	3.313e-01	3.103e-01	3.627e-01	3.614e-01	9.125e-02	3.911e-01
2.190e+04	3.461e-01	3.461e-01	3.464e-01	2.124e-01	1.076e-01	3.461e-01	3.554e-01	3.233e-01	3.691e-01	3.313e-01	3.103e-01	3.627e-01	3.614e-01	9.125e-02	3.911e-01
2.200e+04	3.461e-01	3.461e-01	3.464e-01	2.124e-01	1.076e-01	3.461e-01	3.554e-01	3.233e-01	3.691e-01	3.313e-01	3.103e-01	3.627e-01	3.614e-01	9.125e-02	3.911e-01
2.210e+04	3.461e-01	3.461e-01	3.464e-01	2.124e-01	1.076e-01	3.461e-01	3.554e-01	3.233e-01	3.691e-01	3.313e-01	3.182e-01	3.627e-01	3.614e-01	9.125e-02	3.911e-01
2.220e+04	3.461e-01	3.461e-01	3.464e-01	2.124e-01	1.076e-01	3.461e-01	3.554e-01	3.233e-01	3.691e-01	3.313e-01	3.182e-01	3.627e-01	3.614e-01	9.125e-02	3.911e-01
2.230e+04	3.461e-01	3.461e-01	3.464e-01	2.124e-01	1.076e-01	3.461e-01	3.554e-01	3.233e-01	3.691e-01	3.313e-01	3.182e-01	3.627e-01	3.614e-01	9.125e-02	3.911e-01
2.240e+04	3.461e-01	3.461e-01	3.464e-01	2.124e-01	1.076e-01	3.461e-01	3.554e-01	3.233e-01	3.691e-01	3.313e-01	3.182e-01	3.627e-01	3.614e-01	9.285e-02	3.911e-01
2.250e+04	3.461e-01	3.461e-01	3.464e-01	2.124e-01	1.076e-01	3.461e-01	3.554e-01	3.233e-01	3.691e-01	3.313e-01	3.182e-01	3.627e-01	3.614e-01	9.285e-02	3.911e-01
2.260e+04	3.461e-01	3.461e-01	3.464e-01	2.124e-01	1.076e-01	3.461e-01	3.554e-01	3.233e-01	3.691e-01	3.313e-01	3.182e-01	3.676e-01	3.614e-01	9.285e-02	3.911e-01
2.270e+04	3.461e-01	3.461e-01	3.464e-01	2.124e-01	1.076e-01	3.461e-01	3.554e-01	3.233e-01	3.691e-01	3.313e-01	3.182e-01	3.676e-01	3.614e-01	9.285e-02	3.911e-01
2.280e+04	3.461e-01	3.461e-01	3.464e-01	2.124e-01	1.012e-01	3.461e-01	3.554e-01	3.233e-01	3.691e-01	3.313e-01	3.182e-01	3.676e-01	3.614e-01	9.285e-02	3.911e-01
2.290e+04	3.461e-01	3.461e-01	3.464e-01	2.124e-01	1.012e-01	3.461e-01	3.554e-01	3.233e-01	3.691e-01	3.313e-01	3.182e-01	3.676e-01	3.614e-01	9.285e-02	3.911e-01
2.300e+04	3.461e-01	3.461e-01	3.464e-01	2.124e-01	1.012e-01	3.461e-01	3.554e-01	3.233e-01	3.701e-01	3.313e-01	3.182e-01	3.676e-01	3.614e-01	9.285e-02	3.911e-01
2.310e+04	3.461e-01	3.461e-01	3.464e-01	2.124e-01	1.012e-01	3.461e-01	3.554e-01	3.233e-01	3.691e-01	3.313e-01	3.182e-01	3.676e-01	3.614e-01	9.556e-02	3.911e-01
2.320e+04	3.461e-01	3.461e-01	3.464e-01	2.124e-01	1.012e-01	3.461e-01	3.554e-01	3.233e-01	3.691e-01	3.313e-01	3.182e-01	3.676e-01	3.614e-01	9.556e-02	3.911e-01
2.330e+04	3.461e-01	3.461e-01	3.464e-01	2.124e-01	1.012e-01	3.461e-01	3.554e-01	3.233e-01	3.691e-01	3.313e-01	3.182e-01	3.676e-01	3.614e-01	9.556e-02	3.911e-01
2.340e+04	3.461e-01	3.461e-01	3.464e-01	2.124e-01	1.012e-01	3.461e-01	3.581e-01	3.317e-01	3.708e-01	3.313e-01	3.182e-01	3.676e-01	3.614e-01	9.556e-02	3.911e-01
2.350e+04	3.461e-01	3.461e-01	3.464e-01	2.124e-01	1.012e-01	3.461e-01	3.581e-01	3.317e-01	3.708e-01	3.323e-01	3.182e-01	3.676e-01	3.614e-01	9.556e-02	3.911e-01
2.360e+04	3.461e-01	3.461e-01	3.464e-01	2.124e-01	1.012e-01	3.461e-01	3.581e-01	3.317e-01	3.708e-01	3.323e-01	3.182e-01	3.676e-01	3.614e-01	9.556e-02	3.911e-01
2.370e+04	3.461e-01	3.461e-01	3.464e-01	2.124e-01	1.012e-01	3.461e-01	3.592e-01	3.317e-01	3.708e-01	3.323e-01	3.182e-01	3.676e-01	3.614e-01	9.556e-02	3.911e-01
2.380e+04	3.461e-01	3.461e-01	3.464e-01	2.081e-01	1.012e-01	3.461e-01	3.592e-01	3.317e-01	3.708e-01	3.323e-01	3.182e-01	3.676e-01	3.614e-01	9.556e-02	3.911e-01
2.390e+04	3.461e-01	3.461e-01	3.464e-01	2.081e-01	1.012e-01	3.461e-01	3.592e-01	3.317e-01	3.708e-01	3.323e-01	3.182e-01	3.676e-01	3.608e-01	9.285e-02	3.911e-01
2.400e+04	3.461e-01	3.461e-01	3.464e-01	2.081e-01	1.012e-01	3.461e-01	3.581e-01	3.317e-01	3.691e-01	3.323e-01	3.182e-01	3.676e-01	3.608e-01	9.285e-02	3.911e-01
2.410e+04	3.461e-01	3.461e-01	3.464e-01	2.081e-01	1.012e-01	3.461e-01	3.581e-01	3.317e-01	3.691e-01	3.323e-01	3.182e-01	3.676e-01	3.608e-01	9.285e-02	3.911e-01
2.420e+04	3.461e-01	3.461e-01	3.464e-01	2.081e-01	1.012e-01	3.461e-01	3.581e-01	3.317e-01	3.691e-01	3.323e-01	3.182e-01	3.676e-01	3.608e-01	9.285e-02	3.911e-01
2.430e+04	3.461e-01	3.461e-01	3.464e-01	2.081e-01	1.012e-01	3.461e-01	3.554e-01	3.215e-01	3.671e-01	3.323e-01	3.182e-01	3.676e-01	3.608e-01	9.285e-02	3.911e-01
2.440e+04	3.461e-01	3.461e-01	3.464e-01	2.081e-01	1.012e-01	3.461e-01	3.554e-01	3.215e-01	3.671e-01	3.308e-01	3.182e-01	3.676e-01	3.608e-01	9.556e-02	3.911e-01
2.450e+04	3.461e-01	3.461e-01	3.464e-01	2.081e-01	1.012e-01	3.461e-01	3.554e-01	3.215e-01	3.671e-01	3.308e-01	3.182e-01	3.582e-01	3.608e-01	9.556e-02	3.911e-01
2.460e+04	3.461e-01	3.461e-01	3.464e-01	2.081e-01	1.012e-01	3.461e-01	3.554e-01	3.215e-01	3.671e-01	3.308e-01	3.125e-01	3.582e-01	3.608e-01	9.556e-02	3.911e-01
2.470e+04	3.461e-01	3.461e-01	3.464e-01	1.666e-01	1.012e-01	3.342e-01	3.554e-01	3.215e-01	3.671e-01	3.308e-01	3.125e-01	3.582e-01	3.608e-01	9.556e-02	3.911e-01
2.480e+04	3.461e-01	3.461e-01	3.464e-01	1.666e-01	1.012e-01	3.342e-01	3.511e-01	3.215e-01	3.664e-01	3.308e-01	3.125e-01	3.582e-01	3.608e-01	9.556e-02	3.911e-01
2.490e+04	3.461e-01	3.461e-01	3.464e-01	1.450e-01	1.012e-01	2.425e-01	3.511e-01	3.215e-01	3.664e-01	3.308e-01	3.125e-01	3.582e-01	3.608e-01	9.556e-02	3.911e-01
2.500e+04	3.461e-01	3.461e-01	3.464e-01	1.450e-01	1.012e-01	2.425e-01	3.511e-01	3.215e-01	3.664e-01	3.308e-01	3.125e-01	3.582e-01	3.608e-01	9.556e-02	3.911e-01
2.510e+04	3.461e-01	3.461e-01	3.464e-01	1.450e-01	1.012e-01	2.425e-01	3.511e-01	3.215e-01	3.664e-01	3.308e-01	3.125e-01	3.582e-01	3.608e-01	9.556e-02	3.911e-01
2.520e+04	3.461e-01	3.461e-01	3.464e-01	1.450e-01	1.012e-01	2.425e-01	3.511e-01	3.215e-01	3.664e-01	3.308e-01	3.125e-01	3.582e-01	3.608e-01	9.556e-02	3.911e-01
2.530e+04	3.461e-01	3.461e-01	3.464e-01	1.450e-01	1.012e-01	2.425e-01	3.511e-01	3.215e-01	3.664e-01	3.308e-01	3.125e-01	3.582e-01	3.608e-01	9.556e-02	3.911e-01
2.540e+04	3.461e-01	3.461e-01	3.464e-01	1.450e-01	1.012e-01	2.323e-01	3.511e-01	3.215e-01	3.664e-01	3.308e-01	3.125e-01	3.582e-01	3.608e-01	9.556e-02	3.911e-01
2.550e+04	3.461e-01	3.461e-01	3.464e-01	1.450e-01	1.012e-01	2.323e-01	3.511e-01	3.215e-01	3.664e-01	3.308e-01	3.125e-01	3.582e-01	3.608e-01	9.556e-02	3.911e-01
2.560e+04	3.461e-01	3.461e-01	3.464e-01	1.450e-01	1.012e-01	2.323e-01	3.511e-01	3.215e-01	3.664e-01	3.308e-01	3.125e-01	3.582e-01	3.608e-01	9.556e-02	3.911e-01
2.570e+04	3.461e-01	3.461e-01	3.464e-01	1.450e-01	1.012e-01	2.323e-01	3.511e-01	3.215e-01	3.664e-01	3.308e-01	3.125e-01	3.582e-01	3.608e-01	9.556e-02	3.911e-01
2.580e+04	3.461e-01	3.461e-01	3.464e-01	1.450e-01	1.012e-01	2.323e-01	3.511e-01	3.215e-01	3.664e-01	3.308e-01	3.125e-01	3.582e-01	3.608e-01	9.556e-02	3.911e-01
2.590e+04	3.461e-01	3.461e-01	3.464e-01	1.450e-01	1.012e-01	2.323e-01	3.511e-01	3.215e-01	3.664e-01	3.308e-01	3.125e-01	3.582e-01	3.608e-01	9.556e-02	3.911e-01
2.600e+04	3.461e-01	3.461e-01	3.464e-01	1.450e-01	1.012e-01	2.323e-01	3.511e-01	3.215e-01	3.664e-01	3.308e-01	3.125e-01	3.582e-01	3.608e-01	9.556e-02	3.911e-01
2.610e+04	3.461e-01	3.461e-01	3.464e-01	1.450e-01	1.012e-01	2.323e-01	3.511e-01	3.215e-01	3.664e-01	3.308e-01	3.125e-01	3.582e-01	3.608e-01	9.556e-02	3.911e-01
2.620e+04	3.461e-01	3.461e-01	3.464e-01	1.450e-01	1.012e-01	2.323e-01	3.511e-01	3.215e-01	3.664e-01	3.308e-01	3.125e-01	3.582e-01	3.608e-01	9.556e-02	3.911e-01
2.630e+04	3.461e-01	3.461e-01	3.464e-01	1.450e-01	1.012e-01	2.323e-01	3.511e-01	3.215e-01	3.664e-01	3.308e-01	3.125e-01	3.582e-01	3.608e-01	9.556e-02	3.911e-01
2.640e+04	3.461e-01	3.461e-01	3.464e-01	1.450e-01	1.012e-01	2.323e-01	3.511e-01	3.215e-01	3.664e-01	3.308e-01	3.169e-01	3.582e-01	3.608e-01	9.556e-02	3.889e-01
2.650e+04	3.461e-01	3.461e-01	3.464e-01	1.450e-01	1.012e-01	2.323e-01	3.511e-01	3.215e-01	3.664e-01	3.308e-01	3.169e-01	3.582e-01	3.608e-01	9.556e-02	3.889e-01
2.660e+04	3.461e-01	3.461e-01	3.464e-01	1.450e-01	1.012e-01	2.323e-01	3.511e-01	3.215e-01	3.664e-01	3.308e-01	3.169e-01	3.582e-01	3.608e-01	9.556e-02	3.889e-01
2.670e+04	3.461e-01	3.461e-01	3.464e-01	1.450e-01	1.012e-01	2.323e-01	3.511e-01	3.215e-01	3.664e-01	3.308e-01	3.169e-01	3.582e-01	3.608e-01	9.556e-02	3.889e-01
2.680e+04	3.461e-01	3.461e-01	3.464e-01	1.450e-01	1.012e-01	2.323e-01	3.511e-01	3.215e-01	3.671e-01	3.308e-01	3.169e-01	3.582e-01	3.608e-01	9.285e-02	3.889e-01
2.690e+04	3.461e-01	3.461e-01	3.464e-01	1.450e-01	9.890e-02	2.323e-01	3.511e-01	3.215e-01	3.671e-01	3.308e-01	3.169e-01	3.582e-01	3.608e-01	9.285e-02	3.889e-01
2.700e+04	3.461e-01	3.461e-01	3.464e-01	1.450e-01	9.890e-02	2.323e-01	3.511e-01	3.218e-01	3.671e-01	3.308e-01	3.169e-01	3.582e-01	3.608e-01	9.285e-02	3.889e-01
2.710e+04	3.461e-01	3.461e-01	3.464e-01	1.450e-01	9.890e-02	2.323e-01	3.511e-01	3.218e-01	3.671e-01	3.308e-01	3.169e-01	3.582e-01	3.608e-01	9.285e-02	3.889e-01
2.720e+04	3.461e-01	3.461e-01	3.464e-01	1.450e-01	9.890e-02	2.323e-01	3.511e-01	3.218e-01	3.671e-01	3.308e-01	3.169e-01	3.582e-01	3.608e-01	9.285e-02	3.911e-01
2.730e+04	3.461e-01	3.461e-01	3.464e-01	1.450e-01	9.890e-02	2.323e-01	3.511e-01	3.218e-01	3.671e-01	3.308e-01	3.169e-01	3.582e-01	3.608e-01	9.285e-02	3.911e-01
2.740e+04	3.461e-01	3.461e-01	3.464e-01	1.450e-01	9.890e-02	2.323e-01	3.510e-01	3.218e-01	3.664e-01	3.308e-01	3.169e-01	3.582e-01	3.608e-01	9.285e-02	3.911e-01
2.750e+04	3.461e-01	3.461e-01	3.464e-01	1.450e-01	9.890e-02	2.323e-01	3.510e-01	3.218e-01	3.664e-01	3.308e-01	3.169e-01	3.582e-01	3.608e-01	9.285e-02	3.911e-01
2.760e+04	3.461e-01	3.461e-01	3.464e-01	1.450e-01	9.890e-02	2.323e-01	3.510e-01	3.215e-01	3.664e-01	3.308e-01	3.169e-01	3.582e-01	3.608e-01	9.285e-02	3.911e-01
2.770e+04	3.461e-01	3.461e-01	3.464e-01	1.450e-01	9.890e-02	2.323e-01	3.510e-01	3.215e-01	3.671e-01	3.308e-01	3.139e-01	3.582e-01	3.608e-01	9.285e-02	3.911e-01
2.780e+04	3.461e-01	3.461e-01	3.464e-01	1.450e-01	9.890e-02	2.323e-01	3.510e-01	3.215e-01	3.671e-01	3.308e-01	3.139e-01	3.582e-01	3.608e-01	9.285e-02	3.911e-01
2.790e+04	3.461e-01	3.461e-01	3.464e-01	1.450e-01	9.890e-02	2.323e-01	3.510e-01	3.215e-01	3.671e-01	3.308e-01	3.139e-01	3.582e-01	3.608e-01	9.285e-02	3.911e-01
2.800e+04	3.461e-01	3.461e-01	3.464e-01	1.450e-01	9.890e-02	2.323e-01	3.510e-01	3.215e-01	3.671e-01	3.308e-01	3.139e-01	3.582e-01	3.608e-01	9.285e-02	3.911e-01
2.810e+04	3.461e-01	3.461e-01	3.464e-01	1.450e-01	9.890e-02	2.323e-01	3.510e-01	3.215e-01	3.671e-01	3.308e-01	3.139e-01	3.582e-01	3.608e-01	9.285e-02	3.911e-01
2.820e+04	3.461e-01	3.461e-01	3.464e-01	1.450e-01	9.890e-02	2.323e-01	3.510e-01	3.215e-01	3.671e-01	3.308e-01	3.139e-01	3.582e-01	3.608e-01	9.285e-02	3.911e-01
2.830e+04	3.461e-01	3.461e-01	3.463e-01	1.450e-01	9.890e-02	2.323e-01	3.510e-01	3.215e-01	3.671e-01	3.308e-01	3.139e-01	3.582e-01	3.608e-01	9.285e-02	3.911e-01
2.840e+04	3.461e-01	3.461e-01	3.463e-01	1.450e-01	9.890e-02	2.323e-01	3.510e-01	3.215e-01	3.671e-01	3.308e-01	3.139e-01	3.582e-01	3.449e-01	9.285e-02	3.844e-01
2.850e+04	3.461e-01	3.461e-01	3.463e-01	1.450e-01	9.890e-02	2.323e-01	3.510e-01	3.215e-01	3.671e-01	3.308e-01	3.139e-01	3.582e-01	3.449e-01	9.285e-02	3.844e-01
2.860e+04	3.461e-01	3.461e-01	3.463e-01	1.446e-01	9.627e-02	2.205e-01	3.510e-01	3.215e-01	3.671e-01	3.308e-01	3.139e-01	3.582e-01	3.449e-01	9.285e-02	3.844e-01
2.870e+04	3.461e-01	3.461e-01	3.463e-01	1.446e-01	9.627e-02	2.165e-01	3.510e-01	3.215e-01	3.671e-01	3.308e-01	3.139e-01	3.582e-01	3.198e-01	9.125e-02	3.801e-01
2.880e+04	3.461e-01	3.461e-01	3.463e-01	1.446e-01	9.627e-02	2.165e-01	3.510e-01	3.215e-01	3.671e-01	3.308e-01	3.139e-01	3.582e-01	3.198e-01	9.125e-02	3.801e-01
2.890e+04	3.461e-01	3.461e-01	3.463e-01	1.446e-01	9.627e-02	2.165e-01	3.510e-01	3.215e-01	3.671e-01	3.308e-01	3.139e-01	3.582e-01	3.198e-01	9.125e-02	3.801e-01
2.900e+04	3.461e-01	3.461e-01	3.463e-01	1.446e-01	9.627e-02	2.165e-01	3.510e-01	3.215e-01	3.671e-01	3.308e-01	3.139e-01	3.582e-01	3.198e-01	9.125e-02	3.801e-01
2.910e+04	3.461e-01	3.461e-01	3.463e-01	1.446e-01	9.627e-02	2.165e-01	3.510e-01	3.215e-01	3.671e-01	3.308e-01	3.138e-01	3.582e-01	3.198e-01	9.125e-02	3.801e-01
2.920e+04	3.461e-01	3.461e-01	3.463e-01	1.446e-01	9.627e-02	2.165e-01	3.510e-01	3.215e-01	3.671e-01	3.308e-01	3.138e-01	3.582e-01	3.198e-01	9.125e-02	3.801e-01
2.930e+04	3.461e-01	3.461e-01	3.463e-01	1.446e-01	9.627e-02	2.165e-01	3.510e-01	3.215e-01	3.671e-01	3.308e-01	3.138e-01	3.582e-01	3.198e-01	9.125e-02	3.801e-01
2.940e+04	3.461e-01	3.461e-01	3.463e-01	1.446e-01	9.627e-02	2.165e-01	3.510e-01	3.215e-01	3.671e-01	3.308e-01	3.138e-01	3.582e-01	3.198e-01	9.125e-02	3.801e-01
2.950e+04	3.461e-01	3.461e-01	3.463e-01	1.444e-01	9.135e-02	2.124e-01	3.510e-01	3.215e-01	3.671e-01	3.308e-01	3.138e-01	3.582e-01	3.198e-01	9.125e-02	3.801e-01
2.960e+04	3.461e-01	3.461e-01	3.463e-01	1.444e-01	9.135e-02	2.124e-01	3.510e-01	3.215e-01	3.671e-01	3.308e-01	3.138e-01	3.582e-01	3.198e-01	9.125e-02	3.844e-01
2.970e+04	3.461e-01	3.461e-01	3.463e-01	1.444e-01	9.135e-02	2.124e-01	3.510e-01	3.215e-01	3.671e-01	3.308e-01	3.138e-01	3.582e-01	3.198e-01	9.125e-02	3.844e-01
2.980e+04	3.461e-01	3.461e-01	3.463e-01	1.444e-01	9.135e-02	2.124e-01	3.510e-01	3.215e-01	3.671e-01	3.308e-01	3.138e-01	3.582e-01	3.198e-01	9.125e-02	3.844e-01
2.990e+04	3.461e-01	3.461e-01	3.463e-01	1.444e-01	9.135e-02	2.124e-01	3.510e-01	3.215e-01	3.671e-01	3.308e-01	3.138e-01	3.582e-01	3.449e-01	9.285e-02	3.844e-01
3.000e+04	3.461e-01	3.461e-01	3.463e-01	1.444e-01	9.135e-02	2.124e-01	3.510e-01	3.215e-01	3.671e-01	3.308e-01	3.138e-01	3.582e-01	3.449e-01	9.285e-02	3.907e-01
3.010e+04	3.461e-01	3.461e-01	3.463e-01	1.444e-01	9.135e-02	2.124e-01	3.510e-01	3.215e-01	3.671e-01	3.308e-01	3.138e-01	3.582e-01	3.449e-01	9.285e-02	3.907e-01
3.020e+04	3.461e-01	3.461e-01	3.463e-01	1.444e-01	9.135e-02	2.124e-01	3.510e-01	3.215e-01	3.671e-01	3.302e-01	3.138e-01	3.536e-01	3.449e-01	9.285e-02	3.907e-01
3.030e+04	3.461e-01	3.461e-01	3.463e-01	1.444e-01	9.135e-02	2.124e-01	3.510e-01	3.215e-01	3.671e-01	3.302e-01	3.138e-01	3.536e-01	3.449e-01	9.285e-02	3.907e-01
3.040e+04	3.461e-01	3.461e-01	3.463e-01	1.370e-01	8.020e-02	2.081e-01	3.510e-01	3.215e-01	3.671e-01	3.302e-01	3.138e-01	3.536e-01	3.449e-01	9.285e-02	3.907e-01
3.050e+04	3.461e-01	3.461e-01	3.463e-01	1.357e-01	6.999e-02	1.720e-01	3.510e-01	3.215e-01	3.671e-01	3.302e-01	3.138e-01	3.536e-01	3.449e-01	9.285e-02	3.907e-01
3.060e+04	3.461e-01	3.461e-01	3.463e-01	1.357e-01	6.999e-02	1.720e-01	3.510e-01	3.215e-01	3.671e-01	3.302e-01	3.138e-01	3.536e-01	3.449e-01	9.285e-02	3.907e-01
3.070e+04	3.461e-01	3.461e-01	3.463e-01	1.357e-01	6.999e-02	1.720e-01	3.510e-01	3.215e-01	3.671e-01	3.302e-01	3.138e-01	3.536e-01	3.449e-01	9.285e-02	3.907e-01
3.080e+04	3.461e-01	3.461e-01	3.463e-01	1.357e-01	6.999e-02	1.720e-01	3.510e-01	3.215e-01	3.671e-01	3.302e-01	3.138e-01	3.536e-01	3.449e-01	9.285e-02	3.920e-01
3.090e+04	3.461e-01	3.461e-01	3.463e-01	1.357e-01	6.999e-02	1.720e-01	3.510e-01	3.215e-01	3.671e-01	3.302e-01	3.138e-01	3.536e-01	3.449e-01	9.285e-02	3.920e-01
3.100e+04	3.461e-01	3.461e-01	3.463e-01	1.198e-01	6.477e-02	1.720e-01	3.510e-01	3.215e-01	3.671e-01	3.302e-01	3.138e-01	3.536e-01	3.449e-01	9.285e-02	3.920e-01
3.110e+04	3.461e-01	3.461e-01	3.463e-01	1.198e-01	6.477e-02	1.720e-01	3.510e-01	3.215e-01	3.671e-01	3.302e-01	3.138e-01	3.536e-01	3.449e-01	9.285e-02	3.920e-01
3.120e+04	3.461e-01	3.461e-01	3.463e-01	1.198e-01	6.477e-02	1.666e-01	3.510e-01	3.215e-01	3.671e-01	3.302e-01	3.138e-01	3.536e-01	3.449e-01	9.285e-02	3.920e-01
3.130e+04	3.461e-01	3.461e-01	3.463e-01	1.198e-01	6.477e-02	1.666e-01	3.510e-01	3.215e-01	3.671e-01	3.289e-01	3.138e-01	3.536e-01	3.449e-01	9.285e-02	3.920e-01
3.140e+04	3.461e-01	3.461e-01	3.463e-01	1.198e-01	6.477e-02	1.666e-01	3.510e-01	3.215e-01	3.671e-01	3.289e-01	3.138e-01	3.582e-01	3.449e-01	9.285e-02	3.920e-01
3.150e+04	3.461e-01	3.461e-01	3.463e-01	1.198e-01	6.477e-02	1.666e-01	3.510e-01	3.215e-01	3.671e-01	3.289e-01	3.138e-01	3.582e-01	3.449e-01	9.285e-02	3.920e-01
3.160e+04	3.461e-01	3.461e-01	3.463e-01	1.198e-01	6.477e-02	1.666e-01	3.510e-01	3.215e-01	3.671e-01	3.289e-01	3.138e-01	3.582e-01	3.449e-01	9.285e-02	3.920e-01
3.170e+04	3.461e-01	3.461e-01	3.463e-01	1.198e-01	6.477e-02	1.666e-01	3.510e-01	3.215e-01	3.671e-01	3.289e-01	3.138e-01	3.582e-01	3.449e-01	9.285e-02	3.920e-01
3.180e+04	3.461e-01	3.461e-01	3.463e-01	1.198e-01	6.477e-02	1.666e-01	3.510e-01	3.215e-01	3.671e-01	3.289e-01	3.138e-01	3.582e-01	3.449e-01	9.285e-02	3.920e-01
3.190e+04	3.461e-01	3.461e-01	3.463e-01	1.296e-01	6.477e-02	1.666e-01	3.510e-01	3.215e-01	3.671e-01	3.289e-01	3.138e-01	3.582e-01	3.449e-01	9.285e-02	3.920e-01
3.200e+04	3.461e-01	3.461e-01	3.463e-01	1.296e-01	6.477e-02	1.666e-01	3.510e-01	3.215e-01	3.671e-01	3.289e-01	3.138e-01	3.582e-01	3.449e-01	9.285e-02	3.920e-01
3.210e+04	3.461e-01	3.461e-01	3.463e-01	1.296e-01	6.477e-02	1.666e-01	3.510e-01	3.215e-01	3.671e-01	3.289e-01	3.138e-01	3.582e-01	3.449e-01	9.285e-02	3.920e-01
3.220e+04	3.461e-01	3.461e-01	3.463e-01	1.296e-01	6.477e-02	1.666e-01	3.511e-01	3.291e-01	3.671e-01	3.289e-01	3.138e-01	3.582e-01	3.223e-01	9.125e-02	3.920e-01
3.230e+04	3.461e-01	3.461e-01	3.463e-01	1.296e-01	6.477e-02	1.666e-01	3.511e-01	3.291e-01	3.671e-01	3.289e-01	3.138e-01	3.582e-01	3.223e-01	9.125e-02	3.920e-01
3.240e+04	3.461e-01	3.461e-01	3.463e-01	1.296e-01	6.477e-02	1.666e-01	3.511e-01	3.291e-01	3.671e-01	3.289e-01	3.138e-01	3.582e-01	3.223e-01	9.125e-02	3.920e-01
3.250e+04	3.461e-01	3.461e-01	3.463e-01	1.296e-01	6.477e-02	1.720e-01	3.511e-01	3.291e-01	3.671e-01	3.289e-01	3.138e-01	3.582e-01	3.223e-01	9.125e-02	3.920e-01
3.260e+04	3.461e-01	3.461e-01	3.463e-01	1.296e-01	6.477e-02	1.720e-01	3.511e-01	3.291e-01	3.671e-01	3.289e-01	3.138e-01	3.582e-01	3.223e-01	9.125e-02	3.920e-01
3.270e+04	3.461e-01	3.461e-01	3.463e-01	1.296e-01	6.477e-02	1.720e-01	3.511e-01	3.291e-01	3.671e-01	3.289e-01	3.138e-01	3.582e-01	3.223e-01	9.125e-02	3.920e-01
3.280e+04	3.461e-01	3.461e-01	3.463e-01	1.296e-01	6.477e-02	1.720e-01	3.511e-01	3.291e-01	3.671e-01	3.289e-01	3.138e-01	3.582e-01	3.223e-01	9.125e-02	3.920e-01
3.290e+04	3.461e-01	3.461e-01	3.463e-01	1.296e-01	6.477e-02	1.720e-01	3.511e-01	3.291e-01	3.664e-01	3.289e-01	3.138e-01	3.582e-01	3.223e-01	9.125e-02	3.920e-01
3.300e+04	3.461e-01	3.461e-01	3.463e-01	1.296e-01	6.477e-02	1.720e-01	3.511e-01	3.291e-01	3.664e-01	3.289e-01	3.138e-01	3.582e-01	3.223e-01	9.125e-02	3.920e-01
3.310e+04	3.461e-01	3.461e-01	3.463e-01	1.296e-01	6.477e-02	1.720e-01	3.511e-01	3.291e-01	3.664e-01	3.289e-01	3.138e-01	3.582e-01	3.223e-01	9.125e-02	3.920e-01
3.320e+04	3.461e-01	3.461e-01	3.463e-01	1.296e-01	6.477e-02	1.720e-01	3.511e-01	3.291e-01	3.664e-01	3.289e-01	3.138e-01	3.582e-01	3.223e-01	9.125e-02	3.920e-01
3.330e+04	3.461e-01	3.461e-01	3.463e-01	1.296e-01	6.477e-02	1.720e-01	3.511e-01	3.317e-01	3.664e-01	3.289e-01	3.138e-01	3.582e-01	3.223e-01	9.125e-02	3.920e-01
3.340e+04	3.461e-01	3.461e-01	3.463e-01	1.296e-01	6.477e-02	1.720e-01	3.511e-01	3.317e-01	3.664e-01	3.289e-01	3.138e-01	3.582e-01	3.223e-01	9.125e-02	3.920e-01
3.350e+04	3.461e-01	3.461e-01	3.463e-01	1.296e-01	6.477e-02	1.720e-01	3.511e-01	3.317e-01	3.664e-01	3.289e-01	3.138e-01	3.582e-01	3.223e-01	9.125e-02	3.920e-01
3.360e+04	3.461e-01	3.461e-01	3.463e-01	1.296e-01	6.477e-02	1.720e-01	3.511e-01	3.317e-01	3.664e-01	3.289e-01	3.138e-01	3.582e-01	3.223e-01	9.125e-02	3.920e-01
3.370e+04	3.461e-01	3.461e-01	3.463e-01	1.296e-01	6.477e-02	1.720e-01	3.511e-01	3.317e-01	3.664e-01	3.289e-01	3.138e-01	3.582e-01	3.223e-01	9.125e-02	3.920e-01
3.380e+04	3.461e-01	3.461e-01	3.463e-01	1.296e-01	6.477e-02	1.720e-01	3.511e-01	3.317e-01	3.664e-01	3.289e-01	3.117e-01	3.582e-01	3.223e-01	9.125e-02	3.920e-01
3.390e+04	3.461e-01	3.461e-01	3.463e-01	1.296e-01	6.477e-02	1.720e-01	3.511e-01	3.317e-01	3.664e-01	3.289e-01	3.117e-01	3.582e-01	3.223e-01	9.125e-02	3.844e-01
3.400e+04	3.461e-01	3.461e-01	3.463e-01	1.296e-01	6.477e-02	1.720e-01	3.511e-01	3.317e-01	3.664e-01	3.289e-01	3.117e-01	3.582e-01	3.223e-01	9.125e-02	3.844e-01
3.410e+04	3.461e-01	3.461e-01	3.463e-01	1.296e-01	6.477e-02	1.720e-01	3.511e-01	3.317e-01	3.664e-01	3.289e-01	3.117e-01	3.582e-01	3.223e-01	9.125e-02	3.844e-01
3.420e+04	3.461e-01	3.461e-01	3.463e-01	1.296e-01	6.477e-02	1.720e-01	3.511e-01	3.317e-01	3.664e-01	3.289e-01	3.117e-01	3.582e-01	3.223e-01	9.125e-02	3.844e-01
3.430e+04	3.461e-01	3.461e-01	3.463e-01	1.296e-01	6.477e-02	1.720e-01	3.510e-01	3.317e-01	3.664e-01	3.289e-01	3.117e-01	3.582e-01	3.223e-01	9.125e-02	3.844e-01
3.440e+04	3.461e-01	3.461e-01	3.463e-01	1.323e-01	6.477e-02	2.081e-01	3.510e-01	3.317e-01	3.664e-01	3.289e-01	3.117e-01	3.582e-01	3.198e-01	9.125e-02	3.784e-01
3.450e+04	3.461e-01	3.461e-01	3.463e-01	1.296e-01	5.512e-02	2.081e-01	3.510e-01	3.317e-01	3.664e-01	3.289e-01	3.138e-01	3.582e-01	3.198e-01	9.125e-02	3.784e-01
3.460e+04	3.461e-01	3.461e-01	3.463e-01	1.296e-01	5.512e-02	2.081e-01	3.510e-01	3.317e-01	3.664e-01	3.289e-01	3.138e-01	3.582e-01	3.198e-01	9.125e-02	3.784e-01
3.470e+04	3.461e-01	3.461e-01	3.463e-01	1.296e-01	5.512e-02	2.081e-01	3.510e-01	3.317e-01	3.664e-01	3.289e-01	3.138e-01	3.582e-01	3.233e-01	9.125e-02	3.844e-01
3.480e+04	3.461e-01	3.461e-01	3.463e-01	1.296e-01	5.512e-02	1.720e-01	3.510e-01	3.317e-01	3.664e-01	3.289e-01	3.138e-01	3.582e-01	3.233e-01	9.125e-02	3.844e-01
3.490e+04	3.461e-01	3.461e-01	3.463e-01	1.296e-01	5.512e-02	1.720e-01	3.510e-01	3.317e-01	3.664e-01	3.289e-01	3.138e-01	3.582e-01	3.233e-01	9.125e-02	3.844e-01
3.500e+04	3.461e-01	3.461e-01	3.463e-01	1.296e-01	5.512e-02	1.720e-01	3.510e-01	3.317e-01	3.664e-01	3.289e-01	3.138e-01	3.627e-01	3.233e-01	9.125e-02	3.844e-01
3.510e+04	3.461e-01	3.461e-01	3.463e-01	1.296e-01	5.512e-02	1.720e-01	3.510e-01	3.317e-01	3.664e-01	3.289e-01	3.138e-01	3.627e-01	3.233e-01	9.125e-02	3.844e-01
3.520e+04	3.461e-01	3.461e-01	3.463e-01	1.296e-01	5.512e-02	1.934e-01	3.510e-01	3.317e-01	3.671e-01	3.289e-01	3.138e-01	3.627e-01	3.170e-01	8.987e-02	3.784e-01
3.530e+04	3.461e-01	3.461e-01	3.463e-01	1.296e-01	5.512e-02	1.934e-01	3.510e-01	3.317e-01	3.671e-01	3.289e-01	3.138e-01	3.627e-01	3.170e-01	8.987e-02	3.784e-01
3.540e+04	3.461e-01	3.461e-01	3.463e-01	1.238e-01	5.512e-02	1.934e-01	3.510e-01	3.317e-01	3.671e-01	3.289e-01	3.138e-01	3.627e-01	3.170e-01	8.987e-02	3.784e-01
3.550e+04	3.461e-01	3.461e-01	3.463e-01	1.238e-01	5.512e-02	1.934e-01	3.510e-01	3.317e-01	3.671e-01	3.289e-01	3.138e-01	3.627e-01	3.170e-01	8.987e-02	3.784e-01
3.560e+04	3.461e-01	3.461e-01	3.463e-01	1.238e-01	5.512e-02	1.934e-01	3.510e-01	3.317e-01	3.671e-01	3.289e-01	3.060e-01	3.627e-01	3.233e-01	8.987e-02	3.844e-01
3.570e+04	3.461e-01	3.461e-01	3.463e-01	1.238e-01	5.512e-02	1.934e-01	3.510e-01	3.317e-01	3.671e-01	3.289e-01	3.060e-01	3.627e-01	3.233e-01	8.987e-02	3.844e-01
3.580e+04	3.461e-01	3.461e-01	3.463e-01	1.198e-01	5.184e-02	1.720e-01	3.510e-01	3.317e-01	3.671e-01	3.289e-01	3.060e-01	3.627e-01	3.233e-01	8.987e-02	3.844e-01
3.590e+04	3.461e-01	3.461e-01	3.463e-01	1.198e-01	5.184e-02	1.720e-01	3.510e-01	3.317e-01	3.671e-01	3.289e-01	3.060e-01	3.627e-01	3.233e-01	8.987e-02	3.844e-01
3.600e+04	3.461e-01	3.461e-01	3.463e-01	1.198e-01	5.184e-02	1.720e-01	3.510e-01	3.317e-01	3.671e-01	3.289e-01	3.060e-01	3.627e-01	3.233e-01	8.987e-02	3.844e-01
3.610e+04	3.461e-01	3.461e-01	3.463e-01	1.198e-01	5.184e-02	1.720e-01	3.510e-01	3.317e-01	3.671e-01	3.289e-01	3.060e-01	3.627e-01	3.233e-01	8.987e-02	3.844e-01
3.620e+04	3.461e-01	3.461e-01	3.463e-01	1.198e-01	5.184e-02	1.720e-01	3.510e-01	3.317e-01	3.671e-01	3.289e-01	3.060e-01	3.627e-01	3.233e-01	8.987e-02	3.844e-01
3.630e+04	3.461e-01	3.461e-01	3.463e-01	1.198e-01	5.184e-02	1.720e-01	3.510e-01	3.317e-01	3.671e-01	3.302e-01	3.060e-01	3.627e-01	3.233e-01	8.987e-02	3.844e-01
3.640e+04	3.461e-01	3.461e-01	3.463e-01	1.198e-01	5.184e-02	1.720e-01	3.510e-01	3.317e-01	3.671e-01	3.302e-01	3.060e-01	3.627e-01	3.233e-01	8.987e-02	3.844e-01
3.650e+04	3.461e-01	3.461e-01	3.463e-01	1.198e-01	5.184e-02	1.720e-01	3.510e-01	3.317e-01	3.671e-01	3.302e-01	3.060e-01	3.627e-01	3.233e-01	8.987e-02	3.844e-01
3.660e+04	3.461e-01	3.461e-01	3.463e-01	1.198e-01	5.184e-02	1.720e-01	3.510e-01	3.317e-01	3.671e-01	3.302e-01	3.060e-01	3.627e-01	3.233e-01	8.987e-02	3.844e-01
3.670e+04	3.461e-01	3.461e-01	3.462e-01	1.198e-01	5.184e-02	1.720e-01	3.510e-01	3.317e-01	3.671e-01	3.302e-01	3.060e-01	3.627e-01	3.233e-01	8.987e-02	3.844e-01
3.680e+04	3.461e-01	3.461e-01	3.462e-01	1.198e-01	5.184e-02	1.720e-01	3.510e-01	3.317e-01	3.671e-01	3.302e-01	3.060e-01	3.627e-01	3.233e-01	8.987e-02	3.844e-01
3.690e+04	3.461e-01	3.461e-01	3.462e-01	1.198e-01	5.184e-02	1.720e-01	3.510e-01	3.317e-01	3.671e-01	3.302e-01	3.060e-01	3.586e-01	3.233e-01	8.987e-02	3.844e-01
3.700e+04	3.461e-01	3.461e-01	3.462e-01	1.198e-01	5.184e-02	1.720e-01	3.510e-01	3.317e-01	3.671e-01	3.302e-01	3.060e-01	3.586e-01	3.233e-01	8.987e-02	3.844e-01
3.710e+04	3.461e-01	3.461e-01	3.462e-01	1.198e-01	5.184e-02	1.720e-01	3.510e-01	3.317e-01	3.671e-01	3.302e-01	3.060e-01	3.586e-01	3.233e-01	8.987e-02	3.844e-01
3.720e+04	3.461e-01	3.461e-01	3.462e-01	1.198e-01	5.184e-02	1.720e-01	3.510e-01	3.317e-01	3.671e-01	3.302e-01	3.060e-01	3.586e-01	3.233e-01	9.125e-02	3.844e-01
3.730e+04	3.461e-01	3.461e-01	3.462e-01	1.198e-01	5.184e-02	1.720e-01	3.510e-01	3.317e-01	3.671e-01	3.302e-01	3.060e-01	3.586e-01	3.233e-01	9.125e-02	3.844e-01
3.740e+04	3.461e-01	3.461e-01	3.462e-01	1.198e-01	5.184e-02	1.720e-01	3.510e-01	3.317e-01	3.671e-01	3.302e-01	3.060e-01	3.586e-01	3.233e-01	9.125e-02	3.844e-01
3.750e+04	3.461e-01	3.461e-01	3.462e-01	1.198e-01	5.184e-02	1.720e-01	3.510e-01	3.317e-01	3.671e-01	3.302e-01	3.050e-01	3.586e-01	3.233e-01	9.125e-02	3.844e-01
3.760e+04	3.461e-01	3.461e-01	3.462e-01	1.198e-01	5.184e-02	1.720e-01	3.510e-01	3.317e-01	3.671e-01	3.302e-01	3.050e-01	3.586e-01	3.233e-01	9.125e-02	3.844e-01
3.770e+04	3.461e-01	3.461e-01	3.462e-01	1.198e-01	5.184e-02	1.720e-01	3.486e-01	3.317e-01	3.663e-01	3.308e-01	3.050e-01	3.586e-01	3.233e-01	9.125e-02	3.844e-01
3.780e+04	3.461e-01	3.461e-01	3.462e-01	1.198e-01	5.184e-02	1.720e-01	3.486e-01	3.317e-01	3.663e-01	3.308e-01	3.050e-01	3.586e-01	3.233e-01	9.125e-02	3.844e-01
3.790e+04	3.461e-01	3.461e-01	3.462e-01	1.198e-01	5.184e-02	1.720e-01	3.486e-01	3.317e-01	3.603e-01	3.308e-01	3.060e-01	3.586e-01	3.233e-01	9.125e-02	3.844e-01
3.800e+04	3.461e-01	3.461e-01	3.462e-01	1.198e-01	5.184e-02	1.720e-01	3.486e-01	3.317e-01	3.603e-01	3.308e-01	3.060e-01	3.586e-01	3.233e-01	9.125e-02	3.844e-01
3.810e+04	3.461e-01	3.461e-01	3.462e-01	1.198e-01	5.184e-02	1.720e-01	3.486e-01	3.317e-01	3.603e-01	3.308e-01	3.060e-01	3.586e-01	2.970e-01	9.125e-02	3.784e-01
3.820e+04	3.461e-01	3.461e-01	3.462e-01	1.198e-01	5.184e-02	1.720e-01	3.486e-01	3.317e-01	3.603e-01	3.308e-01	3.060e-01	3.586e-01	2.970e-01	9.125e-02	3.784e-01
3.830e+04	3.461e-01	3.461e-01	3.462e-01	1.198e-01	5.184e-02	1.720e-01	3.486e-01	3.317e-01	3.603e-01	3.308e-01	3.060e-01	3.586e-01	2.970e-01	9.285e-02	3.784e-01
3.840e+04	3.461e-01	3.461e-01	3.462e-01	1.198e-01	5.184e-02	1.720e-01	3.486e-01	3.317e-01	3.603e-01	3.308e-01	3.060e-01	3.586e-01	2.970e-01	9.337e-02	3.784e-01
3.850e+04	3.461e-01	3.461e-01	3.462e-01	1.198e-01	5.184e-02	1.720e-01	3.486e-01	3.317e-01	3.603e-01	3.308e-01	3.060e-01	3.586e-01	2.970e-01	9.337e-02	3.784e-01
3.860e+04	3.461e-01	3.461e-01	3.462e-01	1.198e-01	5.184e-02	1.720e-01	3.486e-01	3.317e-01	3.603e-01	3.308e-01	3.050e-01	3.586e-01	2.970e-01	9.337e-02	3.784e-01
3.870e+04	3.461e-01	3.461e-01	3.462e-01	1.198e-01	5.184e-02	1.720e-01	3.486e-01	3.317e-01	3.603e-01	3.308e-01	3.050e-01	3.586e-01	2.970e-01	9.337e-02	3.784e-01
3.880e+04	3.461e-01	3.461e-01	3.462e-01	1.198e-01	5.184e-02	1.720e-01	3.486e-01	3.317e-01	3.603e-01	3.308e-01	3.050e-01	3.586e-01	2.970e-01	9.337e-02	3.784e-01
3.890e+04	3.461e-01	3.461e-01	3.462e-01	1.198e-01	5.184e-02	1.720e-01	3.486e-01	3.317e-01	3.603e-01	3.308e-01	3.011e-01	3.582e-01	2.970e-01	9.337e-02	3.784e-01
3.900e+04	3.461e-01	3.461e-01	3.462e-01	1.198e-01	5.184e-02	1.720e-01	3.486e-01	3.317e-01	3.603e-01	3.308e-01	3.011e-01	3.582e-01	2.970e-01	9.337e-02	3.784e-01
3.910e+04	3.461e-01	3.461e-01	3.462e-01	1.198e-01	5.184e-02	1.720e-01	3.486e-01	3.317e-01	3.603e-01	3.308e-01	3.011e-01	3.582e-01	2.970e-01	9.337e-02	3.784e-01
3.920e+04	3.461e-01	3.461e-01	3.462e-01	1.198e-01	5.184e-02	1.720e-01	3.486e-01	3.317e-01	3.603e-01	3.308e-01	3.050e-01	3.582e-01	2.970e-01	9.337e-02	3.784e-01
3.930e+04	3.461e-01	3.461e-01	3.462e-01	1.198e-01	5.184e-02	1.720e-01	3.486e-01	3.317e-01	3.603e-01	3.308e-01	3.050e-01	3.582e-01	2.970e-01	9.337e-02	3.784e-01
3.940e+04	3.461e-01	3.461e-01	3.462e-01	1.198e-01	5.184e-02	1.720e-01	3.486e-01	3.317e-01	3.603e-01	3.308e-01	3.050e-01	3.582e-01	2.970e-01	9.314e-02	3.784e-01
3.950e+04	3.461e-01	3.461e-01	3.462e-01	1.198e-01	5.184e-02	1.720e-01	3.486e-01	3.317e-01	3.603e-01	3.308e-01	3.050e-01	3.582e-01	2.970e-01	9.314e-02	3.784e-01
3.960e+04	3.461e-01	3.461e-01	3.462e-01	1.198e-01	5.184e-02	1.720e-01	3.486e-01	3.317e-01	3.647e-01	3.308e-01	3.050e-01	3.582e-01	2.970e-01	9.314e-02	3.784e-01
3.970e+04	3.461e-01	3.461e-01	3.462e-01	1.198e-01	5.184e-02	1.720e-01	3.486e-01	3.317e-01	3.647e-01	3.310e-01	3.050e-01	3.582e-01	2.970e-01	9.314e-02	3.784e-01
3.980e+04	3.461e-01	3.461e-01	3.462e-01	1.198e-01	5.184e-02	1.720e-01	3.486e-01	3.317e-01	3.647e-01	3.310e-01	3.050e-01	3.582e-01	2.970e-01	9.337e-02	3.784e-01
3.990e+04	3.461e-01	3.461e-01	3.462e-01	1.198e-01	5.184e-02	1.720e-01	3.486e-01	3.317e-01	3.647e-01	3.310e-01	3.050e-01	3.582e-01	2.970e-01	9.337e-02	3.784e-01
4.000e+04	3.461e-01	3.461e-01	3.462e-01	1.198e-01	5.184e-02	1.720e-01	3.486e-01	3.317e-01	3.647e-01	3.310e-01	3.050e-01	3.582e-01	2.970e-01	9.337e-02	3.784e-01
4.010e+04	3.461e-01	3.461e-01	3.462e-01	1.198e-01	5.184e-02	1.720e-01	3.486e-01	3.317e-01	3.647e-01	3.310e-01	3.050e-01	3.582e-01	2.970e-01	9.337e-02	3.784e-01
4.020e+04	3.461e-01	3.461e-01	3.462e-01	1.198e-01	5.184e-02	1.720e-01	3.486e-01	3.317e-01	3.647e-01	3.310e-01	3.050e-01	3.582e-01	2.970e-01	9.337e-02	3.784e-01
4.030e+04	3.461e-01	3.461e-01	3.462e-01	1.198e-01	5.184e-02	1.720e-01	3.486e-01	3.317e-01	3.647e-01	3.310e-01	3.050e-01	3.582e-01	2.970e-01	9.337e-02	3.784e-01
4.040e+04	3.461e-01	3.461e-01	3.462e-01	1.198e-01	5.184e-02	1.720e-01	3.486e-01	3.317e-01	3.647e-01	3.310e-01	3.050e-01	3.582e-01	2.970e-01	9.337e-02	3.784e-01
4.050e+04	3.461e-01	3.461e-01	3.462e-01	1.198e-01	5.184e-02	1.720e-01	3.486e-01	3.317e-01	3.647e-01	3.310e-01	3.050e-01	3.582e-01	2.970e-01	9.337e-02	3.784e-01
4.060e+04	3.461e-01	3.461e-01	3.462e-01	1.198e-01	5.184e-02	1.720e-01	3.486e-01	3.317e-01	3.647e-01	3.310e-01	3.050e-01	3.582e-01	2.970e-01	9.337e-02	3.778e-01
4.070e+04	3.461e-01	3.461e-01	3.462e-01	1.198e-01	5.184e-02	1.720e-01	3.486e-01	3.317e-01	3.647e-01	3.310e-01	3.050e-01	3.582e-01	3.074e-01	9.337e-02	3.778e-01
4.080e+04	3.461e-01	3.461e-01	3.462e-01	1.198e-01	5.184e-02	1.720e-01	3.486e-01	3.317e-01	3.647e-01	3.308e-01	3.022e-01	3.582e-01	3.074e-01	9.337e-02	3.778e-01
4.090e+04	3.461e-01	3.461e-01	3.462e-01	1.198e-01	5.184e-02	1.720e-01	3.486e-01	3.317e-01	3.647e-01	3.308e-01	3.022e-01	3.582e-01	3.074e-01	9.337e-02	3.778e-01
4.100e+04	3.461e-01	3.461e-01	3.462e-01	1.198e-01	5.184e-02	1.720e-01	3.486e-01	3.317e-01	3.603e-01	3.308e-01	3.022e-01	3.582e-01	3.074e-01	9.337e-02	3.778e-01
4.110e+04	3.461e-01	3.461e-01	3.462e-01	1.198e-01	5.184e-02	1.720e-01	3.486e-01	3.317e-01	3.603e-01	3.308e-01	3.022e-01	3.582e-01	3.074e-01	9.337e-02	3.778e-01
4.120e+04	3.461e-01	3.461e-01	3.462e-01	1.198e-01	5.184e-02	1.720e-01	3.486e-01	3.317e-01	3.603e-01	3.308e-01	3.022e-01	3.582e-01	3.074e-01	9.337e-02	3.778e-01
4.130e+04	3.461e-01	3.461e-01	3.462e-01	1.198e-01	5.184e-02	1.720e-01	3.486e-01	3.317e-01	3.603e-01	3.308e-01	3.022e-01	3.582e-01	3.074e-01	9.337e-02	3.778e-01
4.140e+04	3.461e-01	3.461e-01	3.462e-01	1.198e-01	5.184e-02	1.720e-01	3.486e-01	3.317e-01	3.603e-01	3.308e-01	3.050e-01	3.582e-01	3.074e-01	9.556e-02	3.778e-01
4.150e+04	3.461e-01	3.461e-01	3.462e-01	1.198e-01	5.184e-02	1.720e-01	3.486e-01	3.317e-01	3.603e-01	3.308e-01	3.050e-01	3.582e-01	3.074e-01	9.556e-02	3.778e-01
4.160e+04	3.461e-01	3.461e-01	3.462e-01	1.198e-01	5.512e-02	1.720e-01	3.486e-01	3.317e-01	3.603e-01	3.308e-01	3.050e-01	3.582e-01	3.074e-01	9.556e-02	3.778e-01
4.170e+04	3.461e-01	3.461e-01	3.462e-01	1.198e-01	5.512e-02	1.720e-01	3.486e-01	3.317e-01	3.603e-01	3.308e-01	3.050e-01	3.582e-01	3.074e-01	9.556e-02	3.778e-01
4.180e+04	3.461e-01	3.461e-01	3.462e-01	1.198e-01	5.512e-02	1.720e-01	3.488e-01	3.317e-01	3.603e-01	3.308e-01	3.050e-01	3.582e-01	3.074e-01	9.556e-02	3.778e-01
4.190e+04	3.461e-01	3.461e-01	3.462e-01	1.198e-01	5.512e-02	1.720e-01	3.488e-01	3.317e-01	3.603e-01	3.308e-01	3.050e-01	3.582e-01	3.074e-01	9.556e-02	3.778e-01
4.200e+04	3.461e-01	3.461e-01	3.462e-01	1.198e-01	5.184e-02	1.720e-01	3.488e-01	3.317e-01	3.603e-01	3.308e-01	3.050e-01	3.582e-01	3.074e-01	9.556e-02	3.778e-01
4.210e+04	3.461e-01	3.461e-01	3.462e-01	1.198e-01	5.184e-02	1.720e-01	3.488e-01	3.317e-01	3.603e-01	3.308e-01	3.050e-01	3.582e-01	3.074e-01	9.556e-02	3.778e-01
4.220e+04	3.461e-01	3.461e-01	3.462e-01	1.198e-01	5.184e-02	1.720e-01	3.488e-01	3.317e-01	3.603e-01	3.308e-01	3.050e-01	3.582e-01	2.970e-01	9.556e-02	3.778e-01
4.230e+04	3.461e-01	3.461e-01	3.462e-01	1.198e-01	5.184e-02	1.720e-01	3.488e-01	3.317e-01	3.603e-01	3.308e-01	3.050e-01	3.582e-01	2.970e-01	9.556e-02	3.778e-01
4.240e+04	3.461e-01	3.461e-01	3.462e-01	1.198e-01	5.184e-02	1.720e-01	3.510e-01	3.317e-01	3.603e-01	3.308e-01	3.050e-01	3.582e-01	2.970e-01	9.556e-02	3.778e-01
4.250e+04	3.461e-01	3.461e-01	3.462e-01	1.198e-01	5.184e-02	1.720e-01	3.510e-01	3.317e-01	3.603e-01	3.308e-01	3.050e-01	3.582e-01	2.970e-01	9.556e-02	3.778e-01
4.260e+04	3.461e-01	3.461e-01	3.462e-01	1.198e-01	5.184e-02	1.720e-01	3.510e-01	3.317e-01	3.603e-01	3.308e-01	3.050e-01	3.582e-01	2.970e-01	9.556e-02	3.778e-01
4.270e+04	3.461e-01	3.461e-01	3.462e-01	1.198e-01	5.184e-02	1.720e-01	3.510e-01	3.317e-01	3.603e-01	3.308e-01	3.050e-01	3.582e-01	2.970e-01	9.556e-02	3.778e-01
4.280e+04	3.461e-01	3.461e-01	3.462e-01	1.198e-01	5.184e-02	1.720e-01	3.510e-01	3.317e-01	3.603e-01	3.308e-01	3.050e-01	3.582e-01	2.970e-01	9.556e-02	3.778e-01
4.290e+04	3.461e-01	3.461e-01	3.462e-01	1.198e-01	5.184e-02	1.720e-01	3.510e-01	3.317e-01	3.603e-01	3.308e-01	3.050e-01	3.582e-01	2.970e-01	9.556e-02	3.778e-01
4.300e+04	3.461e-01	3.461e-01	3.462e-01	1.198e-01	5.184e-02	1.720e-01	3.510e-01	3.317e-01	3.603e-01	3.308e-01	3.072e-01	3.582e-01	2.970e-01	9.556e-02	3.778e-01
4.310e+04	3.461e-01	3.461e-01	3.462e-01	1.198e-01	8.020e-02	1.720e-01	3.510e-01	3.317e-01	3.603e-01	3.308e-01	3.072e-01	3.582e-01	2.970e-01	9.450e-02	3.778e-01
4.320e+04	3.461e-01	3.461e-01	3.462e-01	1.198e-01	8.020e-02	1.720e-01	3.510e-01	3.317e-01	3.603e-01	3.308e-01	3.072e-01	3.582e-01	2.970e-01	9.450e-02	3.778e-01
4.330e+04	3.461e-01	3.461e-01	3.462e-01	1.198e-01	8.020e-02	1.720e-01	3.510e-01	3.317e-01	3.603e-01	3.308e-01	3.072e-01	3.582e-01	2.970e-01	9.450e-02	3.778e-01
4.340e+04	3.461e-01	3.461e-01	3.462e-01	1.198e-01	8.020e-02	1.720e-01	3.510e-01	3.317e-01	3.603e-01	3.308e-01	3.072e-01	3.582e-01	2.970e-01	9.450e-02	3.778e-01
4.350e+04	3.461e-01	3.461e-01	3.462e-01	1.198e-01	8.020e-02	1.720e-01	3.510e-01	3.317e-01	3.603e-01	3.308e-01	3.072e-01	3.582e-01	2.970e-01	9.450e-02	3.778e-01
4.360e+04	3.461e-01	3.461e-01	3.462e-01	1.198e-01	8.020e-02	1.720e-01	3.510e-01	3.317e-01	3.603e-01	3.308e-01	3.072e-01	3.582e-01	2.970e-01	9.450e-02	3.778e-01
4.370e+04	3.461e-01	3.461e-01	3.462e-01	1.198e-01	8.020e-02	1.720e-01	3.510e-01	3.317e-01	3.603e-01	3.308e-01	3.072e-01	3.582e-01	2.970e-01	9.450e-02	3.778e-01
4.380e+04	3.461e-01	3.461e-01	3.462e-01	1.198e-01	8.020e-02	1.720e-01	3.510e-01	3.317e-01	3.603e-01	3.308e-01	3.087e-01	3.582e-01	2.970e-01	9.450e-02	3.778e-01
4.390e+04	3.461e-01	3.461e-01	3.462e-01	1.198e-01	8.020e-02	1.720e-01	3.510e-01	3.317e-01	3.603e-01	3.308e-01	3.087e-01	3.582e-01	2.970e-01	9.450e-02	3.778e-01
4.400e+04	3.461e-01	3.461e-01	3.462e-01	1.198e-01	8.020e-02	1.720e-01	3.510e-01	3.317e-01	3.603e-01	3.302e-01	3.087e-01	3.536e-01	2.970e-01	9.450e-02	3.778e-01
4.410e+04	3.461e-01	3.461e-01	3.462e-01	1.198e-01	8.020e-02	1.720e-01	3.510e-01	3.317e-01	3.603e-01	3.302e-01	3.087e-01	3.536e-01	2.970e-01	9.450e-02	3.778e-01
4.420e+04	3.461e-01	3.461e-01	3.462e-01	1.198e-01	8.020e-02	1.720e-01	3.510e-01	3.317e-01	3.603e-01	3.302e-01	3.087e-01	3.536e-01	2.970e-01	9.450e-02	3.778e-01
4.430e+04	3.461e-01	3.461e-01	3.462e-01	1.221e-01	8.020e-02	1.723e-01	3.510e-01	3.317e-01	3.603e-01	3.302e-01	3.087e-01	3.536e-01	2.970e-01	9.450e-02	3.778e-01
4.440e+04	3.461e-01	3.461e-01	3.462e-01	1.221e-01	8.020e-02	1.723e-01	3.510e-01	3.317e-01	3.603e-01	3.302e-01	3.087e-01	3.536e-01	2.970e-01	9.450e-02	3.778e-01
4.450e+04	3.461e-01	3.461e-01	3.462e-01	1.221e-01	8.020e-02	1.723e-01	3.510e-01	3.317e-01	3.603e-01	3.302e-01	3.087e-01	3.536e-01	2.970e-01	9.450e-02	3.778e-01
4.460e+04	3.461e-01	3.461e-01	3.462e-01	1.221e-01	8.020e-02	1.723e-01	3.510e-01	3.317e-01	3.603e-01	3.302e-01	3.087e-01	3.536e-01	2.970e-01	9.450e-02	3.778e-01
4.470e+04	3.461e-01	3.461e-01	3.462e-01	1.221e-01	8.020e-02	1.723e-01	3.510e-01	3.317e-01	3.603e-01	3.302e-01	3.087e-01	3.536e-01	2.754e-01	9.450e-02	3.778e-01
4.480e+04	3.461e-01	3.461e-01	3.462e-01	1.221e-01	8.020e-02	1.723e-01	3.510e-01	3.317e-01	3.603e-01	3.302e-01	3.087e-01	3.536e-01	2.754e-01	9.450e-02	3.778e-01
4.490e+04	3.461e-01	3.461e-01	3.462e-01	1.221e-01	8.020e-02	1.723e-01	3.510e-01	3.317e-01	3.603e-01	3.302e-01	3.087e-01	3.536e-01	2.754e-01	9.450e-02	3.778e-01
4.500e+04	3.461e-01	3.461e-01	3.462e-01	1.221e-01	8.020e-02	1.723e-01	3.510e-01	3.317e-01	3.603e-01	3.302e-01	3.087e-01	3.536e-01	2.877e-01	9.450e-02	3.778e-01
4.510e+04	3.461e-01	3.461e-01	3.462e-01	1.221e-01	8.020e-02	1.723e-01	3.510e-01	3.317e-01	3.603e-01	3.302e-01	3.087e-01	3.536e-01	2.877e-01	9.450e-02	3.778e-01
4.520e+04	3.461e-01	3.461e-01	3.462e-01	1.221e-01	8.020e-02	1.723e-01	3.510e-01	3.317e-01	3.603e-01	3.302e-01	3.087e-01	3.536e-01	2.877e-01	9.450e-02	3.778e-01
4.530e+04	3.461e-01	3.461e-01	3.462e-01	1.221e-01	8.020e-02	1.723e-01	3.510e-01	3.317e-01	3.603e-01	3.302e-01	3.087e-01	3.536e-01	2.877e-01	9.450e-02	3.778e-01
4.540e+04	3.461e-01	3.461e-01	3.462e-01	1.221e-01	8.020e-02	1.723e-01	3.510e-01	3.317e-01	3.603e-01	3.308e-01	3.087e-01	3.536e-01	2.877e-01	9.450e-02	3.778e-01
4.550e+04	3.461e-01	3.461e-01	3.462e-01	1.221e-01	8.020e-02	1.723e-01	3.510e-01	3.317e-01	3.603e-01	3.308e-01	3.087e-01	3.536e-01	2.877e-01	9.450e-02	3.778e-01
4.560e+04	3.461e-01	3.461e-01	3.462e-01	1.221e-01	8.020e-02	1.723e-01	3.510e-01	3.317e-01	3.603e-01	3.308e-01	3.087e-01	3.536e-01	2.877e-01	9.450e-02	3.778e-01
4.570e+04	3.461e-01	3.461e-01	3.462e-01	1.221e-01	8.020e-02	1.723e-01	3.510e-01	3.317e-01	3.603e-01	3.308e-01	3.087e-01	3.536e-01	2.877e-01	9.450e-02	3.778e-01
4.580e+04	3.461e-01	3.461e-01	3.462e-01	1.221e-01	8.020e-02	1.723e-01	3.510e-01	3.317e-01	3.603e-01	3.308e-01	3.087e-01	3.536e-01	2.877e-01	9.450e-02	3.778e-01
4.590e+04	3.461e-01	3.461e-01	3.462e-01	1.221e-01	8.020e-02	1.723e-01	3.488e-01	3.168e-01	3.614e-01	3.308e-01	3.087e-01	3.536e-01	2.877e-01	9.450e-02	3.778e-01
4.600e+04	3.461e-01	3.461e-01	3.462e-01	1.221e-01	8.020e-02	1.723e-01	3.488e-01	3.168e-01	3.614e-01	3.308e-01	3.087e-01	3.536e-01	2.877e-01	9.450e-02	3.778e-01
4.610e+04	3.461e-01	3.461e-01	3.462e-01	1.221e-01	8.020e-02	1.723e-01	3.488e-01	3.168e-01	3.614e-01	3.308e-01	3.087e-01	3.536e-01	2.877e-01	9.450e-02	3.778e-01
4.620e+04	3.461e-01	3.461e-01	3.462e-01	1.221e-01	8.020e-02	1.723e-01	3.488e-01	3.168e-01	3.614e-01	3.308e-01	3.087e-01	3.536e-01	2.877e-01	9.450e-02	3.778e-01
4.630e+04	3.461e-01	3.461e-01	3.462e-01	1.221e-01	8.020e-02	1.723e-01	3.488e-01	3.168e-01	3.614e-01	3.308e-01	3.087e-01	3.536e-01	2.877e-01	9.450e-02	3.778e-01
4.640e+04	3.461e-01	3.461e-01	3.462e-01	1.221e-01	8.020e-02	1.723e-01	3.488e-01	3.168e-01	3.614e-01	3.308e-01	3.152e-01	3.536e-01	2.877e-01	9.450e-02	3.778e-01
4.650e+04	3.461e-01	3.461e-01	3.462e-01	1.221e-01	8.020e-02	1.723e-01	3.488e-01	3.168e-01	3.614e-01	3.308e-01	3.152e-01	3.536e-01	2.877e-01	9.450e-02	3.778e-01
4.660e+04	3.461e-01	3.461e-01	3.462e-01	1.221e-01	8.020e-02	1.723e-01	3.488e-01	3.168e-01	3.614e-01	3.308e-01	3.087e-01	3.536e-01	2.877e-01	9.450e-02	3.778e-01
4.670e+04	3.461e-01	3.461e-01	3.462e-01	1.221e-01	8.020e-02	1.723e-01	3.488e-01	3.168e-01	3.614e-01	3.308e-01	3.087e-01	3.536e-01	2.877e-01	9.450e-02	3.778e-01
4.680e+04	3.461e-01	3.461e-01	3.462e-01	1.221e-01	8.020e-02	1.723e-01	3.488e-01	3.168e-01	3.614e-01	3.302e-01	3.087e-01	3.536e-01	2.877e-01	9.450e-02	3.778e-01
4.690e+04	3.461e-01	3.461e-01	3.462e-01	1.221e-01	8.020e-02	1.723e-01	3.488e-01	3.168e-01	3.614e-01	3.302e-01	3.087e-01	3.536e-01	2.877e-01	9.450e-02	3.778e-01
4.700e+04	3.461e-01	3.461e-01	3.462e-01	1.221e-01	8.020e-02	1.723e-01	3.488e-01	3.168e-01	3.614e-01	3.302e-01	3.087e-01	3.536e-01	2.877e-01	9.450e-02	3.778e-01
4.710e+04	3.461e-01	3.461e-01	3.462e-01	1.221e-01	8.020e-02	1.723e-01	3.488e-01	3.168e-01	3.614e-01	3.302e-01	3.087e-01	3.536e-01	2.877e-01	9.450e-02	3.778e-01
4.720e+04	3.461e-01	3.461e-01	3.462e-01	1.260e-01	8.020e-02	1.723e-01	3.488e-01	3.168e-01	3.614e-01	3.308e-01	3.087e-01	3.536e-01	2.877e-01	9.450e-02	3.778e-01
4.730e+04	3.461e-01	3.461e-01	3.462e-01	1.260e-01	8.020e-02	1.723e-01	3.488e-01	3.168e-01	3.614e-01	3.308e-01	3.087e-01	3.536e-01	2.970e-01	9.450e-02	3.844e-01
4.740e+04	3.461e-01	3.461e-01	3.462e-01	1.260e-01	8.020e-02	1.723e-01	3.488e-01	3.168e-01	3.614e-01	3.310e-01	3.087e-01	3.536e-01	2.970e-01	9.450e-02	3.844e-01
4.750e+04	3.461e-01	3.461e-01	3.462e-01	1.260e-01	8.020e-02	1.723e-01	3.488e-01	3.168e-01	3.614e-01	3.310e-01	3.087e-01	3.536e-01	2.923e-01	9.450e-02	3.844e-01
4.760e+04	3.461e-01	3.461e-01	3.462e-01	1.260e-01	8.020e-02	1.723e-01	3.488e-01	3.168e-01	3.614e-01	3.310e-01	3.087e-01	3.536e-01	2.923e-01	9.450e-02	3.844e-01
4.770e+04	3.461e-01	3.461e-01	3.462e-01	1.260e-01	8.020e-02	1.723e-01	3.488e-01	3.168e-01	3.614e-01	3.310e-01	3.087e-01	3.536e-01	2.923e-01	9.450e-02	3.844e-01
4.780e+04	3.461e-01	3.461e-01	3.462e-01	1.260e-01	8.020e-02	1.723e-01	3.488e-01	3.168e-01	3.614e-01	3.310e-01	3.087e-01	3.536e-01	2.923e-01	9.450e-02	3.844e-01
4.790e+04	3.461e-01	3.461e-01	3.462e-01	1.260e-01	8.020e-02	1.723e-01	3.488e-01	3.219e-01	3.614e-01	3.310e-01	3.087e-01	3.536e-01	2.923e-01	9.450e-02	3.844e-01
4.800e+04	3.461e-01	3.461e-01	3.462e-01	1.260e-01	8.020e-02	1.723e-01	3.488e-01	3.219e-01	3.614e-01	3.310e-01	3.087e-01	3.536e-01	2.923e-01	9.450e-02	3.844e-01
4.810e+04	3.461e-01	3.461e-01	3.462e-01	1.260e-01	8.020e-02	1.723e-01	3.488e-01	3.219e-01	3.614e-01	3.310e-01	3.087e-01	3.536e-01	2.923e-01	9.450e-02	3.844e-01
4.820e+04	3.461e-01	3.461e-01	3.462e-01	1.260e-01	8.020e-02	1.723e-01	3.488e-01	3.216e-01	3.614e-01	3.310e-01	3.152e-01	3.536e-01	2.923e-01	9.450e-02	3.844e-01
4.830e+04	3.461e-01	3.461e-01	3.462e-01	1.260e-01	8.020e-02	1.723e-01	3.488e-01	3.216e-01	3.614e-01	3.310e-01	3.152e-01	3.536e-01	2.923e-01	9.450e-02	3.844e-01
4.840e+04	3.461e-01	3.461e-01	3.462e-01	1.260e-01	8.020e-02	1.723e-01	3.488e-01	3.216e-01	3.614e-01	3.310e-01	3.152e-01	3.536e-01	2.923e-01	9.450e-02	3.844e-01
4.850e+04	3.461e-01	3.461e-01	3.462e-01	1.260e-01	8.020e-02	1.723e-01	3.488e-01	3.216e-01	3.614e-01	3.310e-01	3.152e-01	3.536e-01	2.923e-01	9.450e-02	3.844e-01
4.860e+04	3.461e-01	3.461e-01	3.462e-01	1.260e-01	8.020e-02	1.723e-01	3.488e-01	3.216e-01	3.614e-01	3.310e-01	3.152e-01	3.536e-01	2.923e-01	9.450e-02	3.844e-01
4.870e+04	3.461e-01	3.461e-01	3.462e-01	1.260e-01	8.020e-02	1.723e-01	3.488e-01	3.216e-01	3.614e-01	3.310e-01	3.152e-01	3.536e-01	2.923e-01	9.450e-02	3.844e-01
4.880e+04	3.461e-01	3.461e-01	3.462e-01	1.221e-01	5.184e-02	1.720e-01	3.488e-01	3.216e-01	3.614e-01	3.310e-01	3.152e-01	3.536e-01	2.923e-01	9.450e-02	3.844e-01
4.890e+04	3.461e-01	3.461e-01	3.462e-01	1.221e-01	5.184e-02	1.720e-01	3.488e-01	3.216e-01	3.614e-01	3.310e-01	3.152e-01	3.536e-01	2.923e-01	9.450e-02	3.844e-01
4.900e+04	3.461e-01	3.461e-01	3.462e-01	1.221e-01	5.184e-02	1.720e-01	3.488e-01	3.216e-01	3.614e-01	3.310e-01	3.152e-01	3.536e-01	2.923e-01	9.450e-02	3.844e-01
4.910e+04	3.461e-01	3.461e-01	3.462e-01	1.221e-01	5.184e-02	1.720e-01	3.488e-01	3.308e-01	3.614e-01	3.310e-01	3.152e-01	3.536e-01	2.923e-01	9.450e-02	3.844e-01
4.920e+04	3.461e-01	3.461e-01	3.462e-01	1.221e-01	5.184e-02	1.720e-01	3.488e-01	3.308e-01	3.614e-01	3.310e-01	3.152e-01	3.536e-01	2.923e-01	9.450e-02	3.844e-01
4.930e+04	3.461e-01	3.461e-01	3.462e-01	1.221e-01	5.184e-02	1.720e-01	3.488e-01	3.308e-01	3.614e-01	3.310e-01	3.152e-01	3.536e-01	2.923e-01	9.450e-02	3.844e-01
4.940e+04	3.461e-01	3.461e-01	3.462e-01	1.221e-01	5.184e-02	1.720e-01	3.488e-01	3.308e-01	3.614e-01	3.310e-01	3.152e-01	3.536e-01	2.923e-01	9.450e-02	3.844e-01
4.950e+04	3.461e-01	3.461e-01	3.462e-01	1.022e-01	4.657e-02	1.694e-01	3.488e-01	3.308e-01	3.614e-01	3.310e-01	3.152e-01	3.536e-01	2.923e-01	9.450e-02	3.844e-01
4.960e+04	3.461e-01	3.461e-01	3.462e-01	1.022e-01	4.657e-02	1.694e-01	3.488e-01	3.216e-01	3.603e-01	3.310e-01	3.141e-01	3.536e-01	2.923e-01	9.450e-02	3.844e-01
4.970e+04	3.461e-01	3.461e-01	3.462e-01	1.022e-01	4.657e-02	1.694e-01	3.483e-01	3.317e-01	3.567e-01	3.310e-01	3.141e-01	3.536e-01	2.923e-01	9.450e-02	3.844e-01
4.980e+04	3.461e-01	3.461e-01	3.462e-01	1.022e-01	4.657e-02	1.694e-01	3.483e-01	3.317e-01	3.567e-01	3.310e-01	3.087e-01	3.536e-01	2.923e-01	9.450e-02	3.844e-01
4.990e+04	3.461e-01	3.461e-01	3.462e-01	1.022e-01	4.657e-02	1.694e-01	3.483e-01	3.317e-01	3.567e-01	3.310e-01	3.087e-01	3.536e-01	2.923e-01	9.450e-02	3.844e-01
5.000e+04	3.461e-01	3.461e-01	3.462e-01	1.022e-01	4.657e-02	1.694e-01	3.483e-01	3.317e-01	3.567e-01	3.310e-01	3.087e-01	3.536e-01	2.923e-01	9.450e-02	3.844e-01
