n.evals.q.1.0.	mopm._.me.hebbian.network.best.quality.increase	mopm._.me.hebbian.network.best.quality.increase.min	mopm._.me.hebbian.network.best.quality.increase.max	mopm._.me.hebbian.layer.best.quality.increase	mopm._.me.hebbian.layer.best.quality.increase.min	mopm._.me.hebbian.layer.best.quality.increase.max	mopm._.me.hebbian.neuron.best.quality.increase	mopm._.me.hebbian.neuron.best.quality.increase.min	mopm._.me.hebbian.neuron.best.quality.increase.max	mopm._.me.hebbian.synapse.best.quality.increase	mopm._.me.hebbian.synapse.best.quality.increase.min	mopm._.me.hebbian.synapse.best.quality.increase.max	mopm._.me.freeForm.best.quality.increase	mopm._.me.freeForm.best.quality.increase.min	mopm._.me.freeForm.best.quality.increase.max
1.000e+02	1.943e-01	1.551e-01	2.961e-01	1.622e-01	9.315e-02	1.852e-01	1.983e-01	1.483e-01	2.350e-01	1.202e-01	7.679e-02	1.754e-01	1.663e-03	-6.015e-03	4.402e-02
2.000e+02	1.713e-01	1.390e-01	2.417e-01	1.852e-01	9.859e-02	3.109e-01	2.218e-01	1.736e-01	2.506e-01	1.466e-01	9.859e-02	1.850e-01	6.191e-03	-5.984e-03	4.394e-02
3.000e+02	1.771e-01	1.411e-01	2.126e-01	1.778e-01	8.270e-02	3.109e-01	1.940e-01	1.515e-01	2.571e-01	1.590e-01	9.859e-02	1.869e-01	6.654e-03	-3.778e-03	5.118e-02
4.000e+02	1.841e-01	1.639e-01	2.381e-01	1.948e-01	1.099e-01	3.642e-01	1.963e-01	1.410e-01	2.735e-01	1.384e-01	7.851e-02	1.766e-01	6.910e-03	-1.490e-03	5.578e-02
5.000e+02	1.771e-01	1.542e-01	2.052e-01	1.953e-01	1.105e-01	3.642e-01	1.963e-01	1.437e-01	2.415e-01	1.440e-01	1.204e-01	1.809e-01	6.910e-03	-1.490e-03	5.578e-02
6.000e+02	1.771e-01	1.542e-01	2.410e-01	1.953e-01	1.101e-01	4.180e-01	1.901e-01	1.555e-01	2.415e-01	1.639e-01	1.278e-01	1.926e-01	1.261e-02	-2.260e-05	8.215e-02
7.000e+02	1.760e-01	1.423e-01	2.257e-01	2.189e-01	1.166e-01	4.727e-01	2.014e-01	1.555e-01	2.785e-01	1.721e-01	1.278e-01	1.990e-01	1.261e-02	-2.260e-05	1.900e-01
8.000e+02	1.760e-01	1.423e-01	1.929e-01	1.792e-01	1.101e-01	3.642e-01	2.109e-01	1.538e-01	2.797e-01	1.695e-01	1.266e-01	1.990e-01	1.261e-02	-2.260e-05	8.170e-02
9.000e+02	1.763e-01	1.384e-01	2.057e-01	1.901e-01	1.166e-01	4.180e-01	2.109e-01	1.467e-01	2.797e-01	1.866e-01	1.303e-01	2.038e-01	1.261e-02	-2.260e-05	6.286e-02
1.000e+03	1.820e-01	1.527e-01	2.094e-01	1.901e-01	1.166e-01	3.787e-01	1.948e-01	1.603e-01	2.415e-01	1.944e-01	1.391e-01	2.057e-01	2.106e-02	2.564e-04	1.327e-01
1.100e+03	1.739e-01	1.316e-01	1.896e-01	1.741e-01	1.001e-01	3.787e-01	1.895e-01	1.555e-01	2.299e-01	1.854e-01	1.389e-01	2.057e-01	1.261e-02	-2.260e-05	1.327e-01
1.200e+03	1.763e-01	1.316e-01	2.035e-01	1.792e-01	1.107e-01	3.787e-01	1.864e-01	1.538e-01	2.297e-01	1.574e-01	1.334e-01	1.944e-01	2.106e-02	-2.260e-05	1.494e-01
1.300e+03	1.771e-01	1.382e-01	2.094e-01	1.792e-01	1.107e-01	3.787e-01	1.884e-01	1.555e-01	2.398e-01	1.549e-01	1.389e-01	1.944e-01	2.106e-02	-2.260e-05	1.327e-01
1.400e+03	1.779e-01	1.464e-01	2.094e-01	1.901e-01	1.107e-01	4.180e-01	1.804e-01	1.432e-01	2.297e-01	1.695e-01	1.389e-01	1.944e-01	2.849e-02	1.625e-03	2.398e-01
1.500e+03	1.771e-01	1.527e-01	2.035e-01	2.189e-01	1.107e-01	4.180e-01	1.782e-01	1.356e-01	2.087e-01	1.537e-01	1.307e-01	1.990e-01	2.725e-02	1.625e-03	1.782e-01
1.600e+03	1.763e-01	1.382e-01	2.035e-01	1.792e-01	1.107e-01	3.460e-01	1.800e-01	1.304e-01	2.078e-01	1.768e-01	1.333e-01	2.071e-01	2.725e-02	1.625e-03	1.880e-01
1.700e+03	1.770e-01	1.382e-01	2.031e-01	1.792e-01	1.063e-01	3.512e-01	1.884e-01	1.304e-01	2.087e-01	1.582e-01	1.141e-01	1.990e-01	2.849e-02	2.355e-03	1.923e-01
1.800e+03	1.763e-01	1.316e-01	1.925e-01	1.792e-01	1.002e-01	3.460e-01	1.888e-01	1.356e-01	2.201e-01	1.744e-01	1.448e-01	1.990e-01	2.849e-02	2.355e-03	2.398e-01
1.900e+03	1.763e-01	1.316e-01	1.925e-01	2.137e-01	1.002e-01	3.460e-01	1.888e-01	1.445e-01	2.201e-01	1.730e-01	1.281e-01	1.889e-01	1.288e-01	2.355e-03	2.398e-01
2.000e+03	1.763e-01	1.063e-01	1.901e-01	2.137e-01	1.002e-01	3.512e-01	1.804e-01	1.356e-01	2.087e-01	1.709e-01	1.353e-01	1.889e-01	1.295e-01	2.355e-03	2.398e-01
2.100e+03	1.821e-01	1.063e-01	2.153e-01	2.404e-01	1.107e-01	4.859e-01	1.888e-01	1.445e-01	2.087e-01	1.709e-01	1.353e-01	1.948e-01	2.849e-02	1.625e-03	1.880e-01
2.200e+03	1.771e-01	1.316e-01	2.031e-01	2.404e-01	1.107e-01	4.859e-01	1.965e-01	1.474e-01	2.117e-01	1.713e-01	1.353e-01	1.948e-01	2.849e-02	1.625e-03	1.880e-01
2.300e+03	1.771e-01	1.316e-01	1.987e-01	2.137e-01	1.066e-01	4.180e-01	1.900e-01	1.474e-01	2.117e-01	1.763e-01	1.401e-01	1.990e-01	3.056e-02	1.625e-03	1.828e-01
2.400e+03	1.771e-01	1.285e-01	1.987e-01	1.822e-01	1.107e-01	4.180e-01	1.900e-01	1.474e-01	2.117e-01	1.823e-01	1.401e-01	2.113e-01	1.247e-01	1.625e-03	1.880e-01
2.500e+03	1.821e-01	1.285e-01	2.031e-01	2.137e-01	1.131e-01	4.859e-01	1.965e-01	1.541e-01	2.087e-01	1.823e-01	1.401e-01	2.058e-01	9.779e-02	2.355e-03	2.398e-01
2.600e+03	1.825e-01	1.014e-01	2.031e-01	2.137e-01	1.131e-01	4.859e-01	1.994e-01	1.541e-01	2.087e-01	1.948e-01	1.401e-01	2.201e-01	1.043e-01	3.867e-03	1.880e-01
2.700e+03	1.771e-01	1.014e-01	1.987e-01	2.668e-01	1.161e-01	5.235e-01	1.996e-01	1.535e-01	2.117e-01	1.889e-01	1.401e-01	2.151e-01	1.043e-01	3.867e-03	1.880e-01
2.800e+03	1.771e-01	1.014e-01	1.987e-01	2.750e-01	1.161e-01	6.016e-01	1.996e-01	1.535e-01	2.087e-01	1.831e-01	1.359e-01	2.164e-01	1.247e-01	3.867e-03	2.398e-01
2.900e+03	1.771e-01	1.014e-01	2.031e-01	2.668e-01	1.161e-01	5.235e-01	1.900e-01	1.445e-01	2.061e-01	1.763e-01	1.359e-01	2.151e-01	1.292e-01	6.654e-03	2.452e-01
3.000e+03	1.825e-01	9.411e-02	2.067e-01	2.668e-01	1.161e-01	5.721e-01	1.890e-01	1.445e-01	2.061e-01	1.763e-01	1.401e-01	2.151e-01	1.292e-01	6.654e-03	2.452e-01
3.100e+03	1.771e-01	9.411e-02	2.067e-01	2.597e-01	1.131e-01	5.235e-01	1.900e-01	1.445e-01	2.087e-01	1.799e-01	1.401e-01	2.151e-01	1.292e-01	1.344e-02	2.452e-01
3.200e+03	1.771e-01	9.411e-02	2.067e-01	2.137e-01	1.131e-01	4.725e-01	1.952e-01	1.445e-01	2.199e-01	1.763e-01	1.357e-01	2.099e-01	1.292e-01	1.344e-02	2.398e-01
3.300e+03	1.770e-01	9.810e-02	1.987e-01	2.137e-01	1.131e-01	4.725e-01	1.959e-01	1.535e-01	2.283e-01	1.742e-01	1.359e-01	2.099e-01	1.292e-01	1.344e-02	1.885e-01
3.400e+03	1.770e-01	9.810e-02	1.987e-01	2.137e-01	1.131e-01	4.725e-01	1.959e-01	1.535e-01	2.283e-01	1.763e-01	1.360e-01	2.111e-01	1.247e-01	1.344e-02	2.283e-01
3.500e+03	1.770e-01	9.810e-02	1.987e-01	2.137e-01	1.107e-01	4.725e-01	1.959e-01	1.445e-01	2.371e-01	1.763e-01	1.357e-01	2.111e-01	1.247e-01	1.344e-02	2.163e-01
3.600e+03	1.589e-01	9.810e-02	1.947e-01	2.137e-01	1.107e-01	4.725e-01	1.959e-01	1.441e-01	2.371e-01	1.763e-01	1.357e-01	2.151e-01	1.083e-01	7.798e-03	2.098e-01
3.700e+03	1.589e-01	9.411e-02	1.947e-01	2.137e-01	1.047e-01	4.725e-01	1.959e-01	1.441e-01	2.371e-01	1.763e-01	1.357e-01	2.133e-01	1.083e-01	7.798e-03	2.098e-01
3.800e+03	1.589e-01	8.715e-02	1.947e-01	2.137e-01	1.047e-01	4.725e-01	1.994e-01	1.441e-01	2.378e-01	1.763e-01	1.357e-01	2.171e-01	9.883e-02	7.798e-03	2.514e-01
3.900e+03	1.770e-01	9.411e-02	1.987e-01	1.799e-01	1.001e-01	6.283e-01	1.994e-01	1.441e-01	2.378e-01	1.675e-01	1.357e-01	2.052e-01	9.883e-02	2.106e-02	2.019e-01
4.000e+03	1.770e-01	9.411e-02	1.987e-01	1.799e-01	1.001e-01	6.283e-01	1.994e-01	1.441e-01	2.378e-01	1.602e-01	1.357e-01	2.063e-01	9.883e-02	2.106e-02	2.261e-01
4.100e+03	1.770e-01	9.348e-02	1.987e-01	1.799e-01	9.945e-02	6.283e-01	1.994e-01	1.441e-01	2.378e-01	1.675e-01	1.358e-01	2.064e-01	9.883e-02	2.106e-02	2.261e-01
4.200e+03	1.770e-01	9.348e-02	1.987e-01	1.792e-01	9.945e-02	4.725e-01	1.994e-01	1.441e-01	2.378e-01	1.763e-01	1.360e-01	2.318e-01	1.006e-01	2.106e-02	1.885e-01
4.300e+03	1.770e-01	9.348e-02	1.987e-01	1.792e-01	1.001e-01	4.725e-01	2.087e-01	1.395e-01	2.378e-01	1.800e-01	1.360e-01	2.318e-01	1.044e-01	2.148e-02	1.880e-01
4.400e+03	1.770e-01	9.348e-02	1.987e-01	1.766e-01	9.838e-02	4.725e-01	2.087e-01	1.445e-01	2.378e-01	1.800e-01	1.367e-01	2.318e-01	1.053e-01	2.148e-02	1.880e-01
4.500e+03	1.770e-01	9.348e-02	1.987e-01	1.741e-01	9.838e-02	4.725e-01	2.087e-01	1.445e-01	2.378e-01	1.929e-01	1.367e-01	2.318e-01	1.053e-01	2.148e-02	1.880e-01
4.600e+03	1.770e-01	9.348e-02	1.987e-01	1.766e-01	9.838e-02	6.283e-01	2.087e-01	1.445e-01	2.378e-01	1.929e-01	1.446e-01	2.318e-01	1.053e-01	2.148e-02	1.880e-01
4.700e+03	1.770e-01	9.348e-02	1.947e-01	1.766e-01	9.838e-02	6.283e-01	2.087e-01	1.445e-01	2.378e-01	1.828e-01	1.446e-01	2.318e-01	1.006e-01	2.106e-02	1.757e-01
4.800e+03	1.749e-01	8.715e-02	1.933e-01	1.851e-01	9.945e-02	6.504e-01	2.087e-01	1.445e-01	2.394e-01	1.763e-01	1.446e-01	2.318e-01	9.044e-02	2.106e-02	1.880e-01
4.900e+03	1.749e-01	8.715e-02	1.933e-01	3.107e-01	9.945e-02	6.504e-01	2.042e-01	1.445e-01	2.378e-01	1.828e-01	1.446e-01	2.318e-01	9.044e-02	2.106e-02	1.880e-01
5.000e+03	1.749e-01	8.715e-02	1.933e-01	2.029e-01	9.838e-02	5.423e-01	2.042e-01	1.445e-01	2.236e-01	2.064e-01	1.487e-01	2.391e-01	9.044e-02	2.106e-02	1.880e-01
5.100e+03	1.749e-01	8.715e-02	1.933e-01	1.741e-01	9.703e-02	5.423e-01	2.042e-01	1.445e-01	2.199e-01	2.068e-01	1.503e-01	2.404e-01	9.044e-02	2.106e-02	1.880e-01
5.200e+03	1.749e-01	8.715e-02	1.933e-01	1.741e-01	9.703e-02	6.283e-01	1.994e-01	1.332e-01	2.199e-01	1.927e-01	1.503e-01	2.424e-01	9.044e-02	2.605e-02	1.880e-01
5.300e+03	1.749e-01	8.715e-02	1.933e-01	1.726e-01	9.451e-02	5.423e-01	1.994e-01	1.332e-01	2.199e-01	1.915e-01	1.609e-01	2.366e-01	9.044e-02	2.605e-02	1.880e-01
5.400e+03	1.749e-01	8.715e-02	1.933e-01	1.726e-01	9.451e-02	5.423e-01	1.994e-01	1.332e-01	2.199e-01	1.915e-01	1.609e-01	2.366e-01	9.044e-02	2.393e-02	1.880e-01
5.500e+03	1.749e-01	8.715e-02	1.933e-01	1.726e-01	9.451e-02	5.423e-01	1.899e-01	1.304e-01	2.343e-01	1.915e-01	1.609e-01	2.320e-01	9.338e-02	2.393e-02	1.880e-01
5.600e+03	1.749e-01	8.715e-02	1.933e-01	1.726e-01	9.451e-02	5.423e-01	1.899e-01	1.332e-01	2.343e-01	1.915e-01	1.609e-01	2.320e-01	9.044e-02	2.393e-02	1.880e-01
5.700e+03	1.749e-01	8.715e-02	1.933e-01	1.726e-01	9.451e-02	5.423e-01	1.899e-01	1.332e-01	2.343e-01	1.915e-01	1.593e-01	2.320e-01	9.044e-02	2.393e-02	1.880e-01
5.800e+03	1.749e-01	8.715e-02	1.933e-01	1.726e-01	9.451e-02	5.423e-01	1.899e-01	1.332e-01	2.199e-01	1.921e-01	1.609e-01	2.320e-01	9.338e-02	2.605e-02	2.004e-01
5.900e+03	1.749e-01	8.715e-02	1.933e-01	1.726e-01	9.451e-02	5.423e-01	1.899e-01	1.332e-01	2.199e-01	1.921e-01	1.609e-01	2.318e-01	9.770e-02	2.393e-02	2.086e-01
6.000e+03	1.749e-01	8.715e-02	1.933e-01	1.726e-01	9.451e-02	4.993e-01	1.890e-01	1.332e-01	2.199e-01	1.957e-01	1.677e-01	2.320e-01	9.770e-02	2.393e-02	2.086e-01
6.100e+03	1.749e-01	8.715e-02	1.933e-01	1.726e-01	9.451e-02	4.993e-01	1.888e-01	1.304e-01	2.343e-01	1.921e-01	1.677e-01	2.318e-01	9.770e-02	2.393e-02	2.086e-01
6.200e+03	1.749e-01	8.715e-02	1.933e-01	1.726e-01	9.451e-02	4.993e-01	1.888e-01	1.304e-01	2.343e-01	2.020e-01	1.677e-01	2.320e-01	9.770e-02	2.393e-02	2.086e-01
6.300e+03	1.589e-01	8.715e-02	1.901e-01	1.713e-01	8.844e-02	4.725e-01	1.888e-01	1.304e-01	2.343e-01	2.020e-01	1.677e-01	2.318e-01	9.770e-02	2.393e-02	2.086e-01
6.400e+03	1.589e-01	8.715e-02	1.901e-01	1.713e-01	9.451e-02	4.725e-01	1.888e-01	1.304e-01	2.343e-01	2.020e-01	1.598e-01	2.318e-01	9.770e-02	2.393e-02	1.880e-01
6.500e+03	1.589e-01	8.715e-02	1.901e-01	1.726e-01	9.703e-02	4.725e-01	1.888e-01	1.304e-01	2.360e-01	2.020e-01	1.598e-01	2.320e-01	9.770e-02	2.393e-02	1.846e-01
6.600e+03	1.580e-01	8.715e-02	1.901e-01	1.726e-01	9.703e-02	4.725e-01	1.888e-01	1.304e-01	2.360e-01	1.919e-01	1.598e-01	2.318e-01	9.770e-02	2.393e-02	1.846e-01
6.700e+03	1.580e-01	8.715e-02	1.901e-01	1.726e-01	9.703e-02	4.725e-01	1.890e-01	1.304e-01	2.360e-01	1.878e-01	1.593e-01	2.256e-01	9.770e-02	2.393e-02	1.846e-01
6.800e+03	1.465e-01	8.596e-02	1.901e-01	1.726e-01	9.703e-02	4.725e-01	1.890e-01	1.304e-01	2.360e-01	1.915e-01	1.593e-01	2.256e-01	9.338e-02	2.393e-02	1.757e-01
6.900e+03	1.465e-01	8.596e-02	1.901e-01	1.431e-01	9.838e-02	4.725e-01	1.888e-01	1.304e-01	2.360e-01	1.915e-01	1.593e-01	2.256e-01	9.044e-02	2.393e-02	1.757e-01
7.000e+03	1.465e-01	8.596e-02	1.901e-01	1.431e-01	9.838e-02	4.993e-01	1.888e-01	1.304e-01	2.360e-01	1.855e-01	1.507e-01	2.092e-01	9.338e-02	2.393e-02	1.757e-01
7.100e+03	1.465e-01	8.596e-02	1.901e-01	1.431e-01	9.945e-02	4.993e-01	1.888e-01	1.304e-01	2.360e-01	1.843e-01	1.507e-01	2.020e-01	9.044e-02	2.393e-02	1.166e-01
7.200e+03	1.465e-01	8.596e-02	1.901e-01	1.726e-01	9.945e-02	4.993e-01	1.884e-01	1.304e-01	2.360e-01	1.828e-01	1.507e-01	2.020e-01	9.044e-02	2.605e-02	1.166e-01
7.300e+03	1.465e-01	8.596e-02	1.901e-01	1.726e-01	9.945e-02	4.993e-01	1.849e-01	1.304e-01	2.458e-01	1.730e-01	1.507e-01	2.020e-01	9.044e-02	2.393e-02	1.757e-01
7.400e+03	1.465e-01	8.596e-02	1.901e-01	1.726e-01	9.945e-02	4.993e-01	1.884e-01	1.332e-01	2.458e-01	1.828e-01	1.507e-01	2.020e-01	8.299e-02	2.393e-02	1.757e-01
7.500e+03	1.465e-01	8.484e-02	1.901e-01	1.391e-01	9.838e-02	4.993e-01	1.884e-01	1.332e-01	2.458e-01	1.828e-01	1.507e-01	2.016e-01	8.299e-02	2.393e-02	1.757e-01
7.600e+03	1.465e-01	8.484e-02	1.901e-01	1.391e-01	9.838e-02	4.993e-01	1.890e-01	1.332e-01	2.458e-01	1.828e-01	1.507e-01	2.016e-01	8.299e-02	2.393e-02	1.757e-01
7.700e+03	1.465e-01	8.484e-02	1.901e-01	1.391e-01	9.838e-02	4.993e-01	1.890e-01	1.332e-01	2.458e-01	1.849e-01	1.507e-01	2.047e-01	8.299e-02	2.393e-02	1.757e-01
7.800e+03	1.465e-01	8.484e-02	1.901e-01	1.391e-01	9.838e-02	5.423e-01	1.890e-01	1.332e-01	2.458e-01	1.849e-01	1.507e-01	2.047e-01	8.299e-02	2.393e-02	1.757e-01
7.900e+03	1.465e-01	8.484e-02	1.901e-01	1.391e-01	9.838e-02	5.423e-01	1.890e-01	1.332e-01	2.458e-01	1.849e-01	1.479e-01	2.047e-01	7.712e-02	2.393e-02	1.166e-01
8.000e+03	1.465e-01	8.484e-02	1.901e-01	1.391e-01	9.838e-02	5.423e-01	1.890e-01	1.332e-01	2.458e-01	1.855e-01	1.479e-01	2.159e-01	7.712e-02	2.393e-02	1.100e-01
8.100e+03	1.465e-01	8.484e-02	1.901e-01	1.391e-01	9.838e-02	5.423e-01	1.890e-01	1.332e-01	2.458e-01	1.915e-01	1.479e-01	2.256e-01	7.712e-02	2.393e-02	1.100e-01
8.200e+03	1.465e-01	8.484e-02	1.901e-01	1.391e-01	9.838e-02	5.423e-01	1.895e-01	1.386e-01	2.524e-01	1.849e-01	1.383e-01	2.256e-01	7.712e-02	2.393e-02	1.166e-01
8.300e+03	1.465e-01	8.484e-02	1.901e-01	1.418e-01	9.945e-02	5.423e-01	1.895e-01	1.386e-01	2.524e-01	1.849e-01	1.467e-01	2.365e-01	7.036e-02	2.393e-02	1.166e-01
8.400e+03	1.465e-01	8.484e-02	1.901e-01	1.418e-01	9.945e-02	5.423e-01	1.895e-01	1.386e-01	2.524e-01	1.828e-01	1.467e-01	2.256e-01	7.036e-02	2.393e-02	1.161e-01
8.500e+03	1.382e-01	8.207e-02	1.901e-01	1.418e-01	9.838e-02	5.423e-01	1.895e-01	1.332e-01	2.531e-01	1.813e-01	1.467e-01	2.047e-01	6.513e-02	2.393e-02	9.798e-02
8.600e+03	1.382e-01	8.207e-02	1.901e-01	1.418e-01	9.838e-02	5.423e-01	1.890e-01	1.332e-01	2.531e-01	1.787e-01	1.467e-01	2.047e-01	6.513e-02	2.393e-02	9.798e-02
8.700e+03	1.382e-01	8.207e-02	1.901e-01	1.418e-01	9.838e-02	5.423e-01	1.890e-01	1.332e-01	2.531e-01	1.849e-01	1.479e-01	2.256e-01	6.513e-02	2.393e-02	9.798e-02
8.800e+03	1.382e-01	8.207e-02	1.901e-01	1.418e-01	9.838e-02	4.993e-01	1.890e-01	1.332e-01	2.531e-01	1.816e-01	1.388e-01	2.256e-01	6.513e-02	2.393e-02	9.798e-02
8.900e+03	1.382e-01	8.207e-02	1.901e-01	1.418e-01	9.838e-02	4.993e-01	1.895e-01	1.332e-01	2.531e-01	1.816e-01	1.388e-01	2.256e-01	5.728e-02	2.246e-02	9.338e-02
9.000e+03	1.382e-01	8.207e-02	1.901e-01	1.418e-01	9.838e-02	4.993e-01	1.895e-01	1.332e-01	2.531e-01	1.816e-01	1.388e-01	2.256e-01	5.728e-02	2.246e-02	9.338e-02
9.100e+03	1.382e-01	8.207e-02	1.901e-01	1.485e-01	9.945e-02	4.993e-01	1.895e-01	1.332e-01	2.531e-01	1.849e-01	1.479e-01	2.047e-01	6.369e-02	2.393e-02	9.798e-02
9.200e+03	1.382e-01	8.207e-02	1.901e-01	1.485e-01	9.945e-02	4.993e-01	1.895e-01	1.332e-01	2.531e-01	1.849e-01	1.479e-01	2.047e-01	7.036e-02	2.607e-02	1.100e-01
9.300e+03	1.382e-01	8.207e-02	1.901e-01	1.485e-01	9.945e-02	4.726e-01	1.895e-01	1.332e-01	2.531e-01	1.849e-01	1.479e-01	2.047e-01	7.036e-02	2.393e-02	1.249e-01
9.400e+03	1.382e-01	8.207e-02	1.901e-01	1.418e-01	9.838e-02	3.356e-01	1.895e-01	1.332e-01	2.531e-01	1.849e-01	1.479e-01	2.047e-01	7.036e-02	2.393e-02	9.798e-02
9.500e+03	1.382e-01	8.207e-02	1.901e-01	1.391e-01	9.451e-02	3.349e-01	1.895e-01	1.332e-01	2.531e-01	1.849e-01	1.479e-01	2.047e-01	6.369e-02	2.393e-02	9.338e-02
9.600e+03	1.382e-01	8.207e-02	1.901e-01	1.391e-01	9.451e-02	3.349e-01	1.895e-01	1.332e-01	2.531e-01	1.915e-01	1.538e-01	2.329e-01	6.369e-02	2.393e-02	9.338e-02
9.700e+03	1.382e-01	8.207e-02	1.901e-01	1.343e-01	8.844e-02	3.349e-01	1.895e-01	1.332e-01	2.531e-01	1.915e-01	1.538e-01	2.329e-01	6.369e-02	2.393e-02	9.338e-02
9.800e+03	1.382e-01	8.207e-02	1.901e-01	1.343e-01	8.844e-02	3.349e-01	1.895e-01	1.332e-01	2.531e-01	1.915e-01	1.538e-01	2.329e-01	6.369e-02	2.393e-02	9.638e-02
9.900e+03	1.382e-01	8.207e-02	1.901e-01	1.343e-01	8.844e-02	3.349e-01	1.895e-01	1.332e-01	2.531e-01	1.935e-01	1.538e-01	2.347e-01	6.369e-02	2.393e-02	9.638e-02
1.000e+04	1.382e-01	8.207e-02	1.896e-01	1.287e-01	8.567e-02	2.669e-01	1.895e-01	1.332e-01	2.531e-01	1.935e-01	1.538e-01	2.347e-01	6.369e-02	2.393e-02	9.638e-02
1.010e+04	1.382e-01	8.207e-02	1.896e-01	1.287e-01	8.567e-02	2.669e-01	1.895e-01	1.332e-01	2.531e-01	1.915e-01	1.448e-01	2.347e-01	6.369e-02	2.393e-02	9.638e-02
1.020e+04	1.382e-01	8.207e-02	1.901e-01	1.287e-01	8.567e-02	2.669e-01	1.895e-01	1.332e-01	2.531e-01	1.915e-01	1.448e-01	2.347e-01	6.369e-02	2.393e-02	9.638e-02
1.030e+04	1.382e-01	8.207e-02	1.896e-01	1.287e-01	8.567e-02	2.502e-01	1.895e-01	1.332e-01	2.531e-01	1.915e-01	1.448e-01	2.347e-01	6.369e-02	2.393e-02	9.638e-02
1.040e+04	1.382e-01	8.207e-02	1.896e-01	1.287e-01	8.567e-02	2.502e-01	1.895e-01	1.332e-01	2.531e-01	1.915e-01	1.476e-01	2.329e-01	7.036e-02	2.393e-02	9.638e-02
1.050e+04	1.382e-01	8.207e-02	1.896e-01	1.287e-01	8.567e-02	2.502e-01	1.895e-01	1.332e-01	2.531e-01	1.901e-01	1.476e-01	2.329e-01	6.369e-02	2.246e-02	9.638e-02
1.060e+04	1.382e-01	8.207e-02	1.896e-01	1.287e-01	8.567e-02	2.502e-01	1.895e-01	1.332e-01	2.531e-01	1.852e-01	1.476e-01	2.329e-01	6.369e-02	2.246e-02	9.638e-02
1.070e+04	1.382e-01	8.207e-02	1.896e-01	1.287e-01	8.567e-02	2.502e-01	1.895e-01	1.332e-01	2.531e-01	1.915e-01	1.538e-01	2.347e-01	6.369e-02	2.246e-02	9.638e-02
1.080e+04	1.382e-01	8.207e-02	1.896e-01	1.287e-01	8.470e-02	2.502e-01	1.895e-01	1.332e-01	2.531e-01	1.852e-01	1.476e-01	2.298e-01	5.730e-02	2.246e-02	9.638e-02
1.090e+04	1.382e-01	8.207e-02	1.896e-01	1.287e-01	8.470e-02	2.502e-01	1.895e-01	1.320e-01	2.524e-01	1.852e-01	1.476e-01	2.298e-01	5.730e-02	2.246e-02	9.638e-02
1.100e+04	1.382e-01	8.207e-02	1.896e-01	1.287e-01	8.470e-02	2.502e-01	1.895e-01	1.320e-01	2.524e-01	1.852e-01	1.476e-01	2.298e-01	5.730e-02	2.246e-02	9.638e-02
1.110e+04	1.382e-01	8.207e-02	1.865e-01	1.287e-01	8.567e-02	2.502e-01	1.895e-01	1.320e-01	2.524e-01	1.852e-01	1.512e-01	2.298e-01	6.369e-02	2.246e-02	9.647e-02
1.120e+04	1.382e-01	8.207e-02	1.865e-01	1.239e-01	8.470e-02	1.741e-01	1.895e-01	1.320e-01	2.524e-01	1.852e-01	1.512e-01	2.298e-01	6.369e-02	2.246e-02	1.094e-01
1.130e+04	1.382e-01	8.207e-02	1.865e-01	1.239e-01	8.567e-02	1.741e-01	1.895e-01	1.320e-01	2.524e-01	1.915e-01	1.538e-01	2.329e-01	6.369e-02	2.246e-02	9.647e-02
1.140e+04	1.382e-01	8.207e-02	1.865e-01	1.239e-01	8.567e-02	1.741e-01	1.890e-01	1.332e-01	2.355e-01	1.915e-01	1.538e-01	2.329e-01	6.369e-02	2.246e-02	9.647e-02
1.150e+04	1.382e-01	8.207e-02	1.865e-01	1.239e-01	8.567e-02	1.741e-01	1.890e-01	1.332e-01	2.355e-01	1.915e-01	1.538e-01	2.298e-01	6.369e-02	2.246e-02	9.647e-02
1.160e+04	1.382e-01	8.207e-02	1.865e-01	1.239e-01	8.567e-02	1.741e-01	1.890e-01	1.332e-01	2.355e-01	1.915e-01	1.538e-01	2.298e-01	6.369e-02	2.246e-02	9.647e-02
1.170e+04	1.382e-01	8.207e-02	1.865e-01	1.239e-01	8.567e-02	1.741e-01	1.890e-01	1.332e-01	2.355e-01	1.915e-01	1.538e-01	2.298e-01	6.369e-02	2.246e-02	9.647e-02
1.180e+04	1.382e-01	8.207e-02	1.865e-01	1.239e-01	8.567e-02	1.741e-01	1.895e-01	1.332e-01	2.524e-01	1.852e-01	1.538e-01	2.246e-01	6.369e-02	2.246e-02	9.647e-02
1.190e+04	1.382e-01	8.207e-02	1.865e-01	1.239e-01	8.567e-02	1.741e-01	1.895e-01	1.332e-01	2.524e-01	1.852e-01	1.512e-01	2.246e-01	6.369e-02	2.246e-02	9.338e-02
1.200e+04	1.382e-01	8.207e-02	1.865e-01	1.239e-01	8.567e-02	1.741e-01	1.895e-01	1.332e-01	2.446e-01	1.852e-01	1.450e-01	2.246e-01	6.369e-02	2.246e-02	9.338e-02
1.210e+04	1.382e-01	8.207e-02	1.865e-01	1.239e-01	8.567e-02	1.741e-01	1.895e-01	1.332e-01	2.446e-01	1.852e-01	1.450e-01	2.246e-01	6.369e-02	2.393e-02	9.338e-02
1.220e+04	9.810e-02	8.207e-02	1.825e-01	1.107e-01	8.567e-02	1.741e-01	1.895e-01	1.332e-01	2.446e-01	1.852e-01	1.450e-01	2.246e-01	6.369e-02	2.393e-02	9.338e-02
1.230e+04	9.810e-02	8.207e-02	1.825e-01	1.107e-01	8.567e-02	1.741e-01	1.895e-01	1.527e-01	2.379e-01	1.826e-01	1.459e-01	2.145e-01	6.139e-02	2.393e-02	9.338e-02
1.240e+04	9.810e-02	8.207e-02	1.825e-01	1.107e-01	8.567e-02	1.741e-01	1.899e-01	1.527e-01	2.379e-01	1.852e-01	1.450e-01	2.145e-01	5.730e-02	2.246e-02	9.338e-02
1.250e+04	9.810e-02	8.207e-02	1.825e-01	1.107e-01	8.567e-02	1.741e-01	1.899e-01	1.527e-01	2.379e-01	1.852e-01	1.450e-01	2.145e-01	5.730e-02	2.246e-02	9.338e-02
1.260e+04	9.810e-02	8.207e-02	1.825e-01	1.179e-01	8.567e-02	1.741e-01	1.899e-01	1.527e-01	2.379e-01	1.852e-01	1.450e-01	2.145e-01	5.730e-02	1.398e-02	9.146e-02
1.270e+04	9.810e-02	8.207e-02	1.825e-01	1.239e-01	8.567e-02	2.502e-01	1.899e-01	1.527e-01	2.355e-01	1.852e-01	1.409e-01	2.145e-01	5.730e-02	1.398e-02	9.146e-02
1.280e+04	9.810e-02	8.207e-02	1.825e-01	1.239e-01	8.567e-02	2.502e-01	1.899e-01	1.332e-01	2.355e-01	1.852e-01	1.409e-01	2.145e-01	6.139e-02	1.398e-02	9.338e-02
1.290e+04	9.810e-02	8.207e-02	1.825e-01	1.287e-01	8.567e-02	2.669e-01	1.899e-01	1.332e-01	2.355e-01	1.766e-01	1.364e-01	2.145e-01	6.139e-02	1.398e-02	9.338e-02
1.300e+04	9.810e-02	8.207e-02	1.825e-01	1.239e-01	8.567e-02	2.502e-01	1.899e-01	1.332e-01	2.355e-01	1.766e-01	1.364e-01	2.145e-01	6.369e-02	1.398e-02	9.338e-02
1.310e+04	9.810e-02	8.207e-02	1.825e-01	1.239e-01	8.567e-02	2.502e-01	1.899e-01	1.332e-01	2.355e-01	1.852e-01	1.364e-01	2.145e-01	6.811e-02	1.398e-02	1.070e-01
1.320e+04	9.810e-02	8.207e-02	1.825e-01	1.239e-01	8.567e-02	2.502e-01	1.899e-01	1.332e-01	2.355e-01	1.852e-01	1.364e-01	2.145e-01	6.731e-02	1.398e-02	9.338e-02
1.330e+04	9.810e-02	8.207e-02	1.825e-01	1.132e-01	8.567e-02	1.741e-01	1.899e-01	1.332e-01	2.355e-01	1.863e-01	1.377e-01	2.174e-01	6.811e-02	1.398e-02	1.070e-01
1.340e+04	9.810e-02	8.207e-02	1.825e-01	1.102e-01	8.470e-02	1.710e-01	1.899e-01	1.332e-01	2.355e-01	1.863e-01	1.377e-01	2.174e-01	6.811e-02	1.505e-02	1.070e-01
1.350e+04	9.810e-02	8.207e-02	1.825e-01	1.102e-01	8.470e-02	1.710e-01	1.899e-01	1.332e-01	2.355e-01	1.863e-01	1.377e-01	2.174e-01	7.036e-02	1.505e-02	1.484e-01
1.360e+04	9.810e-02	8.207e-02	1.825e-01	1.102e-01	8.470e-02	1.710e-01	1.899e-01	1.332e-01	2.355e-01	1.863e-01	1.377e-01	2.174e-01	7.463e-02	1.505e-02	1.484e-01
1.370e+04	9.810e-02	8.207e-02	1.825e-01	1.102e-01	8.470e-02	1.710e-01	1.899e-01	1.332e-01	2.355e-01	1.863e-01	1.409e-01	2.174e-01	7.036e-02	1.505e-02	1.070e-01
1.380e+04	9.810e-02	8.207e-02	1.825e-01	1.201e-01	8.470e-02	1.741e-01	2.034e-01	1.332e-01	2.355e-01	1.863e-01	1.409e-01	2.174e-01	7.463e-02	1.505e-02	1.484e-01
1.390e+04	9.810e-02	8.207e-02	1.825e-01	1.239e-01	8.567e-02	2.657e-01	2.034e-01	1.320e-01	2.355e-01	1.863e-01	1.409e-01	2.174e-01	7.036e-02	1.505e-02	1.484e-01
1.400e+04	9.810e-02	8.207e-02	1.825e-01	1.239e-01	8.567e-02	2.657e-01	2.049e-01	1.320e-01	2.355e-01	1.863e-01	1.409e-01	2.174e-01	7.036e-02	4.854e-02	1.484e-01
1.410e+04	9.810e-02	8.207e-02	1.825e-01	1.239e-01	8.567e-02	2.657e-01	2.049e-01	1.320e-01	2.355e-01	1.863e-01	1.409e-01	2.174e-01	7.036e-02	4.854e-02	1.484e-01
1.420e+04	9.810e-02	8.207e-02	1.825e-01	1.239e-01	8.567e-02	2.657e-01	2.049e-01	1.320e-01	2.355e-01	1.863e-01	1.409e-01	2.174e-01	7.463e-02	5.043e-02	1.607e-01
1.430e+04	9.810e-02	8.207e-02	1.825e-01	1.287e-01	8.470e-02	2.657e-01	2.049e-01	1.320e-01	2.355e-01	1.863e-01	1.409e-01	2.174e-01	8.771e-02	5.730e-02	1.484e-01
1.440e+04	9.810e-02	8.207e-02	1.825e-01	1.287e-01	8.470e-02	2.657e-01	2.049e-01	1.320e-01	2.379e-01	1.863e-01	1.409e-01	2.174e-01	8.771e-02	5.730e-02	1.484e-01
1.450e+04	9.810e-02	8.207e-02	1.825e-01	1.287e-01	8.470e-02	2.657e-01	2.057e-01	1.390e-01	2.379e-01	1.863e-01	1.409e-01	2.174e-01	9.146e-02	5.043e-02	1.712e-01
1.460e+04	9.810e-02	8.207e-02	1.825e-01	1.287e-01	8.470e-02	2.657e-01	2.057e-01	1.390e-01	2.379e-01	1.863e-01	1.409e-01	2.174e-01	8.771e-02	5.043e-02	1.712e-01
1.470e+04	9.810e-02	8.207e-02	1.825e-01	1.287e-01	8.470e-02	2.657e-01	2.057e-01	1.390e-01	2.355e-01	1.863e-01	1.409e-01	2.246e-01	8.771e-02	5.043e-02	1.712e-01
1.480e+04	9.810e-02	8.207e-02	1.825e-01	1.287e-01	8.470e-02	2.657e-01	2.057e-01	1.390e-01	2.355e-01	1.863e-01	1.409e-01	2.246e-01	8.771e-02	4.232e-02	1.712e-01
1.490e+04	9.810e-02	8.207e-02	1.825e-01	1.287e-01	8.470e-02	2.657e-01	2.057e-01	1.390e-01	2.355e-01	1.863e-01	1.409e-01	2.246e-01	8.771e-02	4.232e-02	1.712e-01
1.500e+04	9.810e-02	8.207e-02	1.825e-01	1.287e-01	8.567e-02	2.657e-01	2.057e-01	1.390e-01	2.355e-01	1.863e-01	1.409e-01	2.246e-01	8.771e-02	4.232e-02	1.712e-01
1.510e+04	9.810e-02	8.207e-02	1.825e-01	1.287e-01	8.567e-02	2.657e-01	2.057e-01	1.390e-01	2.355e-01	1.863e-01	1.409e-01	2.246e-01	8.771e-02	4.232e-02	1.484e-01
1.520e+04	9.810e-02	8.207e-02	1.825e-01	1.287e-01	8.567e-02	2.657e-01	2.057e-01	1.390e-01	2.355e-01	1.863e-01	1.409e-01	2.246e-01	8.771e-02	4.232e-02	1.390e-01
1.530e+04	9.810e-02	8.207e-02	1.825e-01	1.287e-01	8.567e-02	2.657e-01	2.057e-01	1.390e-01	2.340e-01	1.863e-01	1.409e-01	2.246e-01	8.771e-02	4.232e-02	1.390e-01
1.540e+04	9.810e-02	8.207e-02	1.825e-01	1.287e-01	8.567e-02	2.657e-01	2.057e-01	1.390e-01	2.340e-01	1.863e-01	1.480e-01	2.246e-01	8.771e-02	4.232e-02	1.484e-01
1.550e+04	9.810e-02	8.207e-02	1.825e-01	1.287e-01	8.567e-02	2.657e-01	2.057e-01	1.390e-01	2.340e-01	1.927e-01	1.480e-01	2.246e-01	8.771e-02	4.232e-02	1.712e-01
1.560e+04	9.810e-02	8.207e-02	1.825e-01	1.343e-01	9.451e-02	2.657e-01	2.057e-01	1.390e-01	2.340e-01	1.927e-01	1.480e-01	2.246e-01	8.771e-02	4.232e-02	1.712e-01
1.570e+04	9.810e-02	8.207e-02	1.825e-01	1.343e-01	9.451e-02	2.657e-01	2.057e-01	1.390e-01	2.340e-01	1.927e-01	1.480e-01	2.246e-01	7.956e-02	4.232e-02	1.689e-01
1.580e+04	9.810e-02	8.207e-02	1.825e-01	1.343e-01	9.451e-02	2.657e-01	2.057e-01	1.527e-01	2.340e-01	1.927e-01	1.480e-01	2.246e-01	8.771e-02	5.043e-02	1.689e-01
1.590e+04	9.810e-02	8.207e-02	1.825e-01	1.343e-01	9.451e-02	2.657e-01	2.049e-01	1.390e-01	2.340e-01	1.927e-01	1.480e-01	2.246e-01	8.771e-02	5.043e-02	1.689e-01
1.600e+04	9.719e-02	8.207e-02	1.825e-01	1.201e-01	8.567e-02	2.657e-01	2.049e-01	1.390e-01	2.340e-01	1.927e-01	1.480e-01	2.246e-01	8.771e-02	5.043e-02	1.689e-01
1.610e+04	9.411e-02	8.122e-02	1.825e-01	1.201e-01	8.567e-02	2.657e-01	1.899e-01	1.390e-01	2.340e-01	1.927e-01	1.480e-01	2.145e-01	8.771e-02	5.043e-02	1.689e-01
1.620e+04	9.411e-02	8.122e-02	1.825e-01	1.343e-01	9.451e-02	2.657e-01	1.899e-01	1.390e-01	2.340e-01	1.927e-01	1.480e-01	2.145e-01	7.956e-02	4.232e-02	1.484e-01
1.630e+04	9.411e-02	8.122e-02	1.825e-01	1.343e-01	9.451e-02	2.657e-01	1.899e-01	1.390e-01	2.340e-01	1.927e-01	1.480e-01	2.145e-01	7.956e-02	4.232e-02	1.484e-01
1.640e+04	9.411e-02	8.122e-02	1.825e-01	1.343e-01	9.451e-02	2.657e-01	1.899e-01	1.405e-01	2.340e-01	1.927e-01	1.480e-01	2.145e-01	7.956e-02	4.232e-02	1.484e-01
1.650e+04	9.411e-02	8.122e-02	1.825e-01	1.343e-01	8.567e-02	2.657e-01	1.899e-01	1.405e-01	2.340e-01	1.927e-01	1.480e-01	2.145e-01	7.036e-02	4.232e-02	1.484e-01
1.660e+04	9.411e-02	8.122e-02	1.825e-01	1.391e-01	9.451e-02	2.684e-01	1.899e-01	1.405e-01	2.340e-01	1.927e-01	1.480e-01	2.145e-01	7.036e-02	4.232e-02	1.484e-01
1.670e+04	9.411e-02	8.122e-02	1.825e-01	1.391e-01	8.095e-02	2.684e-01	1.899e-01	1.405e-01	2.340e-01	1.927e-01	1.545e-01	2.145e-01	7.036e-02	4.232e-02	1.484e-01
1.680e+04	9.411e-02	8.122e-02	1.825e-01	1.391e-01	8.095e-02	2.684e-01	1.899e-01	1.405e-01	2.340e-01	1.927e-01	1.572e-01	2.246e-01	7.036e-02	4.232e-02	1.484e-01
1.690e+04	9.411e-02	8.122e-02	1.825e-01	1.391e-01	8.089e-02	2.684e-01	1.899e-01	1.405e-01	2.340e-01	1.927e-01	1.572e-01	2.246e-01	7.036e-02	4.232e-02	1.484e-01
1.700e+04	9.411e-02	8.122e-02	1.825e-01	1.391e-01	8.089e-02	2.684e-01	1.899e-01	1.405e-01	2.340e-01	1.927e-01	1.572e-01	2.246e-01	7.036e-02	4.232e-02	1.484e-01
1.710e+04	9.411e-02	8.122e-02	1.825e-01	1.391e-01	8.089e-02	2.684e-01	1.899e-01	1.405e-01	2.340e-01	1.927e-01	1.572e-01	2.246e-01	7.036e-02	4.232e-02	1.484e-01
1.720e+04	9.411e-02	8.122e-02	1.825e-01	1.343e-01	7.586e-02	2.657e-01	1.899e-01	1.405e-01	2.340e-01	1.927e-01	1.572e-01	2.246e-01	7.036e-02	4.232e-02	1.484e-01
1.730e+04	9.411e-02	8.122e-02	1.825e-01	1.343e-01	7.586e-02	2.657e-01	1.868e-01	1.405e-01	2.340e-01	1.927e-01	1.572e-01	2.246e-01	7.036e-02	4.232e-02	1.484e-01
1.740e+04	9.411e-02	8.122e-02	1.825e-01	1.201e-01	7.586e-02	1.741e-01	1.868e-01	1.405e-01	2.340e-01	1.927e-01	1.572e-01	2.246e-01	7.918e-02	4.232e-02	1.484e-01
1.750e+04	9.411e-02	8.122e-02	1.825e-01	1.201e-01	7.586e-02	1.741e-01	1.868e-01	1.405e-01	2.340e-01	1.927e-01	1.572e-01	2.246e-01	7.918e-02	4.232e-02	1.484e-01
1.760e+04	9.411e-02	8.122e-02	1.825e-01	1.201e-01	7.586e-02	1.741e-01	1.868e-01	1.405e-01	2.340e-01	1.927e-01	1.572e-01	2.246e-01	7.918e-02	4.232e-02	1.484e-01
1.770e+04	9.411e-02	8.122e-02	1.825e-01	1.201e-01	7.586e-02	1.741e-01	1.868e-01	1.405e-01	2.340e-01	1.920e-01	1.572e-01	2.246e-01	7.918e-02	4.766e-02	1.484e-01
1.780e+04	9.411e-02	8.122e-02	1.825e-01	1.201e-01	7.586e-02	1.741e-01	1.868e-01	1.405e-01	2.340e-01	1.920e-01	1.572e-01	2.246e-01	7.918e-02	4.766e-02	1.484e-01
1.790e+04	9.411e-02	8.122e-02	1.825e-01	1.201e-01	7.586e-02	1.741e-01	1.868e-01	1.405e-01	2.340e-01	1.920e-01	1.572e-01	2.246e-01	7.918e-02	4.766e-02	1.484e-01
1.800e+04	9.411e-02	8.122e-02	1.825e-01	1.201e-01	7.586e-02	1.741e-01	1.868e-01	1.405e-01	2.340e-01	1.920e-01	1.572e-01	2.246e-01	7.036e-02	4.285e-02	1.484e-01
1.810e+04	9.411e-02	8.122e-02	1.825e-01	1.201e-01	7.586e-02	1.741e-01	1.868e-01	1.405e-01	2.340e-01	1.920e-01	1.572e-01	2.246e-01	7.036e-02	4.285e-02	1.484e-01
1.820e+04	9.411e-02	8.122e-02	1.865e-01	1.201e-01	7.586e-02	1.741e-01	1.868e-01	1.320e-01	2.340e-01	1.920e-01	1.572e-01	2.246e-01	7.036e-02	4.285e-02	1.484e-01
1.830e+04	9.411e-02	8.122e-02	1.865e-01	1.083e-01	6.664e-02	1.741e-01	1.868e-01	1.405e-01	2.340e-01	1.920e-01	1.572e-01	2.246e-01	7.036e-02	4.285e-02	1.484e-01
1.840e+04	9.719e-02	8.207e-02	1.896e-01	1.083e-01	6.664e-02	1.741e-01	1.868e-01	1.405e-01	2.340e-01	1.920e-01	1.572e-01	2.246e-01	7.036e-02	4.285e-02	1.484e-01
1.850e+04	9.719e-02	8.207e-02	1.896e-01	1.083e-01	6.664e-02	1.741e-01	1.868e-01	1.405e-01	2.340e-01	1.920e-01	1.572e-01	2.246e-01	7.036e-02	4.285e-02	1.484e-01
1.860e+04	9.719e-02	8.207e-02	1.896e-01	1.083e-01	6.664e-02	1.741e-01	1.868e-01	1.405e-01	2.340e-01	1.920e-01	1.572e-01	2.246e-01	7.036e-02	4.285e-02	1.484e-01
1.870e+04	9.719e-02	8.207e-02	1.896e-01	1.083e-01	6.664e-02	1.741e-01	1.868e-01	1.405e-01	2.340e-01	1.920e-01	1.593e-01	2.246e-01	7.036e-02	4.285e-02	1.484e-01
1.880e+04	9.719e-02	8.207e-02	1.896e-01	1.201e-01	6.664e-02	1.741e-01	1.868e-01	1.405e-01	2.340e-01	1.920e-01	1.593e-01	2.246e-01	7.918e-02	4.766e-02	1.712e-01
1.890e+04	9.719e-02	8.207e-02	1.896e-01	1.201e-01	6.468e-02	1.741e-01	1.868e-01	1.405e-01	2.340e-01	1.920e-01	1.593e-01	2.246e-01	7.918e-02	4.766e-02	1.712e-01
1.900e+04	9.719e-02	8.207e-02	1.896e-01	1.201e-01	6.468e-02	1.741e-01	1.868e-01	1.405e-01	2.340e-01	1.852e-01	1.572e-01	2.145e-01	7.918e-02	4.766e-02	1.712e-01
1.910e+04	9.719e-02	8.207e-02	1.896e-01	1.201e-01	6.468e-02	1.741e-01	1.868e-01	1.405e-01	2.340e-01	1.852e-01	1.572e-01	2.145e-01	7.918e-02	4.766e-02	1.712e-01
1.920e+04	9.719e-02	8.207e-02	1.896e-01	1.201e-01	6.468e-02	1.741e-01	1.899e-01	1.405e-01	2.340e-01	1.852e-01	1.572e-01	2.145e-01	7.918e-02	4.766e-02	1.712e-01
1.930e+04	9.719e-02	8.207e-02	1.896e-01	1.201e-01	6.468e-02	2.657e-01	2.053e-01	1.405e-01	2.435e-01	1.852e-01	1.572e-01	2.145e-01	7.918e-02	4.766e-02	1.712e-01
1.940e+04	9.719e-02	8.207e-02	1.896e-01	1.201e-01	6.468e-02	2.657e-01	2.053e-01	1.405e-01	2.435e-01	1.920e-01	1.572e-01	2.145e-01	7.918e-02	4.766e-02	1.712e-01
1.950e+04	9.719e-02	8.207e-02	1.896e-01	1.201e-01	6.468e-02	2.657e-01	2.053e-01	1.405e-01	2.435e-01	1.852e-01	1.496e-01	2.047e-01	7.918e-02	4.766e-02	1.712e-01
1.960e+04	9.719e-02	8.207e-02	1.896e-01	1.201e-01	6.468e-02	2.657e-01	2.053e-01	1.405e-01	2.435e-01	1.852e-01	1.496e-01	2.047e-01	7.918e-02	4.766e-02	1.712e-01
1.970e+04	9.719e-02	8.207e-02	1.896e-01	1.201e-01	6.468e-02	2.657e-01	2.053e-01	1.405e-01	2.355e-01	1.852e-01	1.496e-01	2.047e-01	7.918e-02	4.766e-02	1.712e-01
1.980e+04	9.719e-02	8.207e-02	1.896e-01	1.201e-01	6.468e-02	2.657e-01	2.049e-01	1.405e-01	2.355e-01	1.852e-01	1.496e-01	2.047e-01	7.918e-02	4.766e-02	1.712e-01
1.990e+04	9.719e-02	8.207e-02	1.896e-01	1.201e-01	6.468e-02	2.657e-01	2.049e-01	1.405e-01	2.355e-01	1.852e-01	1.496e-01	2.047e-01	7.956e-02	5.259e-02	1.978e-01
2.000e+04	9.719e-02	8.207e-02	1.896e-01	1.201e-01	6.468e-02	2.657e-01	2.049e-01	1.405e-01	2.355e-01	1.852e-01	1.496e-01	2.047e-01	7.956e-02	5.259e-02	1.978e-01
2.010e+04	9.719e-02	8.207e-02	1.896e-01	1.201e-01	6.468e-02	2.657e-01	2.053e-01	1.522e-01	2.435e-01	1.852e-01	1.496e-01	2.047e-01	7.956e-02	5.259e-02	1.978e-01
2.020e+04	9.719e-02	8.207e-02	1.896e-01	1.201e-01	6.468e-02	2.657e-01	2.053e-01	1.522e-01	2.435e-01	1.852e-01	1.496e-01	2.047e-01	7.956e-02	5.259e-02	1.712e-01
2.030e+04	9.719e-02	8.207e-02	1.896e-01	1.201e-01	6.468e-02	2.657e-01	2.049e-01	1.405e-01	2.355e-01	1.852e-01	1.496e-01	2.047e-01	7.956e-02	5.259e-02	1.712e-01
2.040e+04	9.719e-02	8.207e-02	1.896e-01	1.201e-01	6.468e-02	2.657e-01	2.049e-01	1.405e-01	2.355e-01	1.852e-01	1.496e-01	2.047e-01	7.956e-02	5.259e-02	1.712e-01
2.050e+04	9.719e-02	8.207e-02	1.896e-01	1.201e-01	6.468e-02	1.741e-01	2.049e-01	1.405e-01	2.355e-01	1.852e-01	1.496e-01	2.047e-01	7.956e-02	5.259e-02	1.712e-01
2.060e+04	9.719e-02	8.207e-02	1.865e-01	1.201e-01	6.468e-02	1.741e-01	2.049e-01	1.405e-01	2.355e-01	1.852e-01	1.496e-01	2.047e-01	7.956e-02	5.259e-02	1.712e-01
2.070e+04	9.719e-02	8.207e-02	1.865e-01	1.201e-01	6.468e-02	1.741e-01	2.049e-01	1.405e-01	2.355e-01	1.852e-01	1.496e-01	2.047e-01	8.001e-02	5.259e-02	1.712e-01
2.080e+04	9.719e-02	8.207e-02	1.865e-01	1.201e-01	6.468e-02	1.741e-01	2.053e-01	1.405e-01	2.430e-01	1.920e-01	1.572e-01	2.105e-01	8.001e-02	5.259e-02	1.712e-01
2.090e+04	9.411e-02	8.207e-02	1.865e-01	1.201e-01	6.581e-02	1.741e-01	2.053e-01	1.405e-01	2.430e-01	1.920e-01	1.572e-01	2.246e-01	8.001e-02	5.259e-02	1.712e-01
2.100e+04	9.411e-02	8.207e-02	1.865e-01	1.201e-01	6.581e-02	1.741e-01	2.053e-01	1.405e-01	2.430e-01	1.920e-01	1.572e-01	2.246e-01	8.001e-02	5.259e-02	1.778e-01
2.110e+04	9.411e-02	8.207e-02	1.865e-01	1.083e-01	6.468e-02	1.741e-01	2.053e-01	1.405e-01	2.430e-01	1.964e-01	1.650e-01	2.368e-01	7.918e-02	5.062e-02	1.712e-01
2.120e+04	9.411e-02	8.207e-02	1.865e-01	1.201e-01	6.581e-02	2.657e-01	2.053e-01	1.405e-01	2.430e-01	1.964e-01	1.650e-01	2.258e-01	7.918e-02	5.062e-02	1.712e-01
2.130e+04	9.411e-02	8.207e-02	1.865e-01	1.201e-01	6.581e-02	2.657e-01	2.053e-01	1.405e-01	2.430e-01	1.964e-01	1.650e-01	2.258e-01	7.036e-02	5.062e-02	1.484e-01
2.140e+04	9.411e-02	8.207e-02	1.865e-01	1.201e-01	6.581e-02	2.657e-01	2.053e-01	1.405e-01	2.430e-01	1.927e-01	1.650e-01	2.246e-01	7.036e-02	5.062e-02	1.484e-01
2.150e+04	9.411e-02	8.207e-02	1.865e-01	1.201e-01	6.581e-02	2.657e-01	2.053e-01	1.405e-01	2.430e-01	1.927e-01	1.650e-01	2.246e-01	7.036e-02	5.062e-02	1.484e-01
2.160e+04	9.411e-02	8.207e-02	1.865e-01	1.201e-01	6.581e-02	2.657e-01	2.053e-01	1.405e-01	2.430e-01	1.927e-01	1.650e-01	2.246e-01	7.036e-02	5.062e-02	1.312e-01
2.170e+04	9.411e-02	8.207e-02	1.865e-01	1.201e-01	6.581e-02	2.657e-01	2.053e-01	1.405e-01	2.430e-01	1.927e-01	1.650e-01	2.246e-01	7.036e-02	5.062e-02	1.484e-01
2.180e+04	9.411e-02	8.207e-02	1.865e-01	1.083e-01	4.895e-02	2.657e-01	2.053e-01	1.405e-01	2.430e-01	1.923e-01	1.593e-01	2.105e-01	7.036e-02	5.062e-02	1.484e-01
2.190e+04	9.411e-02	8.207e-02	1.865e-01	1.083e-01	4.895e-02	2.657e-01	2.053e-01	1.405e-01	2.430e-01	1.923e-01	1.593e-01	2.105e-01	7.036e-02	5.062e-02	1.484e-01
2.200e+04	9.411e-02	8.207e-02	1.865e-01	1.083e-01	4.895e-02	2.657e-01	2.049e-01	1.405e-01	2.430e-01	1.923e-01	1.593e-01	2.105e-01	7.036e-02	5.062e-02	1.484e-01
2.210e+04	9.411e-02	8.207e-02	1.865e-01	1.083e-01	6.581e-02	2.657e-01	2.049e-01	1.405e-01	2.430e-01	1.927e-01	1.593e-01	2.246e-01	7.036e-02	5.062e-02	1.484e-01
2.220e+04	9.411e-02	8.207e-02	1.865e-01	1.083e-01	6.581e-02	2.657e-01	2.049e-01	1.405e-01	2.430e-01	1.927e-01	1.593e-01	2.246e-01	7.036e-02	5.062e-02	1.484e-01
2.230e+04	9.411e-02	8.207e-02	1.865e-01	1.083e-01	6.581e-02	2.657e-01	2.049e-01	1.405e-01	2.430e-01	1.927e-01	1.593e-01	2.246e-01	7.036e-02	5.062e-02	1.484e-01
2.240e+04	9.411e-02	8.207e-02	1.865e-01	1.083e-01	6.581e-02	2.657e-01	2.049e-01	1.369e-01	2.430e-01	1.920e-01	1.593e-01	2.246e-01	7.800e-02	5.062e-02	2.178e-01
2.250e+04	9.411e-02	8.207e-02	1.865e-01	1.083e-01	6.581e-02	2.657e-01	2.049e-01	1.369e-01	2.430e-01	1.920e-01	1.593e-01	2.246e-01	7.800e-02	5.062e-02	2.178e-01
2.260e+04	9.411e-02	8.207e-02	1.865e-01	1.083e-01	6.581e-02	1.741e-01	2.049e-01	1.369e-01	2.430e-01	1.920e-01	1.593e-01	2.105e-01	7.800e-02	5.062e-02	2.178e-01
2.270e+04	9.411e-02	8.207e-02	1.865e-01	1.083e-01	6.581e-02	1.741e-01	2.049e-01	1.369e-01	2.430e-01	1.920e-01	1.593e-01	2.105e-01	7.800e-02	5.062e-02	2.178e-01
2.280e+04	9.411e-02	8.207e-02	1.865e-01	1.083e-01	4.895e-02	1.741e-01	2.049e-01	1.369e-01	2.430e-01	1.920e-01	1.593e-01	2.105e-01	7.800e-02	5.062e-02	2.178e-01
2.290e+04	9.411e-02	8.207e-02	1.865e-01	1.083e-01	4.895e-02	1.741e-01	2.049e-01	1.369e-01	2.430e-01	1.920e-01	1.593e-01	2.105e-01	7.800e-02	5.062e-02	2.178e-01
2.300e+04	9.411e-02	8.207e-02	1.865e-01	1.083e-01	4.895e-02	1.741e-01	2.049e-01	1.369e-01	2.430e-01	1.920e-01	1.593e-01	2.105e-01	7.800e-02	5.062e-02	2.119e-01
2.310e+04	9.411e-02	8.207e-02	1.865e-01	1.083e-01	4.895e-02	1.741e-01	2.049e-01	1.369e-01	2.430e-01	1.920e-01	1.593e-01	2.105e-01	7.800e-02	5.062e-02	1.514e-01
2.320e+04	9.411e-02	8.207e-02	1.865e-01	1.083e-01	4.895e-02	1.741e-01	2.049e-01	1.369e-01	2.430e-01	1.920e-01	1.593e-01	2.105e-01	7.800e-02	5.062e-02	1.514e-01
2.330e+04	9.411e-02	8.207e-02	1.865e-01	1.083e-01	4.895e-02	1.741e-01	2.049e-01	1.369e-01	2.430e-01	1.920e-01	1.593e-01	2.105e-01	7.800e-02	5.062e-02	1.534e-01
2.340e+04	9.411e-02	8.207e-02	1.865e-01	1.083e-01	4.895e-02	1.741e-01	1.925e-01	1.369e-01	2.430e-01	1.920e-01	1.593e-01	2.105e-01	7.800e-02	5.062e-02	1.534e-01
2.350e+04	9.411e-02	8.207e-02	1.865e-01	1.083e-01	4.895e-02	1.741e-01	1.925e-01	1.369e-01	2.430e-01	1.859e-01	1.593e-01	2.081e-01	7.800e-02	5.062e-02	1.534e-01
2.360e+04	9.411e-02	8.207e-02	1.865e-01	1.083e-01	4.895e-02	1.741e-01	1.925e-01	1.369e-01	2.430e-01	1.859e-01	1.593e-01	2.081e-01	7.800e-02	5.062e-02	1.534e-01
2.370e+04	9.411e-02	8.207e-02	1.865e-01	1.083e-01	4.895e-02	1.741e-01	1.925e-01	1.369e-01	2.430e-01	1.859e-01	1.593e-01	2.081e-01	7.800e-02	5.062e-02	1.534e-01
2.380e+04	9.411e-02	8.207e-02	1.865e-01	9.945e-02	4.895e-02	1.610e-01	1.925e-01	1.355e-01	2.430e-01	1.859e-01	1.593e-01	2.081e-01	7.800e-02	5.062e-02	1.534e-01
2.390e+04	9.411e-02	8.207e-02	1.896e-01	9.945e-02	4.895e-02	1.610e-01	1.925e-01	1.355e-01	2.430e-01	1.859e-01	1.593e-01	2.081e-01	7.036e-02	4.839e-02	1.484e-01
2.400e+04	9.411e-02	8.207e-02	1.896e-01	9.945e-02	4.895e-02	1.610e-01	1.925e-01	1.355e-01	2.430e-01	1.859e-01	1.593e-01	2.081e-01	7.036e-02	4.839e-02	1.484e-01
2.410e+04	9.411e-02	8.207e-02	1.896e-01	9.945e-02	4.895e-02	1.610e-01	1.925e-01	1.355e-01	2.430e-01	1.859e-01	1.593e-01	2.081e-01	7.036e-02	4.839e-02	1.484e-01
2.420e+04	9.411e-02	8.207e-02	1.896e-01	9.945e-02	4.895e-02	1.610e-01	1.925e-01	1.355e-01	2.430e-01	1.859e-01	1.593e-01	2.081e-01	7.036e-02	4.839e-02	1.484e-01
2.430e+04	9.411e-02	8.207e-02	1.896e-01	9.945e-02	4.895e-02	1.610e-01	1.925e-01	1.355e-01	2.430e-01	1.859e-01	1.593e-01	2.081e-01	7.036e-02	4.839e-02	1.484e-01
2.440e+04	9.411e-02	8.207e-02	1.896e-01	9.945e-02	4.895e-02	1.610e-01	1.925e-01	1.355e-01	2.430e-01	1.859e-01	1.593e-01	2.155e-01	7.800e-02	5.062e-02	1.494e-01
2.450e+04	9.411e-02	8.207e-02	1.896e-01	9.945e-02	4.895e-02	1.610e-01	1.925e-01	1.355e-01	2.430e-01	1.859e-01	1.593e-01	2.155e-01	7.800e-02	5.062e-02	1.494e-01
2.460e+04	9.411e-02	8.207e-02	1.896e-01	9.945e-02	4.895e-02	1.610e-01	1.925e-01	1.355e-01	2.430e-01	1.859e-01	1.593e-01	2.155e-01	7.800e-02	5.062e-02	1.494e-01
2.470e+04	9.411e-02	8.207e-02	1.865e-01	9.703e-02	4.774e-02	1.502e-01	1.925e-01	1.355e-01	2.430e-01	1.859e-01	1.593e-01	2.155e-01	7.800e-02	5.062e-02	1.494e-01
2.480e+04	9.411e-02	8.207e-02	1.865e-01	9.703e-02	4.774e-02	1.502e-01	2.053e-01	1.355e-01	2.430e-01	1.859e-01	1.593e-01	2.155e-01	7.036e-02	5.062e-02	1.484e-01
2.490e+04	9.411e-02	8.207e-02	1.865e-01	8.095e-02	4.309e-02	1.486e-01	2.053e-01	1.355e-01	2.430e-01	1.859e-01	1.593e-01	2.245e-01	7.036e-02	5.062e-02	1.484e-01
2.500e+04	9.411e-02	8.207e-02	1.865e-01	8.095e-02	4.309e-02	1.486e-01	1.925e-01	1.355e-01	2.426e-01	1.859e-01	1.593e-01	2.245e-01	7.036e-02	5.062e-02	1.484e-01
2.510e+04	9.411e-02	8.207e-02	1.865e-01	8.095e-02	4.309e-02	1.486e-01	1.925e-01	1.355e-01	2.426e-01	1.859e-01	1.593e-01	2.245e-01	7.036e-02	5.062e-02	1.484e-01
2.520e+04	9.411e-02	8.207e-02	1.865e-01	8.095e-02	4.309e-02	1.486e-01	1.925e-01	1.320e-01	2.426e-01	1.859e-01	1.593e-01	2.245e-01	7.036e-02	5.062e-02	1.484e-01
2.530e+04	9.411e-02	8.207e-02	1.865e-01	8.095e-02	4.309e-02	1.486e-01	1.925e-01	1.355e-01	2.426e-01	1.859e-01	1.593e-01	2.245e-01	7.036e-02	5.062e-02	1.484e-01
2.540e+04	9.411e-02	8.207e-02	1.865e-01	8.095e-02	4.309e-02	1.486e-01	1.925e-01	1.355e-01	2.426e-01	1.859e-01	1.593e-01	2.245e-01	7.036e-02	5.062e-02	1.484e-01
2.550e+04	9.411e-02	8.207e-02	1.865e-01	8.095e-02	4.309e-02	1.486e-01	1.925e-01	1.355e-01	2.426e-01	1.859e-01	1.593e-01	2.245e-01	7.036e-02	5.062e-02	1.484e-01
2.560e+04	9.411e-02	8.207e-02	1.865e-01	8.095e-02	4.309e-02	1.486e-01	1.925e-01	1.355e-01	2.426e-01	1.859e-01	1.593e-01	2.245e-01	7.036e-02	5.062e-02	1.484e-01
2.570e+04	9.411e-02	8.207e-02	1.865e-01	8.095e-02	4.309e-02	1.486e-01	1.925e-01	1.355e-01	2.426e-01	1.859e-01	1.593e-01	2.245e-01	7.036e-02	5.062e-02	1.484e-01
2.580e+04	9.411e-02	8.207e-02	1.865e-01	8.095e-02	4.309e-02	1.486e-01	1.925e-01	1.355e-01	2.426e-01	1.859e-01	1.593e-01	2.245e-01	7.036e-02	5.062e-02	1.484e-01
2.590e+04	9.411e-02	8.207e-02	1.865e-01	8.095e-02	4.309e-02	1.486e-01	1.925e-01	1.355e-01	2.426e-01	1.859e-01	1.593e-01	2.154e-01	7.036e-02	5.062e-02	1.484e-01
2.600e+04	9.411e-02	8.207e-02	1.865e-01	8.095e-02	4.309e-02	1.486e-01	1.925e-01	1.355e-01	2.426e-01	1.859e-01	1.593e-01	2.154e-01	7.036e-02	5.062e-02	1.484e-01
2.610e+04	9.411e-02	8.207e-02	1.865e-01	8.095e-02	4.309e-02	1.486e-01	1.925e-01	1.355e-01	2.426e-01	1.859e-01	1.593e-01	2.154e-01	7.036e-02	5.062e-02	1.484e-01
2.620e+04	9.411e-02	8.207e-02	1.865e-01	8.095e-02	4.309e-02	1.486e-01	1.925e-01	1.355e-01	2.426e-01	1.859e-01	1.618e-01	2.154e-01	7.036e-02	5.062e-02	1.484e-01
2.630e+04	9.411e-02	8.207e-02	1.865e-01	8.095e-02	4.309e-02	1.486e-01	1.925e-01	1.355e-01	2.426e-01	1.859e-01	1.618e-01	2.154e-01	7.036e-02	5.062e-02	1.484e-01
2.640e+04	9.411e-02	8.207e-02	1.865e-01	8.095e-02	4.309e-02	1.486e-01	1.925e-01	1.355e-01	2.426e-01	1.859e-01	1.618e-01	2.154e-01	7.800e-02	5.062e-02	1.494e-01
2.650e+04	9.411e-02	8.207e-02	1.796e-01	8.095e-02	4.309e-02	1.486e-01	1.925e-01	1.355e-01	2.426e-01	1.859e-01	1.618e-01	2.154e-01	7.800e-02	5.062e-02	1.494e-01
2.660e+04	9.411e-02	8.207e-02	1.796e-01	8.095e-02	4.309e-02	1.486e-01	1.925e-01	1.355e-01	2.426e-01	1.859e-01	1.618e-01	2.154e-01	7.800e-02	5.062e-02	1.494e-01
2.670e+04	9.411e-02	8.207e-02	1.796e-01	8.095e-02	4.309e-02	1.486e-01	1.925e-01	1.355e-01	2.426e-01	1.859e-01	1.618e-01	2.154e-01	7.800e-02	5.062e-02	1.494e-01
2.680e+04	9.411e-02	8.207e-02	1.796e-01	8.095e-02	4.309e-02	1.486e-01	1.925e-01	1.355e-01	2.426e-01	1.859e-01	1.618e-01	2.154e-01	7.036e-02	4.839e-02	1.494e-01
2.690e+04	9.411e-02	8.207e-02	1.796e-01	8.095e-02	4.135e-02	1.486e-01	1.925e-01	1.355e-01	2.426e-01	1.859e-01	1.618e-01	2.154e-01	7.036e-02	4.839e-02	1.494e-01
2.700e+04	9.411e-02	8.207e-02	1.796e-01	8.095e-02	4.135e-02	1.418e-01	1.925e-01	1.355e-01	2.426e-01	1.859e-01	1.618e-01	2.154e-01	7.036e-02	4.839e-02	1.494e-01
2.710e+04	9.411e-02	8.207e-02	1.796e-01	8.095e-02	4.135e-02	1.418e-01	1.925e-01	1.355e-01	2.426e-01	1.859e-01	1.618e-01	2.154e-01	7.036e-02	4.839e-02	1.494e-01
2.720e+04	9.411e-02	8.207e-02	1.796e-01	8.095e-02	4.135e-02	1.418e-01	1.925e-01	1.355e-01	2.426e-01	1.859e-01	1.618e-01	2.154e-01	7.800e-02	4.839e-02	2.114e-01
2.730e+04	9.411e-02	8.207e-02	1.796e-01	8.095e-02	4.135e-02	1.418e-01	1.925e-01	1.355e-01	2.426e-01	1.859e-01	1.618e-01	2.154e-01	7.800e-02	4.839e-02	2.114e-01
2.740e+04	9.411e-02	8.207e-02	1.796e-01	8.095e-02	4.135e-02	1.418e-01	1.796e-01	1.355e-01	2.426e-01	1.859e-01	1.618e-01	2.154e-01	7.800e-02	5.062e-02	2.114e-01
2.750e+04	9.411e-02	8.207e-02	1.796e-01	8.095e-02	4.135e-02	1.418e-01	1.796e-01	1.355e-01	2.426e-01	1.859e-01	1.618e-01	2.154e-01	7.800e-02	5.062e-02	2.128e-01
2.760e+04	9.411e-02	8.207e-02	1.796e-01	8.095e-02	4.135e-02	1.418e-01	1.796e-01	1.355e-01	2.426e-01	1.859e-01	1.618e-01	2.154e-01	7.800e-02	5.062e-02	2.128e-01
2.770e+04	9.411e-02	8.207e-02	1.796e-01	8.095e-02	4.135e-02	1.418e-01	1.784e-01	1.355e-01	2.355e-01	1.859e-01	1.618e-01	2.154e-01	7.800e-02	5.062e-02	2.128e-01
2.780e+04	9.411e-02	8.207e-02	1.796e-01	8.095e-02	4.135e-02	1.418e-01	1.784e-01	1.355e-01	2.355e-01	1.859e-01	1.618e-01	2.154e-01	7.800e-02	5.062e-02	1.686e-01
2.790e+04	9.411e-02	8.207e-02	1.796e-01	8.095e-02	4.135e-02	1.418e-01	1.784e-01	1.355e-01	2.355e-01	1.859e-01	1.618e-01	2.154e-01	7.036e-02	5.062e-02	1.494e-01
2.800e+04	9.411e-02	8.207e-02	1.796e-01	9.703e-02	4.135e-02	1.486e-01	1.784e-01	1.355e-01	2.355e-01	1.859e-01	1.618e-01	2.154e-01	7.800e-02	5.062e-02	1.686e-01
2.810e+04	9.411e-02	8.207e-02	1.796e-01	9.703e-02	4.135e-02	1.486e-01	1.784e-01	1.355e-01	2.355e-01	1.859e-01	1.618e-01	2.154e-01	7.036e-02	5.062e-02	1.494e-01
2.820e+04	9.411e-02	8.207e-02	1.796e-01	9.703e-02	4.135e-02	1.486e-01	1.784e-01	1.355e-01	2.355e-01	1.859e-01	1.618e-01	2.154e-01	7.036e-02	5.062e-02	1.494e-01
2.830e+04	9.411e-02	8.207e-02	1.701e-01	9.703e-02	4.135e-02	1.486e-01	1.784e-01	1.355e-01	2.355e-01	1.859e-01	1.618e-01	2.154e-01	7.036e-02	5.062e-02	1.484e-01
2.840e+04	9.411e-02	8.207e-02	1.701e-01	9.703e-02	4.135e-02	1.486e-01	1.784e-01	1.355e-01	2.355e-01	1.859e-01	1.618e-01	2.154e-01	7.036e-02	5.062e-02	1.494e-01
2.850e+04	9.411e-02	8.207e-02	1.701e-01	9.703e-02	4.135e-02	1.486e-01	1.784e-01	1.355e-01	2.355e-01	1.859e-01	1.618e-01	2.154e-01	7.036e-02	5.062e-02	1.494e-01
2.860e+04	9.411e-02	8.207e-02	1.701e-01	8.095e-02	3.641e-02	1.486e-01	1.784e-01	1.355e-01	2.355e-01	1.859e-01	1.618e-01	2.154e-01	7.036e-02	5.062e-02	1.494e-01
2.870e+04	9.411e-02	8.207e-02	1.701e-01	8.095e-02	3.641e-02	1.418e-01	1.784e-01	1.355e-01	2.355e-01	1.859e-01	1.618e-01	2.154e-01	6.964e-02	4.839e-02	1.484e-01
2.880e+04	9.411e-02	8.207e-02	1.701e-01	8.095e-02	3.641e-02	1.418e-01	1.784e-01	1.355e-01	2.355e-01	1.859e-01	1.618e-01	2.154e-01	6.964e-02	4.742e-02	1.484e-01
2.890e+04	9.411e-02	8.207e-02	1.701e-01	8.095e-02	3.641e-02	1.418e-01	1.784e-01	1.355e-01	2.355e-01	1.859e-01	1.618e-01	2.154e-01	6.964e-02	4.742e-02	1.484e-01
2.900e+04	9.411e-02	8.207e-02	1.701e-01	8.095e-02	3.641e-02	1.418e-01	1.784e-01	1.355e-01	2.355e-01	1.859e-01	1.618e-01	2.154e-01	6.964e-02	4.742e-02	1.484e-01
2.910e+04	9.411e-02	8.207e-02	1.701e-01	8.095e-02	3.641e-02	1.418e-01	1.784e-01	1.355e-01	2.355e-01	1.859e-01	1.618e-01	2.195e-01	6.964e-02	4.742e-02	1.484e-01
2.920e+04	9.411e-02	8.207e-02	1.701e-01	8.095e-02	3.641e-02	1.418e-01	1.784e-01	1.355e-01	2.355e-01	1.859e-01	1.618e-01	2.195e-01	6.964e-02	4.742e-02	1.484e-01
2.930e+04	9.411e-02	8.207e-02	1.701e-01	8.095e-02	3.641e-02	1.418e-01	1.772e-01	1.355e-01	2.355e-01	1.859e-01	1.618e-01	2.195e-01	6.964e-02	4.742e-02	1.484e-01
2.940e+04	9.411e-02	8.207e-02	1.701e-01	8.095e-02	3.641e-02	1.418e-01	1.772e-01	1.355e-01	2.355e-01	1.914e-01	1.618e-01	2.195e-01	6.964e-02	4.742e-02	1.484e-01
2.950e+04	9.411e-02	8.207e-02	1.701e-01	7.586e-02	3.641e-02	1.334e-01	1.772e-01	1.355e-01	2.355e-01	1.914e-01	1.618e-01	2.195e-01	6.964e-02	4.742e-02	1.484e-01
2.960e+04	9.411e-02	8.207e-02	1.701e-01	7.586e-02	3.641e-02	1.334e-01	1.772e-01	1.355e-01	2.355e-01	1.914e-01	1.618e-01	2.195e-01	6.964e-02	4.742e-02	1.484e-01
2.970e+04	9.411e-02	8.207e-02	1.701e-01	7.586e-02	3.310e-02	1.334e-01	1.772e-01	1.355e-01	2.355e-01	1.914e-01	1.618e-01	2.195e-01	6.964e-02	4.742e-02	1.484e-01
2.980e+04	9.411e-02	8.207e-02	1.701e-01	7.586e-02	3.310e-02	1.334e-01	1.772e-01	1.355e-01	2.355e-01	1.914e-01	1.618e-01	2.195e-01	6.964e-02	4.742e-02	1.484e-01
2.990e+04	9.411e-02	8.207e-02	1.701e-01	7.586e-02	3.310e-02	1.334e-01	1.772e-01	1.355e-01	2.355e-01	1.914e-01	1.618e-01	2.195e-01	7.036e-02	4.742e-02	1.494e-01
3.000e+04	9.411e-02	8.207e-02	1.701e-01	7.586e-02	3.310e-02	1.334e-01	1.772e-01	1.355e-01	2.355e-01	1.914e-01	1.618e-01	2.195e-01	7.036e-02	4.742e-02	1.494e-01
3.010e+04	9.411e-02	8.207e-02	1.701e-01	7.586e-02	3.310e-02	1.334e-01	1.772e-01	1.355e-01	2.355e-01	1.914e-01	1.618e-01	2.195e-01	7.036e-02	4.742e-02	1.494e-01
3.020e+04	9.411e-02	8.207e-02	1.701e-01	7.586e-02	3.310e-02	1.334e-01	1.772e-01	1.355e-01	2.355e-01	1.920e-01	1.618e-01	2.195e-01	7.036e-02	4.742e-02	1.494e-01
3.030e+04	9.411e-02	8.207e-02	1.701e-01	7.586e-02	3.310e-02	1.334e-01	1.784e-01	1.355e-01	2.355e-01	1.914e-01	1.593e-01	2.195e-01	7.036e-02	4.742e-02	1.494e-01
3.040e+04	9.411e-02	8.207e-02	1.701e-01	6.581e-02	2.995e-02	1.334e-01	1.784e-01	1.355e-01	2.355e-01	1.914e-01	1.593e-01	2.195e-01	7.036e-02	4.742e-02	1.494e-01
3.050e+04	9.411e-02	8.207e-02	1.701e-01	5.608e-02	2.718e-02	1.201e-01	1.784e-01	1.355e-01	2.355e-01	1.914e-01	1.618e-01	2.195e-01	7.036e-02	4.742e-02	1.494e-01
3.060e+04	9.411e-02	8.207e-02	1.701e-01	5.608e-02	2.718e-02	1.201e-01	1.784e-01	1.355e-01	2.355e-01	1.914e-01	1.618e-01	2.195e-01	7.036e-02	4.742e-02	1.494e-01
3.070e+04	9.411e-02	8.207e-02	1.701e-01	5.608e-02	2.718e-02	1.201e-01	1.784e-01	1.355e-01	2.355e-01	1.914e-01	1.618e-01	2.195e-01	7.036e-02	4.742e-02	1.494e-01
3.080e+04	9.411e-02	8.207e-02	1.701e-01	5.608e-02	2.718e-02	1.201e-01	1.784e-01	1.355e-01	2.355e-01	1.920e-01	1.646e-01	2.245e-01	7.036e-02	4.742e-02	1.494e-01
3.090e+04	9.411e-02	8.207e-02	1.701e-01	5.608e-02	2.718e-02	1.201e-01	1.784e-01	1.355e-01	2.355e-01	1.920e-01	1.646e-01	2.245e-01	7.036e-02	4.742e-02	1.494e-01
3.100e+04	9.411e-02	8.207e-02	1.701e-01	6.562e-02	2.718e-02	1.201e-01	1.784e-01	1.355e-01	2.355e-01	1.920e-01	1.646e-01	2.245e-01	7.036e-02	4.742e-02	1.494e-01
3.110e+04	9.411e-02	8.207e-02	1.701e-01	6.562e-02	2.718e-02	1.201e-01	1.784e-01	1.355e-01	2.355e-01	1.920e-01	1.646e-01	2.245e-01	7.036e-02	4.742e-02	1.494e-01
3.120e+04	9.411e-02	8.207e-02	1.701e-01	6.220e-02	2.388e-02	1.201e-01	1.784e-01	1.355e-01	2.355e-01	1.920e-01	1.646e-01	2.245e-01	7.036e-02	4.742e-02	1.494e-01
3.130e+04	9.411e-02	8.207e-02	1.701e-01	6.220e-02	2.388e-02	1.201e-01	1.784e-01	1.355e-01	2.355e-01	1.927e-01	1.646e-01	2.245e-01	7.036e-02	4.742e-02	1.494e-01
3.140e+04	9.411e-02	8.207e-02	1.701e-01	6.220e-02	2.388e-02	1.201e-01	1.784e-01	1.355e-01	2.355e-01	2.043e-01	1.646e-01	2.261e-01	7.036e-02	4.742e-02	1.494e-01
3.150e+04	9.411e-02	8.207e-02	1.701e-01	6.220e-02	2.388e-02	1.201e-01	1.784e-01	1.355e-01	2.355e-01	2.043e-01	1.646e-01	2.261e-01	7.036e-02	4.742e-02	1.494e-01
3.160e+04	9.411e-02	8.207e-02	1.701e-01	6.220e-02	2.388e-02	1.201e-01	1.784e-01	1.355e-01	2.355e-01	2.043e-01	1.646e-01	2.261e-01	7.800e-02	4.742e-02	2.096e-01
3.170e+04	9.411e-02	8.207e-02	1.701e-01	6.220e-02	2.388e-02	1.201e-01	1.784e-01	1.355e-01	2.355e-01	2.043e-01	1.646e-01	2.261e-01	7.800e-02	4.742e-02	2.106e-01
3.180e+04	9.411e-02	8.207e-02	1.701e-01	6.220e-02	2.388e-02	1.201e-01	1.784e-01	1.355e-01	2.355e-01	2.043e-01	1.646e-01	2.261e-01	7.800e-02	4.742e-02	2.106e-01
3.190e+04	9.411e-02	8.207e-02	1.701e-01	5.608e-02	2.388e-02	1.201e-01	1.784e-01	1.355e-01	2.355e-01	2.043e-01	1.646e-01	2.261e-01	7.800e-02	4.742e-02	1.768e-01
3.200e+04	9.411e-02	8.207e-02	1.701e-01	5.608e-02	2.388e-02	1.201e-01	1.784e-01	1.405e-01	2.355e-01	2.043e-01	1.646e-01	2.261e-01	7.800e-02	4.742e-02	1.768e-01
3.210e+04	9.411e-02	8.207e-02	1.701e-01	5.608e-02	2.388e-02	1.201e-01	1.784e-01	1.405e-01	2.355e-01	2.043e-01	1.646e-01	2.261e-01	7.800e-02	4.742e-02	1.768e-01
3.220e+04	9.411e-02	8.207e-02	1.701e-01	5.608e-02	2.388e-02	1.201e-01	1.905e-01	1.405e-01	2.355e-01	2.043e-01	1.646e-01	2.261e-01	7.800e-02	3.232e-02	1.768e-01
3.230e+04	9.411e-02	8.207e-02	1.701e-01	5.608e-02	2.388e-02	1.201e-01	1.905e-01	1.405e-01	2.355e-01	2.043e-01	1.646e-01	2.261e-01	7.800e-02	3.232e-02	1.768e-01
3.240e+04	9.411e-02	8.207e-02	1.701e-01	5.608e-02	2.388e-02	1.201e-01	1.905e-01	1.405e-01	2.355e-01	2.043e-01	1.646e-01	2.261e-01	7.800e-02	3.232e-02	1.768e-01
3.250e+04	9.411e-02	8.207e-02	1.701e-01	5.608e-02	2.388e-02	1.201e-01	1.905e-01	1.405e-01	2.355e-01	2.043e-01	1.646e-01	2.282e-01	7.800e-02	3.232e-02	1.768e-01
3.260e+04	9.411e-02	8.207e-02	1.701e-01	5.608e-02	2.388e-02	1.201e-01	1.905e-01	1.405e-01	2.355e-01	2.043e-01	1.646e-01	2.282e-01	7.800e-02	3.232e-02	1.768e-01
3.270e+04	9.411e-02	8.207e-02	1.701e-01	5.608e-02	2.137e-02	1.201e-01	1.905e-01	1.405e-01	2.355e-01	2.043e-01	1.646e-01	2.282e-01	7.800e-02	3.232e-02	1.768e-01
3.280e+04	9.411e-02	8.207e-02	1.701e-01	5.608e-02	2.137e-02	1.201e-01	1.905e-01	1.405e-01	2.355e-01	2.043e-01	1.646e-01	2.282e-01	7.800e-02	3.232e-02	1.768e-01
3.290e+04	9.411e-02	8.207e-02	1.701e-01	5.608e-02	2.137e-02	1.201e-01	1.905e-01	1.405e-01	2.262e-01	2.043e-01	1.646e-01	2.282e-01	7.800e-02	3.232e-02	1.768e-01
3.300e+04	9.411e-02	8.207e-02	1.701e-01	5.608e-02	2.137e-02	1.201e-01	1.905e-01	1.405e-01	2.262e-01	2.043e-01	1.646e-01	2.282e-01	7.800e-02	3.232e-02	1.768e-01
3.310e+04	9.411e-02	8.207e-02	1.701e-01	5.608e-02	2.137e-02	1.201e-01	1.905e-01	1.405e-01	2.285e-01	2.043e-01	1.646e-01	2.282e-01	7.800e-02	3.232e-02	1.768e-01
3.320e+04	9.411e-02	8.207e-02	1.701e-01	5.608e-02	2.137e-02	1.201e-01	1.905e-01	1.405e-01	2.285e-01	2.043e-01	1.646e-01	2.282e-01	7.800e-02	3.232e-02	1.768e-01
3.330e+04	9.411e-02	8.207e-02	1.701e-01	5.608e-02	2.137e-02	1.201e-01	2.053e-01	1.405e-01	2.426e-01	2.043e-01	1.646e-01	2.282e-01	7.800e-02	3.232e-02	1.768e-01
3.340e+04	9.348e-02	8.122e-02	1.698e-01	5.608e-02	2.137e-02	1.201e-01	2.053e-01	1.405e-01	2.426e-01	1.920e-01	1.646e-01	2.261e-01	7.800e-02	3.232e-02	1.768e-01
3.350e+04	9.348e-02	8.122e-02	1.698e-01	5.608e-02	2.137e-02	1.201e-01	2.053e-01	1.405e-01	2.426e-01	1.920e-01	1.646e-01	2.261e-01	7.800e-02	3.232e-02	1.768e-01
3.360e+04	9.348e-02	8.122e-02	1.698e-01	5.608e-02	2.137e-02	1.201e-01	1.995e-01	1.405e-01	2.426e-01	1.920e-01	1.646e-01	2.261e-01	7.800e-02	3.232e-02	1.768e-01
3.370e+04	9.348e-02	8.122e-02	1.698e-01	5.608e-02	2.137e-02	1.201e-01	1.995e-01	1.405e-01	2.426e-01	1.920e-01	1.646e-01	2.261e-01	7.800e-02	3.232e-02	1.768e-01
3.380e+04	9.348e-02	8.122e-02	1.698e-01	5.608e-02	2.137e-02	1.201e-01	1.995e-01	1.405e-01	2.426e-01	1.920e-01	1.646e-01	2.261e-01	7.800e-02	3.232e-02	1.768e-01
3.390e+04	9.348e-02	8.122e-02	1.698e-01	5.608e-02	2.137e-02	1.201e-01	1.995e-01	1.405e-01	2.426e-01	1.920e-01	1.646e-01	2.261e-01	7.800e-02	3.232e-02	1.699e-01
3.400e+04	9.348e-02	8.122e-02	1.698e-01	5.608e-02	2.137e-02	1.201e-01	2.053e-01	1.405e-01	2.456e-01	1.920e-01	1.646e-01	2.261e-01	7.800e-02	3.232e-02	1.699e-01
3.410e+04	9.348e-02	8.122e-02	1.698e-01	5.608e-02	2.137e-02	1.201e-01	1.929e-01	1.405e-01	2.426e-01	1.920e-01	1.646e-01	2.261e-01	7.800e-02	3.232e-02	1.699e-01
3.420e+04	9.348e-02	8.122e-02	1.698e-01	5.608e-02	2.137e-02	1.201e-01	1.929e-01	1.405e-01	2.426e-01	1.920e-01	1.646e-01	2.261e-01	7.800e-02	3.232e-02	1.699e-01
3.430e+04	9.348e-02	8.122e-02	1.698e-01	5.608e-02	2.137e-02	1.201e-01	1.929e-01	1.405e-01	2.456e-01	1.920e-01	1.646e-01	2.261e-01	7.800e-02	3.232e-02	1.699e-01
3.440e+04	9.348e-02	8.122e-02	1.698e-01	6.474e-02	2.137e-02	1.418e-01	1.929e-01	1.405e-01	2.456e-01	1.920e-01	1.646e-01	2.261e-01	7.800e-02	4.695e-02	1.699e-01
3.450e+04	9.348e-02	8.122e-02	1.698e-01	4.675e-02	1.859e-02	1.334e-01	1.929e-01	1.405e-01	2.456e-01	1.920e-01	1.618e-01	2.261e-01	7.800e-02	4.695e-02	1.699e-01
3.460e+04	9.348e-02	8.122e-02	1.698e-01	4.675e-02	1.859e-02	1.334e-01	1.929e-01	1.405e-01	2.456e-01	1.920e-01	1.618e-01	2.261e-01	7.800e-02	4.695e-02	1.699e-01
3.470e+04	9.348e-02	8.122e-02	1.698e-01	4.675e-02	1.859e-02	1.334e-01	1.929e-01	1.405e-01	2.456e-01	1.920e-01	1.618e-01	2.261e-01	7.800e-02	4.695e-02	1.777e-01
3.480e+04	9.348e-02	8.122e-02	1.698e-01	4.309e-02	1.859e-02	1.201e-01	1.929e-01	1.405e-01	2.456e-01	1.920e-01	1.618e-01	2.261e-01	7.800e-02	4.695e-02	1.777e-01
3.490e+04	9.348e-02	8.122e-02	1.698e-01	4.309e-02	1.859e-02	9.703e-02	1.929e-01	1.405e-01	2.456e-01	1.920e-01	1.618e-01	2.261e-01	7.800e-02	4.695e-02	1.777e-01
3.500e+04	9.348e-02	8.122e-02	1.698e-01	4.309e-02	1.859e-02	9.703e-02	1.929e-01	1.405e-01	2.456e-01	2.043e-01	1.618e-01	2.282e-01	7.800e-02	4.695e-02	1.777e-01
3.510e+04	9.348e-02	8.122e-02	1.698e-01	4.309e-02	1.859e-02	9.703e-02	1.929e-01	1.405e-01	2.456e-01	2.043e-01	1.618e-01	2.261e-01	7.800e-02	4.695e-02	1.777e-01
3.520e+04	9.348e-02	8.122e-02	1.698e-01	4.309e-02	1.859e-02	9.703e-02	1.929e-01	1.405e-01	2.456e-01	2.043e-01	1.618e-01	2.261e-01	6.543e-02	3.216e-02	1.699e-01
3.530e+04	9.348e-02	8.122e-02	1.698e-01	4.309e-02	1.859e-02	9.703e-02	1.929e-01	1.405e-01	2.456e-01	2.043e-01	1.618e-01	2.261e-01	6.543e-02	3.216e-02	1.699e-01
3.540e+04	9.348e-02	8.122e-02	1.698e-01	4.309e-02	1.859e-02	8.095e-02	1.929e-01	1.405e-01	2.456e-01	2.043e-01	1.618e-01	2.261e-01	6.543e-02	3.216e-02	1.699e-01
3.550e+04	9.348e-02	8.122e-02	1.698e-01	4.309e-02	1.859e-02	8.095e-02	1.929e-01	1.405e-01	2.456e-01	2.043e-01	1.618e-01	2.261e-01	6.543e-02	3.216e-02	1.699e-01
3.560e+04	9.348e-02	8.122e-02	1.698e-01	4.309e-02	1.859e-02	8.095e-02	1.929e-01	1.405e-01	2.456e-01	2.043e-01	1.694e-01	2.261e-01	6.598e-02	3.232e-02	1.777e-01
3.570e+04	9.348e-02	8.122e-02	1.698e-01	4.309e-02	1.859e-02	8.095e-02	1.929e-01	1.405e-01	2.755e-01	2.043e-01	1.694e-01	2.261e-01	6.598e-02	4.695e-02	1.777e-01
3.580e+04	9.348e-02	8.122e-02	1.698e-01	3.317e-02	1.859e-02	7.853e-02	1.929e-01	1.405e-01	2.755e-01	2.043e-01	1.694e-01	2.261e-01	6.598e-02	4.695e-02	1.777e-01
3.590e+04	9.348e-02	8.122e-02	1.698e-01	3.317e-02	1.859e-02	7.853e-02	1.929e-01	1.405e-01	2.755e-01	2.043e-01	1.694e-01	2.261e-01	6.598e-02	4.695e-02	1.777e-01
3.600e+04	9.348e-02	8.122e-02	1.698e-01	3.317e-02	1.859e-02	7.853e-02	1.929e-01	1.405e-01	2.755e-01	2.043e-01	1.694e-01	2.261e-01	6.598e-02	4.695e-02	1.777e-01
3.610e+04	9.348e-02	8.122e-02	1.698e-01	3.317e-02	1.859e-02	7.853e-02	1.929e-01	1.405e-01	2.755e-01	2.043e-01	1.694e-01	2.261e-01	6.598e-02	4.695e-02	1.777e-01
3.620e+04	9.348e-02	8.122e-02	1.698e-01	3.317e-02	1.859e-02	7.853e-02	1.929e-01	1.405e-01	2.755e-01	2.043e-01	1.694e-01	2.261e-01	6.598e-02	4.695e-02	1.777e-01
3.630e+04	9.348e-02	8.122e-02	1.698e-01	3.317e-02	1.859e-02	7.853e-02	1.929e-01	1.405e-01	2.456e-01	2.043e-01	1.694e-01	2.282e-01	6.598e-02	4.695e-02	1.777e-01
3.640e+04	9.348e-02	8.122e-02	1.698e-01	3.317e-02	1.859e-02	7.853e-02	1.929e-01	1.405e-01	2.456e-01	2.043e-01	1.694e-01	2.282e-01	6.598e-02	4.695e-02	1.777e-01
3.650e+04	9.348e-02	8.122e-02	1.698e-01	3.317e-02	1.859e-02	7.853e-02	1.929e-01	1.405e-01	2.456e-01	2.043e-01	1.694e-01	2.282e-01	6.598e-02	4.695e-02	1.777e-01
3.660e+04	9.348e-02	8.122e-02	1.698e-01	3.317e-02	1.859e-02	7.853e-02	1.929e-01	1.405e-01	2.456e-01	2.043e-01	1.694e-01	2.282e-01	6.598e-02	4.729e-02	1.777e-01
3.670e+04	9.305e-02	8.122e-02	1.687e-01	3.317e-02	1.859e-02	7.853e-02	1.929e-01	1.405e-01	2.456e-01	2.043e-01	1.694e-01	2.282e-01	6.598e-02	4.729e-02	1.777e-01
3.680e+04	9.305e-02	8.122e-02	1.687e-01	3.317e-02	1.859e-02	7.853e-02	1.929e-01	1.405e-01	2.456e-01	2.043e-01	1.694e-01	2.282e-01	6.598e-02	4.729e-02	1.777e-01
3.690e+04	9.305e-02	8.122e-02	1.687e-01	3.317e-02	1.859e-02	7.853e-02	1.929e-01	1.405e-01	2.456e-01	2.043e-01	1.694e-01	2.282e-01	6.598e-02	4.729e-02	1.777e-01
3.700e+04	9.305e-02	8.122e-02	1.687e-01	3.317e-02	1.859e-02	7.853e-02	1.929e-01	1.405e-01	2.456e-01	2.043e-01	1.694e-01	2.282e-01	6.543e-02	4.729e-02	1.699e-01
3.710e+04	9.305e-02	8.122e-02	1.687e-01	3.317e-02	1.859e-02	7.853e-02	1.929e-01	1.405e-01	2.456e-01	2.043e-01	1.694e-01	2.282e-01	6.543e-02	4.729e-02	1.699e-01
3.720e+04	9.305e-02	8.122e-02	1.687e-01	3.317e-02	1.859e-02	9.282e-02	1.905e-01	1.405e-01	2.456e-01	2.043e-01	1.694e-01	2.282e-01	6.598e-02	4.729e-02	1.699e-01
3.730e+04	9.305e-02	8.122e-02	1.687e-01	3.317e-02	1.859e-02	9.282e-02	1.905e-01	1.405e-01	2.456e-01	2.043e-01	1.694e-01	2.282e-01	6.598e-02	4.729e-02	1.699e-01
3.740e+04	9.305e-02	8.122e-02	1.687e-01	3.317e-02	1.859e-02	9.282e-02	1.905e-01	1.405e-01	2.456e-01	2.043e-01	1.694e-01	2.282e-01	6.598e-02	4.729e-02	1.699e-01
3.750e+04	9.305e-02	8.122e-02	1.687e-01	3.317e-02	1.859e-02	9.282e-02	1.905e-01	1.405e-01	2.456e-01	1.920e-01	1.618e-01	2.261e-01	6.598e-02	4.729e-02	1.699e-01
3.760e+04	9.305e-02	8.122e-02	1.687e-01	3.317e-02	1.859e-02	9.282e-02	1.905e-01	1.405e-01	2.456e-01	1.920e-01	1.618e-01	2.261e-01	6.598e-02	4.729e-02	1.699e-01
3.770e+04	9.305e-02	8.122e-02	1.687e-01	3.317e-02	1.859e-02	9.282e-02	1.929e-01	1.547e-01	2.755e-01	2.043e-01	1.618e-01	2.282e-01	6.598e-02	4.729e-02	1.699e-01
3.780e+04	9.305e-02	8.122e-02	1.687e-01	3.317e-02	1.859e-02	9.282e-02	2.088e-01	1.547e-01	2.755e-01	2.043e-01	1.683e-01	2.282e-01	6.598e-02	4.729e-02	1.699e-01
3.790e+04	9.305e-02	8.122e-02	1.687e-01	3.317e-02	1.859e-02	9.282e-02	2.088e-01	1.547e-01	2.755e-01	2.043e-01	1.683e-01	2.266e-01	6.598e-02	4.729e-02	1.699e-01
3.800e+04	9.305e-02	8.122e-02	1.687e-01	3.317e-02	1.859e-02	9.282e-02	2.088e-01	1.547e-01	2.755e-01	2.043e-01	1.683e-01	2.266e-01	6.598e-02	4.729e-02	1.699e-01
3.810e+04	9.305e-02	8.122e-02	1.687e-01	3.317e-02	1.859e-02	9.282e-02	2.088e-01	1.547e-01	2.755e-01	2.043e-01	1.683e-01	2.266e-01	6.598e-02	4.729e-02	1.699e-01
3.820e+04	9.305e-02	8.122e-02	1.687e-01	3.317e-02	1.859e-02	9.282e-02	2.088e-01	1.547e-01	2.755e-01	2.043e-01	1.683e-01	2.266e-01	6.598e-02	4.729e-02	1.699e-01
3.830e+04	9.305e-02	8.122e-02	1.687e-01	3.317e-02	1.859e-02	9.282e-02	2.088e-01	1.547e-01	2.755e-01	2.043e-01	1.683e-01	2.266e-01	8.582e-02	4.742e-02	1.699e-01
3.840e+04	9.305e-02	8.122e-02	1.687e-01	3.317e-02	1.859e-02	9.282e-02	2.088e-01	1.547e-01	2.755e-01	2.043e-01	1.683e-01	2.266e-01	8.582e-02	4.742e-02	1.699e-01
3.850e+04	9.305e-02	8.122e-02	1.687e-01	3.317e-02	1.859e-02	9.282e-02	2.088e-01	1.547e-01	2.755e-01	2.043e-01	1.694e-01	2.266e-01	8.582e-02	4.742e-02	1.699e-01
3.860e+04	9.305e-02	8.122e-02	1.687e-01	3.317e-02	1.859e-02	9.282e-02	2.088e-01	1.547e-01	2.755e-01	2.101e-01	1.618e-01	2.282e-01	8.582e-02	4.742e-02	1.699e-01
3.870e+04	9.305e-02	8.122e-02	1.687e-01	3.317e-02	1.859e-02	9.282e-02	2.088e-01	1.547e-01	2.755e-01	2.101e-01	1.618e-01	2.282e-01	8.582e-02	4.742e-02	1.699e-01
3.880e+04	9.305e-02	8.122e-02	1.687e-01	3.317e-02	1.859e-02	9.282e-02	2.088e-01	1.547e-01	2.755e-01	2.101e-01	1.618e-01	2.282e-01	8.582e-02	4.742e-02	1.699e-01
3.890e+04	9.305e-02	8.122e-02	1.687e-01	3.317e-02	1.859e-02	9.282e-02	2.088e-01	1.547e-01	2.755e-01	2.076e-01	1.618e-01	2.266e-01	8.857e-02	4.742e-02	1.777e-01
3.900e+04	9.305e-02	8.122e-02	1.687e-01	3.317e-02	1.859e-02	9.282e-02	2.088e-01	1.547e-01	2.755e-01	2.076e-01	1.618e-01	2.266e-01	8.857e-02	4.742e-02	1.777e-01
3.910e+04	9.305e-02	8.122e-02	1.687e-01	3.317e-02	1.859e-02	9.282e-02	2.088e-01	1.547e-01	2.755e-01	2.076e-01	1.618e-01	2.266e-01	8.857e-02	4.742e-02	1.777e-01
3.920e+04	9.305e-02	8.122e-02	1.621e-01	3.317e-02	1.859e-02	9.282e-02	2.088e-01	1.547e-01	2.755e-01	2.076e-01	1.618e-01	2.261e-01	8.857e-02	4.742e-02	1.777e-01
3.930e+04	9.305e-02	8.122e-02	1.621e-01	3.317e-02	1.859e-02	9.282e-02	2.088e-01	1.547e-01	2.755e-01	2.076e-01	1.618e-01	2.261e-01	8.947e-02	4.742e-02	2.146e-01
3.940e+04	9.305e-02	8.122e-02	1.621e-01	3.317e-02	1.859e-02	9.282e-02	2.088e-01	1.547e-01	2.794e-01	2.101e-01	1.618e-01	2.266e-01	8.857e-02	4.729e-02	1.777e-01
3.950e+04	9.305e-02	8.122e-02	1.621e-01	3.317e-02	1.859e-02	9.282e-02	2.088e-01	1.547e-01	2.794e-01	2.101e-01	1.618e-01	2.266e-01	8.857e-02	4.729e-02	1.699e-01
3.960e+04	9.305e-02	8.122e-02	1.621e-01	3.317e-02	1.859e-02	9.282e-02	2.116e-01	1.547e-01	2.794e-01	2.101e-01	1.618e-01	2.266e-01	8.857e-02	4.729e-02	1.699e-01
3.970e+04	9.305e-02	8.122e-02	1.621e-01	3.317e-02	1.859e-02	9.282e-02	2.116e-01	1.547e-01	2.794e-01	2.101e-01	1.618e-01	2.336e-01	8.857e-02	4.729e-02	1.699e-01
3.980e+04	9.305e-02	8.122e-02	1.621e-01	3.317e-02	1.859e-02	9.282e-02	2.116e-01	1.547e-01	2.794e-01	2.101e-01	1.618e-01	2.336e-01	8.857e-02	4.729e-02	1.699e-01
3.990e+04	9.305e-02	8.122e-02	1.621e-01	3.317e-02	1.859e-02	9.282e-02	2.116e-01	1.547e-01	2.794e-01	2.101e-01	1.618e-01	2.336e-01	8.857e-02	4.729e-02	1.699e-01
4.000e+04	9.305e-02	8.122e-02	1.621e-01	3.317e-02	1.859e-02	9.282e-02	2.116e-01	1.547e-01	2.794e-01	2.101e-01	1.618e-01	2.336e-01	8.857e-02	4.729e-02	1.699e-01
4.010e+04	9.305e-02	8.122e-02	1.621e-01	3.317e-02	1.859e-02	9.282e-02	2.116e-01	1.547e-01	2.794e-01	2.101e-01	1.618e-01	2.336e-01	8.857e-02	4.729e-02	1.699e-01
4.020e+04	9.305e-02	8.122e-02	1.621e-01	3.317e-02	1.859e-02	9.282e-02	2.116e-01	1.547e-01	2.794e-01	2.101e-01	1.618e-01	2.336e-01	8.857e-02	4.729e-02	1.699e-01
4.030e+04	9.305e-02	8.122e-02	1.621e-01	3.317e-02	1.859e-02	9.282e-02	2.116e-01	1.547e-01	2.794e-01	2.101e-01	1.618e-01	2.336e-01	8.857e-02	4.729e-02	1.699e-01
4.040e+04	9.305e-02	8.122e-02	1.621e-01	3.317e-02	1.859e-02	9.282e-02	2.116e-01	1.547e-01	2.794e-01	2.101e-01	1.618e-01	2.336e-01	8.857e-02	4.729e-02	1.699e-01
4.050e+04	9.305e-02	8.122e-02	1.621e-01	3.317e-02	1.859e-02	9.282e-02	2.116e-01	1.547e-01	2.794e-01	2.101e-01	1.618e-01	2.336e-01	7.924e-02	4.729e-02	1.699e-01
4.060e+04	9.305e-02	8.122e-02	1.621e-01	3.317e-02	1.859e-02	9.282e-02	2.116e-01	1.547e-01	2.794e-01	2.101e-01	1.618e-01	2.336e-01	8.857e-02	4.729e-02	1.794e-01
4.070e+04	9.305e-02	8.122e-02	1.621e-01	3.317e-02	1.859e-02	9.282e-02	2.116e-01	1.547e-01	2.794e-01	2.101e-01	1.618e-01	2.336e-01	8.947e-02	4.742e-02	2.042e-01
4.080e+04	9.305e-02	8.122e-02	1.621e-01	3.317e-02	1.859e-02	9.282e-02	2.116e-01	1.547e-01	2.794e-01	1.920e-01	1.618e-01	2.261e-01	8.947e-02	4.742e-02	2.042e-01
4.090e+04	9.305e-02	8.122e-02	1.621e-01	3.317e-02	1.859e-02	8.095e-02	2.116e-01	1.547e-01	2.794e-01	2.043e-01	1.618e-01	2.261e-01	8.947e-02	4.742e-02	2.042e-01
4.100e+04	9.305e-02	8.122e-02	1.621e-01	3.317e-02	1.859e-02	8.095e-02	2.116e-01	1.547e-01	2.794e-01	2.043e-01	1.618e-01	2.261e-01	8.947e-02	4.742e-02	2.042e-01
4.110e+04	9.305e-02	8.122e-02	1.621e-01	3.317e-02	1.859e-02	8.095e-02	2.116e-01	1.547e-01	2.794e-01	2.043e-01	1.618e-01	2.261e-01	8.947e-02	4.742e-02	2.042e-01
4.120e+04	9.305e-02	8.122e-02	1.621e-01	3.317e-02	1.859e-02	8.095e-02	2.116e-01	1.547e-01	2.794e-01	2.043e-01	1.618e-01	2.261e-01	8.947e-02	4.742e-02	2.042e-01
4.130e+04	9.305e-02	8.122e-02	1.621e-01	3.317e-02	1.859e-02	8.095e-02	2.116e-01	1.547e-01	2.794e-01	2.101e-01	1.618e-01	2.266e-01	8.857e-02	4.742e-02	2.042e-01
4.140e+04	9.305e-02	8.122e-02	1.621e-01	3.317e-02	1.859e-02	8.095e-02	2.116e-01	1.547e-01	2.794e-01	2.105e-01	1.618e-01	2.266e-01	8.857e-02	4.839e-02	2.042e-01
4.150e+04	9.305e-02	8.122e-02	1.621e-01	3.317e-02	1.859e-02	8.095e-02	2.116e-01	1.547e-01	2.794e-01	2.105e-01	1.618e-01	2.266e-01	8.857e-02	4.839e-02	2.042e-01
4.160e+04	9.305e-02	8.122e-02	1.621e-01	3.852e-02	2.044e-02	8.095e-02	2.116e-01	1.547e-01	2.794e-01	2.105e-01	1.618e-01	2.266e-01	8.857e-02	4.839e-02	2.042e-01
4.170e+04	9.305e-02	8.122e-02	1.621e-01	3.852e-02	2.044e-02	8.095e-02	2.116e-01	1.547e-01	2.794e-01	2.105e-01	1.618e-01	2.266e-01	9.130e-02	4.839e-02	2.042e-01
4.180e+04	9.305e-02	8.122e-02	1.621e-01	3.852e-02	2.044e-02	8.095e-02	2.088e-01	1.547e-01	2.794e-01	2.105e-01	1.618e-01	2.266e-01	9.130e-02	4.839e-02	2.042e-01
4.190e+04	9.305e-02	8.122e-02	1.621e-01	3.852e-02	2.044e-02	8.095e-02	2.088e-01	1.547e-01	2.794e-01	2.105e-01	1.618e-01	2.266e-01	8.947e-02	4.839e-02	2.042e-01
4.200e+04	9.305e-02	8.122e-02	1.621e-01	3.852e-02	1.859e-02	7.853e-02	2.088e-01	1.547e-01	2.794e-01	2.105e-01	1.618e-01	2.266e-01	8.947e-02	4.839e-02	2.042e-01
4.210e+04	9.305e-02	8.122e-02	1.621e-01	3.852e-02	1.859e-02	7.853e-02	2.088e-01	1.547e-01	2.794e-01	2.105e-01	1.618e-01	2.266e-01	8.947e-02	4.839e-02	2.042e-01
4.220e+04	9.305e-02	8.122e-02	1.621e-01	3.852e-02	1.859e-02	7.853e-02	2.088e-01	1.547e-01	2.794e-01	2.105e-01	1.618e-01	2.266e-01	8.947e-02	4.839e-02	1.794e-01
4.230e+04	9.305e-02	8.122e-02	1.621e-01	3.852e-02	1.859e-02	7.853e-02	2.088e-01	1.547e-01	2.794e-01	2.105e-01	1.618e-01	2.266e-01	8.947e-02	4.839e-02	1.794e-01
4.240e+04	9.305e-02	8.122e-02	1.621e-01	3.852e-02	1.859e-02	7.853e-02	2.088e-01	1.547e-01	2.794e-01	2.105e-01	1.618e-01	2.266e-01	8.947e-02	4.839e-02	1.794e-01
4.250e+04	9.305e-02	8.122e-02	1.621e-01	3.852e-02	1.859e-02	7.853e-02	2.088e-01	1.547e-01	2.755e-01	2.105e-01	1.618e-01	2.266e-01	8.947e-02	4.839e-02	1.794e-01
4.260e+04	9.305e-02	8.122e-02	1.621e-01	3.852e-02	1.859e-02	7.853e-02	2.088e-01	1.547e-01	2.755e-01	2.105e-01	1.618e-01	2.266e-01	8.947e-02	4.839e-02	1.794e-01
4.270e+04	9.305e-02	8.122e-02	1.621e-01	3.852e-02	1.859e-02	7.853e-02	2.088e-01	1.547e-01	2.755e-01	2.105e-01	1.618e-01	2.266e-01	8.947e-02	4.839e-02	1.794e-01
4.280e+04	9.305e-02	8.122e-02	1.621e-01	3.852e-02	1.859e-02	7.853e-02	1.941e-01	1.547e-01	2.755e-01	2.105e-01	1.618e-01	2.266e-01	8.947e-02	4.839e-02	1.794e-01
4.290e+04	9.305e-02	8.122e-02	1.621e-01	3.852e-02	1.859e-02	7.853e-02	1.941e-01	1.547e-01	2.755e-01	2.105e-01	1.618e-01	2.336e-01	8.947e-02	4.839e-02	1.794e-01
4.300e+04	9.305e-02	8.122e-02	1.621e-01	3.852e-02	1.859e-02	7.853e-02	1.941e-01	1.547e-01	2.755e-01	2.105e-01	1.618e-01	2.336e-01	8.947e-02	4.839e-02	1.794e-01
4.310e+04	9.305e-02	8.122e-02	1.621e-01	3.852e-02	2.044e-02	7.853e-02	1.941e-01	1.547e-01	2.755e-01	2.105e-01	1.618e-01	2.336e-01	8.947e-02	4.839e-02	1.794e-01
4.320e+04	9.305e-02	8.122e-02	1.621e-01	3.852e-02	2.044e-02	7.853e-02	1.941e-01	1.547e-01	2.755e-01	2.105e-01	1.618e-01	2.336e-01	8.947e-02	4.839e-02	1.794e-01
4.330e+04	9.305e-02	8.122e-02	1.621e-01	3.852e-02	2.044e-02	7.853e-02	1.941e-01	1.547e-01	2.755e-01	2.105e-01	1.618e-01	2.336e-01	8.947e-02	4.839e-02	1.794e-01
4.340e+04	9.305e-02	8.122e-02	1.621e-01	3.852e-02	2.044e-02	7.853e-02	1.941e-01	1.547e-01	2.755e-01	2.105e-01	1.618e-01	2.336e-01	8.947e-02	4.839e-02	1.794e-01
4.350e+04	9.305e-02	8.122e-02	1.621e-01	3.852e-02	2.044e-02	7.853e-02	1.941e-01	1.547e-01	2.755e-01	2.105e-01	1.618e-01	2.336e-01	8.947e-02	4.839e-02	1.794e-01
4.360e+04	9.305e-02	8.122e-02	1.621e-01	3.852e-02	2.044e-02	7.853e-02	1.941e-01	1.547e-01	2.755e-01	2.105e-01	1.618e-01	2.336e-01	8.947e-02	4.839e-02	1.794e-01
4.370e+04	9.305e-02	8.122e-02	1.621e-01	3.852e-02	2.044e-02	7.853e-02	1.941e-01	1.547e-01	2.755e-01	2.105e-01	1.618e-01	2.336e-01	8.947e-02	4.839e-02	1.699e-01
4.380e+04	9.305e-02	8.122e-02	1.621e-01	3.852e-02	2.044e-02	7.853e-02	1.941e-01	1.547e-01	2.755e-01	2.105e-01	1.618e-01	2.396e-01	8.947e-02	4.839e-02	1.699e-01
4.390e+04	9.305e-02	8.122e-02	1.621e-01	3.852e-02	2.044e-02	7.853e-02	1.941e-01	1.547e-01	2.755e-01	2.105e-01	1.618e-01	2.411e-01	8.947e-02	4.839e-02	1.699e-01
4.400e+04	9.305e-02	8.122e-02	1.621e-01	3.852e-02	2.044e-02	7.853e-02	1.941e-01	1.547e-01	2.755e-01	2.101e-01	1.593e-01	2.411e-01	8.947e-02	4.839e-02	1.794e-01
4.410e+04	9.305e-02	8.122e-02	1.621e-01	3.852e-02	2.044e-02	7.853e-02	1.941e-01	1.547e-01	2.755e-01	2.101e-01	1.593e-01	2.411e-01	8.947e-02	4.839e-02	1.794e-01
4.420e+04	9.305e-02	8.122e-02	1.621e-01	3.852e-02	2.044e-02	7.853e-02	1.941e-01	1.547e-01	2.755e-01	2.101e-01	1.593e-01	2.411e-01	8.947e-02	4.839e-02	1.794e-01
4.430e+04	9.305e-02	8.122e-02	1.621e-01	3.317e-02	2.044e-02	7.853e-02	1.941e-01	1.547e-01	2.755e-01	2.101e-01	1.593e-01	2.411e-01	8.947e-02	4.839e-02	1.794e-01
4.440e+04	9.305e-02	8.122e-02	1.621e-01	3.317e-02	2.044e-02	7.853e-02	1.941e-01	1.547e-01	2.755e-01	2.101e-01	1.593e-01	2.411e-01	8.947e-02	4.839e-02	1.794e-01
4.450e+04	9.305e-02	8.122e-02	1.621e-01	3.317e-02	2.044e-02	7.853e-02	1.941e-01	1.547e-01	2.755e-01	2.101e-01	1.593e-01	2.411e-01	8.947e-02	4.839e-02	1.794e-01
4.460e+04	9.305e-02	8.122e-02	1.621e-01	3.317e-02	2.044e-02	7.853e-02	1.941e-01	1.547e-01	2.755e-01	2.101e-01	1.593e-01	2.411e-01	8.947e-02	4.839e-02	1.794e-01
4.470e+04	9.305e-02	8.122e-02	1.621e-01	3.317e-02	2.044e-02	7.853e-02	1.941e-01	1.547e-01	2.755e-01	2.101e-01	1.593e-01	2.411e-01	8.947e-02	4.839e-02	1.794e-01
4.480e+04	9.305e-02	8.122e-02	1.621e-01	3.317e-02	2.044e-02	7.853e-02	1.941e-01	1.547e-01	2.755e-01	2.101e-01	1.593e-01	2.411e-01	8.947e-02	4.839e-02	1.794e-01
4.490e+04	9.305e-02	8.122e-02	1.621e-01	3.317e-02	2.044e-02	7.853e-02	1.941e-01	1.547e-01	2.755e-01	2.101e-01	1.593e-01	2.411e-01	8.947e-02	4.839e-02	1.794e-01
4.500e+04	9.305e-02	8.122e-02	1.621e-01	3.317e-02	2.044e-02	7.853e-02	1.941e-01	1.547e-01	2.755e-01	2.101e-01	1.593e-01	2.431e-01	8.947e-02	4.839e-02	1.794e-01
4.510e+04	9.305e-02	8.122e-02	1.621e-01	3.317e-02	2.044e-02	7.853e-02	1.941e-01	1.547e-01	2.755e-01	2.101e-01	1.593e-01	2.431e-01	8.947e-02	4.839e-02	1.794e-01
4.520e+04	9.305e-02	8.122e-02	1.621e-01	3.317e-02	2.044e-02	7.853e-02	1.941e-01	1.547e-01	2.755e-01	2.101e-01	1.593e-01	2.431e-01	8.947e-02	4.839e-02	1.794e-01
4.530e+04	9.305e-02	8.122e-02	1.621e-01	3.317e-02	2.044e-02	7.853e-02	1.941e-01	1.547e-01	2.755e-01	2.101e-01	1.593e-01	2.431e-01	8.947e-02	4.839e-02	1.794e-01
4.540e+04	9.305e-02	8.122e-02	1.621e-01	3.317e-02	2.044e-02	7.853e-02	1.941e-01	1.547e-01	2.755e-01	2.139e-01	1.593e-01	2.431e-01	8.947e-02	4.839e-02	1.794e-01
4.550e+04	9.305e-02	8.122e-02	1.621e-01	3.317e-02	2.044e-02	8.095e-02	1.941e-01	1.547e-01	2.755e-01	2.139e-01	1.593e-01	2.431e-01	8.947e-02	4.839e-02	1.794e-01
4.560e+04	9.305e-02	8.122e-02	1.621e-01	3.317e-02	2.044e-02	8.095e-02	1.941e-01	1.547e-01	2.755e-01	2.139e-01	1.593e-01	2.431e-01	8.947e-02	4.839e-02	1.794e-01
4.570e+04	9.305e-02	8.122e-02	1.621e-01	3.317e-02	2.044e-02	8.095e-02	1.941e-01	1.547e-01	2.755e-01	2.139e-01	1.593e-01	2.431e-01	8.947e-02	4.839e-02	1.794e-01
4.580e+04	9.305e-02	8.122e-02	1.621e-01	3.317e-02	2.044e-02	8.095e-02	1.941e-01	1.547e-01	2.755e-01	2.139e-01	1.593e-01	2.431e-01	8.947e-02	4.839e-02	1.794e-01
4.590e+04	9.305e-02	8.122e-02	1.621e-01	3.317e-02	2.044e-02	8.095e-02	1.941e-01	1.547e-01	2.755e-01	2.139e-01	1.593e-01	2.431e-01	8.947e-02	4.839e-02	1.794e-01
4.600e+04	9.305e-02	8.122e-02	1.621e-01	3.317e-02	2.044e-02	8.095e-02	1.941e-01	1.547e-01	2.794e-01	2.139e-01	1.593e-01	2.431e-01	8.947e-02	4.839e-02	1.794e-01
4.610e+04	9.305e-02	8.122e-02	1.621e-01	3.317e-02	2.044e-02	8.095e-02	1.941e-01	1.547e-01	2.794e-01	2.139e-01	1.593e-01	2.431e-01	8.947e-02	4.839e-02	1.794e-01
4.620e+04	9.305e-02	8.122e-02	1.621e-01	3.317e-02	2.044e-02	8.095e-02	1.941e-01	1.547e-01	2.794e-01	2.139e-01	1.593e-01	2.431e-01	8.947e-02	4.839e-02	1.794e-01
4.630e+04	9.305e-02	8.122e-02	1.621e-01	3.317e-02	2.044e-02	8.095e-02	1.941e-01	1.547e-01	2.794e-01	2.139e-01	1.593e-01	2.431e-01	8.947e-02	4.839e-02	1.794e-01
4.640e+04	9.305e-02	8.122e-02	1.621e-01	3.317e-02	2.044e-02	8.095e-02	1.941e-01	1.547e-01	2.794e-01	2.154e-01	1.593e-01	2.431e-01	8.947e-02	4.839e-02	1.794e-01
4.650e+04	9.305e-02	8.122e-02	1.621e-01	3.317e-02	2.044e-02	8.095e-02	2.034e-01	1.547e-01	2.794e-01	2.154e-01	1.593e-01	2.431e-01	8.947e-02	4.839e-02	1.794e-01
4.660e+04	9.305e-02	8.122e-02	1.621e-01	3.317e-02	2.044e-02	8.095e-02	2.034e-01	1.547e-01	2.794e-01	2.139e-01	1.593e-01	2.411e-01	8.947e-02	4.839e-02	1.794e-01
4.670e+04	9.305e-02	8.122e-02	1.621e-01	3.317e-02	2.044e-02	8.095e-02	2.034e-01	1.547e-01	2.794e-01	2.139e-01	1.593e-01	2.411e-01	8.947e-02	4.839e-02	1.794e-01
4.680e+04	9.305e-02	8.122e-02	1.621e-01	3.317e-02	2.044e-02	8.095e-02	2.034e-01	1.547e-01	2.794e-01	2.101e-01	1.593e-01	2.411e-01	8.947e-02	4.839e-02	1.794e-01
4.690e+04	9.305e-02	8.122e-02	1.621e-01	3.317e-02	2.044e-02	8.095e-02	2.034e-01	1.547e-01	2.794e-01	2.101e-01	1.593e-01	2.411e-01	8.947e-02	4.839e-02	2.146e-01
4.700e+04	9.305e-02	8.122e-02	1.621e-01	3.317e-02	2.044e-02	8.095e-02	2.034e-01	1.547e-01	2.794e-01	2.101e-01	1.593e-01	2.411e-01	8.947e-02	4.839e-02	2.146e-01
4.710e+04	9.305e-02	8.122e-02	1.621e-01	3.317e-02	2.044e-02	8.095e-02	2.034e-01	1.547e-01	2.794e-01	2.101e-01	1.593e-01	2.411e-01	8.947e-02	4.839e-02	2.146e-01
4.720e+04	9.305e-02	8.122e-02	1.621e-01	3.317e-02	2.044e-02	7.853e-02	2.034e-01	1.547e-01	2.794e-01	2.139e-01	1.593e-01	2.411e-01	8.947e-02	4.839e-02	2.146e-01
4.730e+04	9.305e-02	8.122e-02	1.621e-01	3.317e-02	2.044e-02	7.853e-02	2.034e-01	1.547e-01	2.794e-01	2.139e-01	1.593e-01	2.411e-01	8.947e-02	4.839e-02	2.212e-01
4.740e+04	9.305e-02	8.122e-02	1.621e-01	3.317e-02	2.044e-02	7.853e-02	2.034e-01	1.547e-01	2.794e-01	2.139e-01	1.593e-01	2.411e-01	8.947e-02	4.839e-02	2.212e-01
4.750e+04	9.305e-02	8.122e-02	1.621e-01	3.317e-02	2.044e-02	7.853e-02	2.034e-01	1.547e-01	2.794e-01	2.139e-01	1.593e-01	2.411e-01	8.947e-02	4.839e-02	2.146e-01
4.760e+04	9.305e-02	8.122e-02	1.621e-01	3.317e-02	2.044e-02	7.853e-02	1.951e-01	1.547e-01	2.794e-01	2.139e-01	1.593e-01	2.411e-01	8.947e-02	4.839e-02	2.146e-01
4.770e+04	9.305e-02	8.122e-02	1.621e-01	3.317e-02	2.044e-02	7.853e-02	1.941e-01	1.547e-01	2.794e-01	2.101e-01	1.593e-01	2.411e-01	8.947e-02	4.839e-02	2.146e-01
4.780e+04	9.305e-02	8.122e-02	1.621e-01	3.317e-02	2.044e-02	7.853e-02	2.034e-01	1.547e-01	2.794e-01	2.101e-01	1.593e-01	2.411e-01	8.947e-02	4.839e-02	2.146e-01
4.790e+04	9.305e-02	8.122e-02	1.621e-01	3.317e-02	2.044e-02	7.853e-02	2.094e-01	1.547e-01	2.794e-01	2.101e-01	1.593e-01	2.411e-01	8.947e-02	4.839e-02	2.146e-01
4.800e+04	9.305e-02	8.122e-02	1.621e-01	3.317e-02	2.044e-02	7.853e-02	2.094e-01	1.547e-01	2.794e-01	2.101e-01	1.618e-01	2.411e-01	8.947e-02	4.839e-02	2.146e-01
4.810e+04	9.305e-02	8.122e-02	1.621e-01	3.317e-02	2.044e-02	7.853e-02	2.094e-01	1.547e-01	2.794e-01	2.101e-01	1.618e-01	2.411e-01	8.947e-02	4.839e-02	2.146e-01
4.820e+04	9.305e-02	8.122e-02	1.621e-01	3.317e-02	2.044e-02	7.853e-02	2.094e-01	1.547e-01	2.853e-01	2.139e-01	1.618e-01	2.431e-01	8.947e-02	4.839e-02	2.146e-01
4.830e+04	9.305e-02	8.122e-02	1.621e-01	3.317e-02	2.044e-02	7.853e-02	2.094e-01	1.547e-01	2.853e-01	2.139e-01	1.618e-01	2.431e-01	8.947e-02	4.839e-02	2.146e-01
4.840e+04	9.305e-02	8.122e-02	1.621e-01	3.317e-02	2.044e-02	7.853e-02	2.094e-01	1.547e-01	2.853e-01	2.139e-01	1.618e-01	2.431e-01	8.947e-02	4.839e-02	2.146e-01
4.850e+04	9.305e-02	8.122e-02	1.621e-01	3.317e-02	2.044e-02	7.853e-02	2.094e-01	1.547e-01	2.853e-01	2.139e-01	1.618e-01	2.431e-01	8.947e-02	4.839e-02	2.146e-01
4.860e+04	9.305e-02	8.122e-02	1.621e-01	3.317e-02	2.044e-02	7.853e-02	2.094e-01	1.547e-01	2.853e-01	2.139e-01	1.618e-01	2.431e-01	8.947e-02	4.839e-02	2.146e-01
4.870e+04	9.305e-02	8.122e-02	1.621e-01	3.317e-02	2.044e-02	7.853e-02	2.094e-01	1.547e-01	2.853e-01	2.139e-01	1.618e-01	2.431e-01	8.947e-02	4.839e-02	2.146e-01
4.880e+04	9.305e-02	8.122e-02	1.621e-01	3.310e-02	1.859e-02	7.586e-02	2.094e-01	1.547e-01	2.853e-01	2.139e-01	1.618e-01	2.431e-01	8.947e-02	4.839e-02	2.146e-01
4.890e+04	9.305e-02	8.122e-02	1.621e-01	3.310e-02	1.859e-02	7.586e-02	2.094e-01	1.547e-01	2.853e-01	2.139e-01	1.618e-01	2.431e-01	8.947e-02	4.839e-02	2.146e-01
4.900e+04	9.305e-02	8.122e-02	1.621e-01	3.310e-02	1.859e-02	7.586e-02	2.094e-01	1.547e-01	2.853e-01	2.139e-01	1.618e-01	2.431e-01	8.947e-02	4.839e-02	2.146e-01
4.910e+04	9.305e-02	8.122e-02	1.621e-01	3.310e-02	1.859e-02	7.586e-02	2.066e-01	1.547e-01	2.853e-01	2.139e-01	1.618e-01	2.431e-01	8.947e-02	4.839e-02	2.146e-01
4.920e+04	9.305e-02	8.122e-02	1.621e-01	3.310e-02	1.859e-02	7.586e-02	2.066e-01	1.547e-01	2.853e-01	2.139e-01	1.618e-01	2.431e-01	8.947e-02	4.839e-02	2.146e-01
4.930e+04	9.305e-02	8.122e-02	1.621e-01	3.310e-02	1.859e-02	7.586e-02	2.066e-01	1.547e-01	2.853e-01	2.101e-01	1.618e-01	2.431e-01	8.947e-02	4.839e-02	2.146e-01
4.940e+04	9.305e-02	8.122e-02	1.621e-01	3.310e-02	1.859e-02	7.586e-02	2.066e-01	1.547e-01	2.853e-01	2.101e-01	1.618e-01	2.431e-01	8.947e-02	4.839e-02	2.146e-01
4.950e+04	9.305e-02	8.122e-02	1.621e-01	3.298e-02	1.614e-02	7.419e-02	2.066e-01	1.547e-01	2.853e-01	2.101e-01	1.618e-01	2.431e-01	8.947e-02	4.839e-02	2.146e-01
4.960e+04	9.305e-02	8.122e-02	1.621e-01	3.294e-02	1.614e-02	6.073e-02	1.941e-01	1.547e-01	2.794e-01	2.101e-01	1.618e-01	2.431e-01	8.947e-02	4.839e-02	2.146e-01
4.970e+04	9.305e-02	8.122e-02	1.621e-01	3.294e-02	1.614e-02	6.073e-02	1.965e-01	1.547e-01	2.794e-01	1.977e-01	1.593e-01	2.431e-01	8.947e-02	4.839e-02	2.146e-01
4.980e+04	9.305e-02	8.122e-02	1.621e-01	3.294e-02	1.614e-02	6.073e-02	1.965e-01	1.547e-01	2.794e-01	1.977e-01	1.593e-01	2.431e-01	8.947e-02	4.839e-02	2.146e-01
4.990e+04	9.305e-02	8.122e-02	1.621e-01	3.294e-02	1.614e-02	6.073e-02	1.965e-01	1.547e-01	2.794e-01	1.977e-01	1.593e-01	2.431e-01	8.947e-02	4.839e-02	2.146e-01
5.000e+04	9.305e-02	8.122e-02	1.621e-01	3.294e-02	1.614e-02	6.073e-02	1.965e-01	1.547e-01	2.794e-01	1.977e-01	1.593e-01	2.431e-01	8.947e-02	4.839e-02	2.146e-01
