n.evals.q.1.0.	mopm._.me.hebbian.network.best.quality.maturePerformance	mopm._.me.hebbian.network.best.quality.maturePerformance.min	mopm._.me.hebbian.network.best.quality.maturePerformance.max	mopm._.me.hebbian.layer.best.quality.maturePerformance	mopm._.me.hebbian.layer.best.quality.maturePerformance.min	mopm._.me.hebbian.layer.best.quality.maturePerformance.max	mopm._.me.hebbian.neuron.best.quality.maturePerformance	mopm._.me.hebbian.neuron.best.quality.maturePerformance.min	mopm._.me.hebbian.neuron.best.quality.maturePerformance.max	mopm._.me.hebbian.synapse.best.quality.maturePerformance	mopm._.me.hebbian.synapse.best.quality.maturePerformance.min	mopm._.me.hebbian.synapse.best.quality.maturePerformance.max	mopm._.me.freeForm.best.quality.maturePerformance	mopm._.me.freeForm.best.quality.maturePerformance.min	mopm._.me.freeForm.best.quality.maturePerformance.max
1.000e+02	4.396e-01	4.340e-01	4.479e-01	4.340e-01	4.340e-01	4.514e-01	4.045e-01	3.559e-01	4.319e-01	3.177e-01	2.875e-01	3.507e-01	4.340e-01	4.340e-01	4.340e-01
2.000e+02	4.479e-01	4.410e-01	4.597e-01	4.528e-01	4.375e-01	4.604e-01	4.635e-01	4.323e-01	5.052e-01	3.882e-01	3.503e-01	4.122e-01	4.340e-01	4.340e-01	4.340e-01
3.000e+02	4.590e-01	4.444e-01	4.653e-01	4.549e-01	4.424e-01	4.618e-01	5.052e-01	4.740e-01	5.104e-01	4.167e-01	3.990e-01	4.361e-01	4.340e-01	4.340e-01	4.354e-01
4.000e+02	4.611e-01	4.514e-01	4.660e-01	4.563e-01	4.514e-01	4.660e-01	5.104e-01	4.983e-01	5.208e-01	4.344e-01	4.069e-01	4.462e-01	4.340e-01	4.340e-01	4.375e-01
5.000e+02	4.639e-01	4.514e-01	4.660e-01	4.618e-01	4.528e-01	4.681e-01	5.118e-01	5.035e-01	5.243e-01	4.712e-01	4.333e-01	4.896e-01	4.340e-01	4.340e-01	4.375e-01
6.000e+02	4.646e-01	4.549e-01	4.674e-01	4.653e-01	4.549e-01	4.694e-01	5.142e-01	5.052e-01	5.295e-01	4.813e-01	4.535e-01	4.955e-01	4.340e-01	4.340e-01	4.410e-01
7.000e+02	4.653e-01	4.549e-01	4.694e-01	4.656e-01	4.604e-01	4.694e-01	5.240e-01	5.104e-01	5.313e-01	4.927e-01	4.566e-01	5.052e-01	4.354e-01	4.340e-01	4.410e-01
8.000e+02	4.653e-01	4.549e-01	4.708e-01	4.667e-01	4.604e-01	4.694e-01	5.264e-01	5.122e-01	5.347e-01	4.962e-01	4.653e-01	5.174e-01	4.354e-01	4.340e-01	4.410e-01
9.000e+02	4.653e-01	4.549e-01	4.715e-01	4.681e-01	4.618e-01	4.708e-01	5.295e-01	5.132e-01	5.382e-01	5.045e-01	4.715e-01	5.191e-01	4.354e-01	4.340e-01	4.417e-01
1.000e+03	4.653e-01	4.576e-01	4.715e-01	4.681e-01	4.625e-01	4.708e-01	5.344e-01	5.142e-01	5.476e-01	5.115e-01	4.816e-01	5.236e-01	4.375e-01	4.340e-01	4.417e-01
1.100e+03	4.674e-01	4.576e-01	4.715e-01	4.681e-01	4.646e-01	4.715e-01	5.347e-01	5.191e-01	5.573e-01	5.115e-01	4.931e-01	5.236e-01	4.375e-01	4.340e-01	4.444e-01
1.200e+03	4.688e-01	4.646e-01	4.729e-01	4.688e-01	4.653e-01	4.736e-01	5.385e-01	5.191e-01	5.573e-01	5.122e-01	5.000e-01	5.299e-01	4.375e-01	4.340e-01	4.479e-01
1.300e+03	4.708e-01	4.646e-01	4.729e-01	4.688e-01	4.653e-01	4.736e-01	5.385e-01	5.191e-01	5.573e-01	5.122e-01	5.045e-01	5.382e-01	4.389e-01	4.340e-01	4.479e-01
1.400e+03	4.708e-01	4.646e-01	4.729e-01	4.691e-01	4.667e-01	4.736e-01	5.385e-01	5.191e-01	5.608e-01	5.208e-01	5.076e-01	5.399e-01	4.410e-01	4.354e-01	4.493e-01
1.500e+03	4.708e-01	4.653e-01	4.729e-01	4.708e-01	4.667e-01	4.750e-01	5.385e-01	5.229e-01	5.618e-01	5.260e-01	5.115e-01	5.469e-01	4.410e-01	4.354e-01	4.493e-01
1.600e+03	4.708e-01	4.653e-01	4.736e-01	4.708e-01	4.667e-01	4.750e-01	5.538e-01	5.229e-01	5.618e-01	5.278e-01	5.156e-01	5.486e-01	4.410e-01	4.354e-01	4.493e-01
1.700e+03	4.715e-01	4.674e-01	4.743e-01	4.708e-01	4.667e-01	4.750e-01	5.538e-01	5.229e-01	5.625e-01	5.347e-01	5.156e-01	5.556e-01	4.417e-01	4.375e-01	4.493e-01
1.800e+03	4.722e-01	4.681e-01	4.750e-01	4.715e-01	4.688e-01	4.750e-01	5.538e-01	5.229e-01	5.628e-01	5.361e-01	5.170e-01	5.608e-01	4.417e-01	4.375e-01	4.493e-01
1.900e+03	4.722e-01	4.681e-01	4.750e-01	4.715e-01	4.688e-01	4.750e-01	5.538e-01	5.229e-01	5.628e-01	5.382e-01	5.191e-01	5.608e-01	4.417e-01	4.375e-01	4.493e-01
2.000e+03	4.729e-01	4.688e-01	4.750e-01	4.722e-01	4.688e-01	4.750e-01	5.573e-01	5.233e-01	5.628e-01	5.469e-01	5.191e-01	5.608e-01	4.417e-01	4.375e-01	4.493e-01
2.100e+03	4.736e-01	4.688e-01	4.750e-01	4.722e-01	4.688e-01	4.757e-01	5.573e-01	5.344e-01	5.628e-01	5.469e-01	5.191e-01	5.667e-01	4.427e-01	4.375e-01	4.549e-01
2.200e+03	4.736e-01	4.688e-01	4.757e-01	4.722e-01	4.688e-01	4.757e-01	5.573e-01	5.344e-01	5.642e-01	5.490e-01	5.191e-01	5.667e-01	4.427e-01	4.375e-01	4.549e-01
2.300e+03	4.736e-01	4.715e-01	4.757e-01	4.722e-01	4.688e-01	4.757e-01	5.573e-01	5.344e-01	5.677e-01	5.503e-01	5.191e-01	5.681e-01	4.427e-01	4.375e-01	4.549e-01
2.400e+03	4.736e-01	4.715e-01	4.757e-01	4.722e-01	4.688e-01	4.757e-01	5.573e-01	5.344e-01	5.677e-01	5.538e-01	5.191e-01	5.681e-01	4.444e-01	4.396e-01	4.566e-01
2.500e+03	4.743e-01	4.715e-01	4.757e-01	4.722e-01	4.688e-01	4.757e-01	5.573e-01	5.344e-01	5.677e-01	5.538e-01	5.191e-01	5.694e-01	4.444e-01	4.396e-01	4.566e-01
2.600e+03	4.743e-01	4.715e-01	4.757e-01	4.722e-01	4.688e-01	4.757e-01	5.573e-01	5.344e-01	5.677e-01	5.538e-01	5.215e-01	5.747e-01	4.479e-01	4.410e-01	4.566e-01
2.700e+03	4.750e-01	4.715e-01	4.757e-01	4.736e-01	4.705e-01	4.757e-01	5.573e-01	5.358e-01	5.694e-01	5.573e-01	5.226e-01	5.747e-01	4.479e-01	4.410e-01	4.566e-01
2.800e+03	4.750e-01	4.715e-01	4.757e-01	4.736e-01	4.705e-01	4.757e-01	5.573e-01	5.358e-01	5.694e-01	5.615e-01	5.330e-01	5.747e-01	4.479e-01	4.410e-01	4.566e-01
2.900e+03	4.750e-01	4.715e-01	4.757e-01	4.736e-01	4.705e-01	4.757e-01	5.608e-01	5.358e-01	5.694e-01	5.615e-01	5.333e-01	5.757e-01	4.479e-01	4.417e-01	4.573e-01
3.000e+03	4.750e-01	4.715e-01	4.757e-01	4.736e-01	4.705e-01	4.757e-01	5.608e-01	5.358e-01	5.694e-01	5.615e-01	5.333e-01	5.757e-01	4.479e-01	4.417e-01	4.573e-01
3.100e+03	4.750e-01	4.715e-01	4.757e-01	4.736e-01	4.705e-01	4.757e-01	5.611e-01	5.358e-01	5.694e-01	5.615e-01	5.333e-01	5.757e-01	4.535e-01	4.417e-01	4.573e-01
3.200e+03	4.750e-01	4.715e-01	4.757e-01	4.736e-01	4.708e-01	4.757e-01	5.611e-01	5.392e-01	5.694e-01	5.615e-01	5.347e-01	5.799e-01	4.535e-01	4.417e-01	4.583e-01
3.300e+03	4.750e-01	4.715e-01	4.757e-01	4.736e-01	4.708e-01	4.757e-01	5.611e-01	5.392e-01	5.694e-01	5.615e-01	5.347e-01	5.799e-01	4.535e-01	4.417e-01	4.583e-01
3.400e+03	4.750e-01	4.715e-01	4.757e-01	4.736e-01	4.708e-01	4.757e-01	5.611e-01	5.392e-01	5.712e-01	5.615e-01	5.358e-01	5.799e-01	4.535e-01	4.417e-01	4.583e-01
3.500e+03	4.750e-01	4.715e-01	4.757e-01	4.757e-01	4.708e-01	4.757e-01	5.611e-01	5.392e-01	5.747e-01	5.642e-01	5.368e-01	5.799e-01	4.542e-01	4.417e-01	4.583e-01
3.600e+03	4.757e-01	4.729e-01	4.757e-01	4.757e-01	4.708e-01	4.757e-01	5.611e-01	5.392e-01	5.747e-01	5.642e-01	5.375e-01	5.799e-01	4.549e-01	4.438e-01	4.632e-01
3.700e+03	4.757e-01	4.729e-01	4.757e-01	4.757e-01	4.708e-01	4.757e-01	5.611e-01	5.392e-01	5.747e-01	5.660e-01	5.375e-01	5.799e-01	4.549e-01	4.444e-01	4.635e-01
3.800e+03	4.757e-01	4.729e-01	4.757e-01	4.757e-01	4.708e-01	4.757e-01	5.635e-01	5.392e-01	5.747e-01	5.660e-01	5.378e-01	5.799e-01	4.549e-01	4.444e-01	4.635e-01
3.900e+03	4.757e-01	4.729e-01	4.757e-01	4.757e-01	4.715e-01	4.757e-01	5.635e-01	5.399e-01	5.747e-01	5.660e-01	5.417e-01	5.833e-01	4.552e-01	4.444e-01	4.635e-01
4.000e+03	4.757e-01	4.729e-01	4.757e-01	4.757e-01	4.715e-01	4.757e-01	5.635e-01	5.399e-01	5.747e-01	5.660e-01	5.417e-01	5.833e-01	4.552e-01	4.444e-01	4.635e-01
4.100e+03	4.757e-01	4.729e-01	4.757e-01	4.757e-01	4.722e-01	4.757e-01	5.635e-01	5.399e-01	5.747e-01	5.677e-01	5.417e-01	5.833e-01	4.552e-01	4.444e-01	4.635e-01
4.200e+03	4.757e-01	4.729e-01	4.757e-01	4.757e-01	4.722e-01	4.757e-01	5.635e-01	5.399e-01	5.747e-01	5.722e-01	5.417e-01	5.917e-01	4.552e-01	4.444e-01	4.635e-01
4.300e+03	4.757e-01	4.729e-01	4.757e-01	4.757e-01	4.736e-01	4.757e-01	5.635e-01	5.399e-01	5.764e-01	5.722e-01	5.417e-01	5.917e-01	4.569e-01	4.444e-01	4.635e-01
4.400e+03	4.757e-01	4.729e-01	4.757e-01	4.757e-01	4.736e-01	4.757e-01	5.635e-01	5.399e-01	5.764e-01	5.729e-01	5.434e-01	5.917e-01	4.583e-01	4.444e-01	4.635e-01
4.500e+03	4.757e-01	4.729e-01	4.757e-01	4.757e-01	4.736e-01	4.757e-01	5.635e-01	5.399e-01	5.764e-01	5.729e-01	5.462e-01	5.917e-01	4.583e-01	4.444e-01	4.639e-01
4.600e+03	4.757e-01	4.729e-01	4.757e-01	4.757e-01	4.736e-01	4.757e-01	5.635e-01	5.399e-01	5.764e-01	5.729e-01	5.462e-01	5.917e-01	4.583e-01	4.444e-01	4.639e-01
4.700e+03	4.757e-01	4.729e-01	4.757e-01	4.757e-01	4.736e-01	4.757e-01	5.635e-01	5.399e-01	5.764e-01	5.729e-01	5.462e-01	5.917e-01	4.583e-01	4.486e-01	4.639e-01
4.800e+03	4.757e-01	4.736e-01	4.757e-01	4.757e-01	4.736e-01	4.757e-01	5.635e-01	5.399e-01	5.778e-01	5.729e-01	5.462e-01	5.917e-01	4.583e-01	4.486e-01	4.639e-01
4.900e+03	4.757e-01	4.736e-01	4.757e-01	4.757e-01	4.736e-01	4.757e-01	5.635e-01	5.399e-01	5.778e-01	5.729e-01	5.462e-01	5.917e-01	4.587e-01	4.486e-01	4.639e-01
5.000e+03	4.757e-01	4.736e-01	4.757e-01	4.757e-01	4.743e-01	4.757e-01	5.635e-01	5.399e-01	5.778e-01	5.729e-01	5.462e-01	5.917e-01	4.601e-01	4.486e-01	4.656e-01
5.100e+03	4.757e-01	4.736e-01	4.757e-01	4.757e-01	4.743e-01	4.757e-01	5.635e-01	5.399e-01	5.799e-01	5.729e-01	5.486e-01	5.917e-01	4.601e-01	4.486e-01	4.656e-01
5.200e+03	4.757e-01	4.736e-01	4.757e-01	4.757e-01	4.743e-01	4.757e-01	5.635e-01	5.399e-01	5.799e-01	5.729e-01	5.486e-01	5.917e-01	4.601e-01	4.486e-01	4.656e-01
5.300e+03	4.757e-01	4.736e-01	4.757e-01	4.757e-01	4.743e-01	4.757e-01	5.635e-01	5.399e-01	5.799e-01	5.729e-01	5.573e-01	5.920e-01	4.601e-01	4.486e-01	4.656e-01
5.400e+03	4.757e-01	4.736e-01	4.757e-01	4.757e-01	4.743e-01	4.757e-01	5.635e-01	5.399e-01	5.799e-01	5.729e-01	5.573e-01	5.920e-01	4.618e-01	4.486e-01	4.684e-01
5.500e+03	4.757e-01	4.736e-01	4.757e-01	4.757e-01	4.743e-01	4.757e-01	5.635e-01	5.451e-01	5.799e-01	5.729e-01	5.573e-01	5.955e-01	4.618e-01	4.486e-01	4.684e-01
5.600e+03	4.757e-01	4.736e-01	4.757e-01	4.757e-01	4.743e-01	4.757e-01	5.635e-01	5.451e-01	5.799e-01	5.729e-01	5.573e-01	5.955e-01	4.618e-01	4.486e-01	4.684e-01
5.700e+03	4.757e-01	4.736e-01	4.757e-01	4.757e-01	4.743e-01	4.757e-01	5.635e-01	5.486e-01	5.799e-01	5.729e-01	5.573e-01	5.990e-01	4.618e-01	4.486e-01	4.684e-01
5.800e+03	4.757e-01	4.736e-01	4.757e-01	4.757e-01	4.743e-01	4.757e-01	5.635e-01	5.486e-01	5.799e-01	5.729e-01	5.573e-01	5.990e-01	4.618e-01	4.486e-01	4.684e-01
5.900e+03	4.757e-01	4.736e-01	4.757e-01	4.757e-01	4.743e-01	4.757e-01	5.635e-01	5.486e-01	5.799e-01	5.729e-01	5.573e-01	5.990e-01	4.618e-01	4.486e-01	4.684e-01
6.000e+03	4.757e-01	4.736e-01	4.757e-01	4.757e-01	4.743e-01	4.757e-01	5.642e-01	5.486e-01	5.799e-01	5.747e-01	5.573e-01	5.990e-01	4.635e-01	4.549e-01	4.684e-01
6.100e+03	4.757e-01	4.736e-01	4.757e-01	4.757e-01	4.743e-01	4.757e-01	5.642e-01	5.486e-01	5.799e-01	5.747e-01	5.573e-01	5.990e-01	4.635e-01	4.549e-01	4.684e-01
6.200e+03	4.757e-01	4.736e-01	4.757e-01	4.757e-01	4.743e-01	4.757e-01	5.642e-01	5.521e-01	5.802e-01	5.747e-01	5.573e-01	5.990e-01	4.635e-01	4.549e-01	4.684e-01
6.300e+03	4.757e-01	4.743e-01	4.757e-01	4.757e-01	4.743e-01	4.757e-01	5.642e-01	5.521e-01	5.802e-01	5.816e-01	5.573e-01	5.990e-01	4.635e-01	4.549e-01	4.684e-01
6.400e+03	4.757e-01	4.743e-01	4.757e-01	4.757e-01	4.743e-01	4.757e-01	5.642e-01	5.521e-01	5.802e-01	5.816e-01	5.573e-01	5.990e-01	4.635e-01	4.549e-01	4.684e-01
6.500e+03	4.757e-01	4.743e-01	4.757e-01	4.757e-01	4.743e-01	4.757e-01	5.642e-01	5.521e-01	5.802e-01	5.816e-01	5.573e-01	6.007e-01	4.635e-01	4.549e-01	4.684e-01
6.600e+03	4.757e-01	4.750e-01	4.757e-01	4.757e-01	4.743e-01	4.757e-01	5.642e-01	5.521e-01	5.802e-01	5.816e-01	5.573e-01	6.007e-01	4.635e-01	4.549e-01	4.684e-01
6.700e+03	4.757e-01	4.750e-01	4.757e-01	4.757e-01	4.743e-01	4.757e-01	5.653e-01	5.521e-01	5.802e-01	5.816e-01	5.573e-01	6.007e-01	4.635e-01	4.549e-01	4.684e-01
6.800e+03	4.757e-01	4.750e-01	4.757e-01	4.757e-01	4.757e-01	4.757e-01	5.653e-01	5.521e-01	5.802e-01	5.816e-01	5.573e-01	6.007e-01	4.635e-01	4.549e-01	4.684e-01
6.900e+03	4.757e-01	4.750e-01	4.757e-01	4.757e-01	4.757e-01	4.757e-01	5.653e-01	5.521e-01	5.802e-01	5.816e-01	5.573e-01	6.042e-01	4.635e-01	4.549e-01	4.684e-01
7.000e+03	4.757e-01	4.750e-01	4.757e-01	4.757e-01	4.757e-01	4.757e-01	5.653e-01	5.521e-01	5.802e-01	5.851e-01	5.573e-01	6.042e-01	4.635e-01	4.549e-01	4.684e-01
7.100e+03	4.757e-01	4.750e-01	4.757e-01	4.757e-01	4.757e-01	4.757e-01	5.653e-01	5.521e-01	5.802e-01	5.851e-01	5.590e-01	6.042e-01	4.635e-01	4.549e-01	4.722e-01
7.200e+03	4.757e-01	4.750e-01	4.757e-01	4.757e-01	4.757e-01	4.757e-01	5.660e-01	5.521e-01	5.802e-01	5.851e-01	5.590e-01	6.042e-01	4.635e-01	4.549e-01	4.722e-01
7.300e+03	4.757e-01	4.750e-01	4.757e-01	4.757e-01	4.757e-01	4.757e-01	5.660e-01	5.521e-01	5.802e-01	5.851e-01	5.590e-01	6.042e-01	4.635e-01	4.549e-01	4.722e-01
7.400e+03	4.757e-01	4.750e-01	4.757e-01	4.757e-01	4.757e-01	4.757e-01	5.681e-01	5.521e-01	5.802e-01	5.851e-01	5.625e-01	6.042e-01	4.635e-01	4.549e-01	4.760e-01
7.500e+03	4.757e-01	4.750e-01	4.757e-01	4.757e-01	4.757e-01	4.757e-01	5.681e-01	5.521e-01	5.802e-01	5.851e-01	5.625e-01	6.042e-01	4.635e-01	4.549e-01	4.760e-01
7.600e+03	4.757e-01	4.750e-01	4.757e-01	4.757e-01	4.757e-01	4.757e-01	5.681e-01	5.521e-01	5.802e-01	5.851e-01	5.625e-01	6.042e-01	4.635e-01	4.549e-01	4.760e-01
7.700e+03	4.757e-01	4.750e-01	4.757e-01	4.757e-01	4.757e-01	4.757e-01	5.681e-01	5.521e-01	5.802e-01	5.851e-01	5.625e-01	6.076e-01	4.635e-01	4.549e-01	4.760e-01
7.800e+03	4.757e-01	4.750e-01	4.757e-01	4.757e-01	4.757e-01	4.760e-01	5.681e-01	5.521e-01	5.802e-01	5.851e-01	5.625e-01	6.076e-01	4.635e-01	4.549e-01	4.760e-01
7.900e+03	4.757e-01	4.750e-01	4.757e-01	4.757e-01	4.757e-01	4.760e-01	5.681e-01	5.521e-01	5.802e-01	5.851e-01	5.625e-01	6.076e-01	4.649e-01	4.549e-01	4.760e-01
8.000e+03	4.757e-01	4.750e-01	4.757e-01	4.757e-01	4.757e-01	4.760e-01	5.681e-01	5.521e-01	5.802e-01	5.851e-01	5.625e-01	6.076e-01	4.653e-01	4.549e-01	4.760e-01
8.100e+03	4.757e-01	4.750e-01	4.757e-01	4.757e-01	4.757e-01	4.760e-01	5.681e-01	5.521e-01	5.802e-01	5.851e-01	5.625e-01	6.076e-01	4.653e-01	4.549e-01	4.760e-01
8.200e+03	4.757e-01	4.750e-01	4.757e-01	4.757e-01	4.757e-01	4.760e-01	5.698e-01	5.521e-01	5.802e-01	5.851e-01	5.649e-01	6.076e-01	4.653e-01	4.549e-01	4.809e-01
8.300e+03	4.757e-01	4.750e-01	4.757e-01	4.757e-01	4.757e-01	4.760e-01	5.698e-01	5.521e-01	5.802e-01	5.868e-01	5.649e-01	6.076e-01	4.653e-01	4.601e-01	4.809e-01
8.400e+03	4.757e-01	4.750e-01	4.757e-01	4.757e-01	4.757e-01	4.760e-01	5.698e-01	5.521e-01	5.802e-01	5.868e-01	5.649e-01	6.076e-01	4.674e-01	4.601e-01	4.809e-01
8.500e+03	4.757e-01	4.750e-01	4.757e-01	4.757e-01	4.757e-01	4.760e-01	5.708e-01	5.521e-01	5.802e-01	5.868e-01	5.649e-01	6.076e-01	4.674e-01	4.601e-01	4.809e-01
8.600e+03	4.757e-01	4.750e-01	4.757e-01	4.757e-01	4.757e-01	4.760e-01	5.708e-01	5.521e-01	5.802e-01	5.868e-01	5.649e-01	6.076e-01	4.674e-01	4.601e-01	4.809e-01
8.700e+03	4.757e-01	4.750e-01	4.757e-01	4.757e-01	4.757e-01	4.760e-01	5.708e-01	5.521e-01	5.802e-01	5.868e-01	5.649e-01	6.076e-01	4.674e-01	4.601e-01	4.809e-01
8.800e+03	4.757e-01	4.750e-01	4.757e-01	4.757e-01	4.757e-01	4.760e-01	5.708e-01	5.521e-01	5.802e-01	5.868e-01	5.649e-01	6.076e-01	4.674e-01	4.604e-01	4.809e-01
8.900e+03	4.757e-01	4.750e-01	4.757e-01	4.757e-01	4.757e-01	4.760e-01	5.708e-01	5.521e-01	5.802e-01	5.868e-01	5.677e-01	6.076e-01	4.674e-01	4.604e-01	4.882e-01
9.000e+03	4.757e-01	4.750e-01	4.757e-01	4.757e-01	4.757e-01	4.760e-01	5.708e-01	5.521e-01	5.802e-01	5.868e-01	5.677e-01	6.076e-01	4.674e-01	4.604e-01	4.882e-01
9.100e+03	4.757e-01	4.750e-01	4.757e-01	4.757e-01	4.757e-01	4.760e-01	5.708e-01	5.521e-01	5.802e-01	5.868e-01	5.677e-01	6.076e-01	4.684e-01	4.604e-01	4.882e-01
9.200e+03	4.757e-01	4.750e-01	4.757e-01	4.757e-01	4.757e-01	4.760e-01	5.708e-01	5.521e-01	5.802e-01	5.885e-01	5.677e-01	6.076e-01	4.684e-01	4.618e-01	4.896e-01
9.300e+03	4.757e-01	4.750e-01	4.757e-01	4.757e-01	4.757e-01	4.760e-01	5.708e-01	5.521e-01	5.802e-01	5.885e-01	5.677e-01	6.076e-01	4.684e-01	4.618e-01	4.896e-01
9.400e+03	4.757e-01	4.750e-01	4.757e-01	4.757e-01	4.757e-01	4.760e-01	5.708e-01	5.521e-01	5.802e-01	5.903e-01	5.677e-01	6.076e-01	4.684e-01	4.618e-01	4.896e-01
9.500e+03	4.757e-01	4.750e-01	4.757e-01	4.757e-01	4.757e-01	4.760e-01	5.708e-01	5.521e-01	5.802e-01	5.903e-01	5.677e-01	6.076e-01	4.684e-01	4.618e-01	4.896e-01
9.600e+03	4.757e-01	4.750e-01	4.757e-01	4.757e-01	4.757e-01	4.760e-01	5.708e-01	5.521e-01	5.802e-01	5.920e-01	5.677e-01	6.076e-01	4.684e-01	4.618e-01	4.896e-01
9.700e+03	4.757e-01	4.750e-01	4.757e-01	4.757e-01	4.757e-01	4.760e-01	5.708e-01	5.521e-01	5.802e-01	5.920e-01	5.677e-01	6.076e-01	4.684e-01	4.618e-01	4.896e-01
9.800e+03	4.757e-01	4.750e-01	4.757e-01	4.757e-01	4.757e-01	4.760e-01	5.708e-01	5.521e-01	5.802e-01	5.920e-01	5.677e-01	6.076e-01	4.684e-01	4.618e-01	4.896e-01
9.900e+03	4.757e-01	4.750e-01	4.757e-01	4.757e-01	4.757e-01	4.760e-01	5.708e-01	5.521e-01	5.802e-01	5.920e-01	5.677e-01	6.076e-01	4.684e-01	4.618e-01	4.910e-01
1.000e+04	4.757e-01	4.750e-01	4.757e-01	4.757e-01	4.757e-01	4.760e-01	5.708e-01	5.521e-01	5.802e-01	5.920e-01	5.677e-01	6.076e-01	4.684e-01	4.618e-01	4.910e-01
1.010e+04	4.757e-01	4.750e-01	4.757e-01	4.757e-01	4.757e-01	4.760e-01	5.708e-01	5.521e-01	5.802e-01	5.920e-01	5.677e-01	6.076e-01	4.684e-01	4.618e-01	4.910e-01
1.020e+04	4.757e-01	4.750e-01	4.757e-01	4.757e-01	4.757e-01	4.760e-01	5.708e-01	5.521e-01	5.802e-01	5.920e-01	5.677e-01	6.076e-01	4.684e-01	4.618e-01	4.910e-01
1.030e+04	4.757e-01	4.750e-01	4.757e-01	4.757e-01	4.757e-01	4.760e-01	5.708e-01	5.521e-01	5.802e-01	5.920e-01	5.677e-01	6.076e-01	4.684e-01	4.618e-01	4.910e-01
1.040e+04	4.757e-01	4.750e-01	4.757e-01	4.757e-01	4.757e-01	4.760e-01	5.708e-01	5.521e-01	5.802e-01	5.920e-01	5.677e-01	6.076e-01	4.684e-01	4.618e-01	4.910e-01
1.050e+04	4.757e-01	4.750e-01	4.757e-01	4.757e-01	4.757e-01	4.760e-01	5.708e-01	5.521e-01	5.802e-01	5.927e-01	5.677e-01	6.076e-01	4.705e-01	4.618e-01	4.910e-01
1.060e+04	4.757e-01	4.750e-01	4.757e-01	4.757e-01	4.757e-01	4.760e-01	5.708e-01	5.521e-01	5.802e-01	5.927e-01	5.677e-01	6.076e-01	4.705e-01	4.618e-01	4.910e-01
1.070e+04	4.757e-01	4.750e-01	4.757e-01	4.757e-01	4.757e-01	4.760e-01	5.708e-01	5.521e-01	5.802e-01	5.927e-01	5.677e-01	6.076e-01	4.705e-01	4.618e-01	4.910e-01
1.080e+04	4.757e-01	4.750e-01	4.757e-01	4.757e-01	4.757e-01	4.764e-01	5.708e-01	5.521e-01	5.802e-01	5.927e-01	5.677e-01	6.076e-01	4.722e-01	4.618e-01	4.910e-01
1.090e+04	4.757e-01	4.750e-01	4.757e-01	4.757e-01	4.757e-01	4.764e-01	5.708e-01	5.521e-01	5.802e-01	5.938e-01	5.677e-01	6.076e-01	4.722e-01	4.618e-01	4.910e-01
1.100e+04	4.757e-01	4.750e-01	4.757e-01	4.757e-01	4.757e-01	4.764e-01	5.708e-01	5.521e-01	5.802e-01	5.938e-01	5.677e-01	6.076e-01	4.722e-01	4.618e-01	4.910e-01
1.110e+04	4.757e-01	4.750e-01	4.757e-01	4.757e-01	4.757e-01	4.764e-01	5.708e-01	5.521e-01	5.802e-01	5.955e-01	5.712e-01	6.094e-01	4.722e-01	4.618e-01	4.910e-01
1.120e+04	4.757e-01	4.750e-01	4.757e-01	4.757e-01	4.757e-01	4.764e-01	5.708e-01	5.521e-01	5.802e-01	5.955e-01	5.712e-01	6.094e-01	4.722e-01	4.618e-01	4.910e-01
1.130e+04	4.757e-01	4.750e-01	4.757e-01	4.757e-01	4.757e-01	4.764e-01	5.708e-01	5.521e-01	5.802e-01	5.955e-01	5.712e-01	6.094e-01	4.722e-01	4.625e-01	4.910e-01
1.140e+04	4.757e-01	4.750e-01	4.757e-01	4.757e-01	4.757e-01	4.764e-01	5.719e-01	5.521e-01	5.816e-01	5.955e-01	5.712e-01	6.094e-01	4.722e-01	4.625e-01	4.910e-01
1.150e+04	4.757e-01	4.750e-01	4.757e-01	4.757e-01	4.757e-01	4.764e-01	5.719e-01	5.521e-01	5.816e-01	5.955e-01	5.712e-01	6.094e-01	4.722e-01	4.625e-01	4.910e-01
1.160e+04	4.757e-01	4.750e-01	4.757e-01	4.757e-01	4.757e-01	4.764e-01	5.719e-01	5.521e-01	5.816e-01	5.955e-01	5.715e-01	6.094e-01	4.722e-01	4.625e-01	4.910e-01
1.170e+04	4.757e-01	4.750e-01	4.757e-01	4.757e-01	4.757e-01	4.764e-01	5.719e-01	5.521e-01	5.816e-01	5.955e-01	5.715e-01	6.094e-01	4.722e-01	4.625e-01	4.910e-01
1.180e+04	4.757e-01	4.750e-01	4.757e-01	4.757e-01	4.757e-01	4.764e-01	5.719e-01	5.521e-01	5.816e-01	5.955e-01	5.715e-01	6.094e-01	4.722e-01	4.625e-01	4.910e-01
1.190e+04	4.757e-01	4.750e-01	4.757e-01	4.757e-01	4.757e-01	4.764e-01	5.719e-01	5.521e-01	5.816e-01	5.955e-01	5.715e-01	6.097e-01	4.722e-01	4.625e-01	4.910e-01
1.200e+04	4.757e-01	4.750e-01	4.757e-01	4.757e-01	4.757e-01	4.764e-01	5.719e-01	5.521e-01	5.816e-01	5.955e-01	5.715e-01	6.097e-01	4.722e-01	4.625e-01	4.910e-01
1.210e+04	4.757e-01	4.750e-01	4.757e-01	4.757e-01	4.757e-01	4.764e-01	5.719e-01	5.521e-01	5.816e-01	5.955e-01	5.719e-01	6.097e-01	4.722e-01	4.625e-01	4.910e-01
1.220e+04	4.757e-01	4.750e-01	4.757e-01	4.757e-01	4.757e-01	4.764e-01	5.719e-01	5.521e-01	5.816e-01	5.955e-01	5.719e-01	6.097e-01	4.722e-01	4.625e-01	4.910e-01
1.230e+04	4.757e-01	4.750e-01	4.757e-01	4.757e-01	4.757e-01	4.764e-01	5.719e-01	5.521e-01	5.816e-01	5.979e-01	5.726e-01	6.097e-01	4.722e-01	4.653e-01	4.931e-01
1.240e+04	4.757e-01	4.750e-01	4.757e-01	4.757e-01	4.757e-01	4.764e-01	5.719e-01	5.521e-01	5.816e-01	5.979e-01	5.726e-01	6.097e-01	4.740e-01	4.653e-01	4.931e-01
1.250e+04	4.757e-01	4.750e-01	4.757e-01	4.757e-01	4.757e-01	4.764e-01	5.719e-01	5.521e-01	5.816e-01	5.979e-01	5.726e-01	6.097e-01	4.740e-01	4.653e-01	4.931e-01
1.260e+04	4.757e-01	4.750e-01	4.757e-01	4.757e-01	4.757e-01	4.764e-01	5.719e-01	5.521e-01	5.816e-01	5.979e-01	5.726e-01	6.097e-01	4.740e-01	4.653e-01	4.931e-01
1.270e+04	4.757e-01	4.750e-01	4.757e-01	4.757e-01	4.757e-01	4.764e-01	5.719e-01	5.521e-01	5.816e-01	5.979e-01	5.726e-01	6.097e-01	4.740e-01	4.653e-01	4.931e-01
1.280e+04	4.757e-01	4.750e-01	4.757e-01	4.757e-01	4.757e-01	4.764e-01	5.719e-01	5.521e-01	5.819e-01	5.979e-01	5.726e-01	6.097e-01	4.757e-01	4.653e-01	4.931e-01
1.290e+04	4.757e-01	4.750e-01	4.757e-01	4.757e-01	4.757e-01	4.764e-01	5.719e-01	5.521e-01	5.819e-01	5.979e-01	5.729e-01	6.097e-01	4.757e-01	4.653e-01	4.931e-01
1.300e+04	4.757e-01	4.750e-01	4.757e-01	4.757e-01	4.757e-01	4.764e-01	5.719e-01	5.521e-01	5.819e-01	5.979e-01	5.729e-01	6.097e-01	4.757e-01	4.653e-01	4.931e-01
1.310e+04	4.757e-01	4.750e-01	4.757e-01	4.757e-01	4.757e-01	4.764e-01	5.719e-01	5.521e-01	5.819e-01	5.979e-01	5.729e-01	6.128e-01	4.757e-01	4.653e-01	4.931e-01
1.320e+04	4.757e-01	4.750e-01	4.757e-01	4.757e-01	4.757e-01	4.764e-01	5.719e-01	5.521e-01	5.819e-01	5.979e-01	5.729e-01	6.128e-01	4.757e-01	4.653e-01	4.931e-01
1.330e+04	4.757e-01	4.750e-01	4.757e-01	4.757e-01	4.757e-01	4.764e-01	5.719e-01	5.521e-01	5.847e-01	5.979e-01	5.729e-01	6.128e-01	4.792e-01	4.653e-01	4.931e-01
1.340e+04	4.757e-01	4.750e-01	4.757e-01	4.757e-01	4.757e-01	4.764e-01	5.719e-01	5.521e-01	5.847e-01	5.979e-01	5.729e-01	6.128e-01	4.792e-01	4.653e-01	4.931e-01
1.350e+04	4.757e-01	4.750e-01	4.757e-01	4.757e-01	4.757e-01	4.764e-01	5.719e-01	5.521e-01	5.847e-01	5.979e-01	5.729e-01	6.128e-01	4.806e-01	4.670e-01	4.931e-01
1.360e+04	4.757e-01	4.750e-01	4.757e-01	4.757e-01	4.757e-01	4.764e-01	5.719e-01	5.521e-01	5.847e-01	5.979e-01	5.729e-01	6.128e-01	4.809e-01	4.670e-01	4.931e-01
1.370e+04	4.757e-01	4.750e-01	4.757e-01	4.757e-01	4.757e-01	4.764e-01	5.719e-01	5.521e-01	5.847e-01	5.979e-01	5.729e-01	6.128e-01	4.809e-01	4.670e-01	4.931e-01
1.380e+04	4.757e-01	4.750e-01	4.757e-01	4.757e-01	4.757e-01	4.764e-01	5.719e-01	5.521e-01	5.847e-01	5.979e-01	5.729e-01	6.128e-01	4.809e-01	4.670e-01	4.931e-01
1.390e+04	4.757e-01	4.750e-01	4.757e-01	4.757e-01	4.757e-01	4.764e-01	5.719e-01	5.521e-01	5.847e-01	5.979e-01	5.729e-01	6.128e-01	4.809e-01	4.670e-01	4.931e-01
1.400e+04	4.757e-01	4.750e-01	4.757e-01	4.757e-01	4.757e-01	4.764e-01	5.719e-01	5.521e-01	5.847e-01	5.979e-01	5.729e-01	6.128e-01	4.809e-01	4.670e-01	4.931e-01
1.410e+04	4.757e-01	4.750e-01	4.757e-01	4.757e-01	4.757e-01	4.764e-01	5.747e-01	5.521e-01	5.847e-01	5.979e-01	5.729e-01	6.128e-01	4.809e-01	4.670e-01	4.931e-01
1.420e+04	4.757e-01	4.750e-01	4.757e-01	4.757e-01	4.757e-01	4.764e-01	5.747e-01	5.521e-01	5.847e-01	5.979e-01	5.729e-01	6.128e-01	4.809e-01	4.670e-01	4.931e-01
1.430e+04	4.757e-01	4.750e-01	4.757e-01	4.757e-01	4.757e-01	4.764e-01	5.747e-01	5.521e-01	5.847e-01	5.979e-01	5.729e-01	6.128e-01	4.809e-01	4.677e-01	4.931e-01
1.440e+04	4.757e-01	4.750e-01	4.757e-01	4.757e-01	4.757e-01	4.764e-01	5.747e-01	5.521e-01	5.847e-01	5.979e-01	5.729e-01	6.128e-01	4.809e-01	4.677e-01	4.931e-01
1.450e+04	4.757e-01	4.750e-01	4.757e-01	4.757e-01	4.757e-01	4.764e-01	5.747e-01	5.521e-01	5.847e-01	5.979e-01	5.729e-01	6.128e-01	4.809e-01	4.677e-01	4.931e-01
1.460e+04	4.757e-01	4.750e-01	4.757e-01	4.757e-01	4.757e-01	4.764e-01	5.747e-01	5.521e-01	5.847e-01	5.979e-01	5.729e-01	6.128e-01	4.809e-01	4.677e-01	4.931e-01
1.470e+04	4.757e-01	4.750e-01	4.757e-01	4.757e-01	4.757e-01	4.764e-01	5.747e-01	5.521e-01	5.847e-01	5.979e-01	5.729e-01	6.128e-01	4.813e-01	4.677e-01	4.931e-01
1.480e+04	4.757e-01	4.757e-01	4.757e-01	4.757e-01	4.757e-01	4.764e-01	5.747e-01	5.521e-01	5.847e-01	5.979e-01	5.729e-01	6.128e-01	4.813e-01	4.677e-01	4.948e-01
1.490e+04	4.757e-01	4.757e-01	4.757e-01	4.757e-01	4.757e-01	4.764e-01	5.747e-01	5.521e-01	5.847e-01	5.979e-01	5.729e-01	6.128e-01	4.813e-01	4.677e-01	4.948e-01
1.500e+04	4.757e-01	4.757e-01	4.757e-01	4.760e-01	4.757e-01	4.764e-01	5.747e-01	5.521e-01	5.847e-01	5.979e-01	5.729e-01	6.128e-01	4.813e-01	4.677e-01	4.948e-01
1.510e+04	4.757e-01	4.757e-01	4.757e-01	4.760e-01	4.757e-01	4.764e-01	5.747e-01	5.521e-01	5.847e-01	5.979e-01	5.729e-01	6.128e-01	4.813e-01	4.677e-01	4.948e-01
1.520e+04	4.757e-01	4.757e-01	4.757e-01	4.760e-01	4.757e-01	4.764e-01	5.747e-01	5.521e-01	5.847e-01	5.979e-01	5.729e-01	6.128e-01	4.813e-01	4.677e-01	4.948e-01
1.530e+04	4.757e-01	4.757e-01	4.757e-01	4.760e-01	4.757e-01	4.764e-01	5.747e-01	5.521e-01	5.847e-01	5.979e-01	5.729e-01	6.128e-01	4.813e-01	4.677e-01	4.948e-01
1.540e+04	4.757e-01	4.757e-01	4.757e-01	4.760e-01	4.757e-01	4.764e-01	5.747e-01	5.521e-01	5.854e-01	5.979e-01	5.729e-01	6.128e-01	4.813e-01	4.688e-01	4.948e-01
1.550e+04	4.757e-01	4.757e-01	4.757e-01	4.760e-01	4.757e-01	4.764e-01	5.747e-01	5.521e-01	5.854e-01	5.979e-01	5.729e-01	6.128e-01	4.826e-01	4.688e-01	4.948e-01
1.560e+04	4.757e-01	4.757e-01	4.757e-01	4.760e-01	4.757e-01	4.764e-01	5.747e-01	5.521e-01	5.854e-01	5.979e-01	5.729e-01	6.128e-01	4.833e-01	4.688e-01	4.948e-01
1.570e+04	4.757e-01	4.757e-01	4.757e-01	4.760e-01	4.757e-01	4.764e-01	5.747e-01	5.521e-01	5.854e-01	5.979e-01	5.729e-01	6.128e-01	4.833e-01	4.688e-01	4.948e-01
1.580e+04	4.757e-01	4.757e-01	4.757e-01	4.760e-01	4.757e-01	4.764e-01	5.747e-01	5.521e-01	5.854e-01	5.979e-01	5.729e-01	6.128e-01	4.847e-01	4.688e-01	4.948e-01
1.590e+04	4.757e-01	4.757e-01	4.757e-01	4.760e-01	4.757e-01	4.764e-01	5.747e-01	5.538e-01	5.854e-01	5.979e-01	5.729e-01	6.128e-01	4.847e-01	4.726e-01	4.948e-01
1.600e+04	4.757e-01	4.757e-01	4.757e-01	4.760e-01	4.757e-01	4.764e-01	5.747e-01	5.538e-01	5.854e-01	5.979e-01	5.729e-01	6.128e-01	4.847e-01	4.726e-01	4.948e-01
1.610e+04	4.757e-01	4.757e-01	4.757e-01	4.760e-01	4.757e-01	4.764e-01	5.747e-01	5.538e-01	5.854e-01	5.979e-01	5.729e-01	6.128e-01	4.847e-01	4.726e-01	4.948e-01
1.620e+04	4.757e-01	4.757e-01	4.757e-01	4.760e-01	4.757e-01	4.764e-01	5.747e-01	5.538e-01	5.854e-01	5.979e-01	5.729e-01	6.128e-01	4.847e-01	4.726e-01	4.948e-01
1.630e+04	4.757e-01	4.757e-01	4.757e-01	4.760e-01	4.757e-01	4.764e-01	5.747e-01	5.538e-01	5.854e-01	5.979e-01	5.729e-01	6.128e-01	4.847e-01	4.726e-01	4.948e-01
1.640e+04	4.757e-01	4.757e-01	4.757e-01	4.760e-01	4.757e-01	4.764e-01	5.747e-01	5.538e-01	5.854e-01	5.979e-01	5.729e-01	6.128e-01	4.847e-01	4.726e-01	4.948e-01
1.650e+04	4.757e-01	4.757e-01	4.757e-01	4.760e-01	4.757e-01	4.764e-01	5.747e-01	5.538e-01	5.854e-01	5.979e-01	5.729e-01	6.128e-01	4.847e-01	4.733e-01	4.948e-01
1.660e+04	4.757e-01	4.757e-01	4.757e-01	4.760e-01	4.757e-01	4.764e-01	5.764e-01	5.538e-01	5.854e-01	5.979e-01	5.729e-01	6.128e-01	4.847e-01	4.733e-01	4.948e-01
1.670e+04	4.757e-01	4.757e-01	4.757e-01	4.760e-01	4.757e-01	4.764e-01	5.764e-01	5.538e-01	5.854e-01	5.979e-01	5.729e-01	6.128e-01	4.847e-01	4.733e-01	4.948e-01
1.680e+04	4.757e-01	4.757e-01	4.757e-01	4.760e-01	4.757e-01	4.764e-01	5.764e-01	5.538e-01	5.854e-01	5.979e-01	5.729e-01	6.128e-01	4.847e-01	4.733e-01	4.948e-01
1.690e+04	4.757e-01	4.757e-01	4.757e-01	4.760e-01	4.757e-01	4.764e-01	5.764e-01	5.538e-01	5.854e-01	5.979e-01	5.729e-01	6.128e-01	4.847e-01	4.733e-01	4.948e-01
1.700e+04	4.757e-01	4.757e-01	4.757e-01	4.760e-01	4.757e-01	4.764e-01	5.764e-01	5.538e-01	5.854e-01	5.979e-01	5.747e-01	6.128e-01	4.847e-01	4.733e-01	4.948e-01
1.710e+04	4.757e-01	4.757e-01	4.757e-01	4.760e-01	4.757e-01	4.764e-01	5.764e-01	5.562e-01	5.854e-01	5.979e-01	5.747e-01	6.128e-01	4.847e-01	4.733e-01	4.948e-01
1.720e+04	4.757e-01	4.757e-01	4.757e-01	4.760e-01	4.757e-01	4.764e-01	5.764e-01	5.562e-01	5.854e-01	5.979e-01	5.747e-01	6.128e-01	4.847e-01	4.733e-01	4.948e-01
1.730e+04	4.757e-01	4.757e-01	4.757e-01	4.760e-01	4.757e-01	4.764e-01	5.764e-01	5.562e-01	5.854e-01	5.979e-01	5.747e-01	6.128e-01	4.847e-01	4.733e-01	4.948e-01
1.740e+04	4.757e-01	4.757e-01	4.757e-01	4.760e-01	4.757e-01	4.764e-01	5.764e-01	5.562e-01	5.854e-01	5.979e-01	5.747e-01	6.128e-01	4.847e-01	4.733e-01	4.948e-01
1.750e+04	4.757e-01	4.757e-01	4.757e-01	4.760e-01	4.757e-01	4.764e-01	5.764e-01	5.562e-01	5.854e-01	5.979e-01	5.747e-01	6.128e-01	4.847e-01	4.733e-01	4.948e-01
1.760e+04	4.757e-01	4.757e-01	4.757e-01	4.760e-01	4.757e-01	4.764e-01	5.764e-01	5.608e-01	5.854e-01	5.979e-01	5.747e-01	6.128e-01	4.847e-01	4.733e-01	4.948e-01
1.770e+04	4.757e-01	4.757e-01	4.757e-01	4.760e-01	4.757e-01	4.764e-01	5.764e-01	5.608e-01	5.854e-01	5.979e-01	5.747e-01	6.128e-01	4.847e-01	4.733e-01	4.948e-01
1.780e+04	4.757e-01	4.757e-01	4.757e-01	4.760e-01	4.757e-01	4.764e-01	5.764e-01	5.608e-01	5.854e-01	5.979e-01	5.747e-01	6.128e-01	4.847e-01	4.733e-01	4.948e-01
1.790e+04	4.757e-01	4.757e-01	4.757e-01	4.760e-01	4.757e-01	4.764e-01	5.764e-01	5.608e-01	5.854e-01	5.979e-01	5.747e-01	6.128e-01	4.847e-01	4.771e-01	4.948e-01
1.800e+04	4.757e-01	4.757e-01	4.757e-01	4.760e-01	4.757e-01	4.764e-01	5.764e-01	5.608e-01	5.854e-01	5.979e-01	5.747e-01	6.128e-01	4.868e-01	4.771e-01	4.969e-01
1.810e+04	4.757e-01	4.757e-01	4.757e-01	4.760e-01	4.757e-01	4.764e-01	5.764e-01	5.608e-01	5.854e-01	5.979e-01	5.747e-01	6.128e-01	4.868e-01	4.771e-01	4.969e-01
1.820e+04	4.757e-01	4.757e-01	4.757e-01	4.760e-01	4.757e-01	4.764e-01	5.764e-01	5.608e-01	5.854e-01	5.979e-01	5.747e-01	6.128e-01	4.868e-01	4.771e-01	4.969e-01
1.830e+04	4.757e-01	4.757e-01	4.757e-01	4.760e-01	4.757e-01	4.764e-01	5.764e-01	5.608e-01	5.854e-01	5.979e-01	5.747e-01	6.128e-01	4.868e-01	4.771e-01	4.969e-01
1.840e+04	4.757e-01	4.757e-01	4.757e-01	4.760e-01	4.757e-01	4.764e-01	5.764e-01	5.608e-01	5.854e-01	5.979e-01	5.747e-01	6.128e-01	4.868e-01	4.771e-01	4.969e-01
1.850e+04	4.757e-01	4.757e-01	4.757e-01	4.760e-01	4.757e-01	4.764e-01	5.764e-01	5.608e-01	5.854e-01	5.979e-01	5.747e-01	6.128e-01	4.868e-01	4.771e-01	4.969e-01
1.860e+04	4.757e-01	4.757e-01	4.757e-01	4.760e-01	4.757e-01	4.764e-01	5.764e-01	5.608e-01	5.878e-01	5.979e-01	5.747e-01	6.128e-01	4.868e-01	4.771e-01	4.972e-01
1.870e+04	4.757e-01	4.757e-01	4.757e-01	4.760e-01	4.757e-01	4.764e-01	5.764e-01	5.608e-01	5.878e-01	5.979e-01	5.747e-01	6.128e-01	4.868e-01	4.771e-01	4.972e-01
1.880e+04	4.757e-01	4.757e-01	4.757e-01	4.760e-01	4.757e-01	4.764e-01	5.764e-01	5.608e-01	5.878e-01	5.979e-01	5.747e-01	6.128e-01	4.868e-01	4.771e-01	4.972e-01
1.890e+04	4.757e-01	4.757e-01	4.757e-01	4.760e-01	4.757e-01	4.764e-01	5.764e-01	5.608e-01	5.903e-01	5.979e-01	5.747e-01	6.128e-01	4.868e-01	4.771e-01	4.972e-01
1.900e+04	4.757e-01	4.757e-01	4.757e-01	4.760e-01	4.757e-01	4.764e-01	5.764e-01	5.608e-01	5.903e-01	5.979e-01	5.747e-01	6.128e-01	4.868e-01	4.771e-01	4.972e-01
1.910e+04	4.757e-01	4.757e-01	4.757e-01	4.760e-01	4.757e-01	4.764e-01	5.764e-01	5.608e-01	5.903e-01	5.979e-01	5.747e-01	6.128e-01	4.868e-01	4.771e-01	4.972e-01
1.920e+04	4.757e-01	4.757e-01	4.757e-01	4.760e-01	4.757e-01	4.764e-01	5.764e-01	5.608e-01	5.903e-01	5.979e-01	5.747e-01	6.128e-01	4.882e-01	4.771e-01	4.972e-01
1.930e+04	4.757e-01	4.757e-01	4.757e-01	4.760e-01	4.757e-01	4.764e-01	5.764e-01	5.608e-01	5.903e-01	5.979e-01	5.747e-01	6.146e-01	4.882e-01	4.771e-01	5.028e-01
1.940e+04	4.757e-01	4.757e-01	4.757e-01	4.760e-01	4.757e-01	4.764e-01	5.764e-01	5.608e-01	5.903e-01	5.979e-01	5.747e-01	6.146e-01	4.882e-01	4.771e-01	5.028e-01
1.950e+04	4.757e-01	4.757e-01	4.757e-01	4.760e-01	4.757e-01	4.764e-01	5.764e-01	5.608e-01	5.903e-01	5.979e-01	5.747e-01	6.146e-01	4.882e-01	4.771e-01	5.028e-01
1.960e+04	4.757e-01	4.757e-01	4.757e-01	4.760e-01	4.757e-01	4.764e-01	5.764e-01	5.608e-01	5.903e-01	5.979e-01	5.747e-01	6.146e-01	4.882e-01	4.771e-01	5.028e-01
1.970e+04	4.757e-01	4.757e-01	4.757e-01	4.760e-01	4.757e-01	4.764e-01	5.764e-01	5.608e-01	5.903e-01	5.979e-01	5.747e-01	6.146e-01	4.882e-01	4.771e-01	5.028e-01
1.980e+04	4.757e-01	4.757e-01	4.757e-01	4.760e-01	4.757e-01	4.764e-01	5.764e-01	5.608e-01	5.903e-01	5.979e-01	5.747e-01	6.146e-01	4.882e-01	4.771e-01	5.028e-01
1.990e+04	4.757e-01	4.757e-01	4.757e-01	4.760e-01	4.757e-01	4.764e-01	5.764e-01	5.608e-01	5.903e-01	5.979e-01	5.747e-01	6.146e-01	4.882e-01	4.771e-01	5.028e-01
2.000e+04	4.757e-01	4.757e-01	4.757e-01	4.760e-01	4.757e-01	4.764e-01	5.764e-01	5.608e-01	5.903e-01	5.979e-01	5.747e-01	6.146e-01	4.882e-01	4.771e-01	5.028e-01
2.010e+04	4.757e-01	4.757e-01	4.757e-01	4.760e-01	4.757e-01	4.764e-01	5.764e-01	5.625e-01	5.903e-01	5.979e-01	5.747e-01	6.146e-01	4.882e-01	4.771e-01	5.028e-01
2.020e+04	4.757e-01	4.757e-01	4.757e-01	4.760e-01	4.757e-01	4.764e-01	5.764e-01	5.625e-01	5.903e-01	5.979e-01	5.747e-01	6.146e-01	4.896e-01	4.771e-01	5.028e-01
2.030e+04	4.757e-01	4.757e-01	4.757e-01	4.760e-01	4.757e-01	4.764e-01	5.764e-01	5.625e-01	5.903e-01	5.979e-01	5.747e-01	6.146e-01	4.896e-01	4.771e-01	5.028e-01
2.040e+04	4.757e-01	4.757e-01	4.757e-01	4.760e-01	4.757e-01	4.764e-01	5.764e-01	5.625e-01	5.903e-01	5.979e-01	5.747e-01	6.146e-01	4.896e-01	4.795e-01	5.028e-01
2.050e+04	4.757e-01	4.757e-01	4.757e-01	4.760e-01	4.757e-01	4.764e-01	5.764e-01	5.625e-01	5.903e-01	5.979e-01	5.747e-01	6.146e-01	4.896e-01	4.795e-01	5.028e-01
2.060e+04	4.757e-01	4.757e-01	4.757e-01	4.764e-01	4.757e-01	4.764e-01	5.764e-01	5.625e-01	5.903e-01	5.979e-01	5.747e-01	6.146e-01	4.896e-01	4.795e-01	5.028e-01
2.070e+04	4.757e-01	4.757e-01	4.757e-01	4.764e-01	4.757e-01	4.764e-01	5.764e-01	5.625e-01	5.903e-01	5.979e-01	5.747e-01	6.146e-01	4.896e-01	4.795e-01	5.028e-01
2.080e+04	4.757e-01	4.757e-01	4.757e-01	4.764e-01	4.757e-01	4.764e-01	5.764e-01	5.625e-01	5.903e-01	5.979e-01	5.781e-01	6.146e-01	4.896e-01	4.795e-01	5.028e-01
2.090e+04	4.757e-01	4.757e-01	4.757e-01	4.764e-01	4.757e-01	4.764e-01	5.764e-01	5.625e-01	5.903e-01	5.979e-01	5.799e-01	6.146e-01	4.896e-01	4.795e-01	5.028e-01
2.100e+04	4.757e-01	4.757e-01	4.757e-01	4.764e-01	4.757e-01	4.764e-01	5.764e-01	5.625e-01	5.903e-01	5.979e-01	5.799e-01	6.146e-01	4.896e-01	4.795e-01	5.028e-01
2.110e+04	4.757e-01	4.757e-01	4.757e-01	4.764e-01	4.757e-01	4.767e-01	5.764e-01	5.625e-01	5.903e-01	5.990e-01	5.799e-01	6.146e-01	4.896e-01	4.795e-01	5.028e-01
2.120e+04	4.757e-01	4.757e-01	4.757e-01	4.764e-01	4.757e-01	4.767e-01	5.764e-01	5.625e-01	5.903e-01	5.990e-01	5.799e-01	6.146e-01	4.896e-01	4.795e-01	5.028e-01
2.130e+04	4.757e-01	4.757e-01	4.757e-01	4.764e-01	4.757e-01	4.767e-01	5.764e-01	5.625e-01	5.903e-01	5.990e-01	5.799e-01	6.146e-01	4.896e-01	4.795e-01	5.028e-01
2.140e+04	4.757e-01	4.757e-01	4.757e-01	4.764e-01	4.757e-01	4.767e-01	5.764e-01	5.625e-01	5.903e-01	5.990e-01	5.799e-01	6.146e-01	4.896e-01	4.795e-01	5.028e-01
2.150e+04	4.757e-01	4.757e-01	4.757e-01	4.764e-01	4.757e-01	4.767e-01	5.764e-01	5.625e-01	5.903e-01	5.990e-01	5.799e-01	6.146e-01	4.896e-01	4.795e-01	5.028e-01
2.160e+04	4.757e-01	4.757e-01	4.757e-01	4.764e-01	4.757e-01	4.767e-01	5.764e-01	5.625e-01	5.903e-01	5.990e-01	5.799e-01	6.146e-01	4.896e-01	4.795e-01	5.028e-01
2.170e+04	4.757e-01	4.757e-01	4.757e-01	4.764e-01	4.757e-01	4.767e-01	5.764e-01	5.625e-01	5.903e-01	5.990e-01	5.799e-01	6.146e-01	4.896e-01	4.795e-01	5.028e-01
2.180e+04	4.757e-01	4.757e-01	4.757e-01	4.764e-01	4.757e-01	4.767e-01	5.764e-01	5.625e-01	5.903e-01	5.990e-01	5.799e-01	6.146e-01	4.896e-01	4.795e-01	5.028e-01
2.190e+04	4.757e-01	4.757e-01	4.757e-01	4.764e-01	4.757e-01	4.767e-01	5.764e-01	5.625e-01	5.903e-01	5.990e-01	5.799e-01	6.146e-01	4.896e-01	4.795e-01	5.028e-01
2.200e+04	4.757e-01	4.757e-01	4.757e-01	4.764e-01	4.757e-01	4.767e-01	5.764e-01	5.625e-01	5.903e-01	5.990e-01	5.799e-01	6.146e-01	4.896e-01	4.795e-01	5.028e-01
2.210e+04	4.757e-01	4.757e-01	4.757e-01	4.764e-01	4.760e-01	4.767e-01	5.764e-01	5.625e-01	5.903e-01	5.990e-01	5.799e-01	6.146e-01	4.896e-01	4.795e-01	5.028e-01
2.220e+04	4.757e-01	4.757e-01	4.757e-01	4.764e-01	4.760e-01	4.767e-01	5.764e-01	5.625e-01	5.903e-01	5.990e-01	5.799e-01	6.146e-01	4.896e-01	4.795e-01	5.028e-01
2.230e+04	4.757e-01	4.757e-01	4.757e-01	4.764e-01	4.760e-01	4.767e-01	5.764e-01	5.625e-01	5.903e-01	5.990e-01	5.799e-01	6.146e-01	4.896e-01	4.795e-01	5.028e-01
2.240e+04	4.757e-01	4.757e-01	4.757e-01	4.764e-01	4.760e-01	4.767e-01	5.764e-01	5.625e-01	5.903e-01	5.990e-01	5.799e-01	6.146e-01	4.896e-01	4.795e-01	5.115e-01
2.250e+04	4.757e-01	4.757e-01	4.757e-01	4.764e-01	4.760e-01	4.767e-01	5.764e-01	5.625e-01	5.903e-01	5.990e-01	5.799e-01	6.146e-01	4.896e-01	4.795e-01	5.115e-01
2.260e+04	4.757e-01	4.757e-01	4.757e-01	4.764e-01	4.760e-01	4.767e-01	5.764e-01	5.625e-01	5.903e-01	5.990e-01	5.799e-01	6.146e-01	4.896e-01	4.795e-01	5.115e-01
2.270e+04	4.757e-01	4.757e-01	4.757e-01	4.764e-01	4.760e-01	4.767e-01	5.764e-01	5.625e-01	5.903e-01	5.990e-01	5.799e-01	6.146e-01	4.896e-01	4.795e-01	5.115e-01
2.280e+04	4.757e-01	4.757e-01	4.757e-01	4.764e-01	4.760e-01	4.767e-01	5.764e-01	5.625e-01	5.903e-01	5.990e-01	5.799e-01	6.146e-01	4.896e-01	4.795e-01	5.115e-01
2.290e+04	4.757e-01	4.757e-01	4.757e-01	4.764e-01	4.760e-01	4.767e-01	5.764e-01	5.625e-01	5.903e-01	5.990e-01	5.799e-01	6.146e-01	4.896e-01	4.795e-01	5.115e-01
2.300e+04	4.757e-01	4.757e-01	4.757e-01	4.764e-01	4.760e-01	4.767e-01	5.764e-01	5.625e-01	5.903e-01	5.990e-01	5.799e-01	6.146e-01	4.896e-01	4.795e-01	5.153e-01
2.310e+04	4.757e-01	4.757e-01	4.757e-01	4.764e-01	4.760e-01	4.767e-01	5.764e-01	5.625e-01	5.903e-01	5.990e-01	5.816e-01	6.146e-01	4.896e-01	4.816e-01	5.153e-01
2.320e+04	4.757e-01	4.757e-01	4.757e-01	4.764e-01	4.760e-01	4.767e-01	5.764e-01	5.625e-01	5.903e-01	5.990e-01	5.816e-01	6.146e-01	4.896e-01	4.816e-01	5.153e-01
2.330e+04	4.757e-01	4.757e-01	4.757e-01	4.764e-01	4.760e-01	4.767e-01	5.764e-01	5.625e-01	5.903e-01	5.990e-01	5.816e-01	6.146e-01	4.896e-01	4.816e-01	5.153e-01
2.340e+04	4.757e-01	4.757e-01	4.757e-01	4.764e-01	4.760e-01	4.767e-01	5.764e-01	5.625e-01	5.903e-01	5.990e-01	5.816e-01	6.146e-01	4.896e-01	4.816e-01	5.153e-01
2.350e+04	4.757e-01	4.757e-01	4.757e-01	4.764e-01	4.760e-01	4.767e-01	5.764e-01	5.625e-01	5.903e-01	5.990e-01	5.816e-01	6.146e-01	4.896e-01	4.816e-01	5.153e-01
2.360e+04	4.757e-01	4.757e-01	4.757e-01	4.764e-01	4.760e-01	4.767e-01	5.764e-01	5.625e-01	5.903e-01	5.990e-01	5.816e-01	6.146e-01	4.896e-01	4.816e-01	5.153e-01
2.370e+04	4.757e-01	4.757e-01	4.757e-01	4.764e-01	4.760e-01	4.767e-01	5.764e-01	5.625e-01	5.903e-01	5.990e-01	5.816e-01	6.146e-01	4.896e-01	4.816e-01	5.153e-01
2.380e+04	4.757e-01	4.757e-01	4.757e-01	4.764e-01	4.760e-01	4.767e-01	5.764e-01	5.625e-01	5.903e-01	5.990e-01	5.816e-01	6.146e-01	4.896e-01	4.816e-01	5.153e-01
2.390e+04	4.757e-01	4.757e-01	4.757e-01	4.764e-01	4.760e-01	4.767e-01	5.764e-01	5.625e-01	5.903e-01	5.990e-01	5.816e-01	6.146e-01	4.896e-01	4.816e-01	5.153e-01
2.400e+04	4.757e-01	4.757e-01	4.757e-01	4.764e-01	4.760e-01	4.767e-01	5.764e-01	5.625e-01	5.903e-01	5.990e-01	5.816e-01	6.146e-01	4.896e-01	4.816e-01	5.153e-01
2.410e+04	4.757e-01	4.757e-01	4.757e-01	4.764e-01	4.760e-01	4.767e-01	5.764e-01	5.625e-01	5.903e-01	5.990e-01	5.816e-01	6.146e-01	4.896e-01	4.816e-01	5.153e-01
2.420e+04	4.757e-01	4.757e-01	4.757e-01	4.764e-01	4.760e-01	4.767e-01	5.764e-01	5.625e-01	5.903e-01	5.990e-01	5.816e-01	6.146e-01	4.896e-01	4.816e-01	5.153e-01
2.430e+04	4.757e-01	4.757e-01	4.757e-01	4.764e-01	4.760e-01	4.767e-01	5.764e-01	5.625e-01	5.903e-01	5.990e-01	5.816e-01	6.146e-01	4.896e-01	4.816e-01	5.153e-01
2.440e+04	4.757e-01	4.757e-01	4.757e-01	4.764e-01	4.760e-01	4.767e-01	5.764e-01	5.625e-01	5.903e-01	5.990e-01	5.816e-01	6.153e-01	4.896e-01	4.816e-01	5.153e-01
2.450e+04	4.757e-01	4.757e-01	4.757e-01	4.764e-01	4.760e-01	4.767e-01	5.764e-01	5.625e-01	5.903e-01	5.990e-01	5.816e-01	6.153e-01	4.896e-01	4.816e-01	5.153e-01
2.460e+04	4.757e-01	4.757e-01	4.757e-01	4.764e-01	4.760e-01	4.767e-01	5.764e-01	5.625e-01	5.903e-01	5.990e-01	5.816e-01	6.153e-01	4.896e-01	4.816e-01	5.153e-01
2.470e+04	4.757e-01	4.757e-01	4.757e-01	4.764e-01	4.760e-01	4.767e-01	5.764e-01	5.625e-01	5.903e-01	5.990e-01	5.816e-01	6.153e-01	4.896e-01	4.816e-01	5.153e-01
2.480e+04	4.757e-01	4.757e-01	4.757e-01	4.764e-01	4.760e-01	4.767e-01	5.816e-01	5.625e-01	5.903e-01	5.990e-01	5.816e-01	6.153e-01	4.896e-01	4.816e-01	5.153e-01
2.490e+04	4.757e-01	4.757e-01	4.757e-01	4.764e-01	4.760e-01	4.767e-01	5.816e-01	5.625e-01	5.903e-01	5.990e-01	5.816e-01	6.163e-01	4.896e-01	4.816e-01	5.153e-01
2.500e+04	4.757e-01	4.757e-01	4.757e-01	4.764e-01	4.760e-01	4.767e-01	5.816e-01	5.625e-01	5.903e-01	5.990e-01	5.816e-01	6.163e-01	4.896e-01	4.816e-01	5.153e-01
2.510e+04	4.757e-01	4.757e-01	4.757e-01	4.764e-01	4.760e-01	4.767e-01	5.816e-01	5.625e-01	5.903e-01	5.990e-01	5.816e-01	6.163e-01	4.896e-01	4.816e-01	5.153e-01
2.520e+04	4.757e-01	4.757e-01	4.757e-01	4.764e-01	4.760e-01	4.767e-01	5.816e-01	5.625e-01	5.903e-01	5.990e-01	5.816e-01	6.163e-01	4.896e-01	4.816e-01	5.153e-01
2.530e+04	4.757e-01	4.757e-01	4.757e-01	4.764e-01	4.760e-01	4.767e-01	5.816e-01	5.625e-01	5.903e-01	5.990e-01	5.816e-01	6.163e-01	4.896e-01	4.816e-01	5.153e-01
2.540e+04	4.757e-01	4.757e-01	4.757e-01	4.764e-01	4.760e-01	4.767e-01	5.816e-01	5.625e-01	5.903e-01	5.990e-01	5.816e-01	6.163e-01	4.896e-01	4.816e-01	5.153e-01
2.550e+04	4.757e-01	4.757e-01	4.757e-01	4.764e-01	4.760e-01	4.767e-01	5.816e-01	5.625e-01	5.903e-01	5.990e-01	5.816e-01	6.163e-01	4.896e-01	4.816e-01	5.153e-01
2.560e+04	4.757e-01	4.757e-01	4.757e-01	4.764e-01	4.760e-01	4.767e-01	5.816e-01	5.625e-01	5.903e-01	5.990e-01	5.816e-01	6.163e-01	4.896e-01	4.816e-01	5.153e-01
2.570e+04	4.757e-01	4.757e-01	4.757e-01	4.764e-01	4.760e-01	4.767e-01	5.816e-01	5.625e-01	5.920e-01	5.990e-01	5.816e-01	6.163e-01	4.896e-01	4.816e-01	5.153e-01
2.580e+04	4.757e-01	4.757e-01	4.757e-01	4.764e-01	4.760e-01	4.767e-01	5.816e-01	5.625e-01	5.920e-01	5.990e-01	5.816e-01	6.163e-01	4.896e-01	4.816e-01	5.153e-01
2.590e+04	4.757e-01	4.757e-01	4.757e-01	4.764e-01	4.760e-01	4.767e-01	5.816e-01	5.625e-01	5.920e-01	5.990e-01	5.816e-01	6.163e-01	4.896e-01	4.816e-01	5.153e-01
2.600e+04	4.757e-01	4.757e-01	4.757e-01	4.764e-01	4.760e-01	4.767e-01	5.816e-01	5.625e-01	5.920e-01	5.990e-01	5.816e-01	6.163e-01	4.896e-01	4.816e-01	5.153e-01
2.610e+04	4.757e-01	4.757e-01	4.757e-01	4.764e-01	4.760e-01	4.767e-01	5.816e-01	5.625e-01	5.920e-01	5.990e-01	5.816e-01	6.163e-01	4.896e-01	4.816e-01	5.153e-01
2.620e+04	4.757e-01	4.757e-01	4.757e-01	4.764e-01	4.760e-01	4.767e-01	5.816e-01	5.625e-01	5.920e-01	5.990e-01	5.816e-01	6.163e-01	4.896e-01	4.816e-01	5.153e-01
2.630e+04	4.757e-01	4.757e-01	4.757e-01	4.764e-01	4.760e-01	4.767e-01	5.816e-01	5.625e-01	5.920e-01	5.990e-01	5.816e-01	6.163e-01	4.896e-01	4.816e-01	5.153e-01
2.640e+04	4.757e-01	4.757e-01	4.757e-01	4.764e-01	4.760e-01	4.767e-01	5.816e-01	5.625e-01	5.920e-01	5.990e-01	5.816e-01	6.163e-01	4.896e-01	4.816e-01	5.153e-01
2.650e+04	4.757e-01	4.757e-01	4.757e-01	4.764e-01	4.760e-01	4.767e-01	5.816e-01	5.625e-01	5.920e-01	5.990e-01	5.816e-01	6.163e-01	4.896e-01	4.816e-01	5.153e-01
2.660e+04	4.757e-01	4.757e-01	4.757e-01	4.764e-01	4.760e-01	4.767e-01	5.816e-01	5.625e-01	5.920e-01	5.990e-01	5.816e-01	6.163e-01	4.896e-01	4.816e-01	5.153e-01
2.670e+04	4.757e-01	4.757e-01	4.757e-01	4.764e-01	4.760e-01	4.767e-01	5.816e-01	5.625e-01	5.920e-01	5.990e-01	5.816e-01	6.163e-01	4.896e-01	4.816e-01	5.153e-01
2.680e+04	4.757e-01	4.757e-01	4.757e-01	4.764e-01	4.760e-01	4.767e-01	5.816e-01	5.625e-01	5.920e-01	5.990e-01	5.816e-01	6.163e-01	4.896e-01	4.816e-01	5.153e-01
2.690e+04	4.757e-01	4.757e-01	4.757e-01	4.764e-01	4.760e-01	4.767e-01	5.816e-01	5.625e-01	5.920e-01	5.990e-01	5.816e-01	6.163e-01	4.896e-01	4.816e-01	5.153e-01
2.700e+04	4.757e-01	4.757e-01	4.757e-01	4.764e-01	4.760e-01	4.767e-01	5.816e-01	5.625e-01	5.920e-01	5.990e-01	5.816e-01	6.163e-01	4.896e-01	4.816e-01	5.153e-01
2.710e+04	4.757e-01	4.757e-01	4.757e-01	4.764e-01	4.760e-01	4.767e-01	5.816e-01	5.625e-01	5.920e-01	5.990e-01	5.816e-01	6.163e-01	4.896e-01	4.816e-01	5.167e-01
2.720e+04	4.757e-01	4.757e-01	4.757e-01	4.764e-01	4.760e-01	4.767e-01	5.816e-01	5.625e-01	5.920e-01	5.990e-01	5.816e-01	6.163e-01	4.896e-01	4.816e-01	5.167e-01
2.730e+04	4.757e-01	4.757e-01	4.757e-01	4.764e-01	4.760e-01	4.767e-01	5.816e-01	5.625e-01	5.920e-01	5.990e-01	5.816e-01	6.163e-01	4.896e-01	4.816e-01	5.167e-01
2.740e+04	4.757e-01	4.757e-01	4.757e-01	4.764e-01	4.760e-01	4.767e-01	5.816e-01	5.625e-01	5.920e-01	5.990e-01	5.816e-01	6.163e-01	4.896e-01	4.816e-01	5.167e-01
2.750e+04	4.757e-01	4.757e-01	4.757e-01	4.764e-01	4.760e-01	4.767e-01	5.816e-01	5.625e-01	5.920e-01	5.990e-01	5.816e-01	6.163e-01	4.896e-01	4.816e-01	5.170e-01
2.760e+04	4.757e-01	4.757e-01	4.757e-01	4.764e-01	4.760e-01	4.767e-01	5.816e-01	5.653e-01	5.920e-01	5.990e-01	5.816e-01	6.163e-01	4.896e-01	4.816e-01	5.170e-01
2.770e+04	4.757e-01	4.757e-01	4.757e-01	4.764e-01	4.760e-01	4.767e-01	5.816e-01	5.653e-01	5.920e-01	5.990e-01	5.816e-01	6.163e-01	4.896e-01	4.816e-01	5.170e-01
2.780e+04	4.757e-01	4.757e-01	4.757e-01	4.764e-01	4.760e-01	4.767e-01	5.816e-01	5.653e-01	5.920e-01	5.990e-01	5.816e-01	6.163e-01	4.896e-01	4.816e-01	5.170e-01
2.790e+04	4.757e-01	4.757e-01	4.757e-01	4.764e-01	4.760e-01	4.767e-01	5.816e-01	5.653e-01	5.920e-01	5.990e-01	5.816e-01	6.163e-01	4.896e-01	4.816e-01	5.170e-01
2.800e+04	4.757e-01	4.757e-01	4.757e-01	4.764e-01	4.760e-01	4.767e-01	5.816e-01	5.653e-01	5.920e-01	5.990e-01	5.816e-01	6.163e-01	4.896e-01	4.816e-01	5.170e-01
2.810e+04	4.757e-01	4.757e-01	4.757e-01	4.764e-01	4.760e-01	4.767e-01	5.816e-01	5.653e-01	5.920e-01	5.990e-01	5.816e-01	6.163e-01	4.896e-01	4.816e-01	5.170e-01
2.820e+04	4.757e-01	4.757e-01	4.757e-01	4.764e-01	4.760e-01	4.767e-01	5.816e-01	5.653e-01	5.920e-01	5.990e-01	5.816e-01	6.163e-01	4.896e-01	4.816e-01	5.170e-01
2.830e+04	4.757e-01	4.757e-01	4.757e-01	4.764e-01	4.760e-01	4.767e-01	5.816e-01	5.653e-01	5.920e-01	5.990e-01	5.816e-01	6.163e-01	4.896e-01	4.816e-01	5.170e-01
2.840e+04	4.757e-01	4.757e-01	4.757e-01	4.764e-01	4.760e-01	4.767e-01	5.816e-01	5.653e-01	5.920e-01	5.990e-01	5.816e-01	6.163e-01	4.896e-01	4.816e-01	5.170e-01
2.850e+04	4.757e-01	4.757e-01	4.757e-01	4.764e-01	4.760e-01	4.767e-01	5.816e-01	5.653e-01	5.920e-01	5.990e-01	5.816e-01	6.163e-01	4.896e-01	4.816e-01	5.170e-01
2.860e+04	4.757e-01	4.757e-01	4.757e-01	4.764e-01	4.760e-01	4.767e-01	5.816e-01	5.653e-01	5.920e-01	5.990e-01	5.816e-01	6.163e-01	4.896e-01	4.816e-01	5.170e-01
2.870e+04	4.757e-01	4.757e-01	4.757e-01	4.764e-01	4.760e-01	4.767e-01	5.816e-01	5.653e-01	5.920e-01	5.990e-01	5.816e-01	6.163e-01	4.896e-01	4.816e-01	5.170e-01
2.880e+04	4.757e-01	4.757e-01	4.757e-01	4.764e-01	4.760e-01	4.767e-01	5.816e-01	5.653e-01	5.920e-01	5.990e-01	5.816e-01	6.163e-01	4.896e-01	4.816e-01	5.170e-01
2.890e+04	4.757e-01	4.757e-01	4.757e-01	4.764e-01	4.760e-01	4.767e-01	5.816e-01	5.653e-01	5.924e-01	5.990e-01	5.816e-01	6.163e-01	4.896e-01	4.816e-01	5.170e-01
2.900e+04	4.757e-01	4.757e-01	4.757e-01	4.764e-01	4.760e-01	4.767e-01	5.816e-01	5.660e-01	5.924e-01	5.990e-01	5.816e-01	6.163e-01	4.896e-01	4.816e-01	5.170e-01
2.910e+04	4.757e-01	4.757e-01	4.757e-01	4.764e-01	4.760e-01	4.767e-01	5.816e-01	5.660e-01	5.924e-01	5.990e-01	5.816e-01	6.163e-01	4.896e-01	4.816e-01	5.170e-01
2.920e+04	4.757e-01	4.757e-01	4.757e-01	4.764e-01	4.760e-01	4.767e-01	5.816e-01	5.660e-01	5.924e-01	5.990e-01	5.816e-01	6.163e-01	4.896e-01	4.816e-01	5.170e-01
2.930e+04	4.757e-01	4.757e-01	4.757e-01	4.764e-01	4.760e-01	4.767e-01	5.819e-01	5.660e-01	5.924e-01	5.990e-01	5.816e-01	6.163e-01	4.896e-01	4.816e-01	5.170e-01
2.940e+04	4.757e-01	4.757e-01	4.757e-01	4.764e-01	4.760e-01	4.767e-01	5.819e-01	5.660e-01	5.924e-01	5.990e-01	5.816e-01	6.163e-01	4.896e-01	4.816e-01	5.170e-01
2.950e+04	4.757e-01	4.757e-01	4.757e-01	4.764e-01	4.760e-01	4.767e-01	5.819e-01	5.660e-01	5.924e-01	5.990e-01	5.816e-01	6.163e-01	4.896e-01	4.816e-01	5.170e-01
2.960e+04	4.757e-01	4.757e-01	4.757e-01	4.764e-01	4.760e-01	4.767e-01	5.819e-01	5.660e-01	5.924e-01	5.990e-01	5.816e-01	6.163e-01	4.896e-01	4.816e-01	5.174e-01
2.970e+04	4.757e-01	4.757e-01	4.757e-01	4.764e-01	4.760e-01	4.767e-01	5.819e-01	5.660e-01	5.924e-01	5.990e-01	5.816e-01	6.163e-01	4.896e-01	4.816e-01	5.174e-01
2.980e+04	4.757e-01	4.757e-01	4.757e-01	4.764e-01	4.760e-01	4.767e-01	5.819e-01	5.660e-01	5.924e-01	5.990e-01	5.816e-01	6.163e-01	4.896e-01	4.816e-01	5.174e-01
2.990e+04	4.757e-01	4.757e-01	4.757e-01	4.764e-01	4.760e-01	4.767e-01	5.819e-01	5.660e-01	5.924e-01	5.990e-01	5.816e-01	6.163e-01	4.896e-01	4.816e-01	5.174e-01
3.000e+04	4.757e-01	4.757e-01	4.757e-01	4.764e-01	4.760e-01	4.767e-01	5.819e-01	5.660e-01	5.924e-01	5.990e-01	5.816e-01	6.163e-01	4.896e-01	4.816e-01	5.174e-01
3.010e+04	4.757e-01	4.757e-01	4.757e-01	4.764e-01	4.760e-01	4.767e-01	5.819e-01	5.660e-01	5.924e-01	5.990e-01	5.816e-01	6.163e-01	4.896e-01	4.816e-01	5.174e-01
3.020e+04	4.757e-01	4.757e-01	4.757e-01	4.764e-01	4.760e-01	4.767e-01	5.819e-01	5.660e-01	5.924e-01	5.990e-01	5.816e-01	6.163e-01	4.896e-01	4.816e-01	5.174e-01
3.030e+04	4.757e-01	4.757e-01	4.757e-01	4.764e-01	4.760e-01	4.767e-01	5.819e-01	5.660e-01	5.924e-01	5.990e-01	5.816e-01	6.163e-01	4.896e-01	4.816e-01	5.174e-01
3.040e+04	4.757e-01	4.757e-01	4.757e-01	4.764e-01	4.760e-01	4.767e-01	5.819e-01	5.660e-01	5.924e-01	5.990e-01	5.816e-01	6.163e-01	4.896e-01	4.816e-01	5.174e-01
3.050e+04	4.757e-01	4.757e-01	4.757e-01	4.764e-01	4.760e-01	4.767e-01	5.819e-01	5.660e-01	5.924e-01	6.024e-01	5.816e-01	6.163e-01	4.896e-01	4.816e-01	5.191e-01
3.060e+04	4.757e-01	4.757e-01	4.757e-01	4.764e-01	4.760e-01	4.767e-01	5.819e-01	5.660e-01	5.924e-01	6.024e-01	5.816e-01	6.163e-01	4.896e-01	4.816e-01	5.191e-01
3.070e+04	4.757e-01	4.757e-01	4.757e-01	4.764e-01	4.760e-01	4.767e-01	5.819e-01	5.660e-01	5.924e-01	6.024e-01	5.816e-01	6.163e-01	4.896e-01	4.816e-01	5.191e-01
3.080e+04	4.757e-01	4.757e-01	4.757e-01	4.764e-01	4.760e-01	4.767e-01	5.819e-01	5.660e-01	5.924e-01	6.028e-01	5.816e-01	6.163e-01	4.896e-01	4.816e-01	5.191e-01
3.090e+04	4.757e-01	4.757e-01	4.757e-01	4.764e-01	4.760e-01	4.767e-01	5.819e-01	5.660e-01	5.924e-01	6.028e-01	5.816e-01	6.163e-01	4.896e-01	4.816e-01	5.191e-01
3.100e+04	4.757e-01	4.757e-01	4.757e-01	4.764e-01	4.760e-01	4.767e-01	5.819e-01	5.660e-01	5.924e-01	6.028e-01	5.816e-01	6.163e-01	4.896e-01	4.816e-01	5.191e-01
3.110e+04	4.757e-01	4.757e-01	4.757e-01	4.764e-01	4.760e-01	4.767e-01	5.819e-01	5.660e-01	5.924e-01	6.028e-01	5.816e-01	6.163e-01	4.896e-01	4.816e-01	5.191e-01
3.120e+04	4.757e-01	4.757e-01	4.757e-01	4.767e-01	4.764e-01	4.767e-01	5.819e-01	5.660e-01	5.924e-01	6.028e-01	5.816e-01	6.163e-01	4.896e-01	4.816e-01	5.191e-01
3.130e+04	4.757e-01	4.757e-01	4.757e-01	4.767e-01	4.764e-01	4.767e-01	5.819e-01	5.660e-01	5.924e-01	6.028e-01	5.816e-01	6.163e-01	4.896e-01	4.816e-01	5.191e-01
3.140e+04	4.757e-01	4.757e-01	4.757e-01	4.767e-01	4.764e-01	4.767e-01	5.819e-01	5.660e-01	5.924e-01	6.028e-01	5.816e-01	6.163e-01	4.896e-01	4.816e-01	5.191e-01
3.150e+04	4.757e-01	4.757e-01	4.757e-01	4.767e-01	4.764e-01	4.767e-01	5.819e-01	5.660e-01	5.924e-01	6.028e-01	5.816e-01	6.163e-01	4.896e-01	4.816e-01	5.191e-01
3.160e+04	4.757e-01	4.757e-01	4.757e-01	4.767e-01	4.764e-01	4.767e-01	5.819e-01	5.660e-01	5.924e-01	6.028e-01	5.816e-01	6.163e-01	4.913e-01	4.816e-01	5.191e-01
3.170e+04	4.757e-01	4.757e-01	4.757e-01	4.767e-01	4.764e-01	4.767e-01	5.819e-01	5.660e-01	5.924e-01	6.028e-01	5.816e-01	6.163e-01	4.917e-01	4.816e-01	5.191e-01
3.180e+04	4.757e-01	4.757e-01	4.757e-01	4.767e-01	4.764e-01	4.767e-01	5.819e-01	5.660e-01	5.924e-01	6.028e-01	5.816e-01	6.163e-01	4.917e-01	4.816e-01	5.191e-01
3.190e+04	4.757e-01	4.757e-01	4.757e-01	4.767e-01	4.764e-01	4.767e-01	5.819e-01	5.660e-01	5.924e-01	6.028e-01	5.816e-01	6.163e-01	4.917e-01	4.816e-01	5.191e-01
3.200e+04	4.757e-01	4.757e-01	4.757e-01	4.767e-01	4.764e-01	4.767e-01	5.819e-01	5.660e-01	5.924e-01	6.028e-01	5.816e-01	6.163e-01	4.917e-01	4.816e-01	5.191e-01
3.210e+04	4.757e-01	4.757e-01	4.757e-01	4.767e-01	4.764e-01	4.767e-01	5.819e-01	5.660e-01	5.924e-01	6.028e-01	5.816e-01	6.163e-01	4.917e-01	4.816e-01	5.191e-01
3.220e+04	4.757e-01	4.757e-01	4.757e-01	4.767e-01	4.764e-01	4.767e-01	5.819e-01	5.660e-01	5.924e-01	6.028e-01	5.816e-01	6.163e-01	4.917e-01	4.816e-01	5.191e-01
3.230e+04	4.757e-01	4.757e-01	4.757e-01	4.767e-01	4.764e-01	4.767e-01	5.819e-01	5.660e-01	5.924e-01	6.028e-01	5.816e-01	6.163e-01	4.917e-01	4.816e-01	5.191e-01
3.240e+04	4.757e-01	4.757e-01	4.757e-01	4.767e-01	4.764e-01	4.767e-01	5.819e-01	5.660e-01	5.924e-01	6.028e-01	5.816e-01	6.163e-01	4.917e-01	4.816e-01	5.191e-01
3.250e+04	4.757e-01	4.757e-01	4.757e-01	4.767e-01	4.764e-01	4.767e-01	5.819e-01	5.660e-01	5.924e-01	6.028e-01	5.816e-01	6.163e-01	4.917e-01	4.816e-01	5.191e-01
3.260e+04	4.757e-01	4.757e-01	4.757e-01	4.767e-01	4.764e-01	4.767e-01	5.819e-01	5.660e-01	5.924e-01	6.028e-01	5.816e-01	6.163e-01	4.917e-01	4.816e-01	5.191e-01
3.270e+04	4.757e-01	4.757e-01	4.757e-01	4.767e-01	4.764e-01	4.767e-01	5.819e-01	5.660e-01	5.924e-01	6.028e-01	5.816e-01	6.163e-01	4.917e-01	4.816e-01	5.191e-01
3.280e+04	4.757e-01	4.757e-01	4.757e-01	4.767e-01	4.764e-01	4.767e-01	5.819e-01	5.660e-01	5.924e-01	6.028e-01	5.816e-01	6.163e-01	4.917e-01	4.816e-01	5.191e-01
3.290e+04	4.757e-01	4.757e-01	4.757e-01	4.767e-01	4.764e-01	4.767e-01	5.819e-01	5.660e-01	5.924e-01	6.028e-01	5.816e-01	6.163e-01	4.917e-01	4.816e-01	5.191e-01
3.300e+04	4.757e-01	4.757e-01	4.757e-01	4.767e-01	4.764e-01	4.767e-01	5.819e-01	5.660e-01	5.924e-01	6.028e-01	5.816e-01	6.163e-01	4.917e-01	4.816e-01	5.191e-01
3.310e+04	4.757e-01	4.757e-01	4.757e-01	4.767e-01	4.764e-01	4.767e-01	5.819e-01	5.660e-01	5.924e-01	6.028e-01	5.816e-01	6.163e-01	4.917e-01	4.816e-01	5.191e-01
3.320e+04	4.757e-01	4.757e-01	4.757e-01	4.767e-01	4.764e-01	4.767e-01	5.819e-01	5.660e-01	5.924e-01	6.028e-01	5.816e-01	6.163e-01	4.917e-01	4.816e-01	5.191e-01
3.330e+04	4.757e-01	4.757e-01	4.757e-01	4.767e-01	4.764e-01	4.767e-01	5.819e-01	5.660e-01	5.924e-01	6.028e-01	5.816e-01	6.163e-01	4.917e-01	4.816e-01	5.191e-01
3.340e+04	4.757e-01	4.757e-01	4.757e-01	4.767e-01	4.764e-01	4.767e-01	5.819e-01	5.660e-01	5.924e-01	6.028e-01	5.816e-01	6.163e-01	4.917e-01	4.816e-01	5.191e-01
3.350e+04	4.757e-01	4.757e-01	4.757e-01	4.767e-01	4.764e-01	4.767e-01	5.819e-01	5.660e-01	5.924e-01	6.028e-01	5.816e-01	6.163e-01	4.917e-01	4.816e-01	5.191e-01
3.360e+04	4.757e-01	4.757e-01	4.757e-01	4.767e-01	4.764e-01	4.767e-01	5.819e-01	5.660e-01	5.924e-01	6.028e-01	5.816e-01	6.163e-01	4.917e-01	4.816e-01	5.191e-01
3.370e+04	4.757e-01	4.757e-01	4.757e-01	4.767e-01	4.764e-01	4.767e-01	5.819e-01	5.660e-01	5.924e-01	6.028e-01	5.816e-01	6.163e-01	4.917e-01	4.816e-01	5.191e-01
3.380e+04	4.757e-01	4.757e-01	4.757e-01	4.767e-01	4.764e-01	4.767e-01	5.819e-01	5.660e-01	5.924e-01	6.028e-01	5.816e-01	6.163e-01	4.917e-01	4.816e-01	5.191e-01
3.390e+04	4.757e-01	4.757e-01	4.757e-01	4.767e-01	4.764e-01	4.767e-01	5.819e-01	5.660e-01	5.924e-01	6.028e-01	5.816e-01	6.163e-01	4.917e-01	4.816e-01	5.191e-01
3.400e+04	4.757e-01	4.757e-01	4.757e-01	4.767e-01	4.764e-01	4.767e-01	5.819e-01	5.670e-01	5.924e-01	6.028e-01	5.816e-01	6.163e-01	4.917e-01	4.816e-01	5.191e-01
3.410e+04	4.757e-01	4.757e-01	4.757e-01	4.767e-01	4.764e-01	4.767e-01	5.819e-01	5.670e-01	5.924e-01	6.028e-01	5.816e-01	6.163e-01	4.917e-01	4.816e-01	5.191e-01
3.420e+04	4.757e-01	4.757e-01	4.757e-01	4.767e-01	4.764e-01	4.767e-01	5.819e-01	5.670e-01	5.924e-01	6.028e-01	5.816e-01	6.163e-01	4.917e-01	4.816e-01	5.191e-01
3.430e+04	4.757e-01	4.757e-01	4.757e-01	4.767e-01	4.764e-01	4.767e-01	5.819e-01	5.677e-01	5.924e-01	6.028e-01	5.816e-01	6.163e-01	4.917e-01	4.816e-01	5.191e-01
3.440e+04	4.757e-01	4.757e-01	4.757e-01	4.767e-01	4.764e-01	4.767e-01	5.819e-01	5.677e-01	5.924e-01	6.028e-01	5.816e-01	6.163e-01	4.931e-01	4.816e-01	5.191e-01
3.450e+04	4.757e-01	4.757e-01	4.757e-01	4.767e-01	4.764e-01	4.767e-01	5.819e-01	5.677e-01	5.924e-01	6.042e-01	5.816e-01	6.163e-01	4.931e-01	4.816e-01	5.191e-01
3.460e+04	4.757e-01	4.757e-01	4.757e-01	4.767e-01	4.764e-01	4.767e-01	5.819e-01	5.677e-01	5.924e-01	6.042e-01	5.816e-01	6.163e-01	4.931e-01	4.816e-01	5.191e-01
3.470e+04	4.757e-01	4.757e-01	4.757e-01	4.767e-01	4.764e-01	4.767e-01	5.819e-01	5.677e-01	5.924e-01	6.042e-01	5.816e-01	6.163e-01	4.931e-01	4.816e-01	5.191e-01
3.480e+04	4.757e-01	4.757e-01	4.757e-01	4.767e-01	4.764e-01	4.767e-01	5.819e-01	5.677e-01	5.924e-01	6.042e-01	5.816e-01	6.163e-01	4.931e-01	4.816e-01	5.191e-01
3.490e+04	4.757e-01	4.757e-01	4.757e-01	4.767e-01	4.764e-01	4.771e-01	5.819e-01	5.677e-01	5.924e-01	6.042e-01	5.816e-01	6.163e-01	4.931e-01	4.816e-01	5.191e-01
3.500e+04	4.757e-01	4.757e-01	4.757e-01	4.767e-01	4.764e-01	4.771e-01	5.819e-01	5.677e-01	5.924e-01	6.042e-01	5.816e-01	6.163e-01	4.931e-01	4.816e-01	5.191e-01
3.510e+04	4.757e-01	4.757e-01	4.757e-01	4.767e-01	4.764e-01	4.771e-01	5.819e-01	5.677e-01	5.924e-01	6.042e-01	5.816e-01	6.163e-01	4.931e-01	4.816e-01	5.191e-01
3.520e+04	4.757e-01	4.757e-01	4.757e-01	4.767e-01	4.764e-01	4.771e-01	5.819e-01	5.677e-01	5.924e-01	6.042e-01	5.816e-01	6.163e-01	4.931e-01	4.826e-01	5.191e-01
3.530e+04	4.757e-01	4.757e-01	4.757e-01	4.767e-01	4.764e-01	4.771e-01	5.819e-01	5.677e-01	5.924e-01	6.042e-01	5.816e-01	6.163e-01	4.931e-01	4.826e-01	5.191e-01
3.540e+04	4.757e-01	4.757e-01	4.757e-01	4.767e-01	4.764e-01	4.771e-01	5.819e-01	5.677e-01	5.924e-01	6.042e-01	5.816e-01	6.163e-01	4.931e-01	4.826e-01	5.191e-01
3.550e+04	4.757e-01	4.757e-01	4.757e-01	4.767e-01	4.764e-01	4.771e-01	5.819e-01	5.677e-01	5.924e-01	6.042e-01	5.816e-01	6.163e-01	4.931e-01	4.826e-01	5.191e-01
3.560e+04	4.757e-01	4.757e-01	4.757e-01	4.767e-01	4.764e-01	4.771e-01	5.819e-01	5.677e-01	5.924e-01	6.042e-01	5.816e-01	6.163e-01	4.972e-01	4.826e-01	5.191e-01
3.570e+04	4.757e-01	4.757e-01	4.757e-01	4.767e-01	4.764e-01	4.771e-01	5.819e-01	5.677e-01	5.924e-01	6.042e-01	5.816e-01	6.163e-01	4.972e-01	4.826e-01	5.191e-01
3.580e+04	4.757e-01	4.757e-01	4.757e-01	4.767e-01	4.764e-01	4.771e-01	5.819e-01	5.677e-01	5.924e-01	6.042e-01	5.816e-01	6.163e-01	4.972e-01	4.826e-01	5.191e-01
3.590e+04	4.757e-01	4.757e-01	4.757e-01	4.767e-01	4.764e-01	4.771e-01	5.819e-01	5.677e-01	5.924e-01	6.042e-01	5.816e-01	6.163e-01	4.972e-01	4.826e-01	5.191e-01
3.600e+04	4.757e-01	4.757e-01	4.757e-01	4.767e-01	4.764e-01	4.771e-01	5.819e-01	5.677e-01	5.924e-01	6.042e-01	5.816e-01	6.163e-01	4.972e-01	4.826e-01	5.191e-01
3.610e+04	4.757e-01	4.757e-01	4.757e-01	4.767e-01	4.764e-01	4.771e-01	5.819e-01	5.677e-01	5.924e-01	6.042e-01	5.816e-01	6.163e-01	4.972e-01	4.826e-01	5.191e-01
3.620e+04	4.757e-01	4.757e-01	4.757e-01	4.767e-01	4.764e-01	4.771e-01	5.819e-01	5.677e-01	5.924e-01	6.042e-01	5.816e-01	6.163e-01	4.972e-01	4.826e-01	5.191e-01
3.630e+04	4.757e-01	4.757e-01	4.757e-01	4.767e-01	4.764e-01	4.771e-01	5.819e-01	5.677e-01	5.924e-01	6.042e-01	5.816e-01	6.163e-01	4.972e-01	4.826e-01	5.191e-01
3.640e+04	4.757e-01	4.757e-01	4.757e-01	4.767e-01	4.764e-01	4.771e-01	5.819e-01	5.677e-01	5.924e-01	6.042e-01	5.816e-01	6.163e-01	4.972e-01	4.826e-01	5.191e-01
3.650e+04	4.757e-01	4.757e-01	4.757e-01	4.767e-01	4.764e-01	4.771e-01	5.819e-01	5.677e-01	5.924e-01	6.042e-01	5.816e-01	6.163e-01	4.972e-01	4.826e-01	5.191e-01
3.660e+04	4.757e-01	4.757e-01	4.757e-01	4.767e-01	4.764e-01	4.771e-01	5.819e-01	5.677e-01	5.924e-01	6.042e-01	5.816e-01	6.163e-01	4.972e-01	4.826e-01	5.191e-01
3.670e+04	4.757e-01	4.757e-01	4.757e-01	4.767e-01	4.764e-01	4.771e-01	5.819e-01	5.677e-01	5.924e-01	6.042e-01	5.816e-01	6.163e-01	4.972e-01	4.826e-01	5.191e-01
3.680e+04	4.757e-01	4.757e-01	4.757e-01	4.767e-01	4.764e-01	4.771e-01	5.819e-01	5.677e-01	5.924e-01	6.042e-01	5.816e-01	6.163e-01	4.972e-01	4.826e-01	5.191e-01
3.690e+04	4.757e-01	4.757e-01	4.757e-01	4.767e-01	4.764e-01	4.771e-01	5.819e-01	5.677e-01	5.924e-01	6.042e-01	5.816e-01	6.163e-01	4.972e-01	4.826e-01	5.191e-01
3.700e+04	4.757e-01	4.757e-01	4.757e-01	4.767e-01	4.764e-01	4.771e-01	5.819e-01	5.677e-01	5.924e-01	6.042e-01	5.816e-01	6.163e-01	4.972e-01	4.826e-01	5.191e-01
3.710e+04	4.757e-01	4.757e-01	4.757e-01	4.767e-01	4.764e-01	4.771e-01	5.819e-01	5.677e-01	5.924e-01	6.042e-01	5.816e-01	6.163e-01	4.972e-01	4.826e-01	5.191e-01
3.720e+04	4.757e-01	4.757e-01	4.757e-01	4.767e-01	4.764e-01	4.771e-01	5.819e-01	5.677e-01	5.924e-01	6.042e-01	5.816e-01	6.163e-01	4.972e-01	4.826e-01	5.191e-01
3.730e+04	4.757e-01	4.757e-01	4.757e-01	4.767e-01	4.764e-01	4.771e-01	5.819e-01	5.677e-01	5.924e-01	6.042e-01	5.816e-01	6.163e-01	4.972e-01	4.826e-01	5.191e-01
3.740e+04	4.757e-01	4.757e-01	4.757e-01	4.767e-01	4.764e-01	4.771e-01	5.819e-01	5.677e-01	5.924e-01	6.042e-01	5.816e-01	6.163e-01	4.972e-01	4.826e-01	5.191e-01
3.750e+04	4.757e-01	4.757e-01	4.757e-01	4.767e-01	4.764e-01	4.771e-01	5.819e-01	5.677e-01	5.924e-01	6.042e-01	5.816e-01	6.163e-01	4.972e-01	4.826e-01	5.191e-01
3.760e+04	4.757e-01	4.757e-01	4.757e-01	4.767e-01	4.764e-01	4.771e-01	5.819e-01	5.677e-01	5.924e-01	6.042e-01	5.816e-01	6.163e-01	4.972e-01	4.826e-01	5.191e-01
3.770e+04	4.757e-01	4.757e-01	4.757e-01	4.767e-01	4.764e-01	4.771e-01	5.819e-01	5.677e-01	5.924e-01	6.042e-01	5.816e-01	6.163e-01	4.972e-01	4.826e-01	5.191e-01
3.780e+04	4.757e-01	4.757e-01	4.757e-01	4.767e-01	4.764e-01	4.771e-01	5.851e-01	5.677e-01	5.924e-01	6.042e-01	5.816e-01	6.163e-01	4.972e-01	4.826e-01	5.191e-01
3.790e+04	4.757e-01	4.757e-01	4.757e-01	4.767e-01	4.764e-01	4.771e-01	5.851e-01	5.677e-01	5.924e-01	6.042e-01	5.816e-01	6.163e-01	4.972e-01	4.826e-01	5.191e-01
3.800e+04	4.757e-01	4.757e-01	4.757e-01	4.767e-01	4.764e-01	4.771e-01	5.851e-01	5.677e-01	5.924e-01	6.042e-01	5.816e-01	6.163e-01	4.972e-01	4.826e-01	5.191e-01
3.810e+04	4.757e-01	4.757e-01	4.757e-01	4.767e-01	4.764e-01	4.771e-01	5.851e-01	5.677e-01	5.924e-01	6.042e-01	5.816e-01	6.163e-01	4.972e-01	4.826e-01	5.191e-01
3.820e+04	4.757e-01	4.757e-01	4.757e-01	4.767e-01	4.764e-01	4.771e-01	5.851e-01	5.677e-01	5.924e-01	6.042e-01	5.816e-01	6.163e-01	4.972e-01	4.826e-01	5.191e-01
3.830e+04	4.757e-01	4.757e-01	4.757e-01	4.767e-01	4.764e-01	4.771e-01	5.851e-01	5.677e-01	5.924e-01	6.042e-01	5.816e-01	6.163e-01	4.972e-01	4.826e-01	5.191e-01
3.840e+04	4.757e-01	4.757e-01	4.757e-01	4.767e-01	4.764e-01	4.771e-01	5.851e-01	5.677e-01	5.924e-01	6.042e-01	5.816e-01	6.163e-01	4.993e-01	4.826e-01	5.191e-01
3.850e+04	4.757e-01	4.757e-01	4.757e-01	4.767e-01	4.764e-01	4.771e-01	5.851e-01	5.677e-01	5.924e-01	6.042e-01	5.816e-01	6.163e-01	4.993e-01	4.826e-01	5.191e-01
3.860e+04	4.757e-01	4.757e-01	4.757e-01	4.767e-01	4.764e-01	4.771e-01	5.851e-01	5.677e-01	5.924e-01	6.042e-01	5.816e-01	6.181e-01	4.993e-01	4.826e-01	5.191e-01
3.870e+04	4.757e-01	4.757e-01	4.757e-01	4.767e-01	4.764e-01	4.771e-01	5.851e-01	5.677e-01	5.924e-01	6.042e-01	5.816e-01	6.181e-01	4.993e-01	4.826e-01	5.191e-01
3.880e+04	4.757e-01	4.757e-01	4.757e-01	4.767e-01	4.764e-01	4.771e-01	5.851e-01	5.677e-01	5.924e-01	6.042e-01	5.816e-01	6.181e-01	4.993e-01	4.826e-01	5.191e-01
3.890e+04	4.757e-01	4.757e-01	4.757e-01	4.767e-01	4.764e-01	4.771e-01	5.851e-01	5.677e-01	5.924e-01	6.042e-01	5.816e-01	6.181e-01	4.993e-01	4.826e-01	5.191e-01
3.900e+04	4.757e-01	4.757e-01	4.757e-01	4.767e-01	4.764e-01	4.771e-01	5.851e-01	5.677e-01	5.924e-01	6.042e-01	5.816e-01	6.181e-01	4.993e-01	4.826e-01	5.191e-01
3.910e+04	4.757e-01	4.757e-01	4.757e-01	4.767e-01	4.764e-01	4.771e-01	5.851e-01	5.677e-01	5.924e-01	6.042e-01	5.816e-01	6.181e-01	4.993e-01	4.826e-01	5.191e-01
3.920e+04	4.757e-01	4.757e-01	4.757e-01	4.767e-01	4.764e-01	4.771e-01	5.851e-01	5.677e-01	5.924e-01	6.042e-01	5.816e-01	6.181e-01	4.993e-01	4.826e-01	5.191e-01
3.930e+04	4.757e-01	4.757e-01	4.757e-01	4.767e-01	4.764e-01	4.771e-01	5.851e-01	5.677e-01	5.924e-01	6.042e-01	5.816e-01	6.181e-01	4.993e-01	4.826e-01	5.191e-01
3.940e+04	4.757e-01	4.757e-01	4.757e-01	4.767e-01	4.764e-01	4.771e-01	5.851e-01	5.677e-01	5.927e-01	6.042e-01	5.816e-01	6.181e-01	4.993e-01	4.826e-01	5.191e-01
3.950e+04	4.757e-01	4.757e-01	4.757e-01	4.767e-01	4.764e-01	4.771e-01	5.851e-01	5.677e-01	5.927e-01	6.042e-01	5.816e-01	6.181e-01	5.014e-01	4.826e-01	5.191e-01
3.960e+04	4.757e-01	4.757e-01	4.757e-01	4.767e-01	4.764e-01	4.771e-01	5.851e-01	5.677e-01	5.927e-01	6.042e-01	5.816e-01	6.181e-01	5.014e-01	4.826e-01	5.191e-01
3.970e+04	4.757e-01	4.757e-01	4.757e-01	4.767e-01	4.764e-01	4.771e-01	5.851e-01	5.677e-01	5.927e-01	6.042e-01	5.816e-01	6.181e-01	5.014e-01	4.826e-01	5.191e-01
3.980e+04	4.757e-01	4.757e-01	4.757e-01	4.767e-01	4.764e-01	4.771e-01	5.851e-01	5.677e-01	5.927e-01	6.042e-01	5.816e-01	6.181e-01	5.014e-01	4.826e-01	5.191e-01
3.990e+04	4.757e-01	4.757e-01	4.757e-01	4.767e-01	4.764e-01	4.771e-01	5.851e-01	5.677e-01	5.927e-01	6.042e-01	5.816e-01	6.181e-01	5.014e-01	4.826e-01	5.191e-01
4.000e+04	4.757e-01	4.757e-01	4.757e-01	4.767e-01	4.764e-01	4.771e-01	5.851e-01	5.677e-01	5.927e-01	6.042e-01	5.816e-01	6.181e-01	5.014e-01	4.826e-01	5.191e-01
4.010e+04	4.757e-01	4.757e-01	4.757e-01	4.767e-01	4.764e-01	4.771e-01	5.851e-01	5.677e-01	5.927e-01	6.042e-01	5.816e-01	6.181e-01	5.014e-01	4.826e-01	5.191e-01
4.020e+04	4.757e-01	4.757e-01	4.757e-01	4.767e-01	4.764e-01	4.771e-01	5.851e-01	5.677e-01	5.927e-01	6.042e-01	5.816e-01	6.181e-01	5.014e-01	4.826e-01	5.191e-01
4.030e+04	4.757e-01	4.757e-01	4.757e-01	4.767e-01	4.764e-01	4.771e-01	5.851e-01	5.677e-01	5.927e-01	6.042e-01	5.816e-01	6.181e-01	5.014e-01	4.826e-01	5.191e-01
4.040e+04	4.757e-01	4.757e-01	4.757e-01	4.767e-01	4.764e-01	4.771e-01	5.851e-01	5.677e-01	5.927e-01	6.042e-01	5.816e-01	6.181e-01	5.014e-01	4.826e-01	5.191e-01
4.050e+04	4.757e-01	4.757e-01	4.757e-01	4.767e-01	4.764e-01	4.771e-01	5.851e-01	5.677e-01	5.938e-01	6.042e-01	5.816e-01	6.181e-01	5.014e-01	4.826e-01	5.191e-01
4.060e+04	4.757e-01	4.757e-01	4.757e-01	4.767e-01	4.764e-01	4.771e-01	5.851e-01	5.677e-01	5.938e-01	6.042e-01	5.816e-01	6.181e-01	5.014e-01	4.826e-01	5.191e-01
4.070e+04	4.757e-01	4.757e-01	4.757e-01	4.767e-01	4.764e-01	4.771e-01	5.851e-01	5.677e-01	5.938e-01	6.042e-01	5.816e-01	6.181e-01	5.017e-01	4.826e-01	5.191e-01
4.080e+04	4.757e-01	4.757e-01	4.757e-01	4.767e-01	4.764e-01	4.771e-01	5.851e-01	5.677e-01	5.938e-01	6.042e-01	5.816e-01	6.181e-01	5.017e-01	4.826e-01	5.191e-01
4.090e+04	4.757e-01	4.757e-01	4.757e-01	4.767e-01	4.767e-01	4.771e-01	5.851e-01	5.677e-01	5.938e-01	6.042e-01	5.833e-01	6.181e-01	5.017e-01	4.826e-01	5.191e-01
4.100e+04	4.757e-01	4.757e-01	4.757e-01	4.767e-01	4.767e-01	4.771e-01	5.851e-01	5.677e-01	5.938e-01	6.042e-01	5.833e-01	6.181e-01	5.017e-01	4.826e-01	5.191e-01
4.110e+04	4.757e-01	4.757e-01	4.757e-01	4.767e-01	4.767e-01	4.771e-01	5.851e-01	5.677e-01	5.938e-01	6.042e-01	5.833e-01	6.181e-01	5.017e-01	4.826e-01	5.191e-01
4.120e+04	4.757e-01	4.757e-01	4.757e-01	4.767e-01	4.767e-01	4.771e-01	5.851e-01	5.677e-01	5.938e-01	6.042e-01	5.833e-01	6.181e-01	5.017e-01	4.826e-01	5.191e-01
4.130e+04	4.757e-01	4.757e-01	4.757e-01	4.767e-01	4.767e-01	4.771e-01	5.851e-01	5.677e-01	5.938e-01	6.042e-01	5.833e-01	6.181e-01	5.017e-01	4.826e-01	5.191e-01
4.140e+04	4.757e-01	4.757e-01	4.757e-01	4.767e-01	4.767e-01	4.771e-01	5.851e-01	5.677e-01	5.938e-01	6.042e-01	5.833e-01	6.181e-01	5.017e-01	4.865e-01	5.191e-01
4.150e+04	4.757e-01	4.757e-01	4.757e-01	4.767e-01	4.767e-01	4.771e-01	5.851e-01	5.677e-01	5.938e-01	6.042e-01	5.833e-01	6.181e-01	5.017e-01	4.865e-01	5.191e-01
4.160e+04	4.757e-01	4.757e-01	4.757e-01	4.767e-01	4.767e-01	4.771e-01	5.851e-01	5.677e-01	5.938e-01	6.042e-01	5.833e-01	6.181e-01	5.017e-01	4.865e-01	5.191e-01
4.170e+04	4.757e-01	4.757e-01	4.757e-01	4.767e-01	4.767e-01	4.771e-01	5.851e-01	5.677e-01	5.938e-01	6.042e-01	5.833e-01	6.181e-01	5.017e-01	4.865e-01	5.191e-01
4.180e+04	4.757e-01	4.757e-01	4.757e-01	4.767e-01	4.767e-01	4.771e-01	5.851e-01	5.677e-01	5.938e-01	6.042e-01	5.833e-01	6.181e-01	5.017e-01	4.865e-01	5.191e-01
4.190e+04	4.757e-01	4.757e-01	4.757e-01	4.767e-01	4.767e-01	4.771e-01	5.851e-01	5.677e-01	5.938e-01	6.042e-01	5.833e-01	6.181e-01	5.017e-01	4.865e-01	5.191e-01
4.200e+04	4.757e-01	4.757e-01	4.757e-01	4.767e-01	4.767e-01	4.771e-01	5.851e-01	5.677e-01	5.938e-01	6.042e-01	5.833e-01	6.181e-01	5.017e-01	4.865e-01	5.191e-01
4.210e+04	4.757e-01	4.757e-01	4.757e-01	4.767e-01	4.767e-01	4.771e-01	5.851e-01	5.677e-01	5.938e-01	6.042e-01	5.833e-01	6.181e-01	5.017e-01	4.865e-01	5.191e-01
4.220e+04	4.757e-01	4.757e-01	4.757e-01	4.767e-01	4.767e-01	4.771e-01	5.851e-01	5.677e-01	5.938e-01	6.042e-01	5.833e-01	6.181e-01	5.021e-01	4.865e-01	5.191e-01
4.230e+04	4.757e-01	4.757e-01	4.757e-01	4.767e-01	4.767e-01	4.771e-01	5.851e-01	5.677e-01	5.938e-01	6.042e-01	5.833e-01	6.181e-01	5.021e-01	4.865e-01	5.191e-01
4.240e+04	4.757e-01	4.757e-01	4.757e-01	4.767e-01	4.767e-01	4.771e-01	5.882e-01	5.677e-01	5.948e-01	6.042e-01	5.833e-01	6.181e-01	5.021e-01	4.865e-01	5.191e-01
4.250e+04	4.757e-01	4.757e-01	4.757e-01	4.767e-01	4.767e-01	4.771e-01	5.882e-01	5.677e-01	5.955e-01	6.042e-01	5.833e-01	6.181e-01	5.021e-01	4.865e-01	5.191e-01
4.260e+04	4.757e-01	4.757e-01	4.757e-01	4.767e-01	4.767e-01	4.771e-01	5.882e-01	5.677e-01	5.955e-01	6.042e-01	5.833e-01	6.181e-01	5.021e-01	4.865e-01	5.191e-01
4.270e+04	4.757e-01	4.757e-01	4.757e-01	4.767e-01	4.767e-01	4.771e-01	5.882e-01	5.677e-01	5.955e-01	6.042e-01	5.833e-01	6.181e-01	5.021e-01	4.865e-01	5.191e-01
4.280e+04	4.757e-01	4.757e-01	4.757e-01	4.767e-01	4.767e-01	4.771e-01	5.882e-01	5.677e-01	5.955e-01	6.042e-01	5.833e-01	6.181e-01	5.021e-01	4.865e-01	5.191e-01
4.290e+04	4.757e-01	4.757e-01	4.757e-01	4.767e-01	4.767e-01	4.771e-01	5.882e-01	5.677e-01	5.955e-01	6.042e-01	5.833e-01	6.181e-01	5.101e-01	4.865e-01	5.191e-01
4.300e+04	4.757e-01	4.757e-01	4.757e-01	4.767e-01	4.767e-01	4.771e-01	5.882e-01	5.677e-01	5.955e-01	6.042e-01	5.840e-01	6.181e-01	5.101e-01	4.865e-01	5.191e-01
4.310e+04	4.757e-01	4.757e-01	4.757e-01	4.767e-01	4.767e-01	4.771e-01	5.882e-01	5.677e-01	5.955e-01	6.042e-01	5.840e-01	6.181e-01	5.101e-01	4.865e-01	5.191e-01
4.320e+04	4.757e-01	4.757e-01	4.757e-01	4.767e-01	4.767e-01	4.771e-01	5.882e-01	5.677e-01	5.955e-01	6.042e-01	5.840e-01	6.181e-01	5.101e-01	4.865e-01	5.191e-01
4.330e+04	4.757e-01	4.757e-01	4.757e-01	4.767e-01	4.767e-01	4.771e-01	5.882e-01	5.677e-01	5.955e-01	6.042e-01	5.840e-01	6.181e-01	5.101e-01	4.865e-01	5.191e-01
4.340e+04	4.757e-01	4.757e-01	4.757e-01	4.767e-01	4.767e-01	4.771e-01	5.882e-01	5.677e-01	5.955e-01	6.042e-01	5.840e-01	6.181e-01	5.101e-01	4.865e-01	5.191e-01
4.350e+04	4.757e-01	4.757e-01	4.757e-01	4.767e-01	4.767e-01	4.771e-01	5.882e-01	5.677e-01	5.955e-01	6.042e-01	5.840e-01	6.181e-01	5.101e-01	4.865e-01	5.191e-01
4.360e+04	4.757e-01	4.757e-01	4.757e-01	4.767e-01	4.767e-01	4.771e-01	5.882e-01	5.677e-01	5.955e-01	6.042e-01	5.840e-01	6.181e-01	5.101e-01	4.865e-01	5.191e-01
4.370e+04	4.757e-01	4.757e-01	4.757e-01	4.767e-01	4.767e-01	4.771e-01	5.882e-01	5.677e-01	5.955e-01	6.042e-01	5.840e-01	6.181e-01	5.101e-01	4.865e-01	5.191e-01
4.380e+04	4.757e-01	4.757e-01	4.757e-01	4.767e-01	4.767e-01	4.771e-01	5.882e-01	5.677e-01	5.955e-01	6.042e-01	5.840e-01	6.181e-01	5.101e-01	4.865e-01	5.191e-01
4.390e+04	4.757e-01	4.757e-01	4.757e-01	4.767e-01	4.767e-01	4.771e-01	5.882e-01	5.677e-01	5.955e-01	6.042e-01	5.840e-01	6.181e-01	5.101e-01	4.865e-01	5.191e-01
4.400e+04	4.757e-01	4.757e-01	4.757e-01	4.767e-01	4.767e-01	4.771e-01	5.882e-01	5.677e-01	5.955e-01	6.042e-01	5.840e-01	6.181e-01	5.101e-01	4.882e-01	5.191e-01
4.410e+04	4.757e-01	4.757e-01	4.757e-01	4.767e-01	4.767e-01	4.771e-01	5.882e-01	5.677e-01	5.955e-01	6.042e-01	5.840e-01	6.181e-01	5.101e-01	4.882e-01	5.191e-01
4.420e+04	4.757e-01	4.757e-01	4.757e-01	4.767e-01	4.767e-01	4.771e-01	5.882e-01	5.677e-01	5.955e-01	6.042e-01	5.840e-01	6.181e-01	5.101e-01	4.882e-01	5.191e-01
4.430e+04	4.757e-01	4.757e-01	4.757e-01	4.767e-01	4.767e-01	4.771e-01	5.882e-01	5.677e-01	5.955e-01	6.042e-01	5.840e-01	6.181e-01	5.101e-01	4.882e-01	5.191e-01
4.440e+04	4.757e-01	4.757e-01	4.757e-01	4.767e-01	4.767e-01	4.771e-01	5.882e-01	5.677e-01	5.955e-01	6.042e-01	5.840e-01	6.181e-01	5.101e-01	4.882e-01	5.191e-01
4.450e+04	4.757e-01	4.757e-01	4.757e-01	4.767e-01	4.767e-01	4.771e-01	5.882e-01	5.677e-01	5.955e-01	6.042e-01	5.840e-01	6.181e-01	5.101e-01	4.882e-01	5.191e-01
4.460e+04	4.757e-01	4.757e-01	4.757e-01	4.767e-01	4.767e-01	4.771e-01	5.882e-01	5.677e-01	5.955e-01	6.042e-01	5.840e-01	6.181e-01	5.101e-01	4.882e-01	5.191e-01
4.470e+04	4.757e-01	4.757e-01	4.757e-01	4.767e-01	4.767e-01	4.771e-01	5.882e-01	5.677e-01	5.955e-01	6.042e-01	5.840e-01	6.181e-01	5.101e-01	4.882e-01	5.191e-01
4.480e+04	4.757e-01	4.757e-01	4.757e-01	4.767e-01	4.767e-01	4.771e-01	5.882e-01	5.677e-01	5.955e-01	6.042e-01	5.840e-01	6.181e-01	5.101e-01	4.882e-01	5.198e-01
4.490e+04	4.757e-01	4.757e-01	4.757e-01	4.767e-01	4.767e-01	4.771e-01	5.882e-01	5.677e-01	5.955e-01	6.042e-01	5.840e-01	6.181e-01	5.101e-01	4.882e-01	5.198e-01
4.500e+04	4.757e-01	4.757e-01	4.757e-01	4.767e-01	4.767e-01	4.771e-01	5.882e-01	5.677e-01	5.955e-01	6.042e-01	5.840e-01	6.181e-01	5.104e-01	4.882e-01	5.198e-01
4.510e+04	4.757e-01	4.757e-01	4.757e-01	4.767e-01	4.767e-01	4.771e-01	5.882e-01	5.677e-01	5.955e-01	6.042e-01	5.840e-01	6.181e-01	5.104e-01	4.882e-01	5.198e-01
4.520e+04	4.757e-01	4.757e-01	4.757e-01	4.767e-01	4.767e-01	4.771e-01	5.882e-01	5.677e-01	5.955e-01	6.042e-01	5.840e-01	6.181e-01	5.104e-01	4.882e-01	5.198e-01
4.530e+04	4.757e-01	4.757e-01	4.757e-01	4.767e-01	4.767e-01	4.771e-01	5.882e-01	5.677e-01	5.955e-01	6.042e-01	5.840e-01	6.181e-01	5.104e-01	4.882e-01	5.198e-01
4.540e+04	4.757e-01	4.757e-01	4.757e-01	4.767e-01	4.767e-01	4.771e-01	5.882e-01	5.677e-01	5.955e-01	6.042e-01	5.840e-01	6.181e-01	5.104e-01	4.882e-01	5.198e-01
4.550e+04	4.757e-01	4.757e-01	4.757e-01	4.767e-01	4.767e-01	4.771e-01	5.882e-01	5.677e-01	5.955e-01	6.042e-01	5.840e-01	6.181e-01	5.104e-01	4.882e-01	5.198e-01
4.560e+04	4.757e-01	4.757e-01	4.757e-01	4.767e-01	4.767e-01	4.771e-01	5.882e-01	5.677e-01	5.955e-01	6.042e-01	5.840e-01	6.181e-01	5.104e-01	4.882e-01	5.198e-01
4.570e+04	4.757e-01	4.757e-01	4.757e-01	4.767e-01	4.767e-01	4.771e-01	5.882e-01	5.677e-01	5.955e-01	6.042e-01	5.840e-01	6.181e-01	5.104e-01	4.882e-01	5.198e-01
4.580e+04	4.757e-01	4.757e-01	4.757e-01	4.767e-01	4.767e-01	4.771e-01	5.882e-01	5.677e-01	5.955e-01	6.042e-01	5.840e-01	6.181e-01	5.104e-01	4.882e-01	5.198e-01
4.590e+04	4.757e-01	4.757e-01	4.757e-01	4.767e-01	4.767e-01	4.771e-01	5.882e-01	5.677e-01	5.955e-01	6.042e-01	5.840e-01	6.181e-01	5.104e-01	4.882e-01	5.198e-01
4.600e+04	4.757e-01	4.757e-01	4.757e-01	4.767e-01	4.767e-01	4.771e-01	5.882e-01	5.677e-01	5.955e-01	6.042e-01	5.840e-01	6.181e-01	5.104e-01	4.882e-01	5.198e-01
4.610e+04	4.757e-01	4.757e-01	4.757e-01	4.767e-01	4.767e-01	4.771e-01	5.882e-01	5.677e-01	5.955e-01	6.042e-01	5.840e-01	6.181e-01	5.104e-01	4.882e-01	5.198e-01
4.620e+04	4.757e-01	4.757e-01	4.757e-01	4.767e-01	4.767e-01	4.771e-01	5.882e-01	5.677e-01	5.955e-01	6.042e-01	5.840e-01	6.181e-01	5.104e-01	4.882e-01	5.198e-01
4.630e+04	4.757e-01	4.757e-01	4.757e-01	4.767e-01	4.767e-01	4.771e-01	5.882e-01	5.677e-01	5.955e-01	6.042e-01	5.840e-01	6.181e-01	5.104e-01	4.882e-01	5.198e-01
4.640e+04	4.757e-01	4.757e-01	4.757e-01	4.767e-01	4.767e-01	4.771e-01	5.882e-01	5.677e-01	5.955e-01	6.042e-01	5.840e-01	6.181e-01	5.104e-01	4.882e-01	5.198e-01
4.650e+04	4.757e-01	4.757e-01	4.757e-01	4.767e-01	4.767e-01	4.771e-01	5.882e-01	5.677e-01	5.955e-01	6.042e-01	5.840e-01	6.181e-01	5.104e-01	4.882e-01	5.198e-01
4.660e+04	4.757e-01	4.757e-01	4.757e-01	4.767e-01	4.767e-01	4.771e-01	5.882e-01	5.677e-01	5.955e-01	6.042e-01	5.840e-01	6.181e-01	5.104e-01	4.882e-01	5.198e-01
4.670e+04	4.757e-01	4.757e-01	4.757e-01	4.767e-01	4.767e-01	4.771e-01	5.882e-01	5.677e-01	5.955e-01	6.042e-01	5.840e-01	6.181e-01	5.104e-01	4.882e-01	5.198e-01
4.680e+04	4.757e-01	4.757e-01	4.757e-01	4.767e-01	4.767e-01	4.771e-01	5.882e-01	5.677e-01	5.955e-01	6.042e-01	5.840e-01	6.181e-01	5.104e-01	4.882e-01	5.198e-01
4.690e+04	4.757e-01	4.757e-01	4.757e-01	4.767e-01	4.767e-01	4.771e-01	5.882e-01	5.677e-01	5.955e-01	6.042e-01	5.840e-01	6.181e-01	5.104e-01	4.882e-01	5.198e-01
4.700e+04	4.757e-01	4.757e-01	4.757e-01	4.767e-01	4.767e-01	4.771e-01	5.882e-01	5.677e-01	5.955e-01	6.042e-01	5.840e-01	6.181e-01	5.104e-01	4.882e-01	5.198e-01
4.710e+04	4.757e-01	4.757e-01	4.757e-01	4.767e-01	4.767e-01	4.771e-01	5.882e-01	5.677e-01	5.955e-01	6.042e-01	5.840e-01	6.181e-01	5.104e-01	4.882e-01	5.198e-01
4.720e+04	4.757e-01	4.757e-01	4.757e-01	4.767e-01	4.767e-01	4.771e-01	5.882e-01	5.677e-01	5.955e-01	6.042e-01	5.840e-01	6.181e-01	5.104e-01	4.882e-01	5.198e-01
4.730e+04	4.757e-01	4.757e-01	4.757e-01	4.767e-01	4.767e-01	4.771e-01	5.882e-01	5.677e-01	5.955e-01	6.042e-01	5.840e-01	6.181e-01	5.104e-01	4.882e-01	5.198e-01
4.740e+04	4.757e-01	4.757e-01	4.757e-01	4.767e-01	4.767e-01	4.771e-01	5.882e-01	5.677e-01	5.955e-01	6.042e-01	5.840e-01	6.181e-01	5.104e-01	4.882e-01	5.198e-01
4.750e+04	4.757e-01	4.757e-01	4.757e-01	4.767e-01	4.767e-01	4.771e-01	5.882e-01	5.677e-01	5.955e-01	6.042e-01	5.840e-01	6.181e-01	5.104e-01	4.882e-01	5.198e-01
4.760e+04	4.757e-01	4.757e-01	4.757e-01	4.767e-01	4.767e-01	4.771e-01	5.882e-01	5.677e-01	5.955e-01	6.042e-01	5.840e-01	6.181e-01	5.104e-01	4.882e-01	5.201e-01
4.770e+04	4.757e-01	4.757e-01	4.757e-01	4.767e-01	4.767e-01	4.771e-01	5.882e-01	5.677e-01	5.955e-01	6.042e-01	5.840e-01	6.181e-01	5.104e-01	4.882e-01	5.201e-01
4.780e+04	4.757e-01	4.757e-01	4.757e-01	4.767e-01	4.767e-01	4.771e-01	5.882e-01	5.677e-01	5.955e-01	6.042e-01	5.840e-01	6.181e-01	5.104e-01	4.882e-01	5.201e-01
4.790e+04	4.757e-01	4.757e-01	4.757e-01	4.767e-01	4.767e-01	4.771e-01	5.885e-01	5.677e-01	5.955e-01	6.042e-01	5.840e-01	6.181e-01	5.104e-01	4.882e-01	5.201e-01
4.800e+04	4.757e-01	4.757e-01	4.757e-01	4.767e-01	4.767e-01	4.771e-01	5.885e-01	5.677e-01	5.955e-01	6.042e-01	5.844e-01	6.181e-01	5.104e-01	4.882e-01	5.201e-01
4.810e+04	4.757e-01	4.757e-01	4.757e-01	4.767e-01	4.767e-01	4.771e-01	5.885e-01	5.677e-01	5.955e-01	6.042e-01	5.844e-01	6.181e-01	5.104e-01	4.882e-01	5.201e-01
4.820e+04	4.757e-01	4.757e-01	4.757e-01	4.767e-01	4.767e-01	4.771e-01	5.903e-01	5.677e-01	5.958e-01	6.042e-01	5.844e-01	6.181e-01	5.104e-01	4.882e-01	5.201e-01
4.830e+04	4.757e-01	4.757e-01	4.757e-01	4.767e-01	4.767e-01	4.771e-01	5.903e-01	5.677e-01	5.958e-01	6.042e-01	5.844e-01	6.181e-01	5.104e-01	4.882e-01	5.201e-01
4.840e+04	4.757e-01	4.757e-01	4.757e-01	4.767e-01	4.767e-01	4.771e-01	5.903e-01	5.677e-01	5.958e-01	6.042e-01	5.844e-01	6.181e-01	5.104e-01	4.882e-01	5.201e-01
4.850e+04	4.757e-01	4.757e-01	4.757e-01	4.767e-01	4.767e-01	4.771e-01	5.903e-01	5.677e-01	5.958e-01	6.042e-01	5.844e-01	6.181e-01	5.104e-01	4.882e-01	5.201e-01
4.860e+04	4.757e-01	4.757e-01	4.757e-01	4.767e-01	4.767e-01	4.771e-01	5.903e-01	5.677e-01	5.958e-01	6.042e-01	5.844e-01	6.181e-01	5.104e-01	4.882e-01	5.201e-01
4.870e+04	4.757e-01	4.757e-01	4.757e-01	4.767e-01	4.767e-01	4.771e-01	5.903e-01	5.677e-01	5.958e-01	6.042e-01	5.844e-01	6.181e-01	5.104e-01	4.882e-01	5.201e-01
4.880e+04	4.757e-01	4.757e-01	4.757e-01	4.767e-01	4.767e-01	4.771e-01	5.903e-01	5.712e-01	5.958e-01	6.042e-01	5.844e-01	6.181e-01	5.104e-01	4.882e-01	5.201e-01
4.890e+04	4.757e-01	4.757e-01	4.757e-01	4.767e-01	4.767e-01	4.771e-01	5.903e-01	5.712e-01	5.958e-01	6.042e-01	5.844e-01	6.181e-01	5.104e-01	4.882e-01	5.201e-01
4.900e+04	4.757e-01	4.757e-01	4.757e-01	4.767e-01	4.767e-01	4.771e-01	5.903e-01	5.712e-01	5.958e-01	6.042e-01	5.844e-01	6.181e-01	5.104e-01	4.882e-01	5.201e-01
4.910e+04	4.757e-01	4.757e-01	4.757e-01	4.767e-01	4.767e-01	4.771e-01	5.903e-01	5.719e-01	5.958e-01	6.042e-01	5.844e-01	6.181e-01	5.104e-01	4.882e-01	5.201e-01
4.920e+04	4.757e-01	4.757e-01	4.757e-01	4.767e-01	4.767e-01	4.771e-01	5.903e-01	5.719e-01	5.958e-01	6.042e-01	5.844e-01	6.181e-01	5.104e-01	4.882e-01	5.201e-01
4.930e+04	4.757e-01	4.757e-01	4.757e-01	4.767e-01	4.767e-01	4.771e-01	5.903e-01	5.719e-01	5.958e-01	6.042e-01	5.868e-01	6.181e-01	5.104e-01	4.882e-01	5.201e-01
4.940e+04	4.757e-01	4.757e-01	4.757e-01	4.767e-01	4.767e-01	4.771e-01	5.903e-01	5.719e-01	5.958e-01	6.042e-01	5.868e-01	6.181e-01	5.104e-01	4.882e-01	5.201e-01
4.950e+04	4.757e-01	4.757e-01	4.757e-01	4.767e-01	4.767e-01	4.771e-01	5.903e-01	5.719e-01	5.958e-01	6.042e-01	5.868e-01	6.181e-01	5.104e-01	4.882e-01	5.201e-01
4.960e+04	4.757e-01	4.757e-01	4.757e-01	4.767e-01	4.767e-01	4.771e-01	5.903e-01	5.719e-01	5.962e-01	6.042e-01	5.868e-01	6.181e-01	5.104e-01	4.882e-01	5.201e-01
4.970e+04	4.757e-01	4.757e-01	4.757e-01	4.767e-01	4.767e-01	4.771e-01	5.920e-01	5.719e-01	5.962e-01	6.042e-01	5.868e-01	6.181e-01	5.104e-01	4.882e-01	5.201e-01
4.980e+04	4.757e-01	4.757e-01	4.757e-01	4.767e-01	4.767e-01	4.771e-01	5.920e-01	5.719e-01	5.962e-01	6.042e-01	5.868e-01	6.181e-01	5.104e-01	4.882e-01	5.201e-01
4.990e+04	4.757e-01	4.757e-01	4.757e-01	4.767e-01	4.767e-01	4.771e-01	5.920e-01	5.719e-01	5.962e-01	6.042e-01	5.868e-01	6.181e-01	5.104e-01	4.882e-01	5.201e-01
5.000e+04	4.757e-01	4.757e-01	4.757e-01	4.767e-01	4.767e-01	4.771e-01	5.920e-01	5.719e-01	5.962e-01	6.042e-01	5.868e-01	6.181e-01	5.104e-01	4.882e-01	5.201e-01
