n.evals.q.1.0.	xor._.me.hebbian.network.best.quality.inconsistency	xor._.me.hebbian.network.best.quality.inconsistency.min	xor._.me.hebbian.network.best.quality.inconsistency.max	xor._.me.hebbian.layer.best.quality.inconsistency	xor._.me.hebbian.layer.best.quality.inconsistency.min	xor._.me.hebbian.layer.best.quality.inconsistency.max	xor._.me.hebbian.neuron.best.quality.inconsistency	xor._.me.hebbian.neuron.best.quality.inconsistency.min	xor._.me.hebbian.neuron.best.quality.inconsistency.max	xor._.me.hebbian.synapse.best.quality.inconsistency	xor._.me.hebbian.synapse.best.quality.inconsistency.min	xor._.me.hebbian.synapse.best.quality.inconsistency.max	xor._.me.freeForm.best.quality.inconsistency	xor._.me.freeForm.best.quality.inconsistency.min	xor._.me.freeForm.best.quality.inconsistency.max
1.000e+02	6.461e-01	5.379e-01	8.522e-01	8.204e-01	6.034e-01	8.657e-01	5.731e-01	2.674e-01	8.014e-01	6.931e-01	4.271e-01	7.569e-01	8.660e-01	8.352e-01	8.660e-01
2.000e+02	5.688e-01	4.464e-01	6.747e-01	8.101e-01	6.205e-01	8.600e-01	2.223e-01	1.223e-01	2.856e-01	4.487e-01	2.585e-01	7.302e-01	8.660e-01	8.346e-01	8.660e-01
3.000e+02	5.464e-01	4.416e-01	6.619e-01	6.241e-01	4.456e-01	8.204e-01	2.253e-01	1.109e-01	3.078e-01	4.110e-01	1.611e-01	5.004e-01	8.660e-01	7.599e-01	8.660e-01
4.000e+02	5.379e-01	4.416e-01	6.592e-01	5.925e-01	4.406e-01	8.170e-01	2.646e-01	1.872e-01	3.262e-01	4.104e-01	1.805e-01	4.603e-01	8.660e-01	7.599e-01	8.660e-01
5.000e+02	5.379e-01	4.416e-01	6.461e-01	5.925e-01	4.339e-01	8.116e-01	2.660e-01	1.940e-01	3.275e-01	3.414e-01	1.805e-01	4.416e-01	8.639e-01	7.599e-01	8.660e-01
6.000e+02	5.379e-01	4.416e-01	6.461e-01	5.262e-01	4.004e-01	8.101e-01	3.060e-01	2.163e-01	3.275e-01	2.900e-01	1.964e-01	4.104e-01	8.352e-01	7.599e-01	8.660e-01
7.000e+02	5.379e-01	4.416e-01	6.461e-01	5.262e-01	3.737e-01	8.101e-01	3.060e-01	2.163e-01	3.275e-01	2.900e-01	2.058e-01	4.053e-01	8.352e-01	7.599e-01	8.660e-01
8.000e+02	5.379e-01	4.416e-01	6.461e-01	4.978e-01	3.681e-01	6.391e-01	2.661e-01	1.956e-01	3.262e-01	2.976e-01	2.058e-01	4.053e-01	8.352e-01	7.599e-01	8.660e-01
9.000e+02	5.379e-01	4.416e-01	6.461e-01	4.584e-01	3.681e-01	6.195e-01	2.661e-01	2.033e-01	3.179e-01	3.034e-01	2.581e-01	4.053e-01	8.347e-01	7.599e-01	8.660e-01
1.000e+03	5.379e-01	4.416e-01	6.461e-01	4.456e-01	3.515e-01	5.925e-01	2.253e-01	1.909e-01	2.860e-01	3.126e-01	2.668e-01	3.958e-01	8.346e-01	7.599e-01	8.660e-01
1.100e+03	5.379e-01	4.416e-01	6.461e-01	4.456e-01	3.681e-01	5.925e-01	2.253e-01	1.909e-01	2.860e-01	3.066e-01	2.668e-01	3.797e-01	8.239e-01	7.599e-01	8.639e-01
1.200e+03	5.379e-01	4.416e-01	6.461e-01	4.443e-01	3.515e-01	5.486e-01	2.336e-01	1.950e-01	2.860e-01	3.034e-01	2.605e-01	3.893e-01	8.132e-01	7.599e-01	8.639e-01
1.300e+03	5.379e-01	4.416e-01	6.461e-01	4.443e-01	3.515e-01	5.486e-01	2.336e-01	1.950e-01	3.060e-01	3.034e-01	2.594e-01	3.893e-01	8.000e-01	7.141e-01	8.639e-01
1.400e+03	5.379e-01	4.416e-01	6.461e-01	4.424e-01	2.824e-01	5.486e-01	2.336e-01	1.950e-01	3.060e-01	3.011e-01	2.252e-01	3.732e-01	8.000e-01	7.141e-01	8.352e-01
1.500e+03	5.379e-01	4.416e-01	6.461e-01	4.394e-01	2.249e-01	5.262e-01	2.336e-01	1.950e-01	2.860e-01	3.011e-01	2.475e-01	3.732e-01	8.000e-01	7.141e-01	8.352e-01
1.600e+03	5.379e-01	4.416e-01	6.461e-01	4.394e-01	2.226e-01	5.262e-01	2.336e-01	1.950e-01	2.860e-01	3.011e-01	2.475e-01	3.732e-01	8.000e-01	7.141e-01	8.352e-01
1.700e+03	5.379e-01	4.416e-01	6.461e-01	4.171e-01	2.226e-01	5.141e-01	2.564e-01	1.950e-01	2.786e-01	2.919e-01	2.304e-01	3.400e-01	7.599e-01	4.926e-01	8.352e-01
1.800e+03	5.379e-01	4.416e-01	6.461e-01	4.171e-01	2.148e-01	5.141e-01	2.564e-01	1.950e-01	2.786e-01	2.919e-01	2.266e-01	3.626e-01	7.599e-01	4.926e-01	8.352e-01
1.900e+03	5.379e-01	4.416e-01	6.461e-01	4.151e-01	2.148e-01	4.978e-01	2.564e-01	1.950e-01	2.786e-01	2.919e-01	2.266e-01	3.626e-01	7.599e-01	4.926e-01	8.352e-01
2.000e+03	5.379e-01	4.416e-01	6.461e-01	4.151e-01	2.148e-01	4.978e-01	2.336e-01	1.909e-01	2.743e-01	3.011e-01	2.304e-01	3.626e-01	7.599e-01	4.369e-01	8.351e-01
2.100e+03	5.379e-01	4.416e-01	6.461e-01	4.171e-01	2.148e-01	4.978e-01	2.295e-01	1.909e-01	2.743e-01	3.020e-01	2.475e-01	3.626e-01	7.599e-01	4.359e-01	8.001e-01
2.200e+03	5.379e-01	4.416e-01	6.461e-01	4.171e-01	2.148e-01	4.978e-01	2.295e-01	1.909e-01	2.743e-01	3.020e-01	2.304e-01	3.638e-01	7.599e-01	4.309e-01	8.000e-01
2.300e+03	5.379e-01	4.416e-01	6.461e-01	4.171e-01	2.226e-01	4.978e-01	2.295e-01	1.909e-01	2.743e-01	3.011e-01	2.266e-01	3.626e-01	7.599e-01	4.309e-01	8.000e-01
2.400e+03	5.379e-01	4.416e-01	6.461e-01	4.004e-01	2.226e-01	4.978e-01	2.295e-01	1.909e-01	2.743e-01	3.011e-01	2.266e-01	3.626e-01	7.599e-01	3.761e-01	8.000e-01
2.500e+03	5.379e-01	4.416e-01	6.461e-01	4.004e-01	2.226e-01	4.978e-01	2.295e-01	1.909e-01	2.743e-01	3.011e-01	2.266e-01	3.419e-01	7.599e-01	3.761e-01	8.000e-01
2.600e+03	5.379e-01	4.416e-01	6.461e-01	4.171e-01	2.249e-01	4.978e-01	2.253e-01	1.898e-01	2.661e-01	3.011e-01	2.304e-01	3.419e-01	7.599e-01	3.761e-01	8.000e-01
2.700e+03	5.379e-01	4.416e-01	6.461e-01	4.171e-01	2.585e-01	4.978e-01	2.253e-01	1.872e-01	2.661e-01	3.011e-01	2.304e-01	3.419e-01	7.591e-01	3.761e-01	8.000e-01
2.800e+03	5.379e-01	4.416e-01	6.461e-01	4.076e-01	2.585e-01	4.978e-01	2.253e-01	1.872e-01	2.661e-01	3.011e-01	2.304e-01	3.419e-01	7.591e-01	3.194e-01	8.000e-01
2.900e+03	5.379e-01	4.416e-01	6.461e-01	4.076e-01	2.585e-01	4.978e-01	2.253e-01	1.872e-01	2.661e-01	3.006e-01	2.304e-01	3.234e-01	7.591e-01	3.194e-01	8.000e-01
3.000e+03	5.379e-01	4.416e-01	6.461e-01	4.004e-01	2.249e-01	4.584e-01	2.253e-01	1.898e-01	2.661e-01	3.006e-01	2.304e-01	3.234e-01	7.591e-01	3.194e-01	8.000e-01
3.100e+03	5.379e-01	4.416e-01	6.461e-01	4.004e-01	2.249e-01	4.584e-01	2.253e-01	1.898e-01	2.661e-01	2.867e-01	2.304e-01	3.626e-01	7.591e-01	3.194e-01	8.000e-01
3.200e+03	5.379e-01	4.416e-01	6.461e-01	4.004e-01	2.249e-01	4.584e-01	2.253e-01	1.898e-01	2.661e-01	2.867e-01	2.304e-01	3.626e-01	7.141e-01	3.090e-01	8.000e-01
3.300e+03	5.379e-01	4.416e-01	6.461e-01	4.004e-01	2.249e-01	4.584e-01	2.253e-01	1.898e-01	2.661e-01	2.819e-01	2.266e-01	3.626e-01	7.141e-01	3.090e-01	8.000e-01
3.400e+03	5.379e-01	4.416e-01	6.461e-01	4.004e-01	2.249e-01	4.584e-01	2.253e-01	1.898e-01	2.661e-01	2.819e-01	2.266e-01	3.626e-01	7.141e-01	3.090e-01	8.000e-01
3.500e+03	5.379e-01	4.416e-01	6.461e-01	4.076e-01	2.249e-01	4.584e-01	2.253e-01	1.898e-01	2.661e-01	2.819e-01	2.266e-01	3.626e-01	7.141e-01	3.090e-01	8.000e-01
3.600e+03	5.379e-01	4.416e-01	6.461e-01	4.069e-01	2.249e-01	4.456e-01	2.253e-01	1.898e-01	2.661e-01	3.011e-01	2.393e-01	3.626e-01	7.141e-01	3.090e-01	8.000e-01
3.700e+03	5.379e-01	4.416e-01	6.461e-01	4.069e-01	2.249e-01	4.456e-01	2.253e-01	1.898e-01	2.661e-01	3.011e-01	2.393e-01	3.626e-01	7.141e-01	3.090e-01	8.000e-01
3.800e+03	5.379e-01	4.416e-01	6.461e-01	4.069e-01	2.148e-01	4.456e-01	2.163e-01	1.872e-01	2.660e-01	3.011e-01	2.393e-01	3.626e-01	7.141e-01	2.492e-01	8.000e-01
3.900e+03	5.379e-01	4.416e-01	6.461e-01	3.681e-01	1.856e-01	4.443e-01	2.163e-01	1.872e-01	2.660e-01	3.011e-01	2.393e-01	3.626e-01	6.614e-01	1.933e-01	8.000e-01
4.000e+03	5.379e-01	4.416e-01	6.461e-01	3.681e-01	1.856e-01	4.443e-01	2.163e-01	1.872e-01	2.660e-01	3.011e-01	2.393e-01	3.626e-01	6.614e-01	1.933e-01	8.000e-01
4.100e+03	5.379e-01	4.416e-01	6.461e-01	3.681e-01	1.856e-01	4.443e-01	2.163e-01	1.872e-01	2.660e-01	3.011e-01	2.393e-01	3.626e-01	6.614e-01	7.498e-02	7.784e-01
4.200e+03	5.379e-01	4.416e-01	6.461e-01	3.681e-01	1.856e-01	4.443e-01	2.163e-01	1.872e-01	2.660e-01	3.011e-01	2.393e-01	3.626e-01	6.614e-01	1.883e-01	7.784e-01
4.300e+03	5.379e-01	4.416e-01	6.461e-01	3.681e-01	1.856e-01	4.432e-01	2.163e-01	1.863e-01	2.660e-01	3.011e-01	2.393e-01	3.626e-01	6.614e-01	1.883e-01	7.784e-01
4.400e+03	5.379e-01	4.416e-01	6.461e-01	3.681e-01	1.856e-01	4.432e-01	2.163e-01	1.863e-01	2.660e-01	3.011e-01	2.393e-01	3.626e-01	6.614e-01	1.883e-01	7.784e-01
4.500e+03	5.379e-01	4.416e-01	6.461e-01	3.681e-01	1.856e-01	4.432e-01	2.163e-01	1.863e-01	2.660e-01	3.011e-01	2.393e-01	3.626e-01	6.614e-01	1.883e-01	7.784e-01
4.600e+03	5.379e-01	4.416e-01	6.461e-01	3.681e-01	1.856e-01	4.432e-01	2.163e-01	1.863e-01	2.660e-01	3.011e-01	2.393e-01	3.626e-01	6.614e-01	1.883e-01	7.784e-01
4.700e+03	5.379e-01	4.416e-01	6.461e-01	3.681e-01	1.828e-01	4.432e-01	2.163e-01	1.863e-01	2.660e-01	3.011e-01	2.393e-01	3.626e-01	6.614e-01	1.933e-01	7.784e-01
4.800e+03	5.379e-01	4.416e-01	6.461e-01	3.681e-01	1.828e-01	4.432e-01	2.163e-01	1.863e-01	2.660e-01	3.023e-01	2.393e-01	3.626e-01	6.614e-01	1.883e-01	7.784e-01
4.900e+03	5.379e-01	4.416e-01	6.461e-01	3.287e-01	1.571e-01	4.394e-01	2.163e-01	1.863e-01	2.660e-01	3.011e-01	2.393e-01	3.626e-01	6.614e-01	1.933e-01	7.784e-01
5.000e+03	5.379e-01	4.416e-01	6.461e-01	3.287e-01	1.571e-01	4.394e-01	2.163e-01	1.854e-01	2.660e-01	3.011e-01	2.393e-01	3.626e-01	4.926e-01	7.498e-02	7.599e-01
5.100e+03	5.379e-01	4.416e-01	6.461e-01	3.287e-01	1.571e-01	4.394e-01	2.163e-01	1.854e-01	2.660e-01	3.011e-01	2.393e-01	3.626e-01	4.309e-01	7.498e-02	7.599e-01
5.200e+03	5.379e-01	4.416e-01	6.461e-01	3.287e-01	1.571e-01	4.394e-01	2.163e-01	1.854e-01	2.660e-01	3.011e-01	2.393e-01	3.626e-01	4.309e-01	7.498e-02	7.599e-01
5.300e+03	5.379e-01	4.416e-01	6.461e-01	3.636e-01	1.453e-01	4.394e-01	2.163e-01	1.854e-01	2.660e-01	3.011e-01	2.393e-01	3.626e-01	4.309e-01	7.498e-02	7.599e-01
5.400e+03	5.379e-01	4.416e-01	6.461e-01	3.636e-01	1.453e-01	4.394e-01	2.163e-01	1.854e-01	2.660e-01	2.964e-01	2.359e-01	3.626e-01	4.309e-01	7.498e-02	7.599e-01
5.500e+03	5.379e-01	4.416e-01	6.461e-01	3.636e-01	1.453e-01	4.394e-01	2.163e-01	1.854e-01	2.660e-01	2.964e-01	2.359e-01	3.626e-01	4.309e-01	7.498e-02	7.599e-01
5.600e+03	5.379e-01	4.416e-01	6.461e-01	3.681e-01	1.453e-01	4.394e-01	2.163e-01	1.854e-01	2.660e-01	2.964e-01	2.359e-01	3.626e-01	4.309e-01	7.498e-02	7.599e-01
5.700e+03	5.379e-01	4.416e-01	6.461e-01	3.681e-01	1.453e-01	4.394e-01	2.163e-01	1.854e-01	2.660e-01	2.964e-01	2.359e-01	3.626e-01	4.309e-01	1.933e-01	7.599e-01
5.800e+03	5.379e-01	4.416e-01	6.461e-01	3.681e-01	1.453e-01	4.394e-01	2.163e-01	1.854e-01	2.660e-01	2.964e-01	2.359e-01	3.626e-01	4.309e-01	1.933e-01	7.599e-01
5.900e+03	5.379e-01	4.416e-01	6.461e-01	3.681e-01	1.453e-01	4.394e-01	2.163e-01	1.854e-01	2.660e-01	2.922e-01	2.359e-01	3.626e-01	4.309e-01	1.933e-01	7.599e-01
6.000e+03	5.379e-01	4.416e-01	6.461e-01	3.681e-01	1.453e-01	4.394e-01	2.163e-01	1.854e-01	2.660e-01	2.964e-01	2.359e-01	3.626e-01	4.309e-01	1.933e-01	7.599e-01
6.100e+03	5.379e-01	4.416e-01	6.461e-01	3.681e-01	1.453e-01	4.406e-01	2.163e-01	1.854e-01	2.660e-01	2.964e-01	2.359e-01	3.626e-01	4.309e-01	1.873e-01	7.599e-01
6.200e+03	5.379e-01	4.416e-01	6.461e-01	3.681e-01	1.271e-01	4.406e-01	2.163e-01	1.854e-01	2.660e-01	2.964e-01	2.359e-01	3.626e-01	4.309e-01	1.873e-01	7.599e-01
6.300e+03	5.379e-01	4.416e-01	6.461e-01	3.681e-01	1.194e-01	4.406e-01	2.163e-01	1.854e-01	2.660e-01	2.964e-01	2.359e-01	3.626e-01	4.309e-01	1.873e-01	7.599e-01
6.400e+03	5.379e-01	4.416e-01	6.461e-01	3.681e-01	1.194e-01	4.406e-01	2.163e-01	1.854e-01	2.660e-01	2.964e-01	2.359e-01	3.626e-01	4.309e-01	1.873e-01	7.599e-01
6.500e+03	5.379e-01	4.416e-01	6.461e-01	3.681e-01	1.194e-01	4.406e-01	2.163e-01	1.854e-01	2.660e-01	2.964e-01	2.359e-01	3.626e-01	4.309e-01	1.873e-01	7.599e-01
6.600e+03	5.379e-01	4.416e-01	6.461e-01	3.681e-01	1.194e-01	4.406e-01	2.163e-01	1.854e-01	2.660e-01	2.964e-01	2.359e-01	3.626e-01	4.309e-01	1.873e-01	7.599e-01
6.700e+03	5.379e-01	4.416e-01	6.461e-01	3.681e-01	1.194e-01	4.406e-01	2.163e-01	1.854e-01	2.660e-01	2.964e-01	2.359e-01	3.626e-01	4.309e-01	1.873e-01	7.599e-01
6.800e+03	5.379e-01	4.416e-01	6.461e-01	3.681e-01	1.194e-01	4.406e-01	2.163e-01	1.854e-01	2.660e-01	2.964e-01	2.359e-01	3.626e-01	4.309e-01	1.873e-01	7.599e-01
6.900e+03	5.379e-01	4.416e-01	6.461e-01	3.681e-01	1.194e-01	4.406e-01	2.163e-01	1.854e-01	2.660e-01	2.964e-01	2.359e-01	3.626e-01	4.309e-01	1.873e-01	7.599e-01
7.000e+03	5.379e-01	4.416e-01	6.461e-01	3.681e-01	1.194e-01	4.406e-01	2.163e-01	1.854e-01	2.660e-01	2.964e-01	2.359e-01	3.626e-01	4.309e-01	1.873e-01	7.599e-01
7.100e+03	5.379e-01	4.416e-01	6.461e-01	3.681e-01	1.194e-01	4.406e-01	2.033e-01	1.854e-01	2.660e-01	2.964e-01	2.359e-01	3.626e-01	4.309e-01	1.873e-01	7.599e-01
7.200e+03	5.379e-01	4.416e-01	6.461e-01	3.681e-01	1.194e-01	4.406e-01	2.033e-01	1.854e-01	2.660e-01	2.964e-01	2.359e-01	3.626e-01	4.309e-01	1.873e-01	7.276e-01
7.300e+03	5.379e-01	4.416e-01	6.461e-01	3.681e-01	1.194e-01	4.406e-01	2.033e-01	1.854e-01	2.660e-01	2.964e-01	2.359e-01	3.626e-01	4.309e-01	1.933e-01	7.276e-01
7.400e+03	5.379e-01	4.416e-01	6.461e-01	3.681e-01	1.194e-01	4.406e-01	2.033e-01	1.854e-01	2.660e-01	2.964e-01	2.359e-01	3.626e-01	4.309e-01	1.933e-01	7.276e-01
7.500e+03	5.379e-01	4.416e-01	6.461e-01	3.681e-01	1.194e-01	4.406e-01	2.033e-01	1.854e-01	2.660e-01	2.964e-01	2.359e-01	3.626e-01	4.309e-01	1.933e-01	7.276e-01
7.600e+03	5.379e-01	4.416e-01	6.461e-01	3.681e-01	1.194e-01	4.406e-01	2.033e-01	1.854e-01	2.660e-01	2.964e-01	2.359e-01	3.626e-01	4.309e-01	1.933e-01	7.141e-01
7.700e+03	5.379e-01	4.416e-01	6.461e-01	3.681e-01	1.194e-01	4.406e-01	2.033e-01	1.854e-01	2.660e-01	2.964e-01	2.359e-01	3.626e-01	3.761e-01	1.873e-01	7.141e-01
7.800e+03	5.379e-01	4.416e-01	6.461e-01	3.681e-01	1.194e-01	4.406e-01	2.033e-01	1.854e-01	2.660e-01	2.964e-01	2.359e-01	3.626e-01	3.761e-01	1.873e-01	7.141e-01
7.900e+03	5.379e-01	4.416e-01	6.461e-01	3.681e-01	1.194e-01	4.406e-01	2.033e-01	1.854e-01	2.660e-01	2.964e-01	2.359e-01	3.626e-01	3.761e-01	1.873e-01	7.141e-01
8.000e+03	5.379e-01	4.416e-01	6.461e-01	3.681e-01	1.194e-01	4.406e-01	2.033e-01	1.854e-01	2.660e-01	2.964e-01	2.359e-01	3.626e-01	3.761e-01	1.873e-01	7.141e-01
8.100e+03	5.379e-01	4.416e-01	6.461e-01	3.681e-01	1.194e-01	4.406e-01	2.033e-01	1.854e-01	2.660e-01	2.964e-01	2.359e-01	3.626e-01	3.761e-01	1.873e-01	7.141e-01
8.200e+03	5.379e-01	4.416e-01	6.461e-01	3.681e-01	1.194e-01	4.406e-01	2.033e-01	1.854e-01	2.660e-01	2.964e-01	2.359e-01	3.626e-01	3.761e-01	1.873e-01	7.141e-01
8.300e+03	5.379e-01	4.416e-01	6.461e-01	3.681e-01	1.194e-01	4.406e-01	2.033e-01	1.854e-01	2.660e-01	2.964e-01	2.359e-01	3.626e-01	3.761e-01	1.873e-01	7.141e-01
8.400e+03	5.379e-01	4.416e-01	6.461e-01	3.681e-01	1.194e-01	4.406e-01	2.033e-01	1.854e-01	2.660e-01	2.964e-01	2.359e-01	3.626e-01	3.761e-01	1.933e-01	7.141e-01
8.500e+03	5.379e-01	4.416e-01	6.461e-01	3.681e-01	1.194e-01	4.406e-01	2.033e-01	1.854e-01	2.660e-01	2.964e-01	2.359e-01	3.626e-01	3.761e-01	1.933e-01	7.141e-01
8.600e+03	5.379e-01	4.416e-01	6.461e-01	3.681e-01	1.194e-01	4.406e-01	2.033e-01	1.854e-01	2.660e-01	2.964e-01	2.359e-01	3.626e-01	3.761e-01	1.933e-01	7.141e-01
8.700e+03	5.379e-01	4.416e-01	6.461e-01	3.681e-01	1.194e-01	4.406e-01	2.033e-01	1.854e-01	2.660e-01	2.964e-01	2.359e-01	3.626e-01	3.864e-01	1.933e-01	7.141e-01
8.800e+03	5.379e-01	4.416e-01	6.461e-01	3.681e-01	1.194e-01	4.406e-01	2.033e-01	1.854e-01	2.660e-01	2.964e-01	2.359e-01	3.626e-01	3.864e-01	1.933e-01	7.141e-01
8.900e+03	5.379e-01	4.416e-01	6.461e-01	3.681e-01	1.194e-01	4.394e-01	2.033e-01	1.854e-01	2.660e-01	2.964e-01	2.359e-01	3.626e-01	3.864e-01	1.933e-01	7.141e-01
9.000e+03	5.379e-01	4.416e-01	6.461e-01	3.681e-01	1.194e-01	4.394e-01	2.033e-01	1.854e-01	2.660e-01	2.964e-01	2.359e-01	3.626e-01	3.864e-01	1.933e-01	7.141e-01
9.100e+03	5.379e-01	4.416e-01	6.461e-01	3.681e-01	1.194e-01	4.394e-01	2.033e-01	1.854e-01	2.660e-01	2.964e-01	2.359e-01	3.626e-01	3.864e-01	1.933e-01	7.141e-01
9.200e+03	5.379e-01	4.416e-01	6.461e-01	3.478e-01	1.194e-01	4.357e-01	2.033e-01	1.854e-01	2.660e-01	2.922e-01	2.304e-01	3.626e-01	4.050e-01	1.933e-01	7.141e-01
9.300e+03	5.379e-01	4.416e-01	6.461e-01	3.478e-01	1.194e-01	4.357e-01	2.033e-01	1.854e-01	2.660e-01	2.922e-01	2.304e-01	3.626e-01	4.309e-01	1.933e-01	7.141e-01
9.400e+03	5.379e-01	4.416e-01	6.461e-01	3.478e-01	1.194e-01	4.357e-01	2.033e-01	1.854e-01	2.660e-01	2.922e-01	2.304e-01	3.626e-01	4.309e-01	1.933e-01	7.141e-01
9.500e+03	5.379e-01	4.416e-01	6.461e-01	3.478e-01	1.194e-01	4.357e-01	2.033e-01	1.854e-01	2.660e-01	2.922e-01	2.304e-01	3.626e-01	4.050e-01	1.873e-01	7.141e-01
9.600e+03	5.379e-01	4.416e-01	6.461e-01	3.478e-01	1.194e-01	4.357e-01	2.033e-01	1.854e-01	2.660e-01	2.922e-01	2.304e-01	3.626e-01	4.050e-01	1.873e-01	7.141e-01
9.700e+03	5.379e-01	4.416e-01	6.461e-01	3.478e-01	1.194e-01	4.357e-01	2.033e-01	1.854e-01	2.660e-01	2.922e-01	2.266e-01	3.626e-01	4.050e-01	1.873e-01	7.141e-01
9.800e+03	5.379e-01	4.416e-01	6.461e-01	3.478e-01	1.194e-01	4.357e-01	2.033e-01	1.854e-01	2.660e-01	2.922e-01	2.266e-01	3.626e-01	4.050e-01	1.873e-01	7.141e-01
9.900e+03	5.379e-01	4.416e-01	6.461e-01	3.478e-01	1.194e-01	4.357e-01	2.033e-01	1.854e-01	2.660e-01	2.922e-01	2.266e-01	3.626e-01	4.050e-01	1.873e-01	7.141e-01
1.000e+04	5.379e-01	4.416e-01	6.461e-01	3.478e-01	1.194e-01	4.357e-01	2.033e-01	1.854e-01	2.660e-01	2.922e-01	2.266e-01	3.626e-01	4.050e-01	1.873e-01	7.141e-01
1.010e+04	5.379e-01	4.416e-01	6.461e-01	3.478e-01	1.194e-01	4.357e-01	2.033e-01	1.854e-01	2.660e-01	2.922e-01	2.266e-01	3.626e-01	4.050e-01	1.933e-01	7.141e-01
1.020e+04	5.379e-01	4.416e-01	6.461e-01	3.478e-01	1.194e-01	4.357e-01	2.033e-01	1.854e-01	2.660e-01	2.922e-01	2.266e-01	3.626e-01	4.050e-01	1.933e-01	7.141e-01
1.030e+04	5.379e-01	4.416e-01	6.461e-01	3.478e-01	1.194e-01	4.357e-01	2.033e-01	1.854e-01	2.660e-01	2.922e-01	2.266e-01	3.626e-01	4.050e-01	1.933e-01	7.141e-01
1.040e+04	5.379e-01	4.416e-01	6.461e-01	3.478e-01	1.194e-01	4.357e-01	2.033e-01	1.854e-01	2.660e-01	2.922e-01	2.266e-01	3.626e-01	4.050e-01	1.933e-01	7.141e-01
1.050e+04	5.379e-01	4.416e-01	6.461e-01	3.681e-01	1.194e-01	4.364e-01	2.033e-01	1.854e-01	2.660e-01	2.922e-01	2.266e-01	3.626e-01	4.309e-01	2.056e-01	7.141e-01
1.060e+04	5.379e-01	4.416e-01	6.461e-01	3.681e-01	1.464e-01	4.364e-01	2.033e-01	1.854e-01	2.660e-01	2.922e-01	2.266e-01	3.626e-01	4.309e-01	2.056e-01	7.141e-01
1.070e+04	5.379e-01	4.416e-01	6.461e-01	3.585e-01	1.464e-01	4.357e-01	2.033e-01	1.854e-01	2.660e-01	2.922e-01	2.266e-01	3.626e-01	4.309e-01	2.056e-01	7.141e-01
1.080e+04	5.379e-01	4.416e-01	6.461e-01	3.681e-01	1.464e-01	4.364e-01	2.033e-01	1.854e-01	2.660e-01	2.922e-01	2.266e-01	3.626e-01	4.309e-01	2.056e-01	7.141e-01
1.090e+04	5.379e-01	4.416e-01	6.461e-01	3.681e-01	1.464e-01	4.364e-01	2.033e-01	1.854e-01	2.660e-01	2.702e-01	2.084e-01	3.563e-01	4.309e-01	2.056e-01	7.141e-01
1.100e+04	5.379e-01	4.416e-01	6.461e-01	2.924e-01	1.103e-01	4.364e-01	2.033e-01	1.854e-01	2.660e-01	2.702e-01	2.084e-01	3.563e-01	4.309e-01	2.056e-01	7.141e-01
1.110e+04	5.379e-01	4.416e-01	6.461e-01	2.924e-01	1.103e-01	4.364e-01	2.033e-01	1.854e-01	2.660e-01	2.702e-01	2.084e-01	3.563e-01	4.309e-01	2.056e-01	6.823e-01
1.120e+04	5.379e-01	4.416e-01	6.461e-01	2.924e-01	1.103e-01	4.364e-01	2.033e-01	1.854e-01	2.660e-01	2.702e-01	2.084e-01	3.563e-01	4.309e-01	2.056e-01	6.823e-01
1.130e+04	5.379e-01	4.416e-01	6.461e-01	2.924e-01	1.103e-01	4.364e-01	2.033e-01	1.854e-01	2.660e-01	2.702e-01	2.084e-01	3.563e-01	4.309e-01	2.056e-01	6.823e-01
1.140e+04	5.379e-01	4.416e-01	6.461e-01	2.924e-01	1.103e-01	4.364e-01	2.033e-01	1.854e-01	2.660e-01	2.702e-01	2.084e-01	3.563e-01	4.309e-01	2.056e-01	6.823e-01
1.150e+04	5.379e-01	4.416e-01	6.461e-01	2.924e-01	1.103e-01	4.364e-01	2.033e-01	1.854e-01	2.660e-01	2.702e-01	2.084e-01	3.563e-01	4.309e-01	2.056e-01	6.823e-01
1.160e+04	5.379e-01	4.416e-01	6.461e-01	3.478e-01	1.464e-01	4.364e-01	2.033e-01	1.854e-01	2.660e-01	2.702e-01	2.084e-01	3.563e-01	4.309e-01	2.056e-01	6.823e-01
1.170e+04	5.379e-01	4.416e-01	6.461e-01	3.478e-01	1.464e-01	4.364e-01	2.033e-01	1.854e-01	2.660e-01	2.702e-01	2.084e-01	3.563e-01	4.309e-01	2.056e-01	6.823e-01
1.180e+04	5.379e-01	4.416e-01	6.461e-01	3.478e-01	1.514e-01	4.364e-01	2.033e-01	1.854e-01	2.660e-01	2.702e-01	2.084e-01	3.563e-01	4.309e-01	2.056e-01	6.823e-01
1.190e+04	5.379e-01	4.416e-01	6.461e-01	3.478e-01	1.514e-01	4.364e-01	2.033e-01	1.854e-01	2.660e-01	2.702e-01	2.084e-01	3.563e-01	4.309e-01	2.056e-01	6.823e-01
1.200e+04	5.379e-01	4.416e-01	6.461e-01	3.478e-01	1.514e-01	4.364e-01	2.033e-01	1.854e-01	2.660e-01	2.702e-01	2.084e-01	3.563e-01	4.050e-01	1.933e-01	6.614e-01
1.210e+04	5.379e-01	4.416e-01	6.461e-01	3.478e-01	1.514e-01	4.364e-01	2.033e-01	1.854e-01	2.660e-01	2.702e-01	2.084e-01	3.563e-01	4.050e-01	1.933e-01	6.614e-01
1.220e+04	5.379e-01	4.416e-01	6.461e-01	3.478e-01	1.514e-01	4.364e-01	2.033e-01	1.854e-01	2.660e-01	2.702e-01	2.084e-01	3.563e-01	4.050e-01	1.933e-01	6.614e-01
1.230e+04	5.379e-01	4.416e-01	6.461e-01	3.478e-01	1.563e-01	4.364e-01	2.033e-01	1.854e-01	2.660e-01	2.702e-01	2.084e-01	3.563e-01	4.050e-01	1.933e-01	6.614e-01
1.240e+04	5.379e-01	4.416e-01	6.461e-01	3.478e-01	1.563e-01	4.364e-01	2.033e-01	1.854e-01	2.660e-01	2.524e-01	2.084e-01	3.386e-01	4.050e-01	1.933e-01	6.614e-01
1.250e+04	5.379e-01	4.416e-01	6.461e-01	3.478e-01	1.563e-01	4.364e-01	2.033e-01	1.854e-01	2.660e-01	2.524e-01	2.084e-01	3.386e-01	4.050e-01	1.933e-01	6.614e-01
1.260e+04	5.379e-01	4.416e-01	6.461e-01	3.478e-01	1.563e-01	4.364e-01	2.033e-01	1.854e-01	2.660e-01	2.524e-01	2.084e-01	3.386e-01	4.050e-01	1.933e-01	6.614e-01
1.270e+04	5.379e-01	4.416e-01	6.461e-01	3.478e-01	1.563e-01	4.364e-01	2.033e-01	1.854e-01	2.660e-01	2.524e-01	2.084e-01	3.386e-01	4.050e-01	1.933e-01	6.614e-01
1.280e+04	5.379e-01	4.416e-01	6.461e-01	3.478e-01	1.563e-01	4.364e-01	2.033e-01	1.854e-01	2.660e-01	2.524e-01	2.084e-01	3.386e-01	4.050e-01	1.933e-01	6.614e-01
1.290e+04	5.379e-01	4.416e-01	6.461e-01	3.478e-01	1.563e-01	4.364e-01	2.033e-01	1.854e-01	2.660e-01	2.524e-01	2.084e-01	3.386e-01	3.761e-01	1.863e-01	5.635e-01
1.300e+04	5.379e-01	4.416e-01	6.461e-01	3.478e-01	1.563e-01	4.364e-01	2.033e-01	1.854e-01	2.660e-01	2.524e-01	2.084e-01	3.386e-01	4.050e-01	1.933e-01	6.614e-01
1.310e+04	5.379e-01	4.416e-01	6.461e-01	3.478e-01	1.563e-01	4.364e-01	2.033e-01	1.854e-01	2.660e-01	2.524e-01	2.084e-01	3.386e-01	4.050e-01	1.933e-01	6.614e-01
1.320e+04	5.379e-01	4.416e-01	6.461e-01	3.478e-01	1.563e-01	4.364e-01	2.033e-01	1.854e-01	2.660e-01	2.524e-01	2.084e-01	3.386e-01	4.050e-01	2.056e-01	6.614e-01
1.330e+04	5.379e-01	4.416e-01	6.461e-01	3.478e-01	1.563e-01	4.364e-01	2.033e-01	1.854e-01	2.660e-01	2.524e-01	2.084e-01	3.386e-01	4.050e-01	2.056e-01	6.614e-01
1.340e+04	5.379e-01	4.416e-01	6.461e-01	3.478e-01	1.563e-01	4.364e-01	2.033e-01	1.854e-01	2.660e-01	2.489e-01	2.084e-01	3.162e-01	4.050e-01	2.056e-01	6.614e-01
1.350e+04	5.379e-01	4.416e-01	6.461e-01	2.926e-01	1.563e-01	4.364e-01	2.033e-01	1.854e-01	2.660e-01	2.489e-01	2.084e-01	3.162e-01	4.050e-01	2.056e-01	6.614e-01
1.360e+04	5.379e-01	4.416e-01	6.461e-01	2.926e-01	1.563e-01	4.364e-01	2.033e-01	1.854e-01	2.660e-01	2.489e-01	2.084e-01	3.162e-01	4.050e-01	2.056e-01	6.614e-01
1.370e+04	5.379e-01	4.416e-01	6.461e-01	2.926e-01	1.514e-01	4.364e-01	2.033e-01	1.854e-01	2.660e-01	2.489e-01	2.084e-01	3.162e-01	4.050e-01	2.056e-01	6.614e-01
1.380e+04	5.379e-01	4.416e-01	6.461e-01	2.926e-01	1.514e-01	4.364e-01	2.033e-01	1.854e-01	2.660e-01	2.489e-01	2.084e-01	3.162e-01	4.050e-01	2.056e-01	6.614e-01
1.390e+04	5.379e-01	4.416e-01	6.461e-01	2.924e-01	1.514e-01	4.357e-01	2.033e-01	1.854e-01	2.660e-01	2.489e-01	2.084e-01	3.162e-01	4.050e-01	2.056e-01	6.614e-01
1.400e+04	5.379e-01	4.416e-01	6.461e-01	2.924e-01	1.514e-01	4.357e-01	2.033e-01	1.854e-01	2.660e-01	2.489e-01	2.084e-01	3.162e-01	4.050e-01	2.056e-01	6.614e-01
1.410e+04	5.379e-01	4.416e-01	6.461e-01	2.924e-01	1.514e-01	4.357e-01	2.033e-01	1.854e-01	2.660e-01	2.489e-01	2.084e-01	3.162e-01	4.050e-01	2.056e-01	6.614e-01
1.420e+04	5.379e-01	4.416e-01	6.461e-01	2.924e-01	1.514e-01	4.357e-01	2.033e-01	1.854e-01	2.660e-01	2.489e-01	2.084e-01	3.162e-01	4.050e-01	2.056e-01	6.614e-01
1.430e+04	5.379e-01	4.416e-01	6.461e-01	3.320e-01	1.828e-01	4.357e-01	2.033e-01	1.854e-01	2.660e-01	2.489e-01	2.084e-01	3.162e-01	4.050e-01	2.056e-01	6.614e-01
1.440e+04	5.379e-01	4.416e-01	6.461e-01	3.320e-01	1.828e-01	4.357e-01	2.033e-01	1.854e-01	2.660e-01	2.489e-01	2.084e-01	3.162e-01	4.050e-01	2.056e-01	6.614e-01
1.450e+04	5.379e-01	4.416e-01	6.461e-01	3.320e-01	1.828e-01	4.357e-01	2.033e-01	1.854e-01	2.660e-01	2.489e-01	2.084e-01	3.162e-01	4.050e-01	2.056e-01	6.614e-01
1.460e+04	5.379e-01	4.416e-01	6.461e-01	3.320e-01	1.828e-01	4.076e-01	2.033e-01	1.854e-01	2.660e-01	2.489e-01	2.084e-01	3.162e-01	4.050e-01	2.056e-01	6.614e-01
1.470e+04	5.379e-01	4.416e-01	6.461e-01	3.320e-01	1.828e-01	4.076e-01	2.033e-01	1.854e-01	2.660e-01	2.489e-01	2.084e-01	3.162e-01	4.050e-01	2.056e-01	6.614e-01
1.480e+04	5.379e-01	4.416e-01	6.461e-01	3.320e-01	1.828e-01	4.076e-01	2.033e-01	1.854e-01	2.660e-01	2.489e-01	2.084e-01	3.162e-01	4.050e-01	2.056e-01	6.614e-01
1.490e+04	5.379e-01	4.416e-01	6.461e-01	3.320e-01	1.856e-01	4.076e-01	2.033e-01	1.854e-01	2.660e-01	2.489e-01	2.084e-01	3.162e-01	4.050e-01	2.056e-01	6.614e-01
1.500e+04	5.379e-01	4.416e-01	6.461e-01	3.320e-01	1.856e-01	4.076e-01	2.033e-01	1.854e-01	2.660e-01	2.489e-01	2.084e-01	3.162e-01	4.050e-01	2.056e-01	6.000e-01
1.510e+04	5.379e-01	4.416e-01	6.461e-01	3.320e-01	1.856e-01	4.076e-01	2.033e-01	1.854e-01	2.660e-01	2.489e-01	2.084e-01	3.162e-01	4.050e-01	2.056e-01	6.000e-01
1.520e+04	5.379e-01	4.416e-01	6.461e-01	3.423e-01	1.983e-01	4.076e-01	1.984e-01	1.854e-01	2.617e-01	2.489e-01	2.084e-01	3.162e-01	4.050e-01	2.056e-01	6.000e-01
1.530e+04	5.379e-01	4.416e-01	6.461e-01	3.423e-01	1.983e-01	4.076e-01	1.984e-01	1.854e-01	2.617e-01	2.489e-01	2.084e-01	3.162e-01	4.050e-01	2.056e-01	6.000e-01
1.540e+04	5.379e-01	4.416e-01	6.461e-01	3.423e-01	1.983e-01	4.076e-01	1.984e-01	1.854e-01	2.617e-01	2.489e-01	2.084e-01	3.162e-01	4.050e-01	1.955e-01	6.000e-01
1.550e+04	5.379e-01	4.416e-01	6.461e-01	3.423e-01	1.983e-01	4.357e-01	1.984e-01	1.854e-01	2.615e-01	2.489e-01	2.084e-01	3.162e-01	4.050e-01	1.955e-01	6.000e-01
1.560e+04	5.379e-01	4.416e-01	6.461e-01	3.423e-01	1.983e-01	4.357e-01	1.984e-01	1.854e-01	2.615e-01	2.489e-01	2.084e-01	3.162e-01	4.050e-01	1.955e-01	6.000e-01
1.570e+04	5.379e-01	4.416e-01	6.461e-01	3.423e-01	1.983e-01	4.357e-01	1.984e-01	1.854e-01	2.615e-01	2.489e-01	2.084e-01	3.162e-01	4.050e-01	1.955e-01	6.000e-01
1.580e+04	5.379e-01	4.416e-01	6.461e-01	3.423e-01	1.983e-01	4.357e-01	1.984e-01	1.854e-01	2.615e-01	2.489e-01	2.084e-01	3.162e-01	4.050e-01	1.955e-01	6.000e-01
1.590e+04	5.379e-01	4.416e-01	6.461e-01	3.478e-01	2.249e-01	4.357e-01	1.984e-01	1.854e-01	2.615e-01	2.489e-01	2.084e-01	3.162e-01	4.050e-01	1.955e-01	6.000e-01
1.600e+04	5.379e-01	4.416e-01	6.461e-01	3.478e-01	2.249e-01	4.357e-01	1.984e-01	1.854e-01	2.615e-01	2.489e-01	2.084e-01	3.162e-01	4.050e-01	1.955e-01	6.000e-01
1.610e+04	5.379e-01	4.416e-01	6.461e-01	3.423e-01	1.983e-01	4.357e-01	1.984e-01	1.854e-01	2.615e-01	2.489e-01	2.084e-01	3.162e-01	4.050e-01	1.955e-01	6.000e-01
1.620e+04	5.379e-01	4.416e-01	6.461e-01	3.423e-01	1.983e-01	4.364e-01	1.984e-01	1.854e-01	2.615e-01	2.489e-01	2.084e-01	3.162e-01	4.050e-01	1.955e-01	6.000e-01
1.630e+04	5.379e-01	4.416e-01	6.461e-01	3.423e-01	1.983e-01	4.364e-01	1.984e-01	1.854e-01	2.615e-01	2.489e-01	2.084e-01	3.162e-01	4.050e-01	1.955e-01	6.000e-01
1.640e+04	5.379e-01	4.416e-01	6.461e-01	3.423e-01	1.983e-01	4.364e-01	1.984e-01	1.854e-01	2.615e-01	2.489e-01	2.084e-01	3.162e-01	4.050e-01	1.955e-01	6.000e-01
1.650e+04	5.379e-01	4.416e-01	6.461e-01	3.423e-01	1.983e-01	4.393e-01	1.984e-01	1.854e-01	2.615e-01	2.489e-01	2.084e-01	3.162e-01	4.050e-01	1.955e-01	6.000e-01
1.660e+04	5.379e-01	4.416e-01	6.461e-01	3.320e-01	1.983e-01	4.364e-01	1.984e-01	1.854e-01	2.615e-01	2.489e-01	2.084e-01	3.162e-01	4.050e-01	1.955e-01	6.000e-01
1.670e+04	5.379e-01	4.416e-01	6.461e-01	3.320e-01	1.983e-01	4.364e-01	1.984e-01	1.854e-01	2.615e-01	2.489e-01	2.085e-01	3.162e-01	4.050e-01	1.955e-01	5.335e-01
1.680e+04	5.379e-01	4.416e-01	6.461e-01	3.320e-01	1.983e-01	4.364e-01	1.984e-01	1.854e-01	2.615e-01	2.489e-01	2.085e-01	3.162e-01	4.050e-01	1.955e-01	5.335e-01
1.690e+04	5.379e-01	4.416e-01	6.461e-01	3.320e-01	1.983e-01	4.364e-01	1.984e-01	1.854e-01	2.615e-01	2.489e-01	2.085e-01	3.162e-01	4.050e-01	1.955e-01	5.335e-01
1.700e+04	5.379e-01	4.416e-01	6.461e-01	3.320e-01	1.983e-01	4.364e-01	1.984e-01	1.854e-01	2.615e-01	2.489e-01	2.085e-01	3.162e-01	4.050e-01	1.955e-01	5.335e-01
1.710e+04	5.379e-01	4.416e-01	6.461e-01	3.320e-01	1.828e-01	4.364e-01	1.984e-01	1.854e-01	2.615e-01	2.489e-01	2.085e-01	3.162e-01	4.050e-01	1.955e-01	5.335e-01
1.720e+04	5.379e-01	4.416e-01	6.461e-01	3.320e-01	1.828e-01	4.364e-01	1.984e-01	1.854e-01	2.615e-01	2.489e-01	2.085e-01	3.162e-01	4.050e-01	1.955e-01	5.335e-01
1.730e+04	5.379e-01	4.416e-01	6.461e-01	3.320e-01	1.828e-01	4.364e-01	1.984e-01	1.854e-01	2.615e-01	2.489e-01	2.085e-01	3.162e-01	4.050e-01	1.955e-01	5.335e-01
1.740e+04	5.379e-01	4.416e-01	6.461e-01	3.320e-01	1.828e-01	4.364e-01	1.984e-01	1.854e-01	2.615e-01	2.489e-01	2.085e-01	3.162e-01	4.050e-01	1.955e-01	5.335e-01
1.750e+04	5.379e-01	4.416e-01	6.461e-01	3.320e-01	1.828e-01	4.364e-01	1.984e-01	1.854e-01	2.615e-01	2.489e-01	2.085e-01	3.162e-01	3.761e-01	1.955e-01	5.335e-01
1.760e+04	5.379e-01	4.416e-01	6.461e-01	3.320e-01	1.828e-01	4.364e-01	1.984e-01	1.854e-01	2.615e-01	2.489e-01	2.085e-01	3.162e-01	3.761e-01	1.955e-01	5.335e-01
1.770e+04	5.379e-01	4.416e-01	6.461e-01	3.320e-01	1.828e-01	4.364e-01	1.984e-01	1.854e-01	2.615e-01	2.489e-01	2.085e-01	3.162e-01	3.761e-01	1.955e-01	5.335e-01
1.780e+04	5.379e-01	4.416e-01	6.461e-01	3.320e-01	1.828e-01	4.364e-01	1.984e-01	1.854e-01	2.615e-01	2.489e-01	2.085e-01	3.162e-01	3.761e-01	1.955e-01	5.335e-01
1.790e+04	5.379e-01	4.416e-01	6.461e-01	3.320e-01	1.828e-01	4.364e-01	1.984e-01	1.854e-01	2.615e-01	2.489e-01	2.085e-01	3.162e-01	3.761e-01	1.955e-01	5.335e-01
1.800e+04	5.379e-01	4.416e-01	6.461e-01	3.320e-01	1.828e-01	4.364e-01	1.984e-01	1.854e-01	2.615e-01	2.489e-01	2.085e-01	3.162e-01	3.406e-01	1.955e-01	5.036e-01
1.810e+04	5.379e-01	4.416e-01	6.461e-01	3.320e-01	1.828e-01	4.364e-01	1.984e-01	1.854e-01	2.615e-01	2.489e-01	2.085e-01	3.162e-01	3.406e-01	1.955e-01	5.036e-01
1.820e+04	5.379e-01	4.416e-01	6.461e-01	3.320e-01	1.828e-01	4.364e-01	1.984e-01	1.854e-01	2.615e-01	2.489e-01	2.085e-01	3.162e-01	3.406e-01	1.955e-01	5.036e-01
1.830e+04	5.379e-01	4.416e-01	6.461e-01	3.320e-01	1.828e-01	4.364e-01	1.984e-01	1.854e-01	2.615e-01	2.489e-01	2.085e-01	3.162e-01	3.406e-01	1.955e-01	5.036e-01
1.840e+04	5.379e-01	4.416e-01	6.461e-01	3.110e-01	1.828e-01	4.311e-01	1.984e-01	1.854e-01	2.615e-01	2.489e-01	2.085e-01	3.162e-01	3.406e-01	1.955e-01	5.036e-01
1.850e+04	5.379e-01	4.416e-01	6.461e-01	3.110e-01	1.828e-01	4.311e-01	1.984e-01	1.854e-01	2.615e-01	2.489e-01	2.085e-01	3.162e-01	3.406e-01	1.955e-01	5.036e-01
1.860e+04	5.379e-01	4.416e-01	6.461e-01	3.241e-01	1.828e-01	4.364e-01	1.984e-01	1.854e-01	2.615e-01	2.489e-01	2.085e-01	3.162e-01	3.406e-01	1.955e-01	5.036e-01
1.870e+04	5.379e-01	4.416e-01	6.461e-01	3.241e-01	1.828e-01	4.364e-01	1.984e-01	1.854e-01	2.615e-01	2.489e-01	2.085e-01	3.162e-01	3.406e-01	1.955e-01	5.036e-01
1.880e+04	5.379e-01	4.416e-01	6.461e-01	3.241e-01	1.828e-01	4.364e-01	1.984e-01	1.854e-01	2.615e-01	2.489e-01	2.085e-01	3.162e-01	3.406e-01	1.955e-01	5.036e-01
1.890e+04	5.379e-01	4.416e-01	6.461e-01	3.241e-01	1.828e-01	4.364e-01	1.984e-01	1.854e-01	2.615e-01	2.489e-01	2.085e-01	3.162e-01	3.406e-01	1.955e-01	5.036e-01
1.900e+04	5.379e-01	4.416e-01	6.461e-01	3.241e-01	1.828e-01	4.364e-01	1.984e-01	1.854e-01	2.615e-01	2.489e-01	2.085e-01	3.162e-01	3.406e-01	1.955e-01	5.036e-01
1.910e+04	5.379e-01	4.416e-01	6.461e-01	3.320e-01	1.828e-01	4.393e-01	1.984e-01	1.854e-01	2.615e-01	2.489e-01	2.085e-01	3.162e-01	3.406e-01	1.955e-01	5.036e-01
1.920e+04	5.379e-01	4.416e-01	6.461e-01	3.320e-01	1.828e-01	4.393e-01	1.984e-01	1.854e-01	2.615e-01	2.489e-01	2.085e-01	3.162e-01	3.406e-01	1.955e-01	5.036e-01
1.930e+04	5.379e-01	4.416e-01	6.461e-01	3.320e-01	1.828e-01	4.393e-01	1.984e-01	1.854e-01	2.615e-01	2.489e-01	2.085e-01	3.162e-01	3.406e-01	1.955e-01	5.036e-01
1.940e+04	5.379e-01	4.416e-01	6.461e-01	3.320e-01	1.828e-01	4.393e-01	1.984e-01	1.854e-01	2.615e-01	2.489e-01	2.085e-01	3.162e-01	3.406e-01	1.955e-01	5.036e-01
1.950e+04	5.379e-01	4.416e-01	6.461e-01	3.320e-01	1.828e-01	4.393e-01	1.984e-01	1.854e-01	2.615e-01	2.489e-01	2.085e-01	3.162e-01	3.406e-01	1.955e-01	5.036e-01
1.960e+04	5.379e-01	4.416e-01	6.461e-01	3.423e-01	1.983e-01	4.394e-01	1.984e-01	1.854e-01	2.615e-01	2.489e-01	2.085e-01	3.162e-01	3.406e-01	1.955e-01	5.036e-01
1.970e+04	5.379e-01	4.416e-01	6.461e-01	3.423e-01	1.983e-01	4.394e-01	1.984e-01	1.854e-01	2.615e-01	2.489e-01	2.085e-01	3.162e-01	3.406e-01	1.955e-01	5.036e-01
1.980e+04	5.379e-01	4.416e-01	6.461e-01	3.423e-01	1.983e-01	4.394e-01	1.984e-01	1.854e-01	2.615e-01	2.489e-01	2.085e-01	3.162e-01	3.406e-01	1.955e-01	5.036e-01
1.990e+04	5.379e-01	4.416e-01	6.461e-01	3.423e-01	1.983e-01	4.394e-01	1.984e-01	1.854e-01	2.615e-01	2.489e-01	2.085e-01	3.162e-01	3.406e-01	1.955e-01	5.036e-01
2.000e+04	5.379e-01	4.416e-01	6.461e-01	3.423e-01	1.983e-01	4.394e-01	1.984e-01	1.854e-01	2.615e-01	2.489e-01	2.085e-01	3.162e-01	3.406e-01	1.955e-01	5.036e-01
2.010e+04	5.379e-01	4.416e-01	6.461e-01	3.423e-01	1.983e-01	4.394e-01	1.984e-01	1.854e-01	2.615e-01	2.489e-01	2.085e-01	3.162e-01	3.406e-01	1.955e-01	5.036e-01
2.020e+04	5.379e-01	4.416e-01	6.461e-01	3.423e-01	1.983e-01	4.394e-01	1.984e-01	1.854e-01	2.615e-01	2.489e-01	2.085e-01	3.162e-01	3.406e-01	1.955e-01	5.036e-01
2.030e+04	5.379e-01	4.416e-01	6.461e-01	3.423e-01	1.983e-01	4.394e-01	1.984e-01	1.854e-01	2.615e-01	2.489e-01	2.085e-01	3.162e-01	3.406e-01	1.955e-01	5.036e-01
2.040e+04	5.379e-01	4.416e-01	6.461e-01	3.423e-01	1.983e-01	4.394e-01	1.984e-01	1.854e-01	2.615e-01	2.489e-01	2.085e-01	3.162e-01	3.194e-01	1.933e-01	5.036e-01
2.050e+04	5.379e-01	4.416e-01	6.461e-01	3.423e-01	1.983e-01	4.394e-01	1.984e-01	1.854e-01	2.615e-01	2.489e-01	2.085e-01	3.162e-01	3.194e-01	1.933e-01	5.036e-01
2.060e+04	5.379e-01	4.416e-01	6.461e-01	3.423e-01	1.983e-01	4.394e-01	1.984e-01	1.854e-01	2.615e-01	2.489e-01	2.085e-01	3.162e-01	3.194e-01	1.933e-01	5.036e-01
2.070e+04	5.379e-01	4.416e-01	6.461e-01	3.423e-01	1.983e-01	4.394e-01	1.984e-01	1.854e-01	2.615e-01	2.489e-01	2.085e-01	3.162e-01	3.194e-01	1.933e-01	5.036e-01
2.080e+04	5.379e-01	4.416e-01	6.461e-01	3.423e-01	1.983e-01	4.394e-01	1.984e-01	1.854e-01	2.615e-01	2.489e-01	2.085e-01	3.162e-01	3.194e-01	1.933e-01	5.036e-01
2.090e+04	5.379e-01	4.416e-01	6.461e-01	3.423e-01	1.983e-01	4.394e-01	1.984e-01	1.854e-01	2.615e-01	2.489e-01	2.085e-01	3.162e-01	3.194e-01	1.933e-01	5.036e-01
2.100e+04	5.379e-01	4.416e-01	6.461e-01	3.423e-01	1.983e-01	4.394e-01	1.984e-01	1.854e-01	2.615e-01	2.489e-01	2.085e-01	3.162e-01	3.194e-01	1.933e-01	4.935e-01
2.110e+04	5.379e-01	4.416e-01	6.461e-01	3.423e-01	1.983e-01	4.394e-01	1.984e-01	1.854e-01	2.615e-01	2.489e-01	2.085e-01	3.162e-01	3.194e-01	1.933e-01	4.935e-01
2.120e+04	5.379e-01	4.416e-01	6.461e-01	3.423e-01	1.983e-01	4.394e-01	1.984e-01	1.854e-01	2.615e-01	2.489e-01	2.085e-01	3.162e-01	3.194e-01	1.933e-01	4.935e-01
2.130e+04	5.379e-01	4.416e-01	6.461e-01	3.423e-01	1.983e-01	4.394e-01	1.984e-01	1.854e-01	2.615e-01	2.489e-01	2.085e-01	3.162e-01	3.122e-01	1.933e-01	4.926e-01
2.140e+04	5.379e-01	4.416e-01	6.461e-01	3.423e-01	1.983e-01	4.394e-01	1.984e-01	1.854e-01	2.615e-01	2.489e-01	2.085e-01	3.162e-01	3.122e-01	1.933e-01	4.926e-01
2.150e+04	5.379e-01	4.416e-01	6.461e-01	3.423e-01	1.983e-01	4.394e-01	1.984e-01	1.854e-01	2.615e-01	2.489e-01	2.085e-01	3.162e-01	3.122e-01	1.933e-01	4.926e-01
2.160e+04	5.379e-01	4.416e-01	6.461e-01	3.423e-01	1.983e-01	4.394e-01	1.984e-01	1.854e-01	2.615e-01	2.489e-01	2.085e-01	3.162e-01	3.122e-01	1.933e-01	4.926e-01
2.170e+04	5.379e-01	4.416e-01	6.461e-01	3.423e-01	1.983e-01	4.394e-01	1.984e-01	1.854e-01	2.615e-01	2.489e-01	2.085e-01	3.162e-01	3.122e-01	1.933e-01	4.926e-01
2.180e+04	5.379e-01	4.416e-01	6.461e-01	3.423e-01	1.983e-01	4.394e-01	1.984e-01	1.854e-01	2.615e-01	2.489e-01	2.085e-01	3.162e-01	3.122e-01	1.933e-01	4.926e-01
2.190e+04	5.379e-01	4.416e-01	6.461e-01	3.423e-01	1.983e-01	4.394e-01	1.984e-01	1.854e-01	2.615e-01	2.489e-01	2.085e-01	3.162e-01	3.122e-01	1.933e-01	4.926e-01
2.200e+04	5.379e-01	4.416e-01	6.461e-01	3.423e-01	1.983e-01	4.394e-01	1.984e-01	1.854e-01	2.615e-01	2.489e-01	2.085e-01	3.162e-01	3.122e-01	1.933e-01	4.926e-01
2.210e+04	5.379e-01	4.416e-01	6.461e-01	3.423e-01	1.983e-01	4.394e-01	1.984e-01	1.854e-01	2.615e-01	2.489e-01	2.085e-01	3.162e-01	3.122e-01	1.933e-01	4.926e-01
2.220e+04	5.379e-01	4.416e-01	6.461e-01	3.423e-01	1.983e-01	4.394e-01	1.984e-01	1.854e-01	2.615e-01	2.489e-01	2.085e-01	3.162e-01	3.122e-01	1.868e-01	4.926e-01
2.230e+04	5.379e-01	4.416e-01	6.461e-01	3.423e-01	1.983e-01	4.394e-01	1.984e-01	1.854e-01	2.615e-01	2.489e-01	2.085e-01	3.162e-01	3.056e-01	1.831e-01	4.926e-01
2.240e+04	5.379e-01	4.416e-01	6.461e-01	3.423e-01	1.983e-01	4.394e-01	1.984e-01	1.854e-01	2.615e-01	2.489e-01	2.085e-01	3.162e-01	3.056e-01	1.831e-01	4.926e-01
2.250e+04	5.379e-01	4.416e-01	6.461e-01	3.423e-01	1.983e-01	4.394e-01	1.984e-01	1.854e-01	2.615e-01	2.489e-01	2.085e-01	3.162e-01	3.194e-01	1.868e-01	4.926e-01
2.260e+04	5.379e-01	4.416e-01	6.461e-01	3.423e-01	1.983e-01	4.394e-01	1.984e-01	1.854e-01	2.615e-01	2.489e-01	2.085e-01	3.162e-01	3.194e-01	1.868e-01	4.926e-01
2.270e+04	5.379e-01	4.416e-01	6.461e-01	3.423e-01	1.983e-01	4.394e-01	1.984e-01	1.854e-01	2.615e-01	2.489e-01	2.085e-01	3.162e-01	3.194e-01	1.868e-01	4.926e-01
2.280e+04	5.379e-01	4.416e-01	6.461e-01	3.423e-01	1.983e-01	4.394e-01	1.984e-01	1.854e-01	2.615e-01	2.489e-01	2.085e-01	3.162e-01	3.194e-01	1.868e-01	4.926e-01
2.290e+04	5.379e-01	4.416e-01	6.461e-01	3.994e-01	1.983e-01	4.394e-01	1.984e-01	1.854e-01	2.615e-01	2.489e-01	2.085e-01	3.162e-01	3.194e-01	1.868e-01	4.926e-01
2.300e+04	5.379e-01	4.416e-01	6.461e-01	4.061e-01	2.249e-01	4.397e-01	1.984e-01	1.854e-01	2.615e-01	2.489e-01	2.085e-01	3.162e-01	3.194e-01	1.831e-01	4.926e-01
2.310e+04	5.379e-01	4.416e-01	6.461e-01	4.061e-01	2.249e-01	4.397e-01	1.984e-01	1.854e-01	2.615e-01	2.489e-01	2.085e-01	3.162e-01	3.194e-01	1.831e-01	4.926e-01
2.320e+04	5.379e-01	4.416e-01	6.461e-01	4.061e-01	2.249e-01	4.397e-01	1.984e-01	1.854e-01	2.615e-01	2.489e-01	2.085e-01	3.162e-01	3.194e-01	1.831e-01	4.926e-01
2.330e+04	5.379e-01	4.416e-01	6.461e-01	4.061e-01	2.249e-01	4.397e-01	1.984e-01	1.854e-01	2.615e-01	2.489e-01	2.085e-01	3.162e-01	3.194e-01	1.831e-01	4.926e-01
2.340e+04	5.379e-01	4.416e-01	6.461e-01	4.061e-01	2.249e-01	4.397e-01	1.984e-01	1.854e-01	2.615e-01	2.413e-01	2.085e-01	3.011e-01	3.194e-01	1.831e-01	4.926e-01
2.350e+04	5.379e-01	4.416e-01	6.461e-01	4.061e-01	2.249e-01	4.397e-01	1.984e-01	1.854e-01	2.615e-01	2.413e-01	2.085e-01	3.011e-01	3.194e-01	1.831e-01	4.926e-01
2.360e+04	5.379e-01	4.416e-01	6.461e-01	4.061e-01	2.249e-01	4.397e-01	1.984e-01	1.854e-01	2.615e-01	2.413e-01	2.085e-01	3.011e-01	3.194e-01	1.831e-01	4.926e-01
2.370e+04	5.379e-01	4.416e-01	6.461e-01	4.061e-01	2.249e-01	4.397e-01	1.984e-01	1.854e-01	2.615e-01	2.413e-01	2.085e-01	3.011e-01	3.194e-01	1.868e-01	4.926e-01
2.380e+04	5.379e-01	4.416e-01	6.461e-01	4.061e-01	2.249e-01	4.397e-01	1.984e-01	1.854e-01	2.615e-01	2.413e-01	2.085e-01	3.011e-01	3.194e-01	1.868e-01	4.926e-01
2.390e+04	5.379e-01	4.416e-01	6.461e-01	4.061e-01	2.249e-01	4.397e-01	1.984e-01	1.854e-01	2.615e-01	2.413e-01	2.085e-01	3.011e-01	3.194e-01	1.868e-01	4.926e-01
2.400e+04	5.379e-01	4.416e-01	6.461e-01	4.061e-01	2.249e-01	4.397e-01	1.984e-01	1.854e-01	2.615e-01	2.413e-01	2.085e-01	3.011e-01	3.194e-01	1.868e-01	4.926e-01
2.410e+04	5.379e-01	4.416e-01	6.461e-01	4.061e-01	2.249e-01	4.397e-01	1.984e-01	1.854e-01	2.615e-01	2.413e-01	2.085e-01	3.011e-01	3.194e-01	1.868e-01	4.926e-01
2.420e+04	5.379e-01	4.416e-01	6.461e-01	4.061e-01	2.249e-01	4.397e-01	1.984e-01	1.854e-01	2.615e-01	2.413e-01	2.089e-01	3.011e-01	2.618e-01	1.925e-01	4.926e-01
2.430e+04	5.379e-01	4.416e-01	6.461e-01	4.061e-01	2.249e-01	4.397e-01	1.984e-01	1.854e-01	2.615e-01	2.413e-01	2.089e-01	3.011e-01	2.618e-01	1.925e-01	4.926e-01
2.440e+04	5.379e-01	4.416e-01	6.461e-01	4.061e-01	2.249e-01	4.397e-01	1.984e-01	1.854e-01	2.615e-01	2.413e-01	2.089e-01	3.011e-01	2.618e-01	1.925e-01	4.926e-01
2.450e+04	5.379e-01	4.416e-01	6.461e-01	4.061e-01	2.249e-01	4.397e-01	1.984e-01	1.854e-01	2.615e-01	2.413e-01	2.089e-01	3.011e-01	2.618e-01	1.925e-01	4.926e-01
2.460e+04	5.379e-01	4.416e-01	6.461e-01	4.061e-01	2.249e-01	4.397e-01	1.984e-01	1.854e-01	2.615e-01	2.413e-01	2.089e-01	3.011e-01	2.618e-01	1.925e-01	4.926e-01
2.470e+04	5.379e-01	4.416e-01	6.461e-01	4.061e-01	2.249e-01	4.397e-01	1.984e-01	1.854e-01	2.615e-01	2.413e-01	2.089e-01	3.011e-01	2.618e-01	1.925e-01	4.926e-01
2.480e+04	5.379e-01	4.416e-01	6.461e-01	4.061e-01	2.249e-01	4.397e-01	1.984e-01	1.854e-01	2.615e-01	2.413e-01	2.089e-01	3.011e-01	2.618e-01	1.925e-01	4.926e-01
2.490e+04	5.379e-01	4.416e-01	6.461e-01	4.061e-01	2.249e-01	4.397e-01	1.984e-01	1.854e-01	2.615e-01	2.413e-01	2.089e-01	3.011e-01	2.618e-01	1.925e-01	4.926e-01
2.500e+04	5.379e-01	4.416e-01	6.461e-01	4.061e-01	1.983e-01	4.397e-01	1.984e-01	1.854e-01	2.615e-01	2.413e-01	2.089e-01	3.011e-01	2.618e-01	1.925e-01	4.926e-01
