n.evals.q.1.0.	nav.lives._.me.hebbian.neuron.best.quality.increase	nav.lives._.me.hebbian.neuron.best.quality.increase.min	nav.lives._.me.hebbian.neuron.best.quality.increase.max	nav.lives._.me.freeForm.best.quality.increase	nav.lives._.me.freeForm.best.quality.increase.min	nav.lives._.me.freeForm.best.quality.increase.max
1.000e+02	1.084e-01	2.838e-02	1.714e-01	3.549e-05	3.450e-05	9.747e-05
2.000e+02	3.392e-01	1.882e-01	3.721e-01	2.283e-03	1.816e-03	2.584e-03
3.000e+02	5.058e-01	1.894e-01	5.059e-01	2.968e-03	2.584e-03	3.789e-03
4.000e+02	5.058e-01	3.227e-01	5.061e-01	9.531e-02	6.216e-03	1.368e-01
5.000e+02	5.058e-01	4.045e-01	5.061e-01	1.697e-01	6.216e-03	3.639e-01
6.000e+02	7.549e-01	5.058e-01	8.647e-01	1.697e-01	6.216e-03	3.639e-01
7.000e+02	7.549e-01	5.058e-01	8.647e-01	1.697e-01	6.216e-03	3.639e-01
8.000e+02	7.549e-01	5.058e-01	8.647e-01	3.639e-01	6.216e-03	4.999e-01
9.000e+02	7.549e-01	5.058e-01	8.647e-01	3.639e-01	1.211e-02	4.999e-01
1.000e+03	7.549e-01	5.058e-01	8.647e-01	3.639e-01	1.562e-01	4.999e-01
1.100e+03	7.549e-01	5.325e-01	8.647e-01	3.639e-01	1.562e-01	4.999e-01
1.200e+03	7.549e-01	5.325e-01	8.647e-01	4.999e-01	4.704e-01	5.035e-01
1.300e+03	7.549e-01	5.325e-01	8.647e-01	4.999e-01	4.704e-01	5.035e-01
1.400e+03	7.549e-01	5.325e-01	8.647e-01	4.999e-01	4.704e-01	5.041e-01
1.500e+03	7.549e-01	6.889e-01	8.647e-01	5.041e-01	5.022e-01	6.468e-01
1.600e+03	7.549e-01	6.889e-01	8.647e-01	5.041e-01	5.022e-01	6.468e-01
1.700e+03	7.549e-01	6.889e-01	8.647e-01	7.396e-01	5.041e-01	8.234e-01
1.800e+03	7.549e-01	6.889e-01	8.647e-01	7.396e-01	5.041e-01	8.234e-01
1.900e+03	7.549e-01	6.889e-01	8.647e-01	7.396e-01	5.041e-01	8.234e-01
2.000e+03	7.549e-01	6.889e-01	8.647e-01	7.396e-01	5.041e-01	8.234e-01
2.100e+03	7.549e-01	6.889e-01	8.647e-01	7.396e-01	5.041e-01	8.234e-01
2.200e+03	7.549e-01	6.889e-01	8.647e-01	7.396e-01	5.041e-01	8.234e-01
2.300e+03	7.549e-01	6.889e-01	8.647e-01	7.396e-01	5.041e-01	8.234e-01
2.400e+03	8.647e-01	7.549e-01	1.006e+00	7.396e-01	5.041e-01	8.234e-01
2.500e+03	8.647e-01	7.549e-01	1.006e+00	7.396e-01	5.041e-01	8.234e-01
2.600e+03	8.647e-01	7.549e-01	1.006e+00	7.396e-01	5.041e-01	8.234e-01
2.700e+03	8.647e-01	7.549e-01	1.006e+00	7.396e-01	5.041e-01	8.234e-01
2.800e+03	8.647e-01	7.549e-01	1.006e+00	7.396e-01	5.041e-01	8.234e-01
2.900e+03	8.647e-01	7.549e-01	1.006e+00	7.396e-01	5.041e-01	8.234e-01
3.000e+03	8.647e-01	7.549e-01	1.006e+00	7.396e-01	5.041e-01	8.234e-01
3.100e+03	1.006e+00	7.549e-01	1.006e+00	7.396e-01	5.041e-01	8.234e-01
3.200e+03	1.006e+00	7.549e-01	1.006e+00	7.396e-01	5.041e-01	8.234e-01
3.300e+03	1.006e+00	7.549e-01	1.006e+00	8.234e-01	5.041e-01	8.900e-01
3.400e+03	1.006e+00	1.006e+00	1.006e+00	8.234e-01	5.041e-01	8.900e-01
3.500e+03	1.006e+00	1.006e+00	1.006e+00	8.234e-01	5.041e-01	8.900e-01
3.600e+03	1.006e+00	1.006e+00	1.006e+00	8.234e-01	5.041e-01	8.900e-01
3.700e+03	1.006e+00	1.006e+00	1.006e+00	8.234e-01	5.041e-01	8.900e-01
3.800e+03	1.006e+00	1.006e+00	1.006e+00	8.234e-01	5.041e-01	8.900e-01
3.900e+03	1.006e+00	1.006e+00	1.007e+00	8.234e-01	5.041e-01	8.900e-01
4.000e+03	1.006e+00	1.006e+00	1.007e+00	8.234e-01	5.041e-01	8.900e-01
4.100e+03	1.006e+00	1.006e+00	1.007e+00	8.234e-01	5.041e-01	8.900e-01
4.200e+03	1.006e+00	1.006e+00	1.007e+00	8.234e-01	5.041e-01	8.900e-01
4.300e+03	1.006e+00	1.006e+00	1.007e+00	8.234e-01	5.041e-01	8.900e-01
4.400e+03	1.006e+00	1.006e+00	1.007e+00	8.234e-01	5.041e-01	8.900e-01
4.500e+03	1.006e+00	1.006e+00	1.007e+00	8.234e-01	5.041e-01	8.900e-01
4.600e+03	1.006e+00	1.006e+00	1.007e+00	8.234e-01	5.041e-01	8.900e-01
4.700e+03	1.006e+00	1.006e+00	1.007e+00	8.467e-01	8.234e-01	8.900e-01
4.800e+03	1.006e+00	1.006e+00	1.007e+00	8.467e-01	8.234e-01	8.900e-01
4.900e+03	1.006e+00	1.006e+00	1.007e+00	8.467e-01	8.234e-01	8.900e-01
5.000e+03	1.006e+00	1.006e+00	1.007e+00	8.467e-01	8.234e-01	8.900e-01
5.100e+03	1.006e+00	1.006e+00	1.007e+00	8.467e-01	8.234e-01	8.900e-01
5.200e+03	1.006e+00	1.006e+00	1.007e+00	8.467e-01	8.234e-01	8.900e-01
5.300e+03	1.006e+00	1.006e+00	1.007e+00	8.467e-01	8.234e-01	8.900e-01
5.400e+03	1.007e+00	1.006e+00	1.007e+00	8.467e-01	8.234e-01	8.900e-01
5.500e+03	1.007e+00	1.006e+00	1.007e+00	8.467e-01	8.234e-01	8.900e-01
5.600e+03	1.007e+00	1.006e+00	1.007e+00	8.467e-01	8.234e-01	8.900e-01
5.700e+03	1.007e+00	1.006e+00	1.007e+00	8.467e-01	8.234e-01	8.900e-01
5.800e+03	1.007e+00	1.006e+00	1.007e+00	8.467e-01	8.234e-01	8.900e-01
5.900e+03	1.007e+00	1.007e+00	1.007e+00	8.467e-01	8.234e-01	8.900e-01
6.000e+03	1.007e+00	1.007e+00	1.007e+00	8.467e-01	8.234e-01	8.900e-01
6.100e+03	1.007e+00	1.007e+00	1.007e+00	8.467e-01	8.234e-01	8.900e-01
6.200e+03	1.007e+00	1.007e+00	1.007e+00	8.467e-01	8.234e-01	8.900e-01
6.300e+03	1.007e+00	1.007e+00	1.007e+00	8.467e-01	8.234e-01	8.900e-01
6.400e+03	1.007e+00	1.007e+00	1.007e+00	8.467e-01	8.234e-01	8.900e-01
6.500e+03	1.007e+00	1.007e+00	1.007e+00	8.467e-01	8.234e-01	8.900e-01
6.600e+03	1.007e+00	1.007e+00	1.007e+00	8.467e-01	8.234e-01	8.900e-01
6.700e+03	1.007e+00	1.007e+00	1.007e+00	8.467e-01	8.234e-01	8.900e-01
6.800e+03	1.007e+00	1.007e+00	1.007e+00	8.467e-01	8.234e-01	8.900e-01
6.900e+03	1.007e+00	1.007e+00	1.007e+00	8.467e-01	8.234e-01	8.900e-01
7.000e+03	1.007e+00	1.007e+00	1.007e+00	8.467e-01	8.234e-01	8.900e-01
7.100e+03	1.007e+00	1.007e+00	1.007e+00	8.467e-01	8.234e-01	8.900e-01
7.200e+03	1.007e+00	1.007e+00	1.007e+00	8.467e-01	8.234e-01	8.900e-01
7.300e+03	1.007e+00	1.007e+00	1.007e+00	8.467e-01	8.234e-01	8.900e-01
7.400e+03	1.007e+00	1.007e+00	1.007e+00	8.467e-01	8.234e-01	8.900e-01
7.500e+03	1.007e+00	1.007e+00	1.007e+00	8.467e-01	8.234e-01	8.900e-01
7.600e+03	1.007e+00	1.007e+00	1.007e+00	8.467e-01	8.234e-01	8.900e-01
7.700e+03	1.007e+00	1.007e+00	1.007e+00	8.467e-01	8.234e-01	8.900e-01
7.800e+03	1.007e+00	1.007e+00	1.007e+00	8.467e-01	8.234e-01	8.900e-01
7.900e+03	1.007e+00	1.007e+00	1.007e+00	8.467e-01	8.234e-01	8.900e-01
8.000e+03	1.007e+00	1.007e+00	1.007e+00	8.467e-01	8.234e-01	8.900e-01
8.100e+03	1.007e+00	1.007e+00	1.007e+00	8.467e-01	8.234e-01	8.900e-01
8.200e+03	1.007e+00	1.007e+00	1.007e+00	8.467e-01	8.234e-01	8.900e-01
8.300e+03	1.007e+00	1.007e+00	1.007e+00	8.467e-01	8.234e-01	8.900e-01
8.400e+03	1.007e+00	1.007e+00	1.007e+00	8.467e-01	8.234e-01	8.900e-01
8.500e+03	1.007e+00	1.007e+00	1.007e+00	8.467e-01	8.234e-01	8.900e-01
8.600e+03	1.007e+00	1.007e+00	1.007e+00	8.467e-01	8.234e-01	8.900e-01
8.700e+03	1.007e+00	1.007e+00	1.007e+00	8.467e-01	8.234e-01	8.900e-01
8.800e+03	1.007e+00	1.007e+00	1.007e+00	8.467e-01	8.234e-01	8.900e-01
8.900e+03	1.007e+00	1.007e+00	1.007e+00	8.467e-01	8.234e-01	8.900e-01
9.000e+03	1.007e+00	1.007e+00	1.007e+00	8.467e-01	8.234e-01	8.900e-01
9.100e+03	1.007e+00	1.007e+00	1.007e+00	8.467e-01	8.234e-01	8.900e-01
9.200e+03	1.007e+00	1.007e+00	1.007e+00	8.467e-01	8.234e-01	8.900e-01
9.300e+03	1.007e+00	1.007e+00	1.007e+00	8.467e-01	8.234e-01	8.900e-01
9.400e+03	1.007e+00	1.007e+00	1.007e+00	8.467e-01	8.234e-01	8.900e-01
9.500e+03	1.007e+00	1.007e+00	1.007e+00	8.467e-01	8.234e-01	8.900e-01
9.600e+03	1.007e+00	1.007e+00	1.007e+00	8.467e-01	8.234e-01	8.900e-01
9.700e+03	1.007e+00	1.007e+00	1.007e+00	8.467e-01	8.234e-01	8.900e-01
9.800e+03	1.007e+00	1.007e+00	1.007e+00	8.467e-01	8.234e-01	8.900e-01
9.900e+03	1.007e+00	1.007e+00	1.007e+00	8.467e-01	8.234e-01	8.900e-01
1.000e+04	1.007e+00	1.007e+00	1.007e+00	8.467e-01	8.234e-01	8.900e-01
1.010e+04	1.007e+00	1.007e+00	1.007e+00	8.467e-01	8.234e-01	8.900e-01
1.020e+04	1.007e+00	1.007e+00	1.007e+00	8.467e-01	8.234e-01	8.900e-01
1.030e+04	1.007e+00	1.007e+00	1.007e+00	8.467e-01	8.234e-01	8.900e-01
1.040e+04	1.007e+00	1.007e+00	1.007e+00	8.467e-01	8.234e-01	8.900e-01
1.050e+04	1.007e+00	1.007e+00	1.007e+00	8.467e-01	8.234e-01	8.900e-01
1.060e+04	1.007e+00	1.007e+00	1.007e+00	8.467e-01	8.234e-01	8.900e-01
1.070e+04	1.007e+00	1.007e+00	1.007e+00	8.467e-01	8.234e-01	8.900e-01
1.080e+04	1.007e+00	1.007e+00	1.007e+00	8.467e-01	8.234e-01	8.900e-01
1.090e+04	1.007e+00	1.007e+00	1.007e+00	8.467e-01	8.234e-01	8.900e-01
1.100e+04	1.007e+00	1.007e+00	1.007e+00	8.467e-01	8.234e-01	8.900e-01
1.110e+04	1.007e+00	1.006e+00	1.007e+00	8.467e-01	8.234e-01	8.900e-01
1.120e+04	1.007e+00	1.006e+00	1.007e+00	8.467e-01	8.234e-01	8.900e-01
1.130e+04	1.007e+00	1.006e+00	1.007e+00	8.467e-01	8.234e-01	8.900e-01
1.140e+04	1.007e+00	1.006e+00	1.007e+00	8.467e-01	8.234e-01	8.900e-01
1.150e+04	1.007e+00	1.006e+00	1.007e+00	8.467e-01	8.234e-01	8.900e-01
1.160e+04	1.007e+00	1.006e+00	1.007e+00	8.467e-01	8.234e-01	8.900e-01
1.170e+04	1.007e+00	1.006e+00	1.007e+00	8.467e-01	8.234e-01	8.900e-01
1.180e+04	1.007e+00	1.006e+00	1.007e+00	8.467e-01	8.234e-01	8.900e-01
1.190e+04	1.007e+00	1.006e+00	1.007e+00	8.467e-01	8.234e-01	8.900e-01
1.200e+04	1.007e+00	1.006e+00	1.007e+00	8.467e-01	8.234e-01	8.900e-01
1.210e+04	1.007e+00	1.006e+00	1.007e+00	8.467e-01	8.234e-01	8.900e-01
1.220e+04	1.007e+00	1.006e+00	1.007e+00	8.467e-01	8.234e-01	8.900e-01
1.230e+04	1.007e+00	1.006e+00	1.007e+00	8.467e-01	8.234e-01	8.900e-01
1.240e+04	1.007e+00	1.006e+00	1.007e+00	8.467e-01	8.234e-01	8.900e-01
1.250e+04	1.007e+00	1.006e+00	1.007e+00	8.467e-01	8.234e-01	8.900e-01
1.260e+04	1.007e+00	1.006e+00	1.007e+00	8.467e-01	8.234e-01	8.900e-01
1.270e+04	1.007e+00	1.006e+00	1.007e+00	8.467e-01	8.234e-01	8.900e-01
1.280e+04	1.007e+00	1.006e+00	1.007e+00	8.467e-01	8.234e-01	1.007e+00
1.290e+04	1.007e+00	1.006e+00	1.007e+00	8.467e-01	8.234e-01	1.007e+00
1.300e+04	1.007e+00	1.006e+00	1.007e+00	8.467e-01	8.234e-01	1.007e+00
1.310e+04	1.007e+00	1.006e+00	1.007e+00	8.467e-01	8.234e-01	1.007e+00
1.320e+04	1.007e+00	1.006e+00	1.007e+00	1.006e+00	8.234e-01	1.007e+00
1.330e+04	1.007e+00	1.006e+00	1.007e+00	1.005e+00	8.234e-01	1.006e+00
1.340e+04	1.007e+00	1.006e+00	1.007e+00	1.005e+00	8.234e-01	1.006e+00
1.350e+04	1.007e+00	1.006e+00	1.007e+00	1.005e+00	8.234e-01	1.006e+00
1.360e+04	1.007e+00	1.006e+00	1.007e+00	1.005e+00	8.234e-01	1.006e+00
1.370e+04	1.007e+00	1.006e+00	1.007e+00	1.005e+00	8.234e-01	1.006e+00
1.380e+04	1.007e+00	1.006e+00	1.007e+00	1.005e+00	8.234e-01	1.006e+00
1.390e+04	1.007e+00	1.006e+00	1.007e+00	1.005e+00	8.234e-01	1.006e+00
1.400e+04	1.007e+00	1.006e+00	1.007e+00	1.005e+00	8.234e-01	1.006e+00
1.410e+04	1.007e+00	1.006e+00	1.007e+00	1.005e+00	8.234e-01	1.006e+00
1.420e+04	1.007e+00	1.006e+00	1.007e+00	1.005e+00	8.234e-01	1.006e+00
1.430e+04	1.007e+00	1.006e+00	1.007e+00	1.005e+00	8.234e-01	1.006e+00
1.440e+04	1.007e+00	1.006e+00	1.007e+00	1.005e+00	8.234e-01	1.006e+00
1.450e+04	1.007e+00	1.006e+00	1.007e+00	1.005e+00	8.234e-01	1.006e+00
1.460e+04	1.007e+00	1.006e+00	1.007e+00	1.005e+00	8.234e-01	1.006e+00
1.470e+04	1.007e+00	1.006e+00	1.007e+00	1.005e+00	8.234e-01	1.006e+00
1.480e+04	1.007e+00	1.006e+00	1.007e+00	1.005e+00	8.234e-01	1.006e+00
1.490e+04	1.007e+00	1.006e+00	1.007e+00	1.005e+00	8.234e-01	1.006e+00
1.500e+04	1.007e+00	1.006e+00	1.007e+00	1.005e+00	8.234e-01	1.006e+00
1.510e+04	1.007e+00	1.006e+00	1.007e+00	1.005e+00	8.234e-01	1.006e+00
1.520e+04	1.007e+00	1.006e+00	1.007e+00	1.005e+00	8.234e-01	1.006e+00
1.530e+04	1.007e+00	1.006e+00	1.007e+00	1.005e+00	8.234e-01	1.006e+00
1.540e+04	1.007e+00	1.006e+00	1.007e+00	1.005e+00	8.234e-01	1.006e+00
1.550e+04	1.007e+00	1.006e+00	1.007e+00	1.005e+00	8.234e-01	1.006e+00
1.560e+04	1.007e+00	1.006e+00	1.007e+00	1.005e+00	8.234e-01	1.006e+00
1.570e+04	1.007e+00	1.006e+00	1.007e+00	1.005e+00	8.234e-01	1.006e+00
1.580e+04	1.007e+00	1.006e+00	1.007e+00	1.005e+00	8.234e-01	1.006e+00
1.590e+04	1.007e+00	1.006e+00	1.007e+00	1.005e+00	8.234e-01	1.006e+00
1.600e+04	1.007e+00	1.006e+00	1.007e+00	1.005e+00	8.234e-01	1.006e+00
1.610e+04	1.007e+00	1.006e+00	1.007e+00	1.005e+00	8.234e-01	1.006e+00
1.620e+04	1.007e+00	1.006e+00	1.007e+00	1.005e+00	8.234e-01	1.006e+00
1.630e+04	1.007e+00	1.006e+00	1.007e+00	1.005e+00	8.234e-01	1.006e+00
1.640e+04	1.007e+00	1.006e+00	1.007e+00	1.005e+00	8.234e-01	1.006e+00
1.650e+04	1.007e+00	1.006e+00	1.007e+00	1.005e+00	8.234e-01	1.006e+00
1.660e+04	1.007e+00	1.006e+00	1.007e+00	1.005e+00	8.234e-01	1.006e+00
1.670e+04	1.007e+00	1.006e+00	1.007e+00	1.005e+00	8.234e-01	1.006e+00
1.680e+04	1.007e+00	1.006e+00	1.007e+00	1.005e+00	8.234e-01	1.006e+00
1.690e+04	1.007e+00	1.006e+00	1.007e+00	1.005e+00	8.234e-01	1.006e+00
1.700e+04	1.007e+00	1.006e+00	1.007e+00	1.005e+00	8.234e-01	1.006e+00
1.710e+04	1.007e+00	1.006e+00	1.007e+00	1.006e+00	1.005e+00	1.006e+00
1.720e+04	1.007e+00	1.006e+00	1.007e+00	1.006e+00	1.005e+00	1.006e+00
1.730e+04	1.007e+00	1.006e+00	1.007e+00	1.006e+00	1.005e+00	1.006e+00
1.740e+04	1.007e+00	1.006e+00	1.007e+00	1.006e+00	1.005e+00	1.006e+00
1.750e+04	1.007e+00	1.006e+00	1.007e+00	1.006e+00	1.005e+00	1.006e+00
1.760e+04	1.007e+00	1.006e+00	1.007e+00	1.006e+00	1.005e+00	1.006e+00
1.770e+04	1.007e+00	1.006e+00	1.007e+00	1.006e+00	1.005e+00	1.006e+00
1.780e+04	1.007e+00	1.006e+00	1.007e+00	1.006e+00	1.005e+00	1.006e+00
1.790e+04	1.007e+00	1.006e+00	1.007e+00	1.006e+00	1.005e+00	1.006e+00
1.800e+04	1.007e+00	1.006e+00	1.007e+00	1.006e+00	1.005e+00	1.006e+00
1.810e+04	1.007e+00	1.006e+00	1.007e+00	1.006e+00	1.005e+00	1.006e+00
1.820e+04	1.007e+00	1.006e+00	1.007e+00	1.006e+00	1.005e+00	1.006e+00
1.830e+04	1.007e+00	1.006e+00	1.007e+00	1.006e+00	1.005e+00	1.006e+00
1.840e+04	1.007e+00	1.006e+00	1.007e+00	1.006e+00	1.005e+00	1.006e+00
1.850e+04	1.007e+00	1.006e+00	1.007e+00	1.006e+00	1.005e+00	1.006e+00
1.860e+04	1.007e+00	1.006e+00	1.007e+00	1.006e+00	1.005e+00	1.006e+00
1.870e+04	1.007e+00	1.006e+00	1.007e+00	1.006e+00	1.005e+00	1.006e+00
1.880e+04	1.007e+00	1.006e+00	1.007e+00	1.006e+00	1.005e+00	1.006e+00
1.890e+04	1.007e+00	1.006e+00	1.007e+00	1.006e+00	1.005e+00	1.006e+00
1.900e+04	1.007e+00	1.006e+00	1.007e+00	1.006e+00	1.005e+00	1.006e+00
1.910e+04	1.007e+00	1.006e+00	1.007e+00	1.006e+00	1.005e+00	1.006e+00
1.920e+04	1.007e+00	1.006e+00	1.007e+00	1.006e+00	1.005e+00	1.006e+00
1.930e+04	1.007e+00	1.006e+00	1.007e+00	1.006e+00	1.005e+00	1.006e+00
1.940e+04	1.007e+00	1.006e+00	1.007e+00	1.006e+00	1.005e+00	1.006e+00
1.950e+04	1.007e+00	1.006e+00	1.007e+00	1.006e+00	1.005e+00	1.006e+00
1.960e+04	1.007e+00	1.006e+00	1.007e+00	1.006e+00	1.005e+00	1.006e+00
1.970e+04	1.007e+00	1.006e+00	1.007e+00	1.006e+00	1.005e+00	1.006e+00
1.980e+04	1.007e+00	1.006e+00	1.007e+00	1.006e+00	1.005e+00	1.006e+00
1.990e+04	1.007e+00	1.006e+00	1.007e+00	1.006e+00	1.005e+00	1.006e+00
2.000e+04	1.007e+00	1.006e+00	1.007e+00	1.006e+00	1.005e+00	1.006e+00
2.010e+04	1.007e+00	1.006e+00	1.007e+00	1.006e+00	1.005e+00	1.006e+00
2.020e+04	1.007e+00	1.006e+00	1.007e+00	1.006e+00	1.005e+00	1.006e+00
2.030e+04	1.007e+00	1.006e+00	1.007e+00	1.006e+00	1.005e+00	1.006e+00
2.040e+04	1.007e+00	1.006e+00	1.007e+00	1.006e+00	1.005e+00	1.006e+00
2.050e+04	1.007e+00	1.006e+00	1.007e+00	1.006e+00	1.005e+00	1.006e+00
2.060e+04	1.007e+00	1.006e+00	1.007e+00	1.006e+00	1.005e+00	1.006e+00
2.070e+04	1.007e+00	1.006e+00	1.007e+00	1.006e+00	1.005e+00	1.006e+00
2.080e+04	1.007e+00	1.006e+00	1.007e+00	1.006e+00	1.005e+00	1.006e+00
2.090e+04	1.007e+00	1.006e+00	1.007e+00	1.006e+00	1.005e+00	1.006e+00
2.100e+04	1.007e+00	1.006e+00	1.007e+00	1.006e+00	1.005e+00	1.006e+00
2.110e+04	1.007e+00	1.006e+00	1.007e+00	1.006e+00	1.005e+00	1.006e+00
2.120e+04	1.007e+00	1.006e+00	1.007e+00	1.006e+00	1.005e+00	1.006e+00
2.130e+04	1.007e+00	1.006e+00	1.007e+00	1.006e+00	1.005e+00	1.006e+00
2.140e+04	1.007e+00	1.006e+00	1.007e+00	1.006e+00	1.005e+00	1.006e+00
2.150e+04	1.007e+00	1.006e+00	1.007e+00	1.006e+00	1.005e+00	1.006e+00
2.160e+04	1.007e+00	1.006e+00	1.007e+00	1.006e+00	1.005e+00	1.006e+00
2.170e+04	1.007e+00	1.006e+00	1.007e+00	1.006e+00	1.005e+00	1.006e+00
2.180e+04	1.007e+00	1.006e+00	1.007e+00	1.006e+00	1.005e+00	1.006e+00
2.190e+04	1.007e+00	1.006e+00	1.007e+00	1.006e+00	1.005e+00	1.006e+00
2.200e+04	1.007e+00	1.006e+00	1.007e+00	1.006e+00	1.005e+00	1.006e+00
2.210e+04	1.007e+00	1.006e+00	1.007e+00	1.006e+00	1.005e+00	1.006e+00
2.220e+04	1.007e+00	1.006e+00	1.007e+00	1.006e+00	1.005e+00	1.006e+00
2.230e+04	1.007e+00	1.006e+00	1.007e+00	1.006e+00	1.005e+00	1.006e+00
2.240e+04	1.007e+00	1.006e+00	1.007e+00	1.006e+00	1.005e+00	1.006e+00
2.250e+04	1.007e+00	1.006e+00	1.007e+00	1.006e+00	1.005e+00	1.006e+00
2.260e+04	1.007e+00	1.006e+00	1.007e+00	1.006e+00	1.005e+00	1.006e+00
2.270e+04	1.007e+00	1.006e+00	1.007e+00	1.006e+00	1.005e+00	1.006e+00
2.280e+04	1.007e+00	1.006e+00	1.007e+00	1.006e+00	1.005e+00	1.006e+00
2.290e+04	1.007e+00	1.006e+00	1.007e+00	1.006e+00	1.005e+00	1.006e+00
2.300e+04	1.007e+00	1.006e+00	1.007e+00	1.006e+00	1.005e+00	1.006e+00
2.310e+04	1.007e+00	1.006e+00	1.007e+00	1.006e+00	1.005e+00	1.006e+00
2.320e+04	1.007e+00	1.006e+00	1.007e+00	1.006e+00	1.005e+00	1.006e+00
2.330e+04	1.007e+00	1.006e+00	1.007e+00	1.006e+00	1.005e+00	1.006e+00
2.340e+04	1.007e+00	1.006e+00	1.007e+00	1.006e+00	1.005e+00	1.006e+00
2.350e+04	1.007e+00	1.006e+00	1.007e+00	1.006e+00	1.005e+00	1.006e+00
2.360e+04	1.007e+00	1.006e+00	1.007e+00	1.006e+00	1.005e+00	1.006e+00
2.370e+04	1.007e+00	1.006e+00	1.007e+00	1.006e+00	1.005e+00	1.006e+00
2.380e+04	1.007e+00	1.006e+00	1.007e+00	1.006e+00	1.005e+00	1.006e+00
2.390e+04	1.007e+00	1.006e+00	1.007e+00	1.006e+00	1.005e+00	1.006e+00
2.400e+04	1.007e+00	1.006e+00	1.007e+00	1.006e+00	1.005e+00	1.006e+00
2.410e+04	1.007e+00	1.006e+00	1.007e+00	1.006e+00	1.005e+00	1.006e+00
2.420e+04	1.007e+00	1.006e+00	1.007e+00	1.006e+00	1.005e+00	1.006e+00
2.430e+04	1.007e+00	1.006e+00	1.007e+00	1.006e+00	1.005e+00	1.006e+00
2.440e+04	1.007e+00	1.006e+00	1.007e+00	1.006e+00	1.005e+00	1.006e+00
2.450e+04	1.007e+00	1.006e+00	1.007e+00	1.006e+00	1.005e+00	1.006e+00
2.460e+04	1.007e+00	1.006e+00	1.007e+00	1.006e+00	1.005e+00	1.006e+00
2.470e+04	1.007e+00	1.006e+00	1.007e+00	1.006e+00	1.005e+00	1.006e+00
2.480e+04	1.007e+00	1.006e+00	1.007e+00	1.006e+00	1.005e+00	1.006e+00
2.490e+04	1.007e+00	1.006e+00	1.007e+00	1.006e+00	1.005e+00	1.006e+00
2.500e+04	1.007e+00	1.006e+00	1.007e+00	1.006e+00	1.005e+00	1.006e+00
2.510e+04	1.007e+00	1.006e+00	1.007e+00	1.006e+00	1.005e+00	1.006e+00
2.520e+04	1.007e+00	1.006e+00	1.007e+00	1.006e+00	1.005e+00	1.006e+00
2.530e+04	1.007e+00	1.006e+00	1.007e+00	1.006e+00	1.005e+00	1.006e+00
2.540e+04	1.007e+00	1.006e+00	1.007e+00	1.006e+00	1.005e+00	1.006e+00
2.550e+04	1.007e+00	1.006e+00	1.007e+00	1.006e+00	1.005e+00	1.006e+00
2.560e+04	1.007e+00	1.006e+00	1.007e+00	1.006e+00	1.005e+00	1.006e+00
2.570e+04	1.007e+00	1.006e+00	1.007e+00	1.006e+00	1.005e+00	1.006e+00
2.580e+04	1.007e+00	1.006e+00	1.007e+00	1.006e+00	1.005e+00	1.006e+00
2.590e+04	1.007e+00	1.006e+00	1.007e+00	1.006e+00	1.005e+00	1.006e+00
2.600e+04	1.007e+00	1.007e+00	1.007e+00	1.006e+00	1.005e+00	1.006e+00
2.610e+04	1.007e+00	1.007e+00	1.007e+00	1.006e+00	1.005e+00	1.006e+00
2.620e+04	1.007e+00	1.007e+00	1.007e+00	1.006e+00	1.005e+00	1.006e+00
2.630e+04	1.007e+00	1.007e+00	1.007e+00	1.006e+00	1.005e+00	1.006e+00
2.640e+04	1.007e+00	1.007e+00	1.007e+00	1.006e+00	1.005e+00	1.006e+00
2.650e+04	1.007e+00	1.007e+00	1.007e+00	1.006e+00	1.005e+00	1.006e+00
2.660e+04	1.007e+00	1.007e+00	1.007e+00	1.006e+00	1.005e+00	1.006e+00
2.670e+04	1.007e+00	1.007e+00	1.007e+00	1.006e+00	1.005e+00	1.006e+00
2.680e+04	1.007e+00	1.007e+00	1.007e+00	1.006e+00	1.005e+00	1.006e+00
2.690e+04	1.007e+00	1.007e+00	1.007e+00	1.006e+00	1.005e+00	1.006e+00
2.700e+04	1.007e+00	1.007e+00	1.007e+00	1.006e+00	1.005e+00	1.006e+00
2.710e+04	1.007e+00	1.007e+00	1.007e+00	1.006e+00	1.005e+00	1.006e+00
2.720e+04	1.007e+00	1.007e+00	1.007e+00	1.006e+00	1.005e+00	1.006e+00
2.730e+04	1.007e+00	1.007e+00	1.007e+00	1.006e+00	1.005e+00	1.006e+00
2.740e+04	1.007e+00	1.007e+00	1.007e+00	1.006e+00	1.005e+00	1.006e+00
2.750e+04	1.007e+00	1.007e+00	1.007e+00	1.006e+00	1.005e+00	1.006e+00
2.760e+04	1.007e+00	1.007e+00	1.007e+00	1.006e+00	1.005e+00	1.006e+00
2.770e+04	1.007e+00	1.007e+00	1.007e+00	1.006e+00	1.005e+00	1.006e+00
2.780e+04	1.007e+00	1.007e+00	1.007e+00	1.006e+00	1.005e+00	1.006e+00
2.790e+04	1.007e+00	1.007e+00	1.007e+00	1.006e+00	1.005e+00	1.006e+00
2.800e+04	1.007e+00	1.007e+00	1.007e+00	1.006e+00	1.005e+00	1.006e+00
2.810e+04	1.007e+00	1.007e+00	1.007e+00	1.006e+00	1.005e+00	1.006e+00
2.820e+04	1.007e+00	1.007e+00	1.007e+00	1.006e+00	1.005e+00	1.006e+00
2.830e+04	1.007e+00	1.007e+00	1.007e+00	1.006e+00	1.005e+00	1.006e+00
2.840e+04	1.007e+00	1.007e+00	1.007e+00	1.006e+00	1.005e+00	1.006e+00
2.850e+04	1.007e+00	1.007e+00	1.007e+00	1.006e+00	1.005e+00	1.006e+00
2.860e+04	1.007e+00	1.007e+00	1.007e+00	1.006e+00	1.005e+00	1.006e+00
2.870e+04	1.007e+00	1.007e+00	1.007e+00	1.006e+00	1.005e+00	1.006e+00
2.880e+04	1.007e+00	1.007e+00	1.007e+00	1.006e+00	1.005e+00	1.006e+00
2.890e+04	1.007e+00	1.007e+00	1.007e+00	1.006e+00	1.006e+00	1.006e+00
2.900e+04	1.007e+00	1.007e+00	1.007e+00	1.006e+00	1.006e+00	1.006e+00
2.910e+04	1.007e+00	1.007e+00	1.007e+00	1.006e+00	1.006e+00	1.006e+00
2.920e+04	1.007e+00	1.007e+00	1.007e+00	1.006e+00	1.006e+00	1.006e+00
2.930e+04	1.007e+00	1.007e+00	1.007e+00	1.006e+00	1.006e+00	1.006e+00
2.940e+04	1.007e+00	1.007e+00	1.007e+00	1.006e+00	1.006e+00	1.006e+00
2.950e+04	1.007e+00	1.007e+00	1.007e+00	1.006e+00	1.006e+00	1.006e+00
2.960e+04	1.007e+00	1.007e+00	1.007e+00	1.006e+00	1.006e+00	1.006e+00
2.970e+04	1.007e+00	1.007e+00	1.007e+00	1.006e+00	1.006e+00	1.006e+00
2.980e+04	1.007e+00	1.007e+00	1.007e+00	1.006e+00	1.006e+00	1.006e+00
2.990e+04	1.007e+00	1.007e+00	1.007e+00	1.006e+00	1.006e+00	1.006e+00
3.000e+04	1.007e+00	1.007e+00	1.007e+00	1.006e+00	1.006e+00	1.006e+00
3.010e+04	1.007e+00	1.007e+00	1.007e+00	1.006e+00	1.006e+00	1.006e+00
3.020e+04	1.007e+00	1.007e+00	1.007e+00	1.006e+00	1.006e+00	1.006e+00
3.030e+04	1.007e+00	1.007e+00	1.007e+00	1.006e+00	1.006e+00	1.006e+00
3.040e+04	1.007e+00	1.007e+00	1.007e+00	1.006e+00	1.006e+00	1.006e+00
3.050e+04	1.007e+00	1.007e+00	1.007e+00	1.006e+00	1.006e+00	1.006e+00
3.060e+04	1.007e+00	1.007e+00	1.007e+00	1.006e+00	1.006e+00	1.006e+00
3.070e+04	1.007e+00	1.007e+00	1.007e+00	1.006e+00	1.006e+00	1.006e+00
3.080e+04	1.007e+00	1.007e+00	1.007e+00	1.006e+00	1.006e+00	1.006e+00
3.090e+04	1.007e+00	1.007e+00	1.007e+00	1.006e+00	1.006e+00	1.006e+00
3.100e+04	1.007e+00	1.007e+00	1.007e+00	1.006e+00	1.006e+00	1.006e+00
3.110e+04	1.007e+00	1.007e+00	1.007e+00	1.006e+00	1.006e+00	1.006e+00
3.120e+04	1.007e+00	1.007e+00	1.007e+00	1.006e+00	1.006e+00	1.006e+00
3.130e+04	1.007e+00	1.007e+00	1.007e+00	1.006e+00	1.006e+00	1.006e+00
3.140e+04	1.007e+00	1.007e+00	1.007e+00	1.006e+00	1.006e+00	1.006e+00
3.150e+04	1.007e+00	1.007e+00	1.007e+00	1.006e+00	1.006e+00	1.006e+00
3.160e+04	1.007e+00	1.007e+00	1.007e+00	1.006e+00	1.006e+00	1.006e+00
3.170e+04	1.007e+00	1.007e+00	1.007e+00	1.006e+00	1.006e+00	1.006e+00
3.180e+04	1.007e+00	1.007e+00	1.007e+00	1.006e+00	1.006e+00	1.006e+00
3.190e+04	1.007e+00	1.007e+00	1.007e+00	1.006e+00	1.006e+00	1.006e+00
3.200e+04	1.007e+00	1.007e+00	1.007e+00	1.006e+00	1.006e+00	1.006e+00
3.210e+04	1.007e+00	1.007e+00	1.007e+00	1.006e+00	1.006e+00	1.006e+00
3.220e+04	1.007e+00	1.007e+00	1.007e+00	1.006e+00	1.006e+00	1.006e+00
3.230e+04	1.007e+00	1.007e+00	1.007e+00	1.006e+00	1.006e+00	1.006e+00
3.240e+04	1.007e+00	1.007e+00	1.007e+00	1.006e+00	1.006e+00	1.006e+00
3.250e+04	1.007e+00	1.007e+00	1.007e+00	1.006e+00	1.006e+00	1.006e+00
3.260e+04	1.007e+00	1.007e+00	1.007e+00	1.006e+00	1.006e+00	1.006e+00
3.270e+04	1.007e+00	1.007e+00	1.007e+00	1.006e+00	1.006e+00	1.006e+00
3.280e+04	1.007e+00	1.007e+00	1.007e+00	1.006e+00	1.006e+00	1.006e+00
3.290e+04	1.007e+00	1.007e+00	1.007e+00	1.006e+00	1.006e+00	1.006e+00
3.300e+04	1.007e+00	1.007e+00	1.007e+00	1.006e+00	1.006e+00	1.006e+00
3.310e+04	1.007e+00	1.007e+00	1.007e+00	1.006e+00	1.006e+00	1.006e+00
3.320e+04	1.007e+00	1.007e+00	1.007e+00	1.006e+00	1.006e+00	1.006e+00
3.330e+04	1.007e+00	1.007e+00	1.007e+00	1.006e+00	1.006e+00	1.006e+00
3.340e+04	1.007e+00	1.007e+00	1.007e+00	1.006e+00	1.006e+00	1.006e+00
3.350e+04	1.007e+00	1.007e+00	1.007e+00	1.006e+00	1.006e+00	1.006e+00
3.360e+04	1.007e+00	1.007e+00	1.007e+00	1.006e+00	1.006e+00	1.006e+00
3.370e+04	1.007e+00	1.007e+00	1.007e+00	1.006e+00	1.006e+00	1.006e+00
3.380e+04	1.007e+00	1.007e+00	1.007e+00	1.006e+00	1.006e+00	1.006e+00
3.390e+04	1.007e+00	1.007e+00	1.007e+00	1.006e+00	1.006e+00	1.006e+00
3.400e+04	1.007e+00	1.007e+00	1.007e+00	1.006e+00	1.006e+00	1.006e+00
3.410e+04	1.007e+00	1.007e+00	1.007e+00	1.006e+00	1.006e+00	1.006e+00
3.420e+04	1.007e+00	1.007e+00	1.007e+00	1.006e+00	1.006e+00	1.006e+00
3.430e+04	1.007e+00	1.007e+00	1.007e+00	1.006e+00	1.006e+00	1.006e+00
3.440e+04	1.007e+00	1.007e+00	1.007e+00	1.006e+00	1.006e+00	1.006e+00
3.450e+04	1.007e+00	1.007e+00	1.007e+00	1.006e+00	1.006e+00	1.006e+00
3.460e+04	1.007e+00	1.007e+00	1.007e+00	1.006e+00	1.006e+00	1.006e+00
3.470e+04	1.007e+00	1.007e+00	1.007e+00	1.006e+00	1.006e+00	1.006e+00
3.480e+04	1.007e+00	1.007e+00	1.007e+00	1.006e+00	1.006e+00	1.006e+00
3.490e+04	1.007e+00	1.007e+00	1.007e+00	1.006e+00	1.006e+00	1.006e+00
3.500e+04	1.007e+00	1.007e+00	1.007e+00	1.006e+00	1.006e+00	1.006e+00
3.510e+04	1.007e+00	1.007e+00	1.007e+00	1.006e+00	1.006e+00	1.006e+00
3.520e+04	1.007e+00	1.007e+00	1.007e+00	1.006e+00	1.006e+00	1.006e+00
3.530e+04	1.007e+00	1.007e+00	1.007e+00	1.006e+00	1.006e+00	1.006e+00
3.540e+04	1.007e+00	1.007e+00	1.007e+00	1.006e+00	1.006e+00	1.006e+00
3.550e+04	1.007e+00	1.007e+00	1.007e+00	1.006e+00	1.006e+00	1.006e+00
3.560e+04	1.007e+00	1.007e+00	1.007e+00	1.006e+00	1.006e+00	1.006e+00
3.570e+04	1.007e+00	1.007e+00	1.007e+00	1.006e+00	1.006e+00	1.006e+00
3.580e+04	1.007e+00	1.007e+00	1.007e+00	1.006e+00	1.006e+00	1.006e+00
3.590e+04	1.007e+00	1.007e+00	1.007e+00	1.006e+00	1.006e+00	1.006e+00
3.600e+04	1.007e+00	1.007e+00	1.007e+00	1.006e+00	1.006e+00	1.006e+00
3.610e+04	1.007e+00	1.007e+00	1.007e+00	1.006e+00	1.006e+00	1.006e+00
3.620e+04	1.007e+00	1.007e+00	1.007e+00	1.006e+00	1.006e+00	1.006e+00
3.630e+04	1.007e+00	1.007e+00	1.007e+00	1.006e+00	1.006e+00	1.006e+00
3.640e+04	1.007e+00	1.007e+00	1.007e+00	1.006e+00	1.006e+00	1.006e+00
3.650e+04	1.007e+00	1.007e+00	1.007e+00	1.006e+00	1.006e+00	1.006e+00
3.660e+04	1.007e+00	1.007e+00	1.007e+00	1.006e+00	1.006e+00	1.006e+00
3.670e+04	1.007e+00	1.007e+00	1.007e+00	1.006e+00	1.006e+00	1.006e+00
3.680e+04	1.007e+00	1.007e+00	1.007e+00	1.006e+00	1.006e+00	1.006e+00
3.690e+04	1.007e+00	1.007e+00	1.007e+00	1.006e+00	1.006e+00	1.006e+00
3.700e+04	1.007e+00	1.007e+00	1.007e+00	1.006e+00	1.006e+00	1.006e+00
3.710e+04	1.007e+00	1.007e+00	1.007e+00	1.006e+00	1.006e+00	1.006e+00
3.720e+04	1.007e+00	1.007e+00	1.007e+00	1.006e+00	1.006e+00	1.006e+00
3.730e+04	1.007e+00	1.007e+00	1.007e+00	1.006e+00	1.006e+00	1.006e+00
3.740e+04	1.007e+00	1.007e+00	1.007e+00	1.006e+00	1.006e+00	1.006e+00
3.750e+04	1.007e+00	1.007e+00	1.007e+00	1.006e+00	1.006e+00	1.006e+00
3.760e+04	1.007e+00	1.007e+00	1.007e+00	1.006e+00	1.006e+00	1.006e+00
3.770e+04	1.007e+00	1.007e+00	1.007e+00	1.006e+00	1.006e+00	1.006e+00
3.780e+04	1.007e+00	1.007e+00	1.007e+00	1.006e+00	1.006e+00	1.006e+00
3.790e+04	1.007e+00	1.007e+00	1.007e+00	1.006e+00	1.006e+00	1.006e+00
3.800e+04	1.007e+00	1.007e+00	1.007e+00	1.006e+00	1.006e+00	1.006e+00
3.810e+04	1.007e+00	1.007e+00	1.007e+00	1.006e+00	1.006e+00	1.006e+00
3.820e+04	1.007e+00	1.007e+00	1.007e+00	1.006e+00	1.006e+00	1.006e+00
3.830e+04	1.007e+00	1.007e+00	1.007e+00	1.006e+00	1.006e+00	1.006e+00
3.840e+04	1.007e+00	1.007e+00	1.007e+00	1.006e+00	1.006e+00	1.006e+00
3.850e+04	1.007e+00	1.007e+00	1.007e+00	1.006e+00	1.006e+00	1.006e+00
3.860e+04	1.007e+00	1.007e+00	1.007e+00	1.006e+00	1.006e+00	1.006e+00
3.870e+04	1.007e+00	1.007e+00	1.007e+00	1.006e+00	1.006e+00	1.006e+00
3.880e+04	1.007e+00	1.007e+00	1.007e+00	1.006e+00	1.006e+00	1.006e+00
3.890e+04	1.007e+00	1.007e+00	1.007e+00	1.006e+00	1.006e+00	1.006e+00
3.900e+04	1.007e+00	1.007e+00	1.007e+00	1.006e+00	1.006e+00	1.006e+00
3.910e+04	1.007e+00	1.007e+00	1.007e+00	1.006e+00	1.006e+00	1.006e+00
3.920e+04	1.007e+00	1.007e+00	1.007e+00	1.006e+00	1.006e+00	1.006e+00
3.930e+04	1.007e+00	1.007e+00	1.007e+00	1.006e+00	1.006e+00	1.006e+00
3.940e+04	1.007e+00	1.007e+00	1.007e+00	1.006e+00	1.006e+00	1.006e+00
3.950e+04	1.007e+00	1.007e+00	1.007e+00	1.006e+00	1.006e+00	1.006e+00
3.960e+04	1.007e+00	1.007e+00	1.007e+00	1.006e+00	1.006e+00	1.006e+00
3.970e+04	1.007e+00	1.007e+00	1.007e+00	1.006e+00	1.006e+00	1.006e+00
3.980e+04	1.007e+00	1.007e+00	1.007e+00	1.006e+00	1.006e+00	1.006e+00
3.990e+04	1.007e+00	1.007e+00	1.007e+00	1.006e+00	1.006e+00	1.006e+00
4.000e+04	1.007e+00	1.007e+00	1.007e+00	1.006e+00	1.006e+00	1.006e+00
